policy,seed,step,value,b
none,0,0,0.1,0.02
none,0,1,0.07,0.02
none,0,2,0.08,0.02
none,0,3,0.07,0.02
none,0,4,0.08,0.02
none,0,5,0.05,0.02
none,0,6,0.03,0.02
none,0,7,0.03,0.02
none,0,8,0.03,0.02
none,0,9,0.03,0.02
none,0,10,0.04,0.02
none,0,11,0.03,0.02
none,0,12,0.03,0.02
none,0,13,0.01,0.02
none,0,14,0.02,0.02
none,0,15,0.03,0.02
none,0,16,0.04,0.02
none,0,17,0.03,0.02
none,0,18,0.02,0.02
none,0,19,0.04,0.02
none,0,20,0.02,0.02
none,0,21,0.02,0.02
none,0,22,0.02,0.02
none,0,23,0.0,0.02
none,0,24,0.0,0.02
none,0,25,0.0,0.02
none,0,26,0.0,0.02
none,0,27,0.0,0.02
none,0,28,0.0,0.02
none,0,29,0.0,0.02
none,0,30,0.0,0.02
none,0,31,0.0,0.02
none,0,32,0.0,0.02
none,0,33,0.0,0.02
none,0,34,0.0,0.02
none,0,35,0.0,0.02
none,0,36,0.0,0.02
none,0,37,0.0,0.02
none,0,38,0.0,0.02
none,0,39,0.0,0.02
none,0,40,0.0,0.02
none,0,41,0.0,0.02
none,0,42,0.0,0.02
none,0,43,0.0,0.02
none,0,44,0.0,0.02
none,0,45,0.0,0.02
none,0,46,0.0,0.02
none,0,47,0.0,0.02
none,0,48,0.0,0.02
none,0,49,0.0,0.02
none,0,50,0.0,0.02
none,0,51,0.0,0.02
none,0,52,0.0,0.02
none,0,53,0.0,0.02
none,0,54,0.0,0.02
none,0,55,0.0,0.02
none,0,56,0.0,0.02
none,0,57,0.0,0.02
none,0,58,0.0,0.02
none,0,59,0.0,0.02
none,0,60,0.0,0.02
none,0,61,0.0,0.02
none,0,62,0.0,0.02
none,0,63,0.0,0.02
none,0,64,0.0,0.02
none,0,65,0.0,0.02
none,0,66,0.0,0.02
none,0,67,0.0,0.02
none,0,68,0.0,0.02
none,0,69,0.0,0.02
none,0,70,0.0,0.02
none,0,71,0.0,0.02
none,0,72,0.0,0.02
none,0,73,0.0,0.02
none,0,74,0.0,0.02
none,0,75,0.0,0.02
none,0,76,0.0,0.02
none,0,77,0.0,0.02
none,0,78,0.0,0.02
none,0,79,0.0,0.02
none,0,80,0.0,0.02
none,0,81,0.0,0.02
none,0,82,0.0,0.02
none,0,83,0.0,0.02
none,0,84,0.0,0.02
none,0,85,0.0,0.02
none,0,86,0.0,0.02
none,0,87,0.0,0.02
none,0,88,0.0,0.02
none,0,89,0.0,0.02
none,0,90,0.0,0.02
none,0,91,0.0,0.02
none,0,92,0.0,0.02
none,0,93,0.0,0.02
none,0,94,0.0,0.02
none,0,95,0.0,0.02
none,0,96,0.0,0.02
none,0,97,0.0,0.02
none,0,98,0.0,0.02
none,0,99,0.0,0.02
none,0,100,0.0,0.02
none,0,101,0.0,0.02
none,0,102,0.0,0.02
none,0,103,0.0,0.02
none,0,104,0.0,0.02
none,0,105,0.0,0.02
none,0,106,0.0,0.02
none,0,107,0.0,0.02
none,0,108,0.0,0.02
none,0,109,0.0,0.02
none,0,110,0.0,0.02
none,0,111,0.0,0.02
none,0,112,0.0,0.02
none,0,113,0.0,0.02
none,0,114,0.0,0.02
none,0,115,0.0,0.02
none,0,116,0.0,0.02
none,0,117,0.0,0.02
none,0,118,0.0,0.02
none,0,119,0.0,0.02
none,0,120,0.0,0.02
none,0,121,0.0,0.02
none,0,122,0.0,0.02
none,0,123,0.0,0.02
none,0,124,0.0,0.02
none,0,125,0.0,0.02
none,0,126,0.0,0.02
none,0,127,0.0,0.02
none,0,128,0.0,0.02
none,0,129,0.0,0.02
none,0,130,0.0,0.02
none,0,131,0.0,0.02
none,0,132,0.0,0.02
none,0,133,0.0,0.02
none,0,134,0.0,0.02
none,0,135,0.0,0.02
none,0,136,0.0,0.02
none,0,137,0.0,0.02
none,0,138,0.0,0.02
none,0,139,0.0,0.02
none,0,140,0.0,0.02
none,0,141,0.0,0.02
none,0,142,0.0,0.02
none,0,143,0.0,0.02
none,0,144,0.0,0.02
none,0,145,0.0,0.02
none,0,146,0.0,0.02
none,0,147,0.0,0.02
none,0,148,0.0,0.02
none,0,149,0.0,0.02
none,0,150,0.0,0.02
none,1,0,0.1,0.02
none,1,1,0.08,0.02
none,1,2,0.07,0.02
none,1,3,0.07,0.02
none,1,4,0.07,0.02
none,1,5,0.07,0.02
none,1,6,0.06,0.02
none,1,7,0.07,0.02
none,1,8,0.03,0.02
none,1,9,0.03,0.02
none,1,10,0.03,0.02
none,1,11,0.02,0.02
none,1,12,0.02,0.02
none,1,13,0.02,0.02
none,1,14,0.01,0.02
none,1,15,0.01,0.02
none,1,16,0.01,0.02
none,1,17,0.01,0.02
none,1,18,0.0,0.02
none,1,19,0.0,0.02
none,1,20,0.0,0.02
none,1,21,0.0,0.02
none,1,22,0.0,0.02
none,1,23,0.0,0.02
none,1,24,0.0,0.02
none,1,25,0.0,0.02
none,1,26,0.0,0.02
none,1,27,0.0,0.02
none,1,28,0.0,0.02
none,1,29,0.0,0.02
none,1,30,0.0,0.02
none,1,31,0.0,0.02
none,1,32,0.0,0.02
none,1,33,0.0,0.02
none,1,34,0.0,0.02
none,1,35,0.0,0.02
none,1,36,0.0,0.02
none,1,37,0.0,0.02
none,1,38,0.0,0.02
none,1,39,0.0,0.02
none,1,40,0.0,0.02
none,1,41,0.0,0.02
none,1,42,0.0,0.02
none,1,43,0.0,0.02
none,1,44,0.0,0.02
none,1,45,0.0,0.02
none,1,46,0.0,0.02
none,1,47,0.0,0.02
none,1,48,0.0,0.02
none,1,49,0.0,0.02
none,1,50,0.0,0.02
none,1,51,0.0,0.02
none,1,52,0.0,0.02
none,1,53,0.0,0.02
none,1,54,0.0,0.02
none,1,55,0.0,0.02
none,1,56,0.0,0.02
none,1,57,0.0,0.02
none,1,58,0.0,0.02
none,1,59,0.0,0.02
none,1,60,0.0,0.02
none,1,61,0.0,0.02
none,1,62,0.0,0.02
none,1,63,0.0,0.02
none,1,64,0.0,0.02
none,1,65,0.0,0.02
none,1,66,0.0,0.02
none,1,67,0.0,0.02
none,1,68,0.0,0.02
none,1,69,0.0,0.02
none,1,70,0.0,0.02
none,1,71,0.0,0.02
none,1,72,0.0,0.02
none,1,73,0.0,0.02
none,1,74,0.0,0.02
none,1,75,0.0,0.02
none,1,76,0.0,0.02
none,1,77,0.0,0.02
none,1,78,0.0,0.02
none,1,79,0.0,0.02
none,1,80,0.0,0.02
none,1,81,0.0,0.02
none,1,82,0.0,0.02
none,1,83,0.0,0.02
none,1,84,0.0,0.02
none,1,85,0.0,0.02
none,1,86,0.0,0.02
none,1,87,0.0,0.02
none,1,88,0.0,0.02
none,1,89,0.0,0.02
none,1,90,0.0,0.02
none,1,91,0.0,0.02
none,1,92,0.0,0.02
none,1,93,0.0,0.02
none,1,94,0.0,0.02
none,1,95,0.0,0.02
none,1,96,0.0,0.02
none,1,97,0.0,0.02
none,1,98,0.0,0.02
none,1,99,0.0,0.02
none,1,100,0.0,0.02
none,1,101,0.0,0.02
none,1,102,0.0,0.02
none,1,103,0.0,0.02
none,1,104,0.0,0.02
none,1,105,0.0,0.02
none,1,106,0.0,0.02
none,1,107,0.0,0.02
none,1,108,0.0,0.02
none,1,109,0.0,0.02
none,1,110,0.0,0.02
none,1,111,0.0,0.02
none,1,112,0.0,0.02
none,1,113,0.0,0.02
none,1,114,0.0,0.02
none,1,115,0.0,0.02
none,1,116,0.0,0.02
none,1,117,0.0,0.02
none,1,118,0.0,0.02
none,1,119,0.0,0.02
none,1,120,0.0,0.02
none,1,121,0.0,0.02
none,1,122,0.0,0.02
none,1,123,0.0,0.02
none,1,124,0.0,0.02
none,1,125,0.0,0.02
none,1,126,0.0,0.02
none,1,127,0.0,0.02
none,1,128,0.0,0.02
none,1,129,0.0,0.02
none,1,130,0.0,0.02
none,1,131,0.0,0.02
none,1,132,0.0,0.02
none,1,133,0.0,0.02
none,1,134,0.0,0.02
none,1,135,0.0,0.02
none,1,136,0.0,0.02
none,1,137,0.0,0.02
none,1,138,0.0,0.02
none,1,139,0.0,0.02
none,1,140,0.0,0.02
none,1,141,0.0,0.02
none,1,142,0.0,0.02
none,1,143,0.0,0.02
none,1,144,0.0,0.02
none,1,145,0.0,0.02
none,1,146,0.0,0.02
none,1,147,0.0,0.02
none,1,148,0.0,0.02
none,1,149,0.0,0.02
none,1,150,0.0,0.02
none,2,0,0.1,0.02
none,2,1,0.07,0.02
none,2,2,0.07,0.02
none,2,3,0.08,0.02
none,2,4,0.05,0.02
none,2,5,0.05,0.02
none,2,6,0.08,0.02
none,2,7,0.06,0.02
none,2,8,0.06,0.02
none,2,9,0.06,0.02
none,2,10,0.06,0.02
none,2,11,0.08,0.02
none,2,12,0.11,0.02
none,2,13,0.11,0.02
none,2,14,0.1,0.02
none,2,15,0.08,0.02
none,2,16,0.08,0.02
none,2,17,0.08,0.02
none,2,18,0.08,0.02
none,2,19,0.1,0.02
none,2,20,0.09,0.02
none,2,21,0.11,0.02
none,2,22,0.12,0.02
none,2,23,0.09,0.02
none,2,24,0.08,0.02
none,2,25,0.09,0.02
none,2,26,0.09,0.02
none,2,27,0.07,0.02
none,2,28,0.07,0.02
none,2,29,0.06,0.02
none,2,30,0.04,0.02
none,2,31,0.04,0.02
none,2,32,0.04,0.02
none,2,33,0.03,0.02
none,2,34,0.03,0.02
none,2,35,0.03,0.02
none,2,36,0.04,0.02
none,2,37,0.04,0.02
none,2,38,0.03,0.02
none,2,39,0.02,0.02
none,2,40,0.02,0.02
none,2,41,0.02,0.02
none,2,42,0.01,0.02
none,2,43,0.01,0.02
none,2,44,0.01,0.02
none,2,45,0.02,0.02
none,2,46,0.02,0.02
none,2,47,0.0,0.02
none,2,48,0.0,0.02
none,2,49,0.0,0.02
none,2,50,0.0,0.02
none,2,51,0.0,0.02
none,2,52,0.0,0.02
none,2,53,0.0,0.02
none,2,54,0.0,0.02
none,2,55,0.0,0.02
none,2,56,0.0,0.02
none,2,57,0.0,0.02
none,2,58,0.0,0.02
none,2,59,0.0,0.02
none,2,60,0.0,0.02
none,2,61,0.0,0.02
none,2,62,0.0,0.02
none,2,63,0.0,0.02
none,2,64,0.0,0.02
none,2,65,0.0,0.02
none,2,66,0.0,0.02
none,2,67,0.0,0.02
none,2,68,0.0,0.02
none,2,69,0.0,0.02
none,2,70,0.0,0.02
none,2,71,0.0,0.02
none,2,72,0.0,0.02
none,2,73,0.0,0.02
none,2,74,0.0,0.02
none,2,75,0.0,0.02
none,2,76,0.0,0.02
none,2,77,0.0,0.02
none,2,78,0.0,0.02
none,2,79,0.0,0.02
none,2,80,0.0,0.02
none,2,81,0.0,0.02
none,2,82,0.0,0.02
none,2,83,0.0,0.02
none,2,84,0.0,0.02
none,2,85,0.0,0.02
none,2,86,0.0,0.02
none,2,87,0.0,0.02
none,2,88,0.0,0.02
none,2,89,0.0,0.02
none,2,90,0.0,0.02
none,2,91,0.0,0.02
none,2,92,0.0,0.02
none,2,93,0.0,0.02
none,2,94,0.0,0.02
none,2,95,0.0,0.02
none,2,96,0.0,0.02
none,2,97,0.0,0.02
none,2,98,0.0,0.02
none,2,99,0.0,0.02
none,2,100,0.0,0.02
none,2,101,0.0,0.02
none,2,102,0.0,0.02
none,2,103,0.0,0.02
none,2,104,0.0,0.02
none,2,105,0.0,0.02
none,2,106,0.0,0.02
none,2,107,0.0,0.02
none,2,108,0.0,0.02
none,2,109,0.0,0.02
none,2,110,0.0,0.02
none,2,111,0.0,0.02
none,2,112,0.0,0.02
none,2,113,0.0,0.02
none,2,114,0.0,0.02
none,2,115,0.0,0.02
none,2,116,0.0,0.02
none,2,117,0.0,0.02
none,2,118,0.0,0.02
none,2,119,0.0,0.02
none,2,120,0.0,0.02
none,2,121,0.0,0.02
none,2,122,0.0,0.02
none,2,123,0.0,0.02
none,2,124,0.0,0.02
none,2,125,0.0,0.02
none,2,126,0.0,0.02
none,2,127,0.0,0.02
none,2,128,0.0,0.02
none,2,129,0.0,0.02
none,2,130,0.0,0.02
none,2,131,0.0,0.02
none,2,132,0.0,0.02
none,2,133,0.0,0.02
none,2,134,0.0,0.02
none,2,135,0.0,0.02
none,2,136,0.0,0.02
none,2,137,0.0,0.02
none,2,138,0.0,0.02
none,2,139,0.0,0.02
none,2,140,0.0,0.02
none,2,141,0.0,0.02
none,2,142,0.0,0.02
none,2,143,0.0,0.02
none,2,144,0.0,0.02
none,2,145,0.0,0.02
none,2,146,0.0,0.02
none,2,147,0.0,0.02
none,2,148,0.0,0.02
none,2,149,0.0,0.02
none,2,150,0.0,0.02
none,3,0,0.1,0.02
none,3,1,0.09,0.02
none,3,2,0.07,0.02
none,3,3,0.07,0.02
none,3,4,0.07,0.02
none,3,5,0.09,0.02
none,3,6,0.07,0.02
none,3,7,0.04,0.02
none,3,8,0.05,0.02
none,3,9,0.05,0.02
none,3,10,0.03,0.02
none,3,11,0.02,0.02
none,3,12,0.01,0.02
none,3,13,0.0,0.02
none,3,14,0.0,0.02
none,3,15,0.0,0.02
none,3,16,0.0,0.02
none,3,17,0.0,0.02
none,3,18,0.0,0.02
none,3,19,0.0,0.02
none,3,20,0.0,0.02
none,3,21,0.0,0.02
none,3,22,0.0,0.02
none,3,23,0.0,0.02
none,3,24,0.0,0.02
none,3,25,0.0,0.02
none,3,26,0.0,0.02
none,3,27,0.0,0.02
none,3,28,0.0,0.02
none,3,29,0.0,0.02
none,3,30,0.0,0.02
none,3,31,0.0,0.02
none,3,32,0.0,0.02
none,3,33,0.0,0.02
none,3,34,0.0,0.02
none,3,35,0.0,0.02
none,3,36,0.0,0.02
none,3,37,0.0,0.02
none,3,38,0.0,0.02
none,3,39,0.0,0.02
none,3,40,0.0,0.02
none,3,41,0.0,0.02
none,3,42,0.0,0.02
none,3,43,0.0,0.02
none,3,44,0.0,0.02
none,3,45,0.0,0.02
none,3,46,0.0,0.02
none,3,47,0.0,0.02
none,3,48,0.0,0.02
none,3,49,0.0,0.02
none,3,50,0.0,0.02
none,3,51,0.0,0.02
none,3,52,0.0,0.02
none,3,53,0.0,0.02
none,3,54,0.0,0.02
none,3,55,0.0,0.02
none,3,56,0.0,0.02
none,3,57,0.0,0.02
none,3,58,0.0,0.02
none,3,59,0.0,0.02
none,3,60,0.0,0.02
none,3,61,0.0,0.02
none,3,62,0.0,0.02
none,3,63,0.0,0.02
none,3,64,0.0,0.02
none,3,65,0.0,0.02
none,3,66,0.0,0.02
none,3,67,0.0,0.02
none,3,68,0.0,0.02
none,3,69,0.0,0.02
none,3,70,0.0,0.02
none,3,71,0.0,0.02
none,3,72,0.0,0.02
none,3,73,0.0,0.02
none,3,74,0.0,0.02
none,3,75,0.0,0.02
none,3,76,0.0,0.02
none,3,77,0.0,0.02
none,3,78,0.0,0.02
none,3,79,0.0,0.02
none,3,80,0.0,0.02
none,3,81,0.0,0.02
none,3,82,0.0,0.02
none,3,83,0.0,0.02
none,3,84,0.0,0.02
none,3,85,0.0,0.02
none,3,86,0.0,0.02
none,3,87,0.0,0.02
none,3,88,0.0,0.02
none,3,89,0.0,0.02
none,3,90,0.0,0.02
none,3,91,0.0,0.02
none,3,92,0.0,0.02
none,3,93,0.0,0.02
none,3,94,0.0,0.02
none,3,95,0.0,0.02
none,3,96,0.0,0.02
none,3,97,0.0,0.02
none,3,98,0.0,0.02
none,3,99,0.0,0.02
none,3,100,0.0,0.02
none,3,101,0.0,0.02
none,3,102,0.0,0.02
none,3,103,0.0,0.02
none,3,104,0.0,0.02
none,3,105,0.0,0.02
none,3,106,0.0,0.02
none,3,107,0.0,0.02
none,3,108,0.0,0.02
none,3,109,0.0,0.02
none,3,110,0.0,0.02
none,3,111,0.0,0.02
none,3,112,0.0,0.02
none,3,113,0.0,0.02
none,3,114,0.0,0.02
none,3,115,0.0,0.02
none,3,116,0.0,0.02
none,3,117,0.0,0.02
none,3,118,0.0,0.02
none,3,119,0.0,0.02
none,3,120,0.0,0.02
none,3,121,0.0,0.02
none,3,122,0.0,0.02
none,3,123,0.0,0.02
none,3,124,0.0,0.02
none,3,125,0.0,0.02
none,3,126,0.0,0.02
none,3,127,0.0,0.02
none,3,128,0.0,0.02
none,3,129,0.0,0.02
none,3,130,0.0,0.02
none,3,131,0.0,0.02
none,3,132,0.0,0.02
none,3,133,0.0,0.02
none,3,134,0.0,0.02
none,3,135,0.0,0.02
none,3,136,0.0,0.02
none,3,137,0.0,0.02
none,3,138,0.0,0.02
none,3,139,0.0,0.02
none,3,140,0.0,0.02
none,3,141,0.0,0.02
none,3,142,0.0,0.02
none,3,143,0.0,0.02
none,3,144,0.0,0.02
none,3,145,0.0,0.02
none,3,146,0.0,0.02
none,3,147,0.0,0.02
none,3,148,0.0,0.02
none,3,149,0.0,0.02
none,3,150,0.0,0.02
none,4,0,0.1,0.02
none,4,1,0.08,0.02
none,4,2,0.1,0.02
none,4,3,0.08,0.02
none,4,4,0.07,0.02
none,4,5,0.08,0.02
none,4,6,0.07,0.02
none,4,7,0.06,0.02
none,4,8,0.07,0.02
none,4,9,0.06,0.02
none,4,10,0.08,0.02
none,4,11,0.09,0.02
none,4,12,0.07,0.02
none,4,13,0.08,0.02
none,4,14,0.09,0.02
none,4,15,0.08,0.02
none,4,16,0.06,0.02
none,4,17,0.05,0.02
none,4,18,0.05,0.02
none,4,19,0.03,0.02
none,4,20,0.04,0.02
none,4,21,0.04,0.02
none,4,22,0.03,0.02
none,4,23,0.02,0.02
none,4,24,0.01,0.02
none,4,25,0.01,0.02
none,4,26,0.0,0.02
none,4,27,0.0,0.02
none,4,28,0.0,0.02
none,4,29,0.0,0.02
none,4,30,0.0,0.02
none,4,31,0.0,0.02
none,4,32,0.0,0.02
none,4,33,0.0,0.02
none,4,34,0.0,0.02
none,4,35,0.0,0.02
none,4,36,0.0,0.02
none,4,37,0.0,0.02
none,4,38,0.0,0.02
none,4,39,0.0,0.02
none,4,40,0.0,0.02
none,4,41,0.0,0.02
none,4,42,0.0,0.02
none,4,43,0.0,0.02
none,4,44,0.0,0.02
none,4,45,0.0,0.02
none,4,46,0.0,0.02
none,4,47,0.0,0.02
none,4,48,0.0,0.02
none,4,49,0.0,0.02
none,4,50,0.0,0.02
none,4,51,0.0,0.02
none,4,52,0.0,0.02
none,4,53,0.0,0.02
none,4,54,0.0,0.02
none,4,55,0.0,0.02
none,4,56,0.0,0.02
none,4,57,0.0,0.02
none,4,58,0.0,0.02
none,4,59,0.0,0.02
none,4,60,0.0,0.02
none,4,61,0.0,0.02
none,4,62,0.0,0.02
none,4,63,0.0,0.02
none,4,64,0.0,0.02
none,4,65,0.0,0.02
none,4,66,0.0,0.02
none,4,67,0.0,0.02
none,4,68,0.0,0.02
none,4,69,0.0,0.02
none,4,70,0.0,0.02
none,4,71,0.0,0.02
none,4,72,0.0,0.02
none,4,73,0.0,0.02
none,4,74,0.0,0.02
none,4,75,0.0,0.02
none,4,76,0.0,0.02
none,4,77,0.0,0.02
none,4,78,0.0,0.02
none,4,79,0.0,0.02
none,4,80,0.0,0.02
none,4,81,0.0,0.02
none,4,82,0.0,0.02
none,4,83,0.0,0.02
none,4,84,0.0,0.02
none,4,85,0.0,0.02
none,4,86,0.0,0.02
none,4,87,0.0,0.02
none,4,88,0.0,0.02
none,4,89,0.0,0.02
none,4,90,0.0,0.02
none,4,91,0.0,0.02
none,4,92,0.0,0.02
none,4,93,0.0,0.02
none,4,94,0.0,0.02
none,4,95,0.0,0.02
none,4,96,0.0,0.02
none,4,97,0.0,0.02
none,4,98,0.0,0.02
none,4,99,0.0,0.02
none,4,100,0.0,0.02
none,4,101,0.0,0.02
none,4,102,0.0,0.02
none,4,103,0.0,0.02
none,4,104,0.0,0.02
none,4,105,0.0,0.02
none,4,106,0.0,0.02
none,4,107,0.0,0.02
none,4,108,0.0,0.02
none,4,109,0.0,0.02
none,4,110,0.0,0.02
none,4,111,0.0,0.02
none,4,112,0.0,0.02
none,4,113,0.0,0.02
none,4,114,0.0,0.02
none,4,115,0.0,0.02
none,4,116,0.0,0.02
none,4,117,0.0,0.02
none,4,118,0.0,0.02
none,4,119,0.0,0.02
none,4,120,0.0,0.02
none,4,121,0.0,0.02
none,4,122,0.0,0.02
none,4,123,0.0,0.02
none,4,124,0.0,0.02
none,4,125,0.0,0.02
none,4,126,0.0,0.02
none,4,127,0.0,0.02
none,4,128,0.0,0.02
none,4,129,0.0,0.02
none,4,130,0.0,0.02
none,4,131,0.0,0.02
none,4,132,0.0,0.02
none,4,133,0.0,0.02
none,4,134,0.0,0.02
none,4,135,0.0,0.02
none,4,136,0.0,0.02
none,4,137,0.0,0.02
none,4,138,0.0,0.02
none,4,139,0.0,0.02
none,4,140,0.0,0.02
none,4,141,0.0,0.02
none,4,142,0.0,0.02
none,4,143,0.0,0.02
none,4,144,0.0,0.02
none,4,145,0.0,0.02
none,4,146,0.0,0.02
none,4,147,0.0,0.02
none,4,148,0.0,0.02
none,4,149,0.0,0.02
none,4,150,0.0,0.02
none,5,0,0.1,0.02
none,5,1,0.1,0.02
none,5,2,0.06,0.02
none,5,3,0.05,0.02
none,5,4,0.04,0.02
none,5,5,0.03,0.02
none,5,6,0.03,0.02
none,5,7,0.03,0.02
none,5,8,0.03,0.02
none,5,9,0.03,0.02
none,5,10,0.02,0.02
none,5,11,0.01,0.02
none,5,12,0.01,0.02
none,5,13,0.01,0.02
none,5,14,0.01,0.02
none,5,15,0.01,0.02
none,5,16,0.01,0.02
none,5,17,0.01,0.02
none,5,18,0.01,0.02
none,5,19,0.01,0.02
none,5,20,0.01,0.02
none,5,21,0.01,0.02
none,5,22,0.01,0.02
none,5,23,0.01,0.02
none,5,24,0.01,0.02
none,5,25,0.01,0.02
none,5,26,0.01,0.02
none,5,27,0.0,0.02
none,5,28,0.0,0.02
none,5,29,0.0,0.02
none,5,30,0.0,0.02
none,5,31,0.0,0.02
none,5,32,0.0,0.02
none,5,33,0.0,0.02
none,5,34,0.0,0.02
none,5,35,0.0,0.02
none,5,36,0.0,0.02
none,5,37,0.0,0.02
none,5,38,0.0,0.02
none,5,39,0.0,0.02
none,5,40,0.0,0.02
none,5,41,0.0,0.02
none,5,42,0.0,0.02
none,5,43,0.0,0.02
none,5,44,0.0,0.02
none,5,45,0.0,0.02
none,5,46,0.0,0.02
none,5,47,0.0,0.02
none,5,48,0.0,0.02
none,5,49,0.0,0.02
none,5,50,0.0,0.02
none,5,51,0.0,0.02
none,5,52,0.0,0.02
none,5,53,0.0,0.02
none,5,54,0.0,0.02
none,5,55,0.0,0.02
none,5,56,0.0,0.02
none,5,57,0.0,0.02
none,5,58,0.0,0.02
none,5,59,0.0,0.02
none,5,60,0.0,0.02
none,5,61,0.0,0.02
none,5,62,0.0,0.02
none,5,63,0.0,0.02
none,5,64,0.0,0.02
none,5,65,0.0,0.02
none,5,66,0.0,0.02
none,5,67,0.0,0.02
none,5,68,0.0,0.02
none,5,69,0.0,0.02
none,5,70,0.0,0.02
none,5,71,0.0,0.02
none,5,72,0.0,0.02
none,5,73,0.0,0.02
none,5,74,0.0,0.02
none,5,75,0.0,0.02
none,5,76,0.0,0.02
none,5,77,0.0,0.02
none,5,78,0.0,0.02
none,5,79,0.0,0.02
none,5,80,0.0,0.02
none,5,81,0.0,0.02
none,5,82,0.0,0.02
none,5,83,0.0,0.02
none,5,84,0.0,0.02
none,5,85,0.0,0.02
none,5,86,0.0,0.02
none,5,87,0.0,0.02
none,5,88,0.0,0.02
none,5,89,0.0,0.02
none,5,90,0.0,0.02
none,5,91,0.0,0.02
none,5,92,0.0,0.02
none,5,93,0.0,0.02
none,5,94,0.0,0.02
none,5,95,0.0,0.02
none,5,96,0.0,0.02
none,5,97,0.0,0.02
none,5,98,0.0,0.02
none,5,99,0.0,0.02
none,5,100,0.0,0.02
none,5,101,0.0,0.02
none,5,102,0.0,0.02
none,5,103,0.0,0.02
none,5,104,0.0,0.02
none,5,105,0.0,0.02
none,5,106,0.0,0.02
none,5,107,0.0,0.02
none,5,108,0.0,0.02
none,5,109,0.0,0.02
none,5,110,0.0,0.02
none,5,111,0.0,0.02
none,5,112,0.0,0.02
none,5,113,0.0,0.02
none,5,114,0.0,0.02
none,5,115,0.0,0.02
none,5,116,0.0,0.02
none,5,117,0.0,0.02
none,5,118,0.0,0.02
none,5,119,0.0,0.02
none,5,120,0.0,0.02
none,5,121,0.0,0.02
none,5,122,0.0,0.02
none,5,123,0.0,0.02
none,5,124,0.0,0.02
none,5,125,0.0,0.02
none,5,126,0.0,0.02
none,5,127,0.0,0.02
none,5,128,0.0,0.02
none,5,129,0.0,0.02
none,5,130,0.0,0.02
none,5,131,0.0,0.02
none,5,132,0.0,0.02
none,5,133,0.0,0.02
none,5,134,0.0,0.02
none,5,135,0.0,0.02
none,5,136,0.0,0.02
none,5,137,0.0,0.02
none,5,138,0.0,0.02
none,5,139,0.0,0.02
none,5,140,0.0,0.02
none,5,141,0.0,0.02
none,5,142,0.0,0.02
none,5,143,0.0,0.02
none,5,144,0.0,0.02
none,5,145,0.0,0.02
none,5,146,0.0,0.02
none,5,147,0.0,0.02
none,5,148,0.0,0.02
none,5,149,0.0,0.02
none,5,150,0.0,0.02
none,6,0,0.1,0.02
none,6,1,0.08,0.02
none,6,2,0.04,0.02
none,6,3,0.04,0.02
none,6,4,0.05,0.02
none,6,5,0.03,0.02
none,6,6,0.03,0.02
none,6,7,0.03,0.02
none,6,8,0.02,0.02
none,6,9,0.02,0.02
none,6,10,0.02,0.02
none,6,11,0.02,0.02
none,6,12,0.01,0.02
none,6,13,0.02,0.02
none,6,14,0.01,0.02
none,6,15,0.01,0.02
none,6,16,0.0,0.02
none,6,17,0.0,0.02
none,6,18,0.0,0.02
none,6,19,0.0,0.02
none,6,20,0.0,0.02
none,6,21,0.0,0.02
none,6,22,0.0,0.02
none,6,23,0.0,0.02
none,6,24,0.0,0.02
none,6,25,0.0,0.02
none,6,26,0.0,0.02
none,6,27,0.0,0.02
none,6,28,0.0,0.02
none,6,29,0.0,0.02
none,6,30,0.0,0.02
none,6,31,0.0,0.02
none,6,32,0.0,0.02
none,6,33,0.0,0.02
none,6,34,0.0,0.02
none,6,35,0.0,0.02
none,6,36,0.0,0.02
none,6,37,0.0,0.02
none,6,38,0.0,0.02
none,6,39,0.0,0.02
none,6,40,0.0,0.02
none,6,41,0.0,0.02
none,6,42,0.0,0.02
none,6,43,0.0,0.02
none,6,44,0.0,0.02
none,6,45,0.0,0.02
none,6,46,0.0,0.02
none,6,47,0.0,0.02
none,6,48,0.0,0.02
none,6,49,0.0,0.02
none,6,50,0.0,0.02
none,6,51,0.0,0.02
none,6,52,0.0,0.02
none,6,53,0.0,0.02
none,6,54,0.0,0.02
none,6,55,0.0,0.02
none,6,56,0.0,0.02
none,6,57,0.0,0.02
none,6,58,0.0,0.02
none,6,59,0.0,0.02
none,6,60,0.0,0.02
none,6,61,0.0,0.02
none,6,62,0.0,0.02
none,6,63,0.0,0.02
none,6,64,0.0,0.02
none,6,65,0.0,0.02
none,6,66,0.0,0.02
none,6,67,0.0,0.02
none,6,68,0.0,0.02
none,6,69,0.0,0.02
none,6,70,0.0,0.02
none,6,71,0.0,0.02
none,6,72,0.0,0.02
none,6,73,0.0,0.02
none,6,74,0.0,0.02
none,6,75,0.0,0.02
none,6,76,0.0,0.02
none,6,77,0.0,0.02
none,6,78,0.0,0.02
none,6,79,0.0,0.02
none,6,80,0.0,0.02
none,6,81,0.0,0.02
none,6,82,0.0,0.02
none,6,83,0.0,0.02
none,6,84,0.0,0.02
none,6,85,0.0,0.02
none,6,86,0.0,0.02
none,6,87,0.0,0.02
none,6,88,0.0,0.02
none,6,89,0.0,0.02
none,6,90,0.0,0.02
none,6,91,0.0,0.02
none,6,92,0.0,0.02
none,6,93,0.0,0.02
none,6,94,0.0,0.02
none,6,95,0.0,0.02
none,6,96,0.0,0.02
none,6,97,0.0,0.02
none,6,98,0.0,0.02
none,6,99,0.0,0.02
none,6,100,0.0,0.02
none,6,101,0.0,0.02
none,6,102,0.0,0.02
none,6,103,0.0,0.02
none,6,104,0.0,0.02
none,6,105,0.0,0.02
none,6,106,0.0,0.02
none,6,107,0.0,0.02
none,6,108,0.0,0.02
none,6,109,0.0,0.02
none,6,110,0.0,0.02
none,6,111,0.0,0.02
none,6,112,0.0,0.02
none,6,113,0.0,0.02
none,6,114,0.0,0.02
none,6,115,0.0,0.02
none,6,116,0.0,0.02
none,6,117,0.0,0.02
none,6,118,0.0,0.02
none,6,119,0.0,0.02
none,6,120,0.0,0.02
none,6,121,0.0,0.02
none,6,122,0.0,0.02
none,6,123,0.0,0.02
none,6,124,0.0,0.02
none,6,125,0.0,0.02
none,6,126,0.0,0.02
none,6,127,0.0,0.02
none,6,128,0.0,0.02
none,6,129,0.0,0.02
none,6,130,0.0,0.02
none,6,131,0.0,0.02
none,6,132,0.0,0.02
none,6,133,0.0,0.02
none,6,134,0.0,0.02
none,6,135,0.0,0.02
none,6,136,0.0,0.02
none,6,137,0.0,0.02
none,6,138,0.0,0.02
none,6,139,0.0,0.02
none,6,140,0.0,0.02
none,6,141,0.0,0.02
none,6,142,0.0,0.02
none,6,143,0.0,0.02
none,6,144,0.0,0.02
none,6,145,0.0,0.02
none,6,146,0.0,0.02
none,6,147,0.0,0.02
none,6,148,0.0,0.02
none,6,149,0.0,0.02
none,6,150,0.0,0.02
none,7,0,0.1,0.02
none,7,1,0.07,0.02
none,7,2,0.03,0.02
none,7,3,0.02,0.02
none,7,4,0.0,0.02
none,7,5,0.0,0.02
none,7,6,0.0,0.02
none,7,7,0.0,0.02
none,7,8,0.0,0.02
none,7,9,0.0,0.02
none,7,10,0.0,0.02
none,7,11,0.0,0.02
none,7,12,0.0,0.02
none,7,13,0.0,0.02
none,7,14,0.0,0.02
none,7,15,0.0,0.02
none,7,16,0.0,0.02
none,7,17,0.0,0.02
none,7,18,0.0,0.02
none,7,19,0.0,0.02
none,7,20,0.0,0.02
none,7,21,0.0,0.02
none,7,22,0.0,0.02
none,7,23,0.0,0.02
none,7,24,0.0,0.02
none,7,25,0.0,0.02
none,7,26,0.0,0.02
none,7,27,0.0,0.02
none,7,28,0.0,0.02
none,7,29,0.0,0.02
none,7,30,0.0,0.02
none,7,31,0.0,0.02
none,7,32,0.0,0.02
none,7,33,0.0,0.02
none,7,34,0.0,0.02
none,7,35,0.0,0.02
none,7,36,0.0,0.02
none,7,37,0.0,0.02
none,7,38,0.0,0.02
none,7,39,0.0,0.02
none,7,40,0.0,0.02
none,7,41,0.0,0.02
none,7,42,0.0,0.02
none,7,43,0.0,0.02
none,7,44,0.0,0.02
none,7,45,0.0,0.02
none,7,46,0.0,0.02
none,7,47,0.0,0.02
none,7,48,0.0,0.02
none,7,49,0.0,0.02
none,7,50,0.0,0.02
none,7,51,0.0,0.02
none,7,52,0.0,0.02
none,7,53,0.0,0.02
none,7,54,0.0,0.02
none,7,55,0.0,0.02
none,7,56,0.0,0.02
none,7,57,0.0,0.02
none,7,58,0.0,0.02
none,7,59,0.0,0.02
none,7,60,0.0,0.02
none,7,61,0.0,0.02
none,7,62,0.0,0.02
none,7,63,0.0,0.02
none,7,64,0.0,0.02
none,7,65,0.0,0.02
none,7,66,0.0,0.02
none,7,67,0.0,0.02
none,7,68,0.0,0.02
none,7,69,0.0,0.02
none,7,70,0.0,0.02
none,7,71,0.0,0.02
none,7,72,0.0,0.02
none,7,73,0.0,0.02
none,7,74,0.0,0.02
none,7,75,0.0,0.02
none,7,76,0.0,0.02
none,7,77,0.0,0.02
none,7,78,0.0,0.02
none,7,79,0.0,0.02
none,7,80,0.0,0.02
none,7,81,0.0,0.02
none,7,82,0.0,0.02
none,7,83,0.0,0.02
none,7,84,0.0,0.02
none,7,85,0.0,0.02
none,7,86,0.0,0.02
none,7,87,0.0,0.02
none,7,88,0.0,0.02
none,7,89,0.0,0.02
none,7,90,0.0,0.02
none,7,91,0.0,0.02
none,7,92,0.0,0.02
none,7,93,0.0,0.02
none,7,94,0.0,0.02
none,7,95,0.0,0.02
none,7,96,0.0,0.02
none,7,97,0.0,0.02
none,7,98,0.0,0.02
none,7,99,0.0,0.02
none,7,100,0.0,0.02
none,7,101,0.0,0.02
none,7,102,0.0,0.02
none,7,103,0.0,0.02
none,7,104,0.0,0.02
none,7,105,0.0,0.02
none,7,106,0.0,0.02
none,7,107,0.0,0.02
none,7,108,0.0,0.02
none,7,109,0.0,0.02
none,7,110,0.0,0.02
none,7,111,0.0,0.02
none,7,112,0.0,0.02
none,7,113,0.0,0.02
none,7,114,0.0,0.02
none,7,115,0.0,0.02
none,7,116,0.0,0.02
none,7,117,0.0,0.02
none,7,118,0.0,0.02
none,7,119,0.0,0.02
none,7,120,0.0,0.02
none,7,121,0.0,0.02
none,7,122,0.0,0.02
none,7,123,0.0,0.02
none,7,124,0.0,0.02
none,7,125,0.0,0.02
none,7,126,0.0,0.02
none,7,127,0.0,0.02
none,7,128,0.0,0.02
none,7,129,0.0,0.02
none,7,130,0.0,0.02
none,7,131,0.0,0.02
none,7,132,0.0,0.02
none,7,133,0.0,0.02
none,7,134,0.0,0.02
none,7,135,0.0,0.02
none,7,136,0.0,0.02
none,7,137,0.0,0.02
none,7,138,0.0,0.02
none,7,139,0.0,0.02
none,7,140,0.0,0.02
none,7,141,0.0,0.02
none,7,142,0.0,0.02
none,7,143,0.0,0.02
none,7,144,0.0,0.02
none,7,145,0.0,0.02
none,7,146,0.0,0.02
none,7,147,0.0,0.02
none,7,148,0.0,0.02
none,7,149,0.0,0.02
none,7,150,0.0,0.02
none,8,0,0.1,0.02
none,8,1,0.09,0.02
none,8,2,0.08,0.02
none,8,3,0.07,0.02
none,8,4,0.05,0.02
none,8,5,0.04,0.02
none,8,6,0.03,0.02
none,8,7,0.03,0.02
none,8,8,0.03,0.02
none,8,9,0.02,0.02
none,8,10,0.02,0.02
none,8,11,0.02,0.02
none,8,12,0.01,0.02
none,8,13,0.01,0.02
none,8,14,0.01,0.02
none,8,15,0.01,0.02
none,8,16,0.01,0.02
none,8,17,0.0,0.02
none,8,18,0.0,0.02
none,8,19,0.0,0.02
none,8,20,0.0,0.02
none,8,21,0.0,0.02
none,8,22,0.0,0.02
none,8,23,0.0,0.02
none,8,24,0.0,0.02
none,8,25,0.0,0.02
none,8,26,0.0,0.02
none,8,27,0.0,0.02
none,8,28,0.0,0.02
none,8,29,0.0,0.02
none,8,30,0.0,0.02
none,8,31,0.0,0.02
none,8,32,0.0,0.02
none,8,33,0.0,0.02
none,8,34,0.0,0.02
none,8,35,0.0,0.02
none,8,36,0.0,0.02
none,8,37,0.0,0.02
none,8,38,0.0,0.02
none,8,39,0.0,0.02
none,8,40,0.0,0.02
none,8,41,0.0,0.02
none,8,42,0.0,0.02
none,8,43,0.0,0.02
none,8,44,0.0,0.02
none,8,45,0.0,0.02
none,8,46,0.0,0.02
none,8,47,0.0,0.02
none,8,48,0.0,0.02
none,8,49,0.0,0.02
none,8,50,0.0,0.02
none,8,51,0.0,0.02
none,8,52,0.0,0.02
none,8,53,0.0,0.02
none,8,54,0.0,0.02
none,8,55,0.0,0.02
none,8,56,0.0,0.02
none,8,57,0.0,0.02
none,8,58,0.0,0.02
none,8,59,0.0,0.02
none,8,60,0.0,0.02
none,8,61,0.0,0.02
none,8,62,0.0,0.02
none,8,63,0.0,0.02
none,8,64,0.0,0.02
none,8,65,0.0,0.02
none,8,66,0.0,0.02
none,8,67,0.0,0.02
none,8,68,0.0,0.02
none,8,69,0.0,0.02
none,8,70,0.0,0.02
none,8,71,0.0,0.02
none,8,72,0.0,0.02
none,8,73,0.0,0.02
none,8,74,0.0,0.02
none,8,75,0.0,0.02
none,8,76,0.0,0.02
none,8,77,0.0,0.02
none,8,78,0.0,0.02
none,8,79,0.0,0.02
none,8,80,0.0,0.02
none,8,81,0.0,0.02
none,8,82,0.0,0.02
none,8,83,0.0,0.02
none,8,84,0.0,0.02
none,8,85,0.0,0.02
none,8,86,0.0,0.02
none,8,87,0.0,0.02
none,8,88,0.0,0.02
none,8,89,0.0,0.02
none,8,90,0.0,0.02
none,8,91,0.0,0.02
none,8,92,0.0,0.02
none,8,93,0.0,0.02
none,8,94,0.0,0.02
none,8,95,0.0,0.02
none,8,96,0.0,0.02
none,8,97,0.0,0.02
none,8,98,0.0,0.02
none,8,99,0.0,0.02
none,8,100,0.0,0.02
none,8,101,0.0,0.02
none,8,102,0.0,0.02
none,8,103,0.0,0.02
none,8,104,0.0,0.02
none,8,105,0.0,0.02
none,8,106,0.0,0.02
none,8,107,0.0,0.02
none,8,108,0.0,0.02
none,8,109,0.0,0.02
none,8,110,0.0,0.02
none,8,111,0.0,0.02
none,8,112,0.0,0.02
none,8,113,0.0,0.02
none,8,114,0.0,0.02
none,8,115,0.0,0.02
none,8,116,0.0,0.02
none,8,117,0.0,0.02
none,8,118,0.0,0.02
none,8,119,0.0,0.02
none,8,120,0.0,0.02
none,8,121,0.0,0.02
none,8,122,0.0,0.02
none,8,123,0.0,0.02
none,8,124,0.0,0.02
none,8,125,0.0,0.02
none,8,126,0.0,0.02
none,8,127,0.0,0.02
none,8,128,0.0,0.02
none,8,129,0.0,0.02
none,8,130,0.0,0.02
none,8,131,0.0,0.02
none,8,132,0.0,0.02
none,8,133,0.0,0.02
none,8,134,0.0,0.02
none,8,135,0.0,0.02
none,8,136,0.0,0.02
none,8,137,0.0,0.02
none,8,138,0.0,0.02
none,8,139,0.0,0.02
none,8,140,0.0,0.02
none,8,141,0.0,0.02
none,8,142,0.0,0.02
none,8,143,0.0,0.02
none,8,144,0.0,0.02
none,8,145,0.0,0.02
none,8,146,0.0,0.02
none,8,147,0.0,0.02
none,8,148,0.0,0.02
none,8,149,0.0,0.02
none,8,150,0.0,0.02
none,9,0,0.1,0.02
none,9,1,0.1,0.02
none,9,2,0.12,0.02
none,9,3,0.13,0.02
none,9,4,0.1,0.02
none,9,5,0.09,0.02
none,9,6,0.09,0.02
none,9,7,0.09,0.02
none,9,8,0.1,0.02
none,9,9,0.1,0.02
none,9,10,0.09,0.02
none,9,11,0.09,0.02
none,9,12,0.09,0.02
none,9,13,0.07,0.02
none,9,14,0.05,0.02
none,9,15,0.04,0.02
none,9,16,0.04,0.02
none,9,17,0.03,0.02
none,9,18,0.02,0.02
none,9,19,0.03,0.02
none,9,20,0.01,0.02
none,9,21,0.01,0.02
none,9,22,0.0,0.02
none,9,23,0.0,0.02
none,9,24,0.0,0.02
none,9,25,0.0,0.02
none,9,26,0.0,0.02
none,9,27,0.0,0.02
none,9,28,0.0,0.02
none,9,29,0.0,0.02
none,9,30,0.0,0.02
none,9,31,0.0,0.02
none,9,32,0.0,0.02
none,9,33,0.0,0.02
none,9,34,0.0,0.02
none,9,35,0.0,0.02
none,9,36,0.0,0.02
none,9,37,0.0,0.02
none,9,38,0.0,0.02
none,9,39,0.0,0.02
none,9,40,0.0,0.02
none,9,41,0.0,0.02
none,9,42,0.0,0.02
none,9,43,0.0,0.02
none,9,44,0.0,0.02
none,9,45,0.0,0.02
none,9,46,0.0,0.02
none,9,47,0.0,0.02
none,9,48,0.0,0.02
none,9,49,0.0,0.02
none,9,50,0.0,0.02
none,9,51,0.0,0.02
none,9,52,0.0,0.02
none,9,53,0.0,0.02
none,9,54,0.0,0.02
none,9,55,0.0,0.02
none,9,56,0.0,0.02
none,9,57,0.0,0.02
none,9,58,0.0,0.02
none,9,59,0.0,0.02
none,9,60,0.0,0.02
none,9,61,0.0,0.02
none,9,62,0.0,0.02
none,9,63,0.0,0.02
none,9,64,0.0,0.02
none,9,65,0.0,0.02
none,9,66,0.0,0.02
none,9,67,0.0,0.02
none,9,68,0.0,0.02
none,9,69,0.0,0.02
none,9,70,0.0,0.02
none,9,71,0.0,0.02
none,9,72,0.0,0.02
none,9,73,0.0,0.02
none,9,74,0.0,0.02
none,9,75,0.0,0.02
none,9,76,0.0,0.02
none,9,77,0.0,0.02
none,9,78,0.0,0.02
none,9,79,0.0,0.02
none,9,80,0.0,0.02
none,9,81,0.0,0.02
none,9,82,0.0,0.02
none,9,83,0.0,0.02
none,9,84,0.0,0.02
none,9,85,0.0,0.02
none,9,86,0.0,0.02
none,9,87,0.0,0.02
none,9,88,0.0,0.02
none,9,89,0.0,0.02
none,9,90,0.0,0.02
none,9,91,0.0,0.02
none,9,92,0.0,0.02
none,9,93,0.0,0.02
none,9,94,0.0,0.02
none,9,95,0.0,0.02
none,9,96,0.0,0.02
none,9,97,0.0,0.02
none,9,98,0.0,0.02
none,9,99,0.0,0.02
none,9,100,0.0,0.02
none,9,101,0.0,0.02
none,9,102,0.0,0.02
none,9,103,0.0,0.02
none,9,104,0.0,0.02
none,9,105,0.0,0.02
none,9,106,0.0,0.02
none,9,107,0.0,0.02
none,9,108,0.0,0.02
none,9,109,0.0,0.02
none,9,110,0.0,0.02
none,9,111,0.0,0.02
none,9,112,0.0,0.02
none,9,113,0.0,0.02
none,9,114,0.0,0.02
none,9,115,0.0,0.02
none,9,116,0.0,0.02
none,9,117,0.0,0.02
none,9,118,0.0,0.02
none,9,119,0.0,0.02
none,9,120,0.0,0.02
none,9,121,0.0,0.02
none,9,122,0.0,0.02
none,9,123,0.0,0.02
none,9,124,0.0,0.02
none,9,125,0.0,0.02
none,9,126,0.0,0.02
none,9,127,0.0,0.02
none,9,128,0.0,0.02
none,9,129,0.0,0.02
none,9,130,0.0,0.02
none,9,131,0.0,0.02
none,9,132,0.0,0.02
none,9,133,0.0,0.02
none,9,134,0.0,0.02
none,9,135,0.0,0.02
none,9,136,0.0,0.02
none,9,137,0.0,0.02
none,9,138,0.0,0.02
none,9,139,0.0,0.02
none,9,140,0.0,0.02
none,9,141,0.0,0.02
none,9,142,0.0,0.02
none,9,143,0.0,0.02
none,9,144,0.0,0.02
none,9,145,0.0,0.02
none,9,146,0.0,0.02
none,9,147,0.0,0.02
none,9,148,0.0,0.02
none,9,149,0.0,0.02
none,9,150,0.0,0.02
none,10,0,0.1,0.02
none,10,1,0.1,0.02
none,10,2,0.06,0.02
none,10,3,0.06,0.02
none,10,4,0.04,0.02
none,10,5,0.04,0.02
none,10,6,0.04,0.02
none,10,7,0.04,0.02
none,10,8,0.03,0.02
none,10,9,0.04,0.02
none,10,10,0.04,0.02
none,10,11,0.03,0.02
none,10,12,0.01,0.02
none,10,13,0.0,0.02
none,10,14,0.0,0.02
none,10,15,0.0,0.02
none,10,16,0.0,0.02
none,10,17,0.0,0.02
none,10,18,0.0,0.02
none,10,19,0.0,0.02
none,10,20,0.0,0.02
none,10,21,0.0,0.02
none,10,22,0.0,0.02
none,10,23,0.0,0.02
none,10,24,0.0,0.02
none,10,25,0.0,0.02
none,10,26,0.0,0.02
none,10,27,0.0,0.02
none,10,28,0.0,0.02
none,10,29,0.0,0.02
none,10,30,0.0,0.02
none,10,31,0.0,0.02
none,10,32,0.0,0.02
none,10,33,0.0,0.02
none,10,34,0.0,0.02
none,10,35,0.0,0.02
none,10,36,0.0,0.02
none,10,37,0.0,0.02
none,10,38,0.0,0.02
none,10,39,0.0,0.02
none,10,40,0.0,0.02
none,10,41,0.0,0.02
none,10,42,0.0,0.02
none,10,43,0.0,0.02
none,10,44,0.0,0.02
none,10,45,0.0,0.02
none,10,46,0.0,0.02
none,10,47,0.0,0.02
none,10,48,0.0,0.02
none,10,49,0.0,0.02
none,10,50,0.0,0.02
none,10,51,0.0,0.02
none,10,52,0.0,0.02
none,10,53,0.0,0.02
none,10,54,0.0,0.02
none,10,55,0.0,0.02
none,10,56,0.0,0.02
none,10,57,0.0,0.02
none,10,58,0.0,0.02
none,10,59,0.0,0.02
none,10,60,0.0,0.02
none,10,61,0.0,0.02
none,10,62,0.0,0.02
none,10,63,0.0,0.02
none,10,64,0.0,0.02
none,10,65,0.0,0.02
none,10,66,0.0,0.02
none,10,67,0.0,0.02
none,10,68,0.0,0.02
none,10,69,0.0,0.02
none,10,70,0.0,0.02
none,10,71,0.0,0.02
none,10,72,0.0,0.02
none,10,73,0.0,0.02
none,10,74,0.0,0.02
none,10,75,0.0,0.02
none,10,76,0.0,0.02
none,10,77,0.0,0.02
none,10,78,0.0,0.02
none,10,79,0.0,0.02
none,10,80,0.0,0.02
none,10,81,0.0,0.02
none,10,82,0.0,0.02
none,10,83,0.0,0.02
none,10,84,0.0,0.02
none,10,85,0.0,0.02
none,10,86,0.0,0.02
none,10,87,0.0,0.02
none,10,88,0.0,0.02
none,10,89,0.0,0.02
none,10,90,0.0,0.02
none,10,91,0.0,0.02
none,10,92,0.0,0.02
none,10,93,0.0,0.02
none,10,94,0.0,0.02
none,10,95,0.0,0.02
none,10,96,0.0,0.02
none,10,97,0.0,0.02
none,10,98,0.0,0.02
none,10,99,0.0,0.02
none,10,100,0.0,0.02
none,10,101,0.0,0.02
none,10,102,0.0,0.02
none,10,103,0.0,0.02
none,10,104,0.0,0.02
none,10,105,0.0,0.02
none,10,106,0.0,0.02
none,10,107,0.0,0.02
none,10,108,0.0,0.02
none,10,109,0.0,0.02
none,10,110,0.0,0.02
none,10,111,0.0,0.02
none,10,112,0.0,0.02
none,10,113,0.0,0.02
none,10,114,0.0,0.02
none,10,115,0.0,0.02
none,10,116,0.0,0.02
none,10,117,0.0,0.02
none,10,118,0.0,0.02
none,10,119,0.0,0.02
none,10,120,0.0,0.02
none,10,121,0.0,0.02
none,10,122,0.0,0.02
none,10,123,0.0,0.02
none,10,124,0.0,0.02
none,10,125,0.0,0.02
none,10,126,0.0,0.02
none,10,127,0.0,0.02
none,10,128,0.0,0.02
none,10,129,0.0,0.02
none,10,130,0.0,0.02
none,10,131,0.0,0.02
none,10,132,0.0,0.02
none,10,133,0.0,0.02
none,10,134,0.0,0.02
none,10,135,0.0,0.02
none,10,136,0.0,0.02
none,10,137,0.0,0.02
none,10,138,0.0,0.02
none,10,139,0.0,0.02
none,10,140,0.0,0.02
none,10,141,0.0,0.02
none,10,142,0.0,0.02
none,10,143,0.0,0.02
none,10,144,0.0,0.02
none,10,145,0.0,0.02
none,10,146,0.0,0.02
none,10,147,0.0,0.02
none,10,148,0.0,0.02
none,10,149,0.0,0.02
none,10,150,0.0,0.02
none,11,0,0.1,0.02
none,11,1,0.09,0.02
none,11,2,0.06,0.02
none,11,3,0.06,0.02
none,11,4,0.04,0.02
none,11,5,0.05,0.02
none,11,6,0.04,0.02
none,11,7,0.03,0.02
none,11,8,0.03,0.02
none,11,9,0.02,0.02
none,11,10,0.02,0.02
none,11,11,0.01,0.02
none,11,12,0.0,0.02
none,11,13,0.0,0.02
none,11,14,0.0,0.02
none,11,15,0.0,0.02
none,11,16,0.0,0.02
none,11,17,0.0,0.02
none,11,18,0.0,0.02
none,11,19,0.0,0.02
none,11,20,0.0,0.02
none,11,21,0.0,0.02
none,11,22,0.0,0.02
none,11,23,0.0,0.02
none,11,24,0.0,0.02
none,11,25,0.0,0.02
none,11,26,0.0,0.02
none,11,27,0.0,0.02
none,11,28,0.0,0.02
none,11,29,0.0,0.02
none,11,30,0.0,0.02
none,11,31,0.0,0.02
none,11,32,0.0,0.02
none,11,33,0.0,0.02
none,11,34,0.0,0.02
none,11,35,0.0,0.02
none,11,36,0.0,0.02
none,11,37,0.0,0.02
none,11,38,0.0,0.02
none,11,39,0.0,0.02
none,11,40,0.0,0.02
none,11,41,0.0,0.02
none,11,42,0.0,0.02
none,11,43,0.0,0.02
none,11,44,0.0,0.02
none,11,45,0.0,0.02
none,11,46,0.0,0.02
none,11,47,0.0,0.02
none,11,48,0.0,0.02
none,11,49,0.0,0.02
none,11,50,0.0,0.02
none,11,51,0.0,0.02
none,11,52,0.0,0.02
none,11,53,0.0,0.02
none,11,54,0.0,0.02
none,11,55,0.0,0.02
none,11,56,0.0,0.02
none,11,57,0.0,0.02
none,11,58,0.0,0.02
none,11,59,0.0,0.02
none,11,60,0.0,0.02
none,11,61,0.0,0.02
none,11,62,0.0,0.02
none,11,63,0.0,0.02
none,11,64,0.0,0.02
none,11,65,0.0,0.02
none,11,66,0.0,0.02
none,11,67,0.0,0.02
none,11,68,0.0,0.02
none,11,69,0.0,0.02
none,11,70,0.0,0.02
none,11,71,0.0,0.02
none,11,72,0.0,0.02
none,11,73,0.0,0.02
none,11,74,0.0,0.02
none,11,75,0.0,0.02
none,11,76,0.0,0.02
none,11,77,0.0,0.02
none,11,78,0.0,0.02
none,11,79,0.0,0.02
none,11,80,0.0,0.02
none,11,81,0.0,0.02
none,11,82,0.0,0.02
none,11,83,0.0,0.02
none,11,84,0.0,0.02
none,11,85,0.0,0.02
none,11,86,0.0,0.02
none,11,87,0.0,0.02
none,11,88,0.0,0.02
none,11,89,0.0,0.02
none,11,90,0.0,0.02
none,11,91,0.0,0.02
none,11,92,0.0,0.02
none,11,93,0.0,0.02
none,11,94,0.0,0.02
none,11,95,0.0,0.02
none,11,96,0.0,0.02
none,11,97,0.0,0.02
none,11,98,0.0,0.02
none,11,99,0.0,0.02
none,11,100,0.0,0.02
none,11,101,0.0,0.02
none,11,102,0.0,0.02
none,11,103,0.0,0.02
none,11,104,0.0,0.02
none,11,105,0.0,0.02
none,11,106,0.0,0.02
none,11,107,0.0,0.02
none,11,108,0.0,0.02
none,11,109,0.0,0.02
none,11,110,0.0,0.02
none,11,111,0.0,0.02
none,11,112,0.0,0.02
none,11,113,0.0,0.02
none,11,114,0.0,0.02
none,11,115,0.0,0.02
none,11,116,0.0,0.02
none,11,117,0.0,0.02
none,11,118,0.0,0.02
none,11,119,0.0,0.02
none,11,120,0.0,0.02
none,11,121,0.0,0.02
none,11,122,0.0,0.02
none,11,123,0.0,0.02
none,11,124,0.0,0.02
none,11,125,0.0,0.02
none,11,126,0.0,0.02
none,11,127,0.0,0.02
none,11,128,0.0,0.02
none,11,129,0.0,0.02
none,11,130,0.0,0.02
none,11,131,0.0,0.02
none,11,132,0.0,0.02
none,11,133,0.0,0.02
none,11,134,0.0,0.02
none,11,135,0.0,0.02
none,11,136,0.0,0.02
none,11,137,0.0,0.02
none,11,138,0.0,0.02
none,11,139,0.0,0.02
none,11,140,0.0,0.02
none,11,141,0.0,0.02
none,11,142,0.0,0.02
none,11,143,0.0,0.02
none,11,144,0.0,0.02
none,11,145,0.0,0.02
none,11,146,0.0,0.02
none,11,147,0.0,0.02
none,11,148,0.0,0.02
none,11,149,0.0,0.02
none,11,150,0.0,0.02
none,12,0,0.1,0.02
none,12,1,0.09,0.02
none,12,2,0.06,0.02
none,12,3,0.08,0.02
none,12,4,0.09,0.02
none,12,5,0.09,0.02
none,12,6,0.06,0.02
none,12,7,0.07,0.02
none,12,8,0.05,0.02
none,12,9,0.06,0.02
none,12,10,0.05,0.02
none,12,11,0.06,0.02
none,12,12,0.04,0.02
none,12,13,0.03,0.02
none,12,14,0.03,0.02
none,12,15,0.03,0.02
none,12,16,0.04,0.02
none,12,17,0.03,0.02
none,12,18,0.02,0.02
none,12,19,0.02,0.02
none,12,20,0.02,0.02
none,12,21,0.0,0.02
none,12,22,0.0,0.02
none,12,23,0.0,0.02
none,12,24,0.0,0.02
none,12,25,0.0,0.02
none,12,26,0.0,0.02
none,12,27,0.0,0.02
none,12,28,0.0,0.02
none,12,29,0.0,0.02
none,12,30,0.0,0.02
none,12,31,0.0,0.02
none,12,32,0.0,0.02
none,12,33,0.0,0.02
none,12,34,0.0,0.02
none,12,35,0.0,0.02
none,12,36,0.0,0.02
none,12,37,0.0,0.02
none,12,38,0.0,0.02
none,12,39,0.0,0.02
none,12,40,0.0,0.02
none,12,41,0.0,0.02
none,12,42,0.0,0.02
none,12,43,0.0,0.02
none,12,44,0.0,0.02
none,12,45,0.0,0.02
none,12,46,0.0,0.02
none,12,47,0.0,0.02
none,12,48,0.0,0.02
none,12,49,0.0,0.02
none,12,50,0.0,0.02
none,12,51,0.0,0.02
none,12,52,0.0,0.02
none,12,53,0.0,0.02
none,12,54,0.0,0.02
none,12,55,0.0,0.02
none,12,56,0.0,0.02
none,12,57,0.0,0.02
none,12,58,0.0,0.02
none,12,59,0.0,0.02
none,12,60,0.0,0.02
none,12,61,0.0,0.02
none,12,62,0.0,0.02
none,12,63,0.0,0.02
none,12,64,0.0,0.02
none,12,65,0.0,0.02
none,12,66,0.0,0.02
none,12,67,0.0,0.02
none,12,68,0.0,0.02
none,12,69,0.0,0.02
none,12,70,0.0,0.02
none,12,71,0.0,0.02
none,12,72,0.0,0.02
none,12,73,0.0,0.02
none,12,74,0.0,0.02
none,12,75,0.0,0.02
none,12,76,0.0,0.02
none,12,77,0.0,0.02
none,12,78,0.0,0.02
none,12,79,0.0,0.02
none,12,80,0.0,0.02
none,12,81,0.0,0.02
none,12,82,0.0,0.02
none,12,83,0.0,0.02
none,12,84,0.0,0.02
none,12,85,0.0,0.02
none,12,86,0.0,0.02
none,12,87,0.0,0.02
none,12,88,0.0,0.02
none,12,89,0.0,0.02
none,12,90,0.0,0.02
none,12,91,0.0,0.02
none,12,92,0.0,0.02
none,12,93,0.0,0.02
none,12,94,0.0,0.02
none,12,95,0.0,0.02
none,12,96,0.0,0.02
none,12,97,0.0,0.02
none,12,98,0.0,0.02
none,12,99,0.0,0.02
none,12,100,0.0,0.02
none,12,101,0.0,0.02
none,12,102,0.0,0.02
none,12,103,0.0,0.02
none,12,104,0.0,0.02
none,12,105,0.0,0.02
none,12,106,0.0,0.02
none,12,107,0.0,0.02
none,12,108,0.0,0.02
none,12,109,0.0,0.02
none,12,110,0.0,0.02
none,12,111,0.0,0.02
none,12,112,0.0,0.02
none,12,113,0.0,0.02
none,12,114,0.0,0.02
none,12,115,0.0,0.02
none,12,116,0.0,0.02
none,12,117,0.0,0.02
none,12,118,0.0,0.02
none,12,119,0.0,0.02
none,12,120,0.0,0.02
none,12,121,0.0,0.02
none,12,122,0.0,0.02
none,12,123,0.0,0.02
none,12,124,0.0,0.02
none,12,125,0.0,0.02
none,12,126,0.0,0.02
none,12,127,0.0,0.02
none,12,128,0.0,0.02
none,12,129,0.0,0.02
none,12,130,0.0,0.02
none,12,131,0.0,0.02
none,12,132,0.0,0.02
none,12,133,0.0,0.02
none,12,134,0.0,0.02
none,12,135,0.0,0.02
none,12,136,0.0,0.02
none,12,137,0.0,0.02
none,12,138,0.0,0.02
none,12,139,0.0,0.02
none,12,140,0.0,0.02
none,12,141,0.0,0.02
none,12,142,0.0,0.02
none,12,143,0.0,0.02
none,12,144,0.0,0.02
none,12,145,0.0,0.02
none,12,146,0.0,0.02
none,12,147,0.0,0.02
none,12,148,0.0,0.02
none,12,149,0.0,0.02
none,12,150,0.0,0.02
none,13,0,0.1,0.02
none,13,1,0.08,0.02
none,13,2,0.06,0.02
none,13,3,0.06,0.02
none,13,4,0.06,0.02
none,13,5,0.07,0.02
none,13,6,0.07,0.02
none,13,7,0.09,0.02
none,13,8,0.09,0.02
none,13,9,0.09,0.02
none,13,10,0.06,0.02
none,13,11,0.05,0.02
none,13,12,0.05,0.02
none,13,13,0.04,0.02
none,13,14,0.04,0.02
none,13,15,0.06,0.02
none,13,16,0.05,0.02
none,13,17,0.05,0.02
none,13,18,0.03,0.02
none,13,19,0.05,0.02
none,13,20,0.05,0.02
none,13,21,0.05,0.02
none,13,22,0.04,0.02
none,13,23,0.04,0.02
none,13,24,0.02,0.02
none,13,25,0.0,0.02
none,13,26,0.0,0.02
none,13,27,0.0,0.02
none,13,28,0.0,0.02
none,13,29,0.0,0.02
none,13,30,0.0,0.02
none,13,31,0.0,0.02
none,13,32,0.0,0.02
none,13,33,0.0,0.02
none,13,34,0.0,0.02
none,13,35,0.0,0.02
none,13,36,0.0,0.02
none,13,37,0.0,0.02
none,13,38,0.0,0.02
none,13,39,0.0,0.02
none,13,40,0.0,0.02
none,13,41,0.0,0.02
none,13,42,0.0,0.02
none,13,43,0.0,0.02
none,13,44,0.0,0.02
none,13,45,0.0,0.02
none,13,46,0.0,0.02
none,13,47,0.0,0.02
none,13,48,0.0,0.02
none,13,49,0.0,0.02
none,13,50,0.0,0.02
none,13,51,0.0,0.02
none,13,52,0.0,0.02
none,13,53,0.0,0.02
none,13,54,0.0,0.02
none,13,55,0.0,0.02
none,13,56,0.0,0.02
none,13,57,0.0,0.02
none,13,58,0.0,0.02
none,13,59,0.0,0.02
none,13,60,0.0,0.02
none,13,61,0.0,0.02
none,13,62,0.0,0.02
none,13,63,0.0,0.02
none,13,64,0.0,0.02
none,13,65,0.0,0.02
none,13,66,0.0,0.02
none,13,67,0.0,0.02
none,13,68,0.0,0.02
none,13,69,0.0,0.02
none,13,70,0.0,0.02
none,13,71,0.0,0.02
none,13,72,0.0,0.02
none,13,73,0.0,0.02
none,13,74,0.0,0.02
none,13,75,0.0,0.02
none,13,76,0.0,0.02
none,13,77,0.0,0.02
none,13,78,0.0,0.02
none,13,79,0.0,0.02
none,13,80,0.0,0.02
none,13,81,0.0,0.02
none,13,82,0.0,0.02
none,13,83,0.0,0.02
none,13,84,0.0,0.02
none,13,85,0.0,0.02
none,13,86,0.0,0.02
none,13,87,0.0,0.02
none,13,88,0.0,0.02
none,13,89,0.0,0.02
none,13,90,0.0,0.02
none,13,91,0.0,0.02
none,13,92,0.0,0.02
none,13,93,0.0,0.02
none,13,94,0.0,0.02
none,13,95,0.0,0.02
none,13,96,0.0,0.02
none,13,97,0.0,0.02
none,13,98,0.0,0.02
none,13,99,0.0,0.02
none,13,100,0.0,0.02
none,13,101,0.0,0.02
none,13,102,0.0,0.02
none,13,103,0.0,0.02
none,13,104,0.0,0.02
none,13,105,0.0,0.02
none,13,106,0.0,0.02
none,13,107,0.0,0.02
none,13,108,0.0,0.02
none,13,109,0.0,0.02
none,13,110,0.0,0.02
none,13,111,0.0,0.02
none,13,112,0.0,0.02
none,13,113,0.0,0.02
none,13,114,0.0,0.02
none,13,115,0.0,0.02
none,13,116,0.0,0.02
none,13,117,0.0,0.02
none,13,118,0.0,0.02
none,13,119,0.0,0.02
none,13,120,0.0,0.02
none,13,121,0.0,0.02
none,13,122,0.0,0.02
none,13,123,0.0,0.02
none,13,124,0.0,0.02
none,13,125,0.0,0.02
none,13,126,0.0,0.02
none,13,127,0.0,0.02
none,13,128,0.0,0.02
none,13,129,0.0,0.02
none,13,130,0.0,0.02
none,13,131,0.0,0.02
none,13,132,0.0,0.02
none,13,133,0.0,0.02
none,13,134,0.0,0.02
none,13,135,0.0,0.02
none,13,136,0.0,0.02
none,13,137,0.0,0.02
none,13,138,0.0,0.02
none,13,139,0.0,0.02
none,13,140,0.0,0.02
none,13,141,0.0,0.02
none,13,142,0.0,0.02
none,13,143,0.0,0.02
none,13,144,0.0,0.02
none,13,145,0.0,0.02
none,13,146,0.0,0.02
none,13,147,0.0,0.02
none,13,148,0.0,0.02
none,13,149,0.0,0.02
none,13,150,0.0,0.02
none,14,0,0.1,0.02
none,14,1,0.07,0.02
none,14,2,0.08,0.02
none,14,3,0.09,0.02
none,14,4,0.08,0.02
none,14,5,0.05,0.02
none,14,6,0.05,0.02
none,14,7,0.03,0.02
none,14,8,0.03,0.02
none,14,9,0.04,0.02
none,14,10,0.02,0.02
none,14,11,0.02,0.02
none,14,12,0.02,0.02
none,14,13,0.02,0.02
none,14,14,0.02,0.02
none,14,15,0.01,0.02
none,14,16,0.02,0.02
none,14,17,0.02,0.02
none,14,18,0.02,0.02
none,14,19,0.02,0.02
none,14,20,0.02,0.02
none,14,21,0.02,0.02
none,14,22,0.03,0.02
none,14,23,0.02,0.02
none,14,24,0.01,0.02
none,14,25,0.01,0.02
none,14,26,0.01,0.02
none,14,27,0.01,0.02
none,14,28,0.0,0.02
none,14,29,0.0,0.02
none,14,30,0.0,0.02
none,14,31,0.0,0.02
none,14,32,0.0,0.02
none,14,33,0.0,0.02
none,14,34,0.0,0.02
none,14,35,0.0,0.02
none,14,36,0.0,0.02
none,14,37,0.0,0.02
none,14,38,0.0,0.02
none,14,39,0.0,0.02
none,14,40,0.0,0.02
none,14,41,0.0,0.02
none,14,42,0.0,0.02
none,14,43,0.0,0.02
none,14,44,0.0,0.02
none,14,45,0.0,0.02
none,14,46,0.0,0.02
none,14,47,0.0,0.02
none,14,48,0.0,0.02
none,14,49,0.0,0.02
none,14,50,0.0,0.02
none,14,51,0.0,0.02
none,14,52,0.0,0.02
none,14,53,0.0,0.02
none,14,54,0.0,0.02
none,14,55,0.0,0.02
none,14,56,0.0,0.02
none,14,57,0.0,0.02
none,14,58,0.0,0.02
none,14,59,0.0,0.02
none,14,60,0.0,0.02
none,14,61,0.0,0.02
none,14,62,0.0,0.02
none,14,63,0.0,0.02
none,14,64,0.0,0.02
none,14,65,0.0,0.02
none,14,66,0.0,0.02
none,14,67,0.0,0.02
none,14,68,0.0,0.02
none,14,69,0.0,0.02
none,14,70,0.0,0.02
none,14,71,0.0,0.02
none,14,72,0.0,0.02
none,14,73,0.0,0.02
none,14,74,0.0,0.02
none,14,75,0.0,0.02
none,14,76,0.0,0.02
none,14,77,0.0,0.02
none,14,78,0.0,0.02
none,14,79,0.0,0.02
none,14,80,0.0,0.02
none,14,81,0.0,0.02
none,14,82,0.0,0.02
none,14,83,0.0,0.02
none,14,84,0.0,0.02
none,14,85,0.0,0.02
none,14,86,0.0,0.02
none,14,87,0.0,0.02
none,14,88,0.0,0.02
none,14,89,0.0,0.02
none,14,90,0.0,0.02
none,14,91,0.0,0.02
none,14,92,0.0,0.02
none,14,93,0.0,0.02
none,14,94,0.0,0.02
none,14,95,0.0,0.02
none,14,96,0.0,0.02
none,14,97,0.0,0.02
none,14,98,0.0,0.02
none,14,99,0.0,0.02
none,14,100,0.0,0.02
none,14,101,0.0,0.02
none,14,102,0.0,0.02
none,14,103,0.0,0.02
none,14,104,0.0,0.02
none,14,105,0.0,0.02
none,14,106,0.0,0.02
none,14,107,0.0,0.02
none,14,108,0.0,0.02
none,14,109,0.0,0.02
none,14,110,0.0,0.02
none,14,111,0.0,0.02
none,14,112,0.0,0.02
none,14,113,0.0,0.02
none,14,114,0.0,0.02
none,14,115,0.0,0.02
none,14,116,0.0,0.02
none,14,117,0.0,0.02
none,14,118,0.0,0.02
none,14,119,0.0,0.02
none,14,120,0.0,0.02
none,14,121,0.0,0.02
none,14,122,0.0,0.02
none,14,123,0.0,0.02
none,14,124,0.0,0.02
none,14,125,0.0,0.02
none,14,126,0.0,0.02
none,14,127,0.0,0.02
none,14,128,0.0,0.02
none,14,129,0.0,0.02
none,14,130,0.0,0.02
none,14,131,0.0,0.02
none,14,132,0.0,0.02
none,14,133,0.0,0.02
none,14,134,0.0,0.02
none,14,135,0.0,0.02
none,14,136,0.0,0.02
none,14,137,0.0,0.02
none,14,138,0.0,0.02
none,14,139,0.0,0.02
none,14,140,0.0,0.02
none,14,141,0.0,0.02
none,14,142,0.0,0.02
none,14,143,0.0,0.02
none,14,144,0.0,0.02
none,14,145,0.0,0.02
none,14,146,0.0,0.02
none,14,147,0.0,0.02
none,14,148,0.0,0.02
none,14,149,0.0,0.02
none,14,150,0.0,0.02
none,15,0,0.1,0.02
none,15,1,0.1,0.02
none,15,2,0.12,0.02
none,15,3,0.1,0.02
none,15,4,0.06,0.02
none,15,5,0.05,0.02
none,15,6,0.05,0.02
none,15,7,0.05,0.02
none,15,8,0.06,0.02
none,15,9,0.06,0.02
none,15,10,0.06,0.02
none,15,11,0.05,0.02
none,15,12,0.06,0.02
none,15,13,0.06,0.02
none,15,14,0.02,0.02
none,15,15,0.02,0.02
none,15,16,0.02,0.02
none,15,17,0.02,0.02
none,15,18,0.02,0.02
none,15,19,0.02,0.02
none,15,20,0.01,0.02
none,15,21,0.01,0.02
none,15,22,0.01,0.02
none,15,23,0.01,0.02
none,15,24,0.0,0.02
none,15,25,0.0,0.02
none,15,26,0.0,0.02
none,15,27,0.0,0.02
none,15,28,0.0,0.02
none,15,29,0.0,0.02
none,15,30,0.0,0.02
none,15,31,0.0,0.02
none,15,32,0.0,0.02
none,15,33,0.0,0.02
none,15,34,0.0,0.02
none,15,35,0.0,0.02
none,15,36,0.0,0.02
none,15,37,0.0,0.02
none,15,38,0.0,0.02
none,15,39,0.0,0.02
none,15,40,0.0,0.02
none,15,41,0.0,0.02
none,15,42,0.0,0.02
none,15,43,0.0,0.02
none,15,44,0.0,0.02
none,15,45,0.0,0.02
none,15,46,0.0,0.02
none,15,47,0.0,0.02
none,15,48,0.0,0.02
none,15,49,0.0,0.02
none,15,50,0.0,0.02
none,15,51,0.0,0.02
none,15,52,0.0,0.02
none,15,53,0.0,0.02
none,15,54,0.0,0.02
none,15,55,0.0,0.02
none,15,56,0.0,0.02
none,15,57,0.0,0.02
none,15,58,0.0,0.02
none,15,59,0.0,0.02
none,15,60,0.0,0.02
none,15,61,0.0,0.02
none,15,62,0.0,0.02
none,15,63,0.0,0.02
none,15,64,0.0,0.02
none,15,65,0.0,0.02
none,15,66,0.0,0.02
none,15,67,0.0,0.02
none,15,68,0.0,0.02
none,15,69,0.0,0.02
none,15,70,0.0,0.02
none,15,71,0.0,0.02
none,15,72,0.0,0.02
none,15,73,0.0,0.02
none,15,74,0.0,0.02
none,15,75,0.0,0.02
none,15,76,0.0,0.02
none,15,77,0.0,0.02
none,15,78,0.0,0.02
none,15,79,0.0,0.02
none,15,80,0.0,0.02
none,15,81,0.0,0.02
none,15,82,0.0,0.02
none,15,83,0.0,0.02
none,15,84,0.0,0.02
none,15,85,0.0,0.02
none,15,86,0.0,0.02
none,15,87,0.0,0.02
none,15,88,0.0,0.02
none,15,89,0.0,0.02
none,15,90,0.0,0.02
none,15,91,0.0,0.02
none,15,92,0.0,0.02
none,15,93,0.0,0.02
none,15,94,0.0,0.02
none,15,95,0.0,0.02
none,15,96,0.0,0.02
none,15,97,0.0,0.02
none,15,98,0.0,0.02
none,15,99,0.0,0.02
none,15,100,0.0,0.02
none,15,101,0.0,0.02
none,15,102,0.0,0.02
none,15,103,0.0,0.02
none,15,104,0.0,0.02
none,15,105,0.0,0.02
none,15,106,0.0,0.02
none,15,107,0.0,0.02
none,15,108,0.0,0.02
none,15,109,0.0,0.02
none,15,110,0.0,0.02
none,15,111,0.0,0.02
none,15,112,0.0,0.02
none,15,113,0.0,0.02
none,15,114,0.0,0.02
none,15,115,0.0,0.02
none,15,116,0.0,0.02
none,15,117,0.0,0.02
none,15,118,0.0,0.02
none,15,119,0.0,0.02
none,15,120,0.0,0.02
none,15,121,0.0,0.02
none,15,122,0.0,0.02
none,15,123,0.0,0.02
none,15,124,0.0,0.02
none,15,125,0.0,0.02
none,15,126,0.0,0.02
none,15,127,0.0,0.02
none,15,128,0.0,0.02
none,15,129,0.0,0.02
none,15,130,0.0,0.02
none,15,131,0.0,0.02
none,15,132,0.0,0.02
none,15,133,0.0,0.02
none,15,134,0.0,0.02
none,15,135,0.0,0.02
none,15,136,0.0,0.02
none,15,137,0.0,0.02
none,15,138,0.0,0.02
none,15,139,0.0,0.02
none,15,140,0.0,0.02
none,15,141,0.0,0.02
none,15,142,0.0,0.02
none,15,143,0.0,0.02
none,15,144,0.0,0.02
none,15,145,0.0,0.02
none,15,146,0.0,0.02
none,15,147,0.0,0.02
none,15,148,0.0,0.02
none,15,149,0.0,0.02
none,15,150,0.0,0.02
none,16,0,0.1,0.02
none,16,1,0.13,0.02
none,16,2,0.14,0.02
none,16,3,0.16,0.02
none,16,4,0.14,0.02
none,16,5,0.13,0.02
none,16,6,0.09,0.02
none,16,7,0.08,0.02
none,16,8,0.09,0.02
none,16,9,0.07,0.02
none,16,10,0.03,0.02
none,16,11,0.03,0.02
none,16,12,0.03,0.02
none,16,13,0.02,0.02
none,16,14,0.02,0.02
none,16,15,0.02,0.02
none,16,16,0.02,0.02
none,16,17,0.02,0.02
none,16,18,0.02,0.02
none,16,19,0.01,0.02
none,16,20,0.01,0.02
none,16,21,0.0,0.02
none,16,22,0.0,0.02
none,16,23,0.0,0.02
none,16,24,0.0,0.02
none,16,25,0.0,0.02
none,16,26,0.0,0.02
none,16,27,0.0,0.02
none,16,28,0.0,0.02
none,16,29,0.0,0.02
none,16,30,0.0,0.02
none,16,31,0.0,0.02
none,16,32,0.0,0.02
none,16,33,0.0,0.02
none,16,34,0.0,0.02
none,16,35,0.0,0.02
none,16,36,0.0,0.02
none,16,37,0.0,0.02
none,16,38,0.0,0.02
none,16,39,0.0,0.02
none,16,40,0.0,0.02
none,16,41,0.0,0.02
none,16,42,0.0,0.02
none,16,43,0.0,0.02
none,16,44,0.0,0.02
none,16,45,0.0,0.02
none,16,46,0.0,0.02
none,16,47,0.0,0.02
none,16,48,0.0,0.02
none,16,49,0.0,0.02
none,16,50,0.0,0.02
none,16,51,0.0,0.02
none,16,52,0.0,0.02
none,16,53,0.0,0.02
none,16,54,0.0,0.02
none,16,55,0.0,0.02
none,16,56,0.0,0.02
none,16,57,0.0,0.02
none,16,58,0.0,0.02
none,16,59,0.0,0.02
none,16,60,0.0,0.02
none,16,61,0.0,0.02
none,16,62,0.0,0.02
none,16,63,0.0,0.02
none,16,64,0.0,0.02
none,16,65,0.0,0.02
none,16,66,0.0,0.02
none,16,67,0.0,0.02
none,16,68,0.0,0.02
none,16,69,0.0,0.02
none,16,70,0.0,0.02
none,16,71,0.0,0.02
none,16,72,0.0,0.02
none,16,73,0.0,0.02
none,16,74,0.0,0.02
none,16,75,0.0,0.02
none,16,76,0.0,0.02
none,16,77,0.0,0.02
none,16,78,0.0,0.02
none,16,79,0.0,0.02
none,16,80,0.0,0.02
none,16,81,0.0,0.02
none,16,82,0.0,0.02
none,16,83,0.0,0.02
none,16,84,0.0,0.02
none,16,85,0.0,0.02
none,16,86,0.0,0.02
none,16,87,0.0,0.02
none,16,88,0.0,0.02
none,16,89,0.0,0.02
none,16,90,0.0,0.02
none,16,91,0.0,0.02
none,16,92,0.0,0.02
none,16,93,0.0,0.02
none,16,94,0.0,0.02
none,16,95,0.0,0.02
none,16,96,0.0,0.02
none,16,97,0.0,0.02
none,16,98,0.0,0.02
none,16,99,0.0,0.02
none,16,100,0.0,0.02
none,16,101,0.0,0.02
none,16,102,0.0,0.02
none,16,103,0.0,0.02
none,16,104,0.0,0.02
none,16,105,0.0,0.02
none,16,106,0.0,0.02
none,16,107,0.0,0.02
none,16,108,0.0,0.02
none,16,109,0.0,0.02
none,16,110,0.0,0.02
none,16,111,0.0,0.02
none,16,112,0.0,0.02
none,16,113,0.0,0.02
none,16,114,0.0,0.02
none,16,115,0.0,0.02
none,16,116,0.0,0.02
none,16,117,0.0,0.02
none,16,118,0.0,0.02
none,16,119,0.0,0.02
none,16,120,0.0,0.02
none,16,121,0.0,0.02
none,16,122,0.0,0.02
none,16,123,0.0,0.02
none,16,124,0.0,0.02
none,16,125,0.0,0.02
none,16,126,0.0,0.02
none,16,127,0.0,0.02
none,16,128,0.0,0.02
none,16,129,0.0,0.02
none,16,130,0.0,0.02
none,16,131,0.0,0.02
none,16,132,0.0,0.02
none,16,133,0.0,0.02
none,16,134,0.0,0.02
none,16,135,0.0,0.02
none,16,136,0.0,0.02
none,16,137,0.0,0.02
none,16,138,0.0,0.02
none,16,139,0.0,0.02
none,16,140,0.0,0.02
none,16,141,0.0,0.02
none,16,142,0.0,0.02
none,16,143,0.0,0.02
none,16,144,0.0,0.02
none,16,145,0.0,0.02
none,16,146,0.0,0.02
none,16,147,0.0,0.02
none,16,148,0.0,0.02
none,16,149,0.0,0.02
none,16,150,0.0,0.02
none,17,0,0.1,0.02
none,17,1,0.09,0.02
none,17,2,0.09,0.02
none,17,3,0.1,0.02
none,17,4,0.11,0.02
none,17,5,0.07,0.02
none,17,6,0.05,0.02
none,17,7,0.05,0.02
none,17,8,0.05,0.02
none,17,9,0.04,0.02
none,17,10,0.05,0.02
none,17,11,0.06,0.02
none,17,12,0.04,0.02
none,17,13,0.03,0.02
none,17,14,0.03,0.02
none,17,15,0.02,0.02
none,17,16,0.01,0.02
none,17,17,0.01,0.02
none,17,18,0.01,0.02
none,17,19,0.01,0.02
none,17,20,0.01,0.02
none,17,21,0.01,0.02
none,17,22,0.01,0.02
none,17,23,0.01,0.02
none,17,24,0.01,0.02
none,17,25,0.01,0.02
none,17,26,0.01,0.02
none,17,27,0.01,0.02
none,17,28,0.01,0.02
none,17,29,0.01,0.02
none,17,30,0.01,0.02
none,17,31,0.02,0.02
none,17,32,0.01,0.02
none,17,33,0.01,0.02
none,17,34,0.01,0.02
none,17,35,0.01,0.02
none,17,36,0.01,0.02
none,17,37,0.01,0.02
none,17,38,0.02,0.02
none,17,39,0.02,0.02
none,17,40,0.04,0.02
none,17,41,0.05,0.02
none,17,42,0.04,0.02
none,17,43,0.05,0.02
none,17,44,0.05,0.02
none,17,45,0.07,0.02
none,17,46,0.07,0.02
none,17,47,0.09,0.02
none,17,48,0.07,0.02
none,17,49,0.08,0.02
none,17,50,0.09,0.02
none,17,51,0.08,0.02
none,17,52,0.06,0.02
none,17,53,0.05,0.02
none,17,54,0.04,0.02
none,17,55,0.04,0.02
none,17,56,0.04,0.02
none,17,57,0.03,0.02
none,17,58,0.03,0.02
none,17,59,0.03,0.02
none,17,60,0.03,0.02
none,17,61,0.02,0.02
none,17,62,0.02,0.02
none,17,63,0.01,0.02
none,17,64,0.01,0.02
none,17,65,0.01,0.02
none,17,66,0.0,0.02
none,17,67,0.0,0.02
none,17,68,0.0,0.02
none,17,69,0.0,0.02
none,17,70,0.0,0.02
none,17,71,0.0,0.02
none,17,72,0.0,0.02
none,17,73,0.0,0.02
none,17,74,0.0,0.02
none,17,75,0.0,0.02
none,17,76,0.0,0.02
none,17,77,0.0,0.02
none,17,78,0.0,0.02
none,17,79,0.0,0.02
none,17,80,0.0,0.02
none,17,81,0.0,0.02
none,17,82,0.0,0.02
none,17,83,0.0,0.02
none,17,84,0.0,0.02
none,17,85,0.0,0.02
none,17,86,0.0,0.02
none,17,87,0.0,0.02
none,17,88,0.0,0.02
none,17,89,0.0,0.02
none,17,90,0.0,0.02
none,17,91,0.0,0.02
none,17,92,0.0,0.02
none,17,93,0.0,0.02
none,17,94,0.0,0.02
none,17,95,0.0,0.02
none,17,96,0.0,0.02
none,17,97,0.0,0.02
none,17,98,0.0,0.02
none,17,99,0.0,0.02
none,17,100,0.0,0.02
none,17,101,0.0,0.02
none,17,102,0.0,0.02
none,17,103,0.0,0.02
none,17,104,0.0,0.02
none,17,105,0.0,0.02
none,17,106,0.0,0.02
none,17,107,0.0,0.02
none,17,108,0.0,0.02
none,17,109,0.0,0.02
none,17,110,0.0,0.02
none,17,111,0.0,0.02
none,17,112,0.0,0.02
none,17,113,0.0,0.02
none,17,114,0.0,0.02
none,17,115,0.0,0.02
none,17,116,0.0,0.02
none,17,117,0.0,0.02
none,17,118,0.0,0.02
none,17,119,0.0,0.02
none,17,120,0.0,0.02
none,17,121,0.0,0.02
none,17,122,0.0,0.02
none,17,123,0.0,0.02
none,17,124,0.0,0.02
none,17,125,0.0,0.02
none,17,126,0.0,0.02
none,17,127,0.0,0.02
none,17,128,0.0,0.02
none,17,129,0.0,0.02
none,17,130,0.0,0.02
none,17,131,0.0,0.02
none,17,132,0.0,0.02
none,17,133,0.0,0.02
none,17,134,0.0,0.02
none,17,135,0.0,0.02
none,17,136,0.0,0.02
none,17,137,0.0,0.02
none,17,138,0.0,0.02
none,17,139,0.0,0.02
none,17,140,0.0,0.02
none,17,141,0.0,0.02
none,17,142,0.0,0.02
none,17,143,0.0,0.02
none,17,144,0.0,0.02
none,17,145,0.0,0.02
none,17,146,0.0,0.02
none,17,147,0.0,0.02
none,17,148,0.0,0.02
none,17,149,0.0,0.02
none,17,150,0.0,0.02
none,18,0,0.1,0.02
none,18,1,0.07,0.02
none,18,2,0.07,0.02
none,18,3,0.04,0.02
none,18,4,0.03,0.02
none,18,5,0.02,0.02
none,18,6,0.01,0.02
none,18,7,0.01,0.02
none,18,8,0.01,0.02
none,18,9,0.01,0.02
none,18,10,0.01,0.02
none,18,11,0.02,0.02
none,18,12,0.02,0.02
none,18,13,0.02,0.02
none,18,14,0.03,0.02
none,18,15,0.04,0.02
none,18,16,0.03,0.02
none,18,17,0.01,0.02
none,18,18,0.01,0.02
none,18,19,0.01,0.02
none,18,20,0.02,0.02
none,18,21,0.03,0.02
none,18,22,0.04,0.02
none,18,23,0.05,0.02
none,18,24,0.06,0.02
none,18,25,0.07,0.02
none,18,26,0.05,0.02
none,18,27,0.06,0.02
none,18,28,0.08,0.02
none,18,29,0.07,0.02
none,18,30,0.07,0.02
none,18,31,0.07,0.02
none,18,32,0.1,0.02
none,18,33,0.09,0.02
none,18,34,0.1,0.02
none,18,35,0.11,0.02
none,18,36,0.09,0.02
none,18,37,0.08,0.02
none,18,38,0.08,0.02
none,18,39,0.1,0.02
none,18,40,0.09,0.02
none,18,41,0.08,0.02
none,18,42,0.06,0.02
none,18,43,0.06,0.02
none,18,44,0.04,0.02
none,18,45,0.05,0.02
none,18,46,0.04,0.02
none,18,47,0.03,0.02
none,18,48,0.04,0.02
none,18,49,0.06,0.02
none,18,50,0.04,0.02
none,18,51,0.06,0.02
none,18,52,0.03,0.02
none,18,53,0.03,0.02
none,18,54,0.02,0.02
none,18,55,0.02,0.02
none,18,56,0.02,0.02
none,18,57,0.03,0.02
none,18,58,0.02,0.02
none,18,59,0.02,0.02
none,18,60,0.02,0.02
none,18,61,0.0,0.02
none,18,62,0.0,0.02
none,18,63,0.0,0.02
none,18,64,0.0,0.02
none,18,65,0.0,0.02
none,18,66,0.0,0.02
none,18,67,0.0,0.02
none,18,68,0.0,0.02
none,18,69,0.0,0.02
none,18,70,0.0,0.02
none,18,71,0.0,0.02
none,18,72,0.0,0.02
none,18,73,0.0,0.02
none,18,74,0.0,0.02
none,18,75,0.0,0.02
none,18,76,0.0,0.02
none,18,77,0.0,0.02
none,18,78,0.0,0.02
none,18,79,0.0,0.02
none,18,80,0.0,0.02
none,18,81,0.0,0.02
none,18,82,0.0,0.02
none,18,83,0.0,0.02
none,18,84,0.0,0.02
none,18,85,0.0,0.02
none,18,86,0.0,0.02
none,18,87,0.0,0.02
none,18,88,0.0,0.02
none,18,89,0.0,0.02
none,18,90,0.0,0.02
none,18,91,0.0,0.02
none,18,92,0.0,0.02
none,18,93,0.0,0.02
none,18,94,0.0,0.02
none,18,95,0.0,0.02
none,18,96,0.0,0.02
none,18,97,0.0,0.02
none,18,98,0.0,0.02
none,18,99,0.0,0.02
none,18,100,0.0,0.02
none,18,101,0.0,0.02
none,18,102,0.0,0.02
none,18,103,0.0,0.02
none,18,104,0.0,0.02
none,18,105,0.0,0.02
none,18,106,0.0,0.02
none,18,107,0.0,0.02
none,18,108,0.0,0.02
none,18,109,0.0,0.02
none,18,110,0.0,0.02
none,18,111,0.0,0.02
none,18,112,0.0,0.02
none,18,113,0.0,0.02
none,18,114,0.0,0.02
none,18,115,0.0,0.02
none,18,116,0.0,0.02
none,18,117,0.0,0.02
none,18,118,0.0,0.02
none,18,119,0.0,0.02
none,18,120,0.0,0.02
none,18,121,0.0,0.02
none,18,122,0.0,0.02
none,18,123,0.0,0.02
none,18,124,0.0,0.02
none,18,125,0.0,0.02
none,18,126,0.0,0.02
none,18,127,0.0,0.02
none,18,128,0.0,0.02
none,18,129,0.0,0.02
none,18,130,0.0,0.02
none,18,131,0.0,0.02
none,18,132,0.0,0.02
none,18,133,0.0,0.02
none,18,134,0.0,0.02
none,18,135,0.0,0.02
none,18,136,0.0,0.02
none,18,137,0.0,0.02
none,18,138,0.0,0.02
none,18,139,0.0,0.02
none,18,140,0.0,0.02
none,18,141,0.0,0.02
none,18,142,0.0,0.02
none,18,143,0.0,0.02
none,18,144,0.0,0.02
none,18,145,0.0,0.02
none,18,146,0.0,0.02
none,18,147,0.0,0.02
none,18,148,0.0,0.02
none,18,149,0.0,0.02
none,18,150,0.0,0.02
none,19,0,0.1,0.02
none,19,1,0.08,0.02
none,19,2,0.07,0.02
none,19,3,0.05,0.02
none,19,4,0.02,0.02
none,19,5,0.02,0.02
none,19,6,0.01,0.02
none,19,7,0.01,0.02
none,19,8,0.01,0.02
none,19,9,0.01,0.02
none,19,10,0.01,0.02
none,19,11,0.01,0.02
none,19,12,0.01,0.02
none,19,13,0.01,0.02
none,19,14,0.01,0.02
none,19,15,0.0,0.02
none,19,16,0.0,0.02
none,19,17,0.0,0.02
none,19,18,0.0,0.02
none,19,19,0.0,0.02
none,19,20,0.0,0.02
none,19,21,0.0,0.02
none,19,22,0.0,0.02
none,19,23,0.0,0.02
none,19,24,0.0,0.02
none,19,25,0.0,0.02
none,19,26,0.0,0.02
none,19,27,0.0,0.02
none,19,28,0.0,0.02
none,19,29,0.0,0.02
none,19,30,0.0,0.02
none,19,31,0.0,0.02
none,19,32,0.0,0.02
none,19,33,0.0,0.02
none,19,34,0.0,0.02
none,19,35,0.0,0.02
none,19,36,0.0,0.02
none,19,37,0.0,0.02
none,19,38,0.0,0.02
none,19,39,0.0,0.02
none,19,40,0.0,0.02
none,19,41,0.0,0.02
none,19,42,0.0,0.02
none,19,43,0.0,0.02
none,19,44,0.0,0.02
none,19,45,0.0,0.02
none,19,46,0.0,0.02
none,19,47,0.0,0.02
none,19,48,0.0,0.02
none,19,49,0.0,0.02
none,19,50,0.0,0.02
none,19,51,0.0,0.02
none,19,52,0.0,0.02
none,19,53,0.0,0.02
none,19,54,0.0,0.02
none,19,55,0.0,0.02
none,19,56,0.0,0.02
none,19,57,0.0,0.02
none,19,58,0.0,0.02
none,19,59,0.0,0.02
none,19,60,0.0,0.02
none,19,61,0.0,0.02
none,19,62,0.0,0.02
none,19,63,0.0,0.02
none,19,64,0.0,0.02
none,19,65,0.0,0.02
none,19,66,0.0,0.02
none,19,67,0.0,0.02
none,19,68,0.0,0.02
none,19,69,0.0,0.02
none,19,70,0.0,0.02
none,19,71,0.0,0.02
none,19,72,0.0,0.02
none,19,73,0.0,0.02
none,19,74,0.0,0.02
none,19,75,0.0,0.02
none,19,76,0.0,0.02
none,19,77,0.0,0.02
none,19,78,0.0,0.02
none,19,79,0.0,0.02
none,19,80,0.0,0.02
none,19,81,0.0,0.02
none,19,82,0.0,0.02
none,19,83,0.0,0.02
none,19,84,0.0,0.02
none,19,85,0.0,0.02
none,19,86,0.0,0.02
none,19,87,0.0,0.02
none,19,88,0.0,0.02
none,19,89,0.0,0.02
none,19,90,0.0,0.02
none,19,91,0.0,0.02
none,19,92,0.0,0.02
none,19,93,0.0,0.02
none,19,94,0.0,0.02
none,19,95,0.0,0.02
none,19,96,0.0,0.02
none,19,97,0.0,0.02
none,19,98,0.0,0.02
none,19,99,0.0,0.02
none,19,100,0.0,0.02
none,19,101,0.0,0.02
none,19,102,0.0,0.02
none,19,103,0.0,0.02
none,19,104,0.0,0.02
none,19,105,0.0,0.02
none,19,106,0.0,0.02
none,19,107,0.0,0.02
none,19,108,0.0,0.02
none,19,109,0.0,0.02
none,19,110,0.0,0.02
none,19,111,0.0,0.02
none,19,112,0.0,0.02
none,19,113,0.0,0.02
none,19,114,0.0,0.02
none,19,115,0.0,0.02
none,19,116,0.0,0.02
none,19,117,0.0,0.02
none,19,118,0.0,0.02
none,19,119,0.0,0.02
none,19,120,0.0,0.02
none,19,121,0.0,0.02
none,19,122,0.0,0.02
none,19,123,0.0,0.02
none,19,124,0.0,0.02
none,19,125,0.0,0.02
none,19,126,0.0,0.02
none,19,127,0.0,0.02
none,19,128,0.0,0.02
none,19,129,0.0,0.02
none,19,130,0.0,0.02
none,19,131,0.0,0.02
none,19,132,0.0,0.02
none,19,133,0.0,0.02
none,19,134,0.0,0.02
none,19,135,0.0,0.02
none,19,136,0.0,0.02
none,19,137,0.0,0.02
none,19,138,0.0,0.02
none,19,139,0.0,0.02
none,19,140,0.0,0.02
none,19,141,0.0,0.02
none,19,142,0.0,0.02
none,19,143,0.0,0.02
none,19,144,0.0,0.02
none,19,145,0.0,0.02
none,19,146,0.0,0.02
none,19,147,0.0,0.02
none,19,148,0.0,0.02
none,19,149,0.0,0.02
none,19,150,0.0,0.02
none,0,0,0.1,0.04
none,0,1,0.08,0.04
none,0,2,0.1,0.04
none,0,3,0.1,0.04
none,0,4,0.1,0.04
none,0,5,0.1,0.04
none,0,6,0.11,0.04
none,0,7,0.12,0.04
none,0,8,0.12,0.04
none,0,9,0.14,0.04
none,0,10,0.13,0.04
none,0,11,0.13,0.04
none,0,12,0.11,0.04
none,0,13,0.12,0.04
none,0,14,0.16,0.04
none,0,15,0.18,0.04
none,0,16,0.18,0.04
none,0,17,0.18,0.04
none,0,18,0.19,0.04
none,0,19,0.22,0.04
none,0,20,0.23,0.04
none,0,21,0.23,0.04
none,0,22,0.23,0.04
none,0,23,0.25,0.04
none,0,24,0.27,0.04
none,0,25,0.19,0.04
none,0,26,0.17,0.04
none,0,27,0.18,0.04
none,0,28,0.22,0.04
none,0,29,0.21,0.04
none,0,30,0.2,0.04
none,0,31,0.2,0.04
none,0,32,0.18,0.04
none,0,33,0.19,0.04
none,0,34,0.17,0.04
none,0,35,0.19,0.04
none,0,36,0.2,0.04
none,0,37,0.16,0.04
none,0,38,0.18,0.04
none,0,39,0.18,0.04
none,0,40,0.2,0.04
none,0,41,0.19,0.04
none,0,42,0.18,0.04
none,0,43,0.21,0.04
none,0,44,0.21,0.04
none,0,45,0.22,0.04
none,0,46,0.26,0.04
none,0,47,0.31,0.04
none,0,48,0.3,0.04
none,0,49,0.26,0.04
none,0,50,0.23,0.04
none,0,51,0.25,0.04
none,0,52,0.26,0.04
none,0,53,0.24,0.04
none,0,54,0.23,0.04
none,0,55,0.2,0.04
none,0,56,0.21,0.04
none,0,57,0.19,0.04
none,0,58,0.18,0.04
none,0,59,0.2,0.04
none,0,60,0.23,0.04
none,0,61,0.22,0.04
none,0,62,0.24,0.04
none,0,63,0.28,0.04
none,0,64,0.23,0.04
none,0,65,0.22,0.04
none,0,66,0.21,0.04
none,0,67,0.22,0.04
none,0,68,0.27,0.04
none,0,69,0.27,0.04
none,0,70,0.24,0.04
none,0,71,0.2,0.04
none,0,72,0.21,0.04
none,0,73,0.2,0.04
none,0,74,0.18,0.04
none,0,75,0.16,0.04
none,0,76,0.14,0.04
none,0,77,0.17,0.04
none,0,78,0.2,0.04
none,0,79,0.24,0.04
none,0,80,0.26,0.04
none,0,81,0.25,0.04
none,0,82,0.24,0.04
none,0,83,0.29,0.04
none,0,84,0.3,0.04
none,0,85,0.32,0.04
none,0,86,0.34,0.04
none,0,87,0.38,0.04
none,0,88,0.37,0.04
none,0,89,0.31,0.04
none,0,90,0.26,0.04
none,0,91,0.23,0.04
none,0,92,0.22,0.04
none,0,93,0.2,0.04
none,0,94,0.17,0.04
none,0,95,0.22,0.04
none,0,96,0.23,0.04
none,0,97,0.25,0.04
none,0,98,0.28,0.04
none,0,99,0.29,0.04
none,0,100,0.28,0.04
none,0,101,0.31,0.04
none,0,102,0.27,0.04
none,0,103,0.29,0.04
none,0,104,0.23,0.04
none,0,105,0.25,0.04
none,0,106,0.27,0.04
none,0,107,0.28,0.04
none,0,108,0.24,0.04
none,0,109,0.29,0.04
none,0,110,0.28,0.04
none,0,111,0.26,0.04
none,0,112,0.27,0.04
none,0,113,0.3,0.04
none,0,114,0.25,0.04
none,0,115,0.23,0.04
none,0,116,0.23,0.04
none,0,117,0.21,0.04
none,0,118,0.25,0.04
none,0,119,0.22,0.04
none,0,120,0.21,0.04
none,0,121,0.22,0.04
none,0,122,0.25,0.04
none,0,123,0.26,0.04
none,0,124,0.29,0.04
none,0,125,0.27,0.04
none,0,126,0.31,0.04
none,0,127,0.3,0.04
none,0,128,0.25,0.04
none,0,129,0.21,0.04
none,0,130,0.19,0.04
none,0,131,0.23,0.04
none,0,132,0.23,0.04
none,0,133,0.19,0.04
none,0,134,0.18,0.04
none,0,135,0.17,0.04
none,0,136,0.21,0.04
none,0,137,0.21,0.04
none,0,138,0.15,0.04
none,0,139,0.17,0.04
none,0,140,0.19,0.04
none,0,141,0.2,0.04
none,0,142,0.21,0.04
none,0,143,0.22,0.04
none,0,144,0.25,0.04
none,0,145,0.23,0.04
none,0,146,0.22,0.04
none,0,147,0.24,0.04
none,0,148,0.28,0.04
none,0,149,0.28,0.04
none,0,150,0.24,0.04
none,1,0,0.1,0.04
none,1,1,0.09,0.04
none,1,2,0.08,0.04
none,1,3,0.09,0.04
none,1,4,0.1,0.04
none,1,5,0.1,0.04
none,1,6,0.12,0.04
none,1,7,0.12,0.04
none,1,8,0.14,0.04
none,1,9,0.11,0.04
none,1,10,0.16,0.04
none,1,11,0.13,0.04
none,1,12,0.13,0.04
none,1,13,0.18,0.04
none,1,14,0.18,0.04
none,1,15,0.15,0.04
none,1,16,0.16,0.04
none,1,17,0.2,0.04
none,1,18,0.2,0.04
none,1,19,0.17,0.04
none,1,20,0.18,0.04
none,1,21,0.19,0.04
none,1,22,0.18,0.04
none,1,23,0.2,0.04
none,1,24,0.18,0.04
none,1,25,0.24,0.04
none,1,26,0.26,0.04
none,1,27,0.27,0.04
none,1,28,0.24,0.04
none,1,29,0.21,0.04
none,1,30,0.24,0.04
none,1,31,0.24,0.04
none,1,32,0.3,0.04
none,1,33,0.3,0.04
none,1,34,0.32,0.04
none,1,35,0.34,0.04
none,1,36,0.27,0.04
none,1,37,0.22,0.04
none,1,38,0.23,0.04
none,1,39,0.24,0.04
none,1,40,0.26,0.04
none,1,41,0.21,0.04
none,1,42,0.2,0.04
none,1,43,0.23,0.04
none,1,44,0.27,0.04
none,1,45,0.24,0.04
none,1,46,0.22,0.04
none,1,47,0.23,0.04
none,1,48,0.25,0.04
none,1,49,0.28,0.04
none,1,50,0.29,0.04
none,1,51,0.32,0.04
none,1,52,0.26,0.04
none,1,53,0.25,0.04
none,1,54,0.29,0.04
none,1,55,0.28,0.04
none,1,56,0.27,0.04
none,1,57,0.3,0.04
none,1,58,0.31,0.04
none,1,59,0.33,0.04
none,1,60,0.32,0.04
none,1,61,0.3,0.04
none,1,62,0.25,0.04
none,1,63,0.22,0.04
none,1,64,0.22,0.04
none,1,65,0.22,0.04
none,1,66,0.27,0.04
none,1,67,0.25,0.04
none,1,68,0.28,0.04
none,1,69,0.29,0.04
none,1,70,0.28,0.04
none,1,71,0.27,0.04
none,1,72,0.25,0.04
none,1,73,0.29,0.04
none,1,74,0.28,0.04
none,1,75,0.27,0.04
none,1,76,0.27,0.04
none,1,77,0.28,0.04
none,1,78,0.24,0.04
none,1,79,0.27,0.04
none,1,80,0.28,0.04
none,1,81,0.26,0.04
none,1,82,0.27,0.04
none,1,83,0.28,0.04
none,1,84,0.29,0.04
none,1,85,0.28,0.04
none,1,86,0.34,0.04
none,1,87,0.32,0.04
none,1,88,0.29,0.04
none,1,89,0.28,0.04
none,1,90,0.28,0.04
none,1,91,0.3,0.04
none,1,92,0.25,0.04
none,1,93,0.23,0.04
none,1,94,0.22,0.04
none,1,95,0.21,0.04
none,1,96,0.25,0.04
none,1,97,0.24,0.04
none,1,98,0.24,0.04
none,1,99,0.25,0.04
none,1,100,0.25,0.04
none,1,101,0.28,0.04
none,1,102,0.28,0.04
none,1,103,0.26,0.04
none,1,104,0.23,0.04
none,1,105,0.22,0.04
none,1,106,0.26,0.04
none,1,107,0.29,0.04
none,1,108,0.3,0.04
none,1,109,0.31,0.04
none,1,110,0.29,0.04
none,1,111,0.26,0.04
none,1,112,0.29,0.04
none,1,113,0.29,0.04
none,1,114,0.31,0.04
none,1,115,0.27,0.04
none,1,116,0.22,0.04
none,1,117,0.26,0.04
none,1,118,0.24,0.04
none,1,119,0.18,0.04
none,1,120,0.21,0.04
none,1,121,0.26,0.04
none,1,122,0.23,0.04
none,1,123,0.22,0.04
none,1,124,0.2,0.04
none,1,125,0.24,0.04
none,1,126,0.22,0.04
none,1,127,0.23,0.04
none,1,128,0.23,0.04
none,1,129,0.21,0.04
none,1,130,0.16,0.04
none,1,131,0.14,0.04
none,1,132,0.13,0.04
none,1,133,0.11,0.04
none,1,134,0.12,0.04
none,1,135,0.19,0.04
none,1,136,0.17,0.04
none,1,137,0.19,0.04
none,1,138,0.25,0.04
none,1,139,0.27,0.04
none,1,140,0.22,0.04
none,1,141,0.22,0.04
none,1,142,0.22,0.04
none,1,143,0.21,0.04
none,1,144,0.17,0.04
none,1,145,0.17,0.04
none,1,146,0.16,0.04
none,1,147,0.12,0.04
none,1,148,0.13,0.04
none,1,149,0.16,0.04
none,1,150,0.14,0.04
none,2,0,0.1,0.04
none,2,1,0.1,0.04
none,2,2,0.08,0.04
none,2,3,0.09,0.04
none,2,4,0.08,0.04
none,2,5,0.05,0.04
none,2,6,0.07,0.04
none,2,7,0.08,0.04
none,2,8,0.06,0.04
none,2,9,0.05,0.04
none,2,10,0.01,0.04
none,2,11,0.01,0.04
none,2,12,0.03,0.04
none,2,13,0.02,0.04
none,2,14,0.03,0.04
none,2,15,0.04,0.04
none,2,16,0.04,0.04
none,2,17,0.07,0.04
none,2,18,0.09,0.04
none,2,19,0.12,0.04
none,2,20,0.17,0.04
none,2,21,0.11,0.04
none,2,22,0.11,0.04
none,2,23,0.07,0.04
none,2,24,0.08,0.04
none,2,25,0.06,0.04
none,2,26,0.04,0.04
none,2,27,0.05,0.04
none,2,28,0.06,0.04
none,2,29,0.08,0.04
none,2,30,0.09,0.04
none,2,31,0.1,0.04
none,2,32,0.08,0.04
none,2,33,0.1,0.04
none,2,34,0.09,0.04
none,2,35,0.12,0.04
none,2,36,0.15,0.04
none,2,37,0.14,0.04
none,2,38,0.16,0.04
none,2,39,0.2,0.04
none,2,40,0.18,0.04
none,2,41,0.2,0.04
none,2,42,0.19,0.04
none,2,43,0.21,0.04
none,2,44,0.19,0.04
none,2,45,0.2,0.04
none,2,46,0.22,0.04
none,2,47,0.25,0.04
none,2,48,0.25,0.04
none,2,49,0.26,0.04
none,2,50,0.28,0.04
none,2,51,0.28,0.04
none,2,52,0.3,0.04
none,2,53,0.27,0.04
none,2,54,0.26,0.04
none,2,55,0.26,0.04
none,2,56,0.25,0.04
none,2,57,0.2,0.04
none,2,58,0.2,0.04
none,2,59,0.26,0.04
none,2,60,0.29,0.04
none,2,61,0.25,0.04
none,2,62,0.22,0.04
none,2,63,0.24,0.04
none,2,64,0.23,0.04
none,2,65,0.25,0.04
none,2,66,0.2,0.04
none,2,67,0.19,0.04
none,2,68,0.22,0.04
none,2,69,0.22,0.04
none,2,70,0.23,0.04
none,2,71,0.29,0.04
none,2,72,0.32,0.04
none,2,73,0.36,0.04
none,2,74,0.34,0.04
none,2,75,0.29,0.04
none,2,76,0.31,0.04
none,2,77,0.37,0.04
none,2,78,0.37,0.04
none,2,79,0.33,0.04
none,2,80,0.31,0.04
none,2,81,0.29,0.04
none,2,82,0.24,0.04
none,2,83,0.24,0.04
none,2,84,0.24,0.04
none,2,85,0.26,0.04
none,2,86,0.29,0.04
none,2,87,0.28,0.04
none,2,88,0.29,0.04
none,2,89,0.25,0.04
none,2,90,0.27,0.04
none,2,91,0.28,0.04
none,2,92,0.29,0.04
none,2,93,0.24,0.04
none,2,94,0.15,0.04
none,2,95,0.14,0.04
none,2,96,0.13,0.04
none,2,97,0.14,0.04
none,2,98,0.16,0.04
none,2,99,0.16,0.04
none,2,100,0.16,0.04
none,2,101,0.14,0.04
none,2,102,0.09,0.04
none,2,103,0.08,0.04
none,2,104,0.06,0.04
none,2,105,0.05,0.04
none,2,106,0.07,0.04
none,2,107,0.09,0.04
none,2,108,0.11,0.04
none,2,109,0.13,0.04
none,2,110,0.14,0.04
none,2,111,0.16,0.04
none,2,112,0.19,0.04
none,2,113,0.19,0.04
none,2,114,0.23,0.04
none,2,115,0.21,0.04
none,2,116,0.24,0.04
none,2,117,0.24,0.04
none,2,118,0.25,0.04
none,2,119,0.3,0.04
none,2,120,0.26,0.04
none,2,121,0.23,0.04
none,2,122,0.27,0.04
none,2,123,0.25,0.04
none,2,124,0.27,0.04
none,2,125,0.27,0.04
none,2,126,0.28,0.04
none,2,127,0.26,0.04
none,2,128,0.27,0.04
none,2,129,0.23,0.04
none,2,130,0.22,0.04
none,2,131,0.2,0.04
none,2,132,0.21,0.04
none,2,133,0.22,0.04
none,2,134,0.2,0.04
none,2,135,0.22,0.04
none,2,136,0.17,0.04
none,2,137,0.21,0.04
none,2,138,0.23,0.04
none,2,139,0.19,0.04
none,2,140,0.21,0.04
none,2,141,0.17,0.04
none,2,142,0.19,0.04
none,2,143,0.16,0.04
none,2,144,0.15,0.04
none,2,145,0.16,0.04
none,2,146,0.18,0.04
none,2,147,0.17,0.04
none,2,148,0.18,0.04
none,2,149,0.18,0.04
none,2,150,0.21,0.04
none,3,0,0.1,0.04
none,3,1,0.09,0.04
none,3,2,0.07,0.04
none,3,3,0.07,0.04
none,3,4,0.07,0.04
none,3,5,0.09,0.04
none,3,6,0.08,0.04
none,3,7,0.05,0.04
none,3,8,0.06,0.04
none,3,9,0.06,0.04
none,3,10,0.07,0.04
none,3,11,0.08,0.04
none,3,12,0.12,0.04
none,3,13,0.13,0.04
none,3,14,0.1,0.04
none,3,15,0.11,0.04
none,3,16,0.1,0.04
none,3,17,0.11,0.04
none,3,18,0.13,0.04
none,3,19,0.15,0.04
none,3,20,0.16,0.04
none,3,21,0.17,0.04
none,3,22,0.19,0.04
none,3,23,0.18,0.04
none,3,24,0.19,0.04
none,3,25,0.2,0.04
none,3,26,0.18,0.04
none,3,27,0.18,0.04
none,3,28,0.19,0.04
none,3,29,0.18,0.04
none,3,30,0.16,0.04
none,3,31,0.22,0.04
none,3,32,0.23,0.04
none,3,33,0.27,0.04
none,3,34,0.28,0.04
none,3,35,0.28,0.04
none,3,36,0.32,0.04
none,3,37,0.34,0.04
none,3,38,0.28,0.04
none,3,39,0.24,0.04
none,3,40,0.23,0.04
none,3,41,0.24,0.04
none,3,42,0.32,0.04
none,3,43,0.21,0.04
none,3,44,0.23,0.04
none,3,45,0.23,0.04
none,3,46,0.22,0.04
none,3,47,0.2,0.04
none,3,48,0.18,0.04
none,3,49,0.22,0.04
none,3,50,0.24,0.04
none,3,51,0.29,0.04
none,3,52,0.33,0.04
none,3,53,0.4,0.04
none,3,54,0.38,0.04
none,3,55,0.33,0.04
none,3,56,0.32,0.04
none,3,57,0.27,0.04
none,3,58,0.3,0.04
none,3,59,0.31,0.04
none,3,60,0.32,0.04
none,3,61,0.25,0.04
none,3,62,0.23,0.04
none,3,63,0.18,0.04
none,3,64,0.2,0.04
none,3,65,0.21,0.04
none,3,66,0.21,0.04
none,3,67,0.21,0.04
none,3,68,0.18,0.04
none,3,69,0.2,0.04
none,3,70,0.19,0.04
none,3,71,0.18,0.04
none,3,72,0.18,0.04
none,3,73,0.18,0.04
none,3,74,0.2,0.04
none,3,75,0.19,0.04
none,3,76,0.23,0.04
none,3,77,0.24,0.04
none,3,78,0.25,0.04
none,3,79,0.19,0.04
none,3,80,0.22,0.04
none,3,81,0.18,0.04
none,3,82,0.17,0.04
none,3,83,0.2,0.04
none,3,84,0.17,0.04
none,3,85,0.19,0.04
none,3,86,0.15,0.04
none,3,87,0.17,0.04
none,3,88,0.13,0.04
none,3,89,0.13,0.04
none,3,90,0.12,0.04
none,3,91,0.14,0.04
none,3,92,0.11,0.04
none,3,93,0.12,0.04
none,3,94,0.14,0.04
none,3,95,0.16,0.04
none,3,96,0.13,0.04
none,3,97,0.16,0.04
none,3,98,0.21,0.04
none,3,99,0.18,0.04
none,3,100,0.17,0.04
none,3,101,0.19,0.04
none,3,102,0.21,0.04
none,3,103,0.22,0.04
none,3,104,0.23,0.04
none,3,105,0.28,0.04
none,3,106,0.3,0.04
none,3,107,0.31,0.04
none,3,108,0.29,0.04
none,3,109,0.31,0.04
none,3,110,0.27,0.04
none,3,111,0.22,0.04
none,3,112,0.24,0.04
none,3,113,0.22,0.04
none,3,114,0.19,0.04
none,3,115,0.15,0.04
none,3,116,0.14,0.04
none,3,117,0.14,0.04
none,3,118,0.18,0.04
none,3,119,0.18,0.04
none,3,120,0.22,0.04
none,3,121,0.19,0.04
none,3,122,0.22,0.04
none,3,123,0.17,0.04
none,3,124,0.21,0.04
none,3,125,0.21,0.04
none,3,126,0.19,0.04
none,3,127,0.18,0.04
none,3,128,0.22,0.04
none,3,129,0.18,0.04
none,3,130,0.21,0.04
none,3,131,0.22,0.04
none,3,132,0.22,0.04
none,3,133,0.18,0.04
none,3,134,0.16,0.04
none,3,135,0.14,0.04
none,3,136,0.16,0.04
none,3,137,0.15,0.04
none,3,138,0.14,0.04
none,3,139,0.16,0.04
none,3,140,0.13,0.04
none,3,141,0.15,0.04
none,3,142,0.1,0.04
none,3,143,0.09,0.04
none,3,144,0.07,0.04
none,3,145,0.05,0.04
none,3,146,0.05,0.04
none,3,147,0.03,0.04
none,3,148,0.06,0.04
none,3,149,0.03,0.04
none,3,150,0.03,0.04
none,4,0,0.1,0.04
none,4,1,0.09,0.04
none,4,2,0.12,0.04
none,4,3,0.12,0.04
none,4,4,0.15,0.04
none,4,5,0.18,0.04
none,4,6,0.19,0.04
none,4,7,0.23,0.04
none,4,8,0.18,0.04
none,4,9,0.22,0.04
none,4,10,0.23,0.04
none,4,11,0.2,0.04
none,4,12,0.18,0.04
none,4,13,0.2,0.04
none,4,14,0.17,0.04
none,4,15,0.17,0.04
none,4,16,0.19,0.04
none,4,17,0.16,0.04
none,4,18,0.17,0.04
none,4,19,0.19,0.04
none,4,20,0.2,0.04
none,4,21,0.26,0.04
none,4,22,0.3,0.04
none,4,23,0.24,0.04
none,4,24,0.25,0.04
none,4,25,0.26,0.04
none,4,26,0.25,0.04
none,4,27,0.35,0.04
none,4,28,0.39,0.04
none,4,29,0.31,0.04
none,4,30,0.33,0.04
none,4,31,0.3,0.04
none,4,32,0.25,0.04
none,4,33,0.29,0.04
none,4,34,0.31,0.04
none,4,35,0.27,0.04
none,4,36,0.28,0.04
none,4,37,0.29,0.04
none,4,38,0.26,0.04
none,4,39,0.26,0.04
none,4,40,0.26,0.04
none,4,41,0.2,0.04
none,4,42,0.18,0.04
none,4,43,0.18,0.04
none,4,44,0.17,0.04
none,4,45,0.16,0.04
none,4,46,0.17,0.04
none,4,47,0.19,0.04
none,4,48,0.14,0.04
none,4,49,0.15,0.04
none,4,50,0.13,0.04
none,4,51,0.16,0.04
none,4,52,0.18,0.04
none,4,53,0.15,0.04
none,4,54,0.13,0.04
none,4,55,0.12,0.04
none,4,56,0.14,0.04
none,4,57,0.15,0.04
none,4,58,0.18,0.04
none,4,59,0.17,0.04
none,4,60,0.18,0.04
none,4,61,0.17,0.04
none,4,62,0.2,0.04
none,4,63,0.2,0.04
none,4,64,0.21,0.04
none,4,65,0.2,0.04
none,4,66,0.17,0.04
none,4,67,0.16,0.04
none,4,68,0.15,0.04
none,4,69,0.12,0.04
none,4,70,0.16,0.04
none,4,71,0.18,0.04
none,4,72,0.2,0.04
none,4,73,0.23,0.04
none,4,74,0.23,0.04
none,4,75,0.2,0.04
none,4,76,0.2,0.04
none,4,77,0.23,0.04
none,4,78,0.26,0.04
none,4,79,0.27,0.04
none,4,80,0.34,0.04
none,4,81,0.35,0.04
none,4,82,0.32,0.04
none,4,83,0.29,0.04
none,4,84,0.3,0.04
none,4,85,0.35,0.04
none,4,86,0.43,0.04
none,4,87,0.4,0.04
none,4,88,0.38,0.04
none,4,89,0.39,0.04
none,4,90,0.37,0.04
none,4,91,0.36,0.04
none,4,92,0.36,0.04
none,4,93,0.37,0.04
none,4,94,0.3,0.04
none,4,95,0.25,0.04
none,4,96,0.23,0.04
none,4,97,0.17,0.04
none,4,98,0.17,0.04
none,4,99,0.23,0.04
none,4,100,0.21,0.04
none,4,101,0.22,0.04
none,4,102,0.23,0.04
none,4,103,0.2,0.04
none,4,104,0.22,0.04
none,4,105,0.22,0.04
none,4,106,0.26,0.04
none,4,107,0.25,0.04
none,4,108,0.22,0.04
none,4,109,0.23,0.04
none,4,110,0.31,0.04
none,4,111,0.27,0.04
none,4,112,0.3,0.04
none,4,113,0.32,0.04
none,4,114,0.35,0.04
none,4,115,0.35,0.04
none,4,116,0.28,0.04
none,4,117,0.28,0.04
none,4,118,0.21,0.04
none,4,119,0.2,0.04
none,4,120,0.2,0.04
none,4,121,0.24,0.04
none,4,122,0.23,0.04
none,4,123,0.19,0.04
none,4,124,0.26,0.04
none,4,125,0.26,0.04
none,4,126,0.26,0.04
none,4,127,0.28,0.04
none,4,128,0.26,0.04
none,4,129,0.17,0.04
none,4,130,0.18,0.04
none,4,131,0.17,0.04
none,4,132,0.13,0.04
none,4,133,0.16,0.04
none,4,134,0.18,0.04
none,4,135,0.22,0.04
none,4,136,0.18,0.04
none,4,137,0.21,0.04
none,4,138,0.21,0.04
none,4,139,0.22,0.04
none,4,140,0.18,0.04
none,4,141,0.16,0.04
none,4,142,0.19,0.04
none,4,143,0.18,0.04
none,4,144,0.2,0.04
none,4,145,0.23,0.04
none,4,146,0.23,0.04
none,4,147,0.19,0.04
none,4,148,0.19,0.04
none,4,149,0.18,0.04
none,4,150,0.19,0.04
none,5,0,0.1,0.04
none,5,1,0.1,0.04
none,5,2,0.11,0.04
none,5,3,0.08,0.04
none,5,4,0.12,0.04
none,5,5,0.1,0.04
none,5,6,0.08,0.04
none,5,7,0.09,0.04
none,5,8,0.06,0.04
none,5,9,0.07,0.04
none,5,10,0.09,0.04
none,5,11,0.08,0.04
none,5,12,0.08,0.04
none,5,13,0.09,0.04
none,5,14,0.12,0.04
none,5,15,0.17,0.04
none,5,16,0.19,0.04
none,5,17,0.19,0.04
none,5,18,0.18,0.04
none,5,19,0.23,0.04
none,5,20,0.25,0.04
none,5,21,0.2,0.04
none,5,22,0.19,0.04
none,5,23,0.21,0.04
none,5,24,0.24,0.04
none,5,25,0.21,0.04
none,5,26,0.25,0.04
none,5,27,0.27,0.04
none,5,28,0.27,0.04
none,5,29,0.22,0.04
none,5,30,0.27,0.04
none,5,31,0.3,0.04
none,5,32,0.26,0.04
none,5,33,0.24,0.04
none,5,34,0.24,0.04
none,5,35,0.22,0.04
none,5,36,0.2,0.04
none,5,37,0.2,0.04
none,5,38,0.23,0.04
none,5,39,0.23,0.04
none,5,40,0.24,0.04
none,5,41,0.21,0.04
none,5,42,0.24,0.04
none,5,43,0.21,0.04
none,5,44,0.17,0.04
none,5,45,0.16,0.04
none,5,46,0.13,0.04
none,5,47,0.12,0.04
none,5,48,0.12,0.04
none,5,49,0.16,0.04
none,5,50,0.15,0.04
none,5,51,0.13,0.04
none,5,52,0.13,0.04
none,5,53,0.12,0.04
none,5,54,0.13,0.04
none,5,55,0.13,0.04
none,5,56,0.13,0.04
none,5,57,0.11,0.04
none,5,58,0.11,0.04
none,5,59,0.16,0.04
none,5,60,0.12,0.04
none,5,61,0.14,0.04
none,5,62,0.18,0.04
none,5,63,0.21,0.04
none,5,64,0.22,0.04
none,5,65,0.25,0.04
none,5,66,0.31,0.04
none,5,67,0.28,0.04
none,5,68,0.34,0.04
none,5,69,0.31,0.04
none,5,70,0.31,0.04
none,5,71,0.33,0.04
none,5,72,0.29,0.04
none,5,73,0.29,0.04
none,5,74,0.26,0.04
none,5,75,0.22,0.04
none,5,76,0.2,0.04
none,5,77,0.21,0.04
none,5,78,0.22,0.04
none,5,79,0.21,0.04
none,5,80,0.23,0.04
none,5,81,0.22,0.04
none,5,82,0.24,0.04
none,5,83,0.28,0.04
none,5,84,0.29,0.04
none,5,85,0.31,0.04
none,5,86,0.3,0.04
none,5,87,0.29,0.04
none,5,88,0.27,0.04
none,5,89,0.27,0.04
none,5,90,0.3,0.04
none,5,91,0.3,0.04
none,5,92,0.24,0.04
none,5,93,0.26,0.04
none,5,94,0.23,0.04
none,5,95,0.21,0.04
none,5,96,0.18,0.04
none,5,97,0.2,0.04
none,5,98,0.24,0.04
none,5,99,0.27,0.04
none,5,100,0.28,0.04
none,5,101,0.24,0.04
none,5,102,0.22,0.04
none,5,103,0.21,0.04
none,5,104,0.27,0.04
none,5,105,0.23,0.04
none,5,106,0.21,0.04
none,5,107,0.22,0.04
none,5,108,0.24,0.04
none,5,109,0.26,0.04
none,5,110,0.28,0.04
none,5,111,0.3,0.04
none,5,112,0.28,0.04
none,5,113,0.28,0.04
none,5,114,0.32,0.04
none,5,115,0.32,0.04
none,5,116,0.27,0.04
none,5,117,0.23,0.04
none,5,118,0.19,0.04
none,5,119,0.19,0.04
none,5,120,0.23,0.04
none,5,121,0.25,0.04
none,5,122,0.27,0.04
none,5,123,0.24,0.04
none,5,124,0.25,0.04
none,5,125,0.28,0.04
none,5,126,0.3,0.04
none,5,127,0.29,0.04
none,5,128,0.26,0.04
none,5,129,0.26,0.04
none,5,130,0.26,0.04
none,5,131,0.29,0.04
none,5,132,0.29,0.04
none,5,133,0.25,0.04
none,5,134,0.23,0.04
none,5,135,0.26,0.04
none,5,136,0.26,0.04
none,5,137,0.22,0.04
none,5,138,0.25,0.04
none,5,139,0.28,0.04
none,5,140,0.27,0.04
none,5,141,0.23,0.04
none,5,142,0.22,0.04
none,5,143,0.14,0.04
none,5,144,0.15,0.04
none,5,145,0.17,0.04
none,5,146,0.17,0.04
none,5,147,0.16,0.04
none,5,148,0.15,0.04
none,5,149,0.19,0.04
none,5,150,0.18,0.04
none,6,0,0.1,0.04
none,6,1,0.08,0.04
none,6,2,0.05,0.04
none,6,3,0.07,0.04
none,6,4,0.09,0.04
none,6,5,0.1,0.04
none,6,6,0.09,0.04
none,6,7,0.11,0.04
none,6,8,0.12,0.04
none,6,9,0.11,0.04
none,6,10,0.09,0.04
none,6,11,0.07,0.04
none,6,12,0.05,0.04
none,6,13,0.06,0.04
none,6,14,0.07,0.04
none,6,15,0.08,0.04
none,6,16,0.09,0.04
none,6,17,0.08,0.04
none,6,18,0.07,0.04
none,6,19,0.08,0.04
none,6,20,0.1,0.04
none,6,21,0.1,0.04
none,6,22,0.07,0.04
none,6,23,0.06,0.04
none,6,24,0.08,0.04
none,6,25,0.09,0.04
none,6,26,0.08,0.04
none,6,27,0.09,0.04
none,6,28,0.12,0.04
none,6,29,0.14,0.04
none,6,30,0.19,0.04
none,6,31,0.18,0.04
none,6,32,0.15,0.04
none,6,33,0.18,0.04
none,6,34,0.23,0.04
none,6,35,0.26,0.04
none,6,36,0.21,0.04
none,6,37,0.19,0.04
none,6,38,0.22,0.04
none,6,39,0.21,0.04
none,6,40,0.27,0.04
none,6,41,0.22,0.04
none,6,42,0.23,0.04
none,6,43,0.28,0.04
none,6,44,0.31,0.04
none,6,45,0.35,0.04
none,6,46,0.35,0.04
none,6,47,0.29,0.04
none,6,48,0.34,0.04
none,6,49,0.33,0.04
none,6,50,0.33,0.04
none,6,51,0.33,0.04
none,6,52,0.33,0.04
none,6,53,0.38,0.04
none,6,54,0.36,0.04
none,6,55,0.36,0.04
none,6,56,0.33,0.04
none,6,57,0.28,0.04
none,6,58,0.33,0.04
none,6,59,0.32,0.04
none,6,60,0.31,0.04
none,6,61,0.33,0.04
none,6,62,0.37,0.04
none,6,63,0.38,0.04
none,6,64,0.33,0.04
none,6,65,0.4,0.04
none,6,66,0.35,0.04
none,6,67,0.29,0.04
none,6,68,0.26,0.04
none,6,69,0.19,0.04
none,6,70,0.18,0.04
none,6,71,0.17,0.04
none,6,72,0.17,0.04
none,6,73,0.16,0.04
none,6,74,0.18,0.04
none,6,75,0.2,0.04
none,6,76,0.22,0.04
none,6,77,0.2,0.04
none,6,78,0.21,0.04
none,6,79,0.18,0.04
none,6,80,0.19,0.04
none,6,81,0.19,0.04
none,6,82,0.18,0.04
none,6,83,0.18,0.04
none,6,84,0.23,0.04
none,6,85,0.24,0.04
none,6,86,0.27,0.04
none,6,87,0.25,0.04
none,6,88,0.27,0.04
none,6,89,0.27,0.04
none,6,90,0.27,0.04
none,6,91,0.21,0.04
none,6,92,0.21,0.04
none,6,93,0.22,0.04
none,6,94,0.21,0.04
none,6,95,0.2,0.04
none,6,96,0.17,0.04
none,6,97,0.21,0.04
none,6,98,0.19,0.04
none,6,99,0.15,0.04
none,6,100,0.15,0.04
none,6,101,0.14,0.04
none,6,102,0.14,0.04
none,6,103,0.15,0.04
none,6,104,0.16,0.04
none,6,105,0.16,0.04
none,6,106,0.16,0.04
none,6,107,0.17,0.04
none,6,108,0.16,0.04
none,6,109,0.18,0.04
none,6,110,0.2,0.04
none,6,111,0.18,0.04
none,6,112,0.15,0.04
none,6,113,0.15,0.04
none,6,114,0.18,0.04
none,6,115,0.2,0.04
none,6,116,0.2,0.04
none,6,117,0.18,0.04
none,6,118,0.21,0.04
none,6,119,0.24,0.04
none,6,120,0.22,0.04
none,6,121,0.27,0.04
none,6,122,0.28,0.04
none,6,123,0.24,0.04
none,6,124,0.27,0.04
none,6,125,0.25,0.04
none,6,126,0.26,0.04
none,6,127,0.2,0.04
none,6,128,0.13,0.04
none,6,129,0.11,0.04
none,6,130,0.1,0.04
none,6,131,0.1,0.04
none,6,132,0.1,0.04
none,6,133,0.1,0.04
none,6,134,0.11,0.04
none,6,135,0.11,0.04
none,6,136,0.14,0.04
none,6,137,0.14,0.04
none,6,138,0.17,0.04
none,6,139,0.16,0.04
none,6,140,0.18,0.04
none,6,141,0.2,0.04
none,6,142,0.19,0.04
none,6,143,0.17,0.04
none,6,144,0.16,0.04
none,6,145,0.16,0.04
none,6,146,0.17,0.04
none,6,147,0.21,0.04
none,6,148,0.2,0.04
none,6,149,0.19,0.04
none,6,150,0.22,0.04
none,7,0,0.1,0.04
none,7,1,0.1,0.04
none,7,2,0.11,0.04
none,7,3,0.08,0.04
none,7,4,0.1,0.04
none,7,5,0.1,0.04
none,7,6,0.11,0.04
none,7,7,0.09,0.04
none,7,8,0.09,0.04
none,7,9,0.09,0.04
none,7,10,0.12,0.04
none,7,11,0.12,0.04
none,7,12,0.14,0.04
none,7,13,0.12,0.04
none,7,14,0.1,0.04
none,7,15,0.09,0.04
none,7,16,0.08,0.04
none,7,17,0.11,0.04
none,7,18,0.1,0.04
none,7,19,0.09,0.04
none,7,20,0.1,0.04
none,7,21,0.09,0.04
none,7,22,0.1,0.04
none,7,23,0.1,0.04
none,7,24,0.11,0.04
none,7,25,0.11,0.04
none,7,26,0.14,0.04
none,7,27,0.14,0.04
none,7,28,0.17,0.04
none,7,29,0.16,0.04
none,7,30,0.19,0.04
none,7,31,0.22,0.04
none,7,32,0.21,0.04
none,7,33,0.19,0.04
none,7,34,0.18,0.04
none,7,35,0.16,0.04
none,7,36,0.17,0.04
none,7,37,0.17,0.04
none,7,38,0.23,0.04
none,7,39,0.25,0.04
none,7,40,0.25,0.04
none,7,41,0.26,0.04
none,7,42,0.24,0.04
none,7,43,0.25,0.04
none,7,44,0.26,0.04
none,7,45,0.27,0.04
none,7,46,0.27,0.04
none,7,47,0.23,0.04
none,7,48,0.25,0.04
none,7,49,0.24,0.04
none,7,50,0.25,0.04
none,7,51,0.25,0.04
none,7,52,0.24,0.04
none,7,53,0.27,0.04
none,7,54,0.27,0.04
none,7,55,0.26,0.04
none,7,56,0.21,0.04
none,7,57,0.18,0.04
none,7,58,0.17,0.04
none,7,59,0.19,0.04
none,7,60,0.21,0.04
none,7,61,0.24,0.04
none,7,62,0.22,0.04
none,7,63,0.23,0.04
none,7,64,0.24,0.04
none,7,65,0.26,0.04
none,7,66,0.25,0.04
none,7,67,0.25,0.04
none,7,68,0.24,0.04
none,7,69,0.22,0.04
none,7,70,0.25,0.04
none,7,71,0.24,0.04
none,7,72,0.23,0.04
none,7,73,0.25,0.04
none,7,74,0.26,0.04
none,7,75,0.23,0.04
none,7,76,0.23,0.04
none,7,77,0.26,0.04
none,7,78,0.25,0.04
none,7,79,0.25,0.04
none,7,80,0.29,0.04
none,7,81,0.28,0.04
none,7,82,0.24,0.04
none,7,83,0.18,0.04
none,7,84,0.18,0.04
none,7,85,0.16,0.04
none,7,86,0.15,0.04
none,7,87,0.13,0.04
none,7,88,0.09,0.04
none,7,89,0.1,0.04
none,7,90,0.1,0.04
none,7,91,0.14,0.04
none,7,92,0.2,0.04
none,7,93,0.15,0.04
none,7,94,0.16,0.04
none,7,95,0.12,0.04
none,7,96,0.1,0.04
none,7,97,0.1,0.04
none,7,98,0.09,0.04
none,7,99,0.08,0.04
none,7,100,0.08,0.04
none,7,101,0.11,0.04
none,7,102,0.11,0.04
none,7,103,0.13,0.04
none,7,104,0.14,0.04
none,7,105,0.17,0.04
none,7,106,0.16,0.04
none,7,107,0.14,0.04
none,7,108,0.14,0.04
none,7,109,0.14,0.04
none,7,110,0.16,0.04
none,7,111,0.2,0.04
none,7,112,0.24,0.04
none,7,113,0.2,0.04
none,7,114,0.18,0.04
none,7,115,0.2,0.04
none,7,116,0.2,0.04
none,7,117,0.23,0.04
none,7,118,0.24,0.04
none,7,119,0.19,0.04
none,7,120,0.17,0.04
none,7,121,0.16,0.04
none,7,122,0.17,0.04
none,7,123,0.17,0.04
none,7,124,0.16,0.04
none,7,125,0.16,0.04
none,7,126,0.16,0.04
none,7,127,0.12,0.04
none,7,128,0.15,0.04
none,7,129,0.15,0.04
none,7,130,0.2,0.04
none,7,131,0.17,0.04
none,7,132,0.19,0.04
none,7,133,0.17,0.04
none,7,134,0.2,0.04
none,7,135,0.22,0.04
none,7,136,0.21,0.04
none,7,137,0.15,0.04
none,7,138,0.14,0.04
none,7,139,0.17,0.04
none,7,140,0.18,0.04
none,7,141,0.19,0.04
none,7,142,0.16,0.04
none,7,143,0.19,0.04
none,7,144,0.19,0.04
none,7,145,0.18,0.04
none,7,146,0.19,0.04
none,7,147,0.14,0.04
none,7,148,0.15,0.04
none,7,149,0.18,0.04
none,7,150,0.19,0.04
none,8,0,0.1,0.04
none,8,1,0.11,0.04
none,8,2,0.09,0.04
none,8,3,0.1,0.04
none,8,4,0.1,0.04
none,8,5,0.09,0.04
none,8,6,0.08,0.04
none,8,7,0.06,0.04
none,8,8,0.05,0.04
none,8,9,0.05,0.04
none,8,10,0.05,0.04
none,8,11,0.06,0.04
none,8,12,0.06,0.04
none,8,13,0.08,0.04
none,8,14,0.1,0.04
none,8,15,0.09,0.04
none,8,16,0.08,0.04
none,8,17,0.08,0.04
none,8,18,0.11,0.04
none,8,19,0.1,0.04
none,8,20,0.1,0.04
none,8,21,0.12,0.04
none,8,22,0.13,0.04
none,8,23,0.11,0.04
none,8,24,0.07,0.04
none,8,25,0.09,0.04
none,8,26,0.1,0.04
none,8,27,0.14,0.04
none,8,28,0.13,0.04
none,8,29,0.15,0.04
none,8,30,0.15,0.04
none,8,31,0.18,0.04
none,8,32,0.17,0.04
none,8,33,0.2,0.04
none,8,34,0.2,0.04
none,8,35,0.21,0.04
none,8,36,0.18,0.04
none,8,37,0.19,0.04
none,8,38,0.23,0.04
none,8,39,0.28,0.04
none,8,40,0.28,0.04
none,8,41,0.31,0.04
none,8,42,0.28,0.04
none,8,43,0.23,0.04
none,8,44,0.23,0.04
none,8,45,0.28,0.04
none,8,46,0.27,0.04
none,8,47,0.25,0.04
none,8,48,0.27,0.04
none,8,49,0.28,0.04
none,8,50,0.29,0.04
none,8,51,0.22,0.04
none,8,52,0.22,0.04
none,8,53,0.22,0.04
none,8,54,0.18,0.04
none,8,55,0.16,0.04
none,8,56,0.15,0.04
none,8,57,0.13,0.04
none,8,58,0.11,0.04
none,8,59,0.13,0.04
none,8,60,0.16,0.04
none,8,61,0.17,0.04
none,8,62,0.18,0.04
none,8,63,0.18,0.04
none,8,64,0.2,0.04
none,8,65,0.22,0.04
none,8,66,0.2,0.04
none,8,67,0.16,0.04
none,8,68,0.16,0.04
none,8,69,0.17,0.04
none,8,70,0.15,0.04
none,8,71,0.14,0.04
none,8,72,0.16,0.04
none,8,73,0.1,0.04
none,8,74,0.09,0.04
none,8,75,0.11,0.04
none,8,76,0.12,0.04
none,8,77,0.13,0.04
none,8,78,0.2,0.04
none,8,79,0.19,0.04
none,8,80,0.22,0.04
none,8,81,0.26,0.04
none,8,82,0.26,0.04
none,8,83,0.26,0.04
none,8,84,0.24,0.04
none,8,85,0.21,0.04
none,8,86,0.19,0.04
none,8,87,0.21,0.04
none,8,88,0.24,0.04
none,8,89,0.27,0.04
none,8,90,0.27,0.04
none,8,91,0.23,0.04
none,8,92,0.22,0.04
none,8,93,0.22,0.04
none,8,94,0.21,0.04
none,8,95,0.24,0.04
none,8,96,0.2,0.04
none,8,97,0.28,0.04
none,8,98,0.21,0.04
none,8,99,0.18,0.04
none,8,100,0.14,0.04
none,8,101,0.2,0.04
none,8,102,0.19,0.04
none,8,103,0.25,0.04
none,8,104,0.23,0.04
none,8,105,0.26,0.04
none,8,106,0.29,0.04
none,8,107,0.29,0.04
none,8,108,0.3,0.04
none,8,109,0.27,0.04
none,8,110,0.26,0.04
none,8,111,0.22,0.04
none,8,112,0.23,0.04
none,8,113,0.22,0.04
none,8,114,0.21,0.04
none,8,115,0.2,0.04
none,8,116,0.19,0.04
none,8,117,0.23,0.04
none,8,118,0.22,0.04
none,8,119,0.25,0.04
none,8,120,0.24,0.04
none,8,121,0.23,0.04
none,8,122,0.22,0.04
none,8,123,0.26,0.04
none,8,124,0.29,0.04
none,8,125,0.32,0.04
none,8,126,0.29,0.04
none,8,127,0.28,0.04
none,8,128,0.29,0.04
none,8,129,0.28,0.04
none,8,130,0.24,0.04
none,8,131,0.26,0.04
none,8,132,0.23,0.04
none,8,133,0.25,0.04
none,8,134,0.17,0.04
none,8,135,0.17,0.04
none,8,136,0.17,0.04
none,8,137,0.18,0.04
none,8,138,0.17,0.04
none,8,139,0.19,0.04
none,8,140,0.18,0.04
none,8,141,0.23,0.04
none,8,142,0.2,0.04
none,8,143,0.21,0.04
none,8,144,0.23,0.04
none,8,145,0.19,0.04
none,8,146,0.19,0.04
none,8,147,0.2,0.04
none,8,148,0.21,0.04
none,8,149,0.17,0.04
none,8,150,0.16,0.04
none,9,0,0.1,0.04
none,9,1,0.1,0.04
none,9,2,0.12,0.04
none,9,3,0.15,0.04
none,9,4,0.14,0.04
none,9,5,0.16,0.04
none,9,6,0.18,0.04
none,9,7,0.14,0.04
none,9,8,0.15,0.04
none,9,9,0.18,0.04
none,9,10,0.15,0.04
none,9,11,0.16,0.04
none,9,12,0.18,0.04
none,9,13,0.16,0.04
none,9,14,0.19,0.04
none,9,15,0.2,0.04
none,9,16,0.21,0.04
none,9,17,0.2,0.04
none,9,18,0.15,0.04
none,9,19,0.12,0.04
none,9,20,0.14,0.04
none,9,21,0.2,0.04
none,9,22,0.21,0.04
none,9,23,0.17,0.04
none,9,24,0.19,0.04
none,9,25,0.18,0.04
none,9,26,0.17,0.04
none,9,27,0.22,0.04
none,9,28,0.19,0.04
none,9,29,0.14,0.04
none,9,30,0.16,0.04
none,9,31,0.2,0.04
none,9,32,0.21,0.04
none,9,33,0.18,0.04
none,9,34,0.22,0.04
none,9,35,0.26,0.04
none,9,36,0.26,0.04
none,9,37,0.22,0.04
none,9,38,0.18,0.04
none,9,39,0.19,0.04
none,9,40,0.18,0.04
none,9,41,0.18,0.04
none,9,42,0.17,0.04
none,9,43,0.16,0.04
none,9,44,0.15,0.04
none,9,45,0.19,0.04
none,9,46,0.16,0.04
none,9,47,0.12,0.04
none,9,48,0.12,0.04
none,9,49,0.1,0.04
none,9,50,0.13,0.04
none,9,51,0.16,0.04
none,9,52,0.15,0.04
none,9,53,0.17,0.04
none,9,54,0.19,0.04
none,9,55,0.16,0.04
none,9,56,0.16,0.04
none,9,57,0.2,0.04
none,9,58,0.24,0.04
none,9,59,0.24,0.04
none,9,60,0.28,0.04
none,9,61,0.26,0.04
none,9,62,0.22,0.04
none,9,63,0.2,0.04
none,9,64,0.2,0.04
none,9,65,0.22,0.04
none,9,66,0.24,0.04
none,9,67,0.26,0.04
none,9,68,0.28,0.04
none,9,69,0.31,0.04
none,9,70,0.31,0.04
none,9,71,0.3,0.04
none,9,72,0.25,0.04
none,9,73,0.25,0.04
none,9,74,0.28,0.04
none,9,75,0.25,0.04
none,9,76,0.28,0.04
none,9,77,0.23,0.04
none,9,78,0.28,0.04
none,9,79,0.25,0.04
none,9,80,0.22,0.04
none,9,81,0.19,0.04
none,9,82,0.17,0.04
none,9,83,0.21,0.04
none,9,84,0.19,0.04
none,9,85,0.18,0.04
none,9,86,0.17,0.04
none,9,87,0.12,0.04
none,9,88,0.13,0.04
none,9,89,0.17,0.04
none,9,90,0.23,0.04
none,9,91,0.23,0.04
none,9,92,0.24,0.04
none,9,93,0.28,0.04
none,9,94,0.29,0.04
none,9,95,0.26,0.04
none,9,96,0.25,0.04
none,9,97,0.2,0.04
none,9,98,0.24,0.04
none,9,99,0.23,0.04
none,9,100,0.27,0.04
none,9,101,0.26,0.04
none,9,102,0.28,0.04
none,9,103,0.29,0.04
none,9,104,0.3,0.04
none,9,105,0.24,0.04
none,9,106,0.24,0.04
none,9,107,0.25,0.04
none,9,108,0.23,0.04
none,9,109,0.22,0.04
none,9,110,0.22,0.04
none,9,111,0.26,0.04
none,9,112,0.25,0.04
none,9,113,0.2,0.04
none,9,114,0.2,0.04
none,9,115,0.22,0.04
none,9,116,0.2,0.04
none,9,117,0.21,0.04
none,9,118,0.24,0.04
none,9,119,0.24,0.04
none,9,120,0.35,0.04
none,9,121,0.38,0.04
none,9,122,0.32,0.04
none,9,123,0.33,0.04
none,9,124,0.31,0.04
none,9,125,0.31,0.04
none,9,126,0.26,0.04
none,9,127,0.25,0.04
none,9,128,0.28,0.04
none,9,129,0.32,0.04
none,9,130,0.34,0.04
none,9,131,0.3,0.04
none,9,132,0.29,0.04
none,9,133,0.29,0.04
none,9,134,0.28,0.04
none,9,135,0.21,0.04
none,9,136,0.15,0.04
none,9,137,0.14,0.04
none,9,138,0.18,0.04
none,9,139,0.17,0.04
none,9,140,0.16,0.04
none,9,141,0.14,0.04
none,9,142,0.14,0.04
none,9,143,0.17,0.04
none,9,144,0.15,0.04
none,9,145,0.18,0.04
none,9,146,0.19,0.04
none,9,147,0.21,0.04
none,9,148,0.24,0.04
none,9,149,0.26,0.04
none,9,150,0.29,0.04
none,10,0,0.1,0.04
none,10,1,0.11,0.04
none,10,2,0.06,0.04
none,10,3,0.04,0.04
none,10,4,0.05,0.04
none,10,5,0.03,0.04
none,10,6,0.02,0.04
none,10,7,0.03,0.04
none,10,8,0.03,0.04
none,10,9,0.03,0.04
none,10,10,0.04,0.04
none,10,11,0.03,0.04
none,10,12,0.03,0.04
none,10,13,0.02,0.04
none,10,14,0.02,0.04
none,10,15,0.02,0.04
none,10,16,0.02,0.04
none,10,17,0.0,0.04
none,10,18,0.0,0.04
none,10,19,0.0,0.04
none,10,20,0.0,0.04
none,10,21,0.0,0.04
none,10,22,0.0,0.04
none,10,23,0.0,0.04
none,10,24,0.0,0.04
none,10,25,0.0,0.04
none,10,26,0.0,0.04
none,10,27,0.0,0.04
none,10,28,0.0,0.04
none,10,29,0.0,0.04
none,10,30,0.0,0.04
none,10,31,0.0,0.04
none,10,32,0.0,0.04
none,10,33,0.0,0.04
none,10,34,0.0,0.04
none,10,35,0.0,0.04
none,10,36,0.0,0.04
none,10,37,0.0,0.04
none,10,38,0.0,0.04
none,10,39,0.0,0.04
none,10,40,0.0,0.04
none,10,41,0.0,0.04
none,10,42,0.0,0.04
none,10,43,0.0,0.04
none,10,44,0.0,0.04
none,10,45,0.0,0.04
none,10,46,0.0,0.04
none,10,47,0.0,0.04
none,10,48,0.0,0.04
none,10,49,0.0,0.04
none,10,50,0.0,0.04
none,10,51,0.0,0.04
none,10,52,0.0,0.04
none,10,53,0.0,0.04
none,10,54,0.0,0.04
none,10,55,0.0,0.04
none,10,56,0.0,0.04
none,10,57,0.0,0.04
none,10,58,0.0,0.04
none,10,59,0.0,0.04
none,10,60,0.0,0.04
none,10,61,0.0,0.04
none,10,62,0.0,0.04
none,10,63,0.0,0.04
none,10,64,0.0,0.04
none,10,65,0.0,0.04
none,10,66,0.0,0.04
none,10,67,0.0,0.04
none,10,68,0.0,0.04
none,10,69,0.0,0.04
none,10,70,0.0,0.04
none,10,71,0.0,0.04
none,10,72,0.0,0.04
none,10,73,0.0,0.04
none,10,74,0.0,0.04
none,10,75,0.0,0.04
none,10,76,0.0,0.04
none,10,77,0.0,0.04
none,10,78,0.0,0.04
none,10,79,0.0,0.04
none,10,80,0.0,0.04
none,10,81,0.0,0.04
none,10,82,0.0,0.04
none,10,83,0.0,0.04
none,10,84,0.0,0.04
none,10,85,0.0,0.04
none,10,86,0.0,0.04
none,10,87,0.0,0.04
none,10,88,0.0,0.04
none,10,89,0.0,0.04
none,10,90,0.0,0.04
none,10,91,0.0,0.04
none,10,92,0.0,0.04
none,10,93,0.0,0.04
none,10,94,0.0,0.04
none,10,95,0.0,0.04
none,10,96,0.0,0.04
none,10,97,0.0,0.04
none,10,98,0.0,0.04
none,10,99,0.0,0.04
none,10,100,0.0,0.04
none,10,101,0.0,0.04
none,10,102,0.0,0.04
none,10,103,0.0,0.04
none,10,104,0.0,0.04
none,10,105,0.0,0.04
none,10,106,0.0,0.04
none,10,107,0.0,0.04
none,10,108,0.0,0.04
none,10,109,0.0,0.04
none,10,110,0.0,0.04
none,10,111,0.0,0.04
none,10,112,0.0,0.04
none,10,113,0.0,0.04
none,10,114,0.0,0.04
none,10,115,0.0,0.04
none,10,116,0.0,0.04
none,10,117,0.0,0.04
none,10,118,0.0,0.04
none,10,119,0.0,0.04
none,10,120,0.0,0.04
none,10,121,0.0,0.04
none,10,122,0.0,0.04
none,10,123,0.0,0.04
none,10,124,0.0,0.04
none,10,125,0.0,0.04
none,10,126,0.0,0.04
none,10,127,0.0,0.04
none,10,128,0.0,0.04
none,10,129,0.0,0.04
none,10,130,0.0,0.04
none,10,131,0.0,0.04
none,10,132,0.0,0.04
none,10,133,0.0,0.04
none,10,134,0.0,0.04
none,10,135,0.0,0.04
none,10,136,0.0,0.04
none,10,137,0.0,0.04
none,10,138,0.0,0.04
none,10,139,0.0,0.04
none,10,140,0.0,0.04
none,10,141,0.0,0.04
none,10,142,0.0,0.04
none,10,143,0.0,0.04
none,10,144,0.0,0.04
none,10,145,0.0,0.04
none,10,146,0.0,0.04
none,10,147,0.0,0.04
none,10,148,0.0,0.04
none,10,149,0.0,0.04
none,10,150,0.0,0.04
none,11,0,0.1,0.04
none,11,1,0.09,0.04
none,11,2,0.07,0.04
none,11,3,0.07,0.04
none,11,4,0.05,0.04
none,11,5,0.04,0.04
none,11,6,0.06,0.04
none,11,7,0.1,0.04
none,11,8,0.09,0.04
none,11,9,0.09,0.04
none,11,10,0.09,0.04
none,11,11,0.12,0.04
none,11,12,0.1,0.04
none,11,13,0.1,0.04
none,11,14,0.12,0.04
none,11,15,0.15,0.04
none,11,16,0.14,0.04
none,11,17,0.14,0.04
none,11,18,0.12,0.04
none,11,19,0.14,0.04
none,11,20,0.17,0.04
none,11,21,0.16,0.04
none,11,22,0.16,0.04
none,11,23,0.21,0.04
none,11,24,0.25,0.04
none,11,25,0.27,0.04
none,11,26,0.28,0.04
none,11,27,0.27,0.04
none,11,28,0.22,0.04
none,11,29,0.19,0.04
none,11,30,0.25,0.04
none,11,31,0.19,0.04
none,11,32,0.2,0.04
none,11,33,0.2,0.04
none,11,34,0.22,0.04
none,11,35,0.23,0.04
none,11,36,0.22,0.04
none,11,37,0.21,0.04
none,11,38,0.19,0.04
none,11,39,0.21,0.04
none,11,40,0.25,0.04
none,11,41,0.22,0.04
none,11,42,0.2,0.04
none,11,43,0.17,0.04
none,11,44,0.15,0.04
none,11,45,0.14,0.04
none,11,46,0.17,0.04
none,11,47,0.15,0.04
none,11,48,0.17,0.04
none,11,49,0.17,0.04
none,11,50,0.2,0.04
none,11,51,0.18,0.04
none,11,52,0.15,0.04
none,11,53,0.14,0.04
none,11,54,0.13,0.04
none,11,55,0.13,0.04
none,11,56,0.1,0.04
none,11,57,0.09,0.04
none,11,58,0.12,0.04
none,11,59,0.11,0.04
none,11,60,0.12,0.04
none,11,61,0.13,0.04
none,11,62,0.16,0.04
none,11,63,0.18,0.04
none,11,64,0.24,0.04
none,11,65,0.29,0.04
none,11,66,0.27,0.04
none,11,67,0.27,0.04
none,11,68,0.3,0.04
none,11,69,0.29,0.04
none,11,70,0.28,0.04
none,11,71,0.28,0.04
none,11,72,0.23,0.04
none,11,73,0.24,0.04
none,11,74,0.23,0.04
none,11,75,0.27,0.04
none,11,76,0.3,0.04
none,11,77,0.36,0.04
none,11,78,0.32,0.04
none,11,79,0.32,0.04
none,11,80,0.24,0.04
none,11,81,0.23,0.04
none,11,82,0.2,0.04
none,11,83,0.2,0.04
none,11,84,0.18,0.04
none,11,85,0.18,0.04
none,11,86,0.24,0.04
none,11,87,0.25,0.04
none,11,88,0.24,0.04
none,11,89,0.22,0.04
none,11,90,0.2,0.04
none,11,91,0.25,0.04
none,11,92,0.24,0.04
none,11,93,0.23,0.04
none,11,94,0.21,0.04
none,11,95,0.27,0.04
none,11,96,0.29,0.04
none,11,97,0.3,0.04
none,11,98,0.28,0.04
none,11,99,0.26,0.04
none,11,100,0.28,0.04
none,11,101,0.26,0.04
none,11,102,0.25,0.04
none,11,103,0.27,0.04
none,11,104,0.24,0.04
none,11,105,0.27,0.04
none,11,106,0.29,0.04
none,11,107,0.31,0.04
none,11,108,0.32,0.04
none,11,109,0.24,0.04
none,11,110,0.24,0.04
none,11,111,0.23,0.04
none,11,112,0.25,0.04
none,11,113,0.23,0.04
none,11,114,0.3,0.04
none,11,115,0.27,0.04
none,11,116,0.26,0.04
none,11,117,0.22,0.04
none,11,118,0.22,0.04
none,11,119,0.22,0.04
none,11,120,0.22,0.04
none,11,121,0.22,0.04
none,11,122,0.24,0.04
none,11,123,0.27,0.04
none,11,124,0.25,0.04
none,11,125,0.25,0.04
none,11,126,0.18,0.04
none,11,127,0.2,0.04
none,11,128,0.19,0.04
none,11,129,0.2,0.04
none,11,130,0.24,0.04
none,11,131,0.29,0.04
none,11,132,0.29,0.04
none,11,133,0.28,0.04
none,11,134,0.31,0.04
none,11,135,0.31,0.04
none,11,136,0.34,0.04
none,11,137,0.37,0.04
none,11,138,0.35,0.04
none,11,139,0.38,0.04
none,11,140,0.34,0.04
none,11,141,0.32,0.04
none,11,142,0.29,0.04
none,11,143,0.26,0.04
none,11,144,0.25,0.04
none,11,145,0.27,0.04
none,11,146,0.24,0.04
none,11,147,0.2,0.04
none,11,148,0.2,0.04
none,11,149,0.17,0.04
none,11,150,0.15,0.04
none,12,0,0.1,0.04
none,12,1,0.1,0.04
none,12,2,0.11,0.04
none,12,3,0.14,0.04
none,12,4,0.13,0.04
none,12,5,0.16,0.04
none,12,6,0.16,0.04
none,12,7,0.13,0.04
none,12,8,0.12,0.04
none,12,9,0.13,0.04
none,12,10,0.14,0.04
none,12,11,0.17,0.04
none,12,12,0.15,0.04
none,12,13,0.15,0.04
none,12,14,0.17,0.04
none,12,15,0.17,0.04
none,12,16,0.15,0.04
none,12,17,0.18,0.04
none,12,18,0.15,0.04
none,12,19,0.18,0.04
none,12,20,0.21,0.04
none,12,21,0.21,0.04
none,12,22,0.18,0.04
none,12,23,0.13,0.04
none,12,24,0.15,0.04
none,12,25,0.14,0.04
none,12,26,0.15,0.04
none,12,27,0.12,0.04
none,12,28,0.14,0.04
none,12,29,0.17,0.04
none,12,30,0.17,0.04
none,12,31,0.15,0.04
none,12,32,0.15,0.04
none,12,33,0.14,0.04
none,12,34,0.14,0.04
none,12,35,0.16,0.04
none,12,36,0.17,0.04
none,12,37,0.15,0.04
none,12,38,0.14,0.04
none,12,39,0.14,0.04
none,12,40,0.13,0.04
none,12,41,0.16,0.04
none,12,42,0.17,0.04
none,12,43,0.19,0.04
none,12,44,0.15,0.04
none,12,45,0.18,0.04
none,12,46,0.21,0.04
none,12,47,0.24,0.04
none,12,48,0.28,0.04
none,12,49,0.3,0.04
none,12,50,0.24,0.04
none,12,51,0.25,0.04
none,12,52,0.29,0.04
none,12,53,0.29,0.04
none,12,54,0.28,0.04
none,12,55,0.3,0.04
none,12,56,0.25,0.04
none,12,57,0.25,0.04
none,12,58,0.29,0.04
none,12,59,0.34,0.04
none,12,60,0.28,0.04
none,12,61,0.25,0.04
none,12,62,0.25,0.04
none,12,63,0.24,0.04
none,12,64,0.19,0.04
none,12,65,0.14,0.04
none,12,66,0.16,0.04
none,12,67,0.17,0.04
none,12,68,0.17,0.04
none,12,69,0.16,0.04
none,12,70,0.17,0.04
none,12,71,0.13,0.04
none,12,72,0.08,0.04
none,12,73,0.09,0.04
none,12,74,0.06,0.04
none,12,75,0.07,0.04
none,12,76,0.07,0.04
none,12,77,0.09,0.04
none,12,78,0.08,0.04
none,12,79,0.1,0.04
none,12,80,0.08,0.04
none,12,81,0.08,0.04
none,12,82,0.05,0.04
none,12,83,0.07,0.04
none,12,84,0.08,0.04
none,12,85,0.08,0.04
none,12,86,0.07,0.04
none,12,87,0.07,0.04
none,12,88,0.08,0.04
none,12,89,0.11,0.04
none,12,90,0.13,0.04
none,12,91,0.16,0.04
none,12,92,0.12,0.04
none,12,93,0.1,0.04
none,12,94,0.12,0.04
none,12,95,0.12,0.04
none,12,96,0.14,0.04
none,12,97,0.17,0.04
none,12,98,0.22,0.04
none,12,99,0.22,0.04
none,12,100,0.2,0.04
none,12,101,0.19,0.04
none,12,102,0.2,0.04
none,12,103,0.2,0.04
none,12,104,0.22,0.04
none,12,105,0.16,0.04
none,12,106,0.18,0.04
none,12,107,0.24,0.04
none,12,108,0.29,0.04
none,12,109,0.31,0.04
none,12,110,0.3,0.04
none,12,111,0.32,0.04
none,12,112,0.27,0.04
none,12,113,0.26,0.04
none,12,114,0.21,0.04
none,12,115,0.21,0.04
none,12,116,0.22,0.04
none,12,117,0.21,0.04
none,12,118,0.19,0.04
none,12,119,0.19,0.04
none,12,120,0.23,0.04
none,12,121,0.23,0.04
none,12,122,0.23,0.04
none,12,123,0.25,0.04
none,12,124,0.28,0.04
none,12,125,0.26,0.04
none,12,126,0.3,0.04
none,12,127,0.27,0.04
none,12,128,0.27,0.04
none,12,129,0.22,0.04
none,12,130,0.24,0.04
none,12,131,0.27,0.04
none,12,132,0.31,0.04
none,12,133,0.34,0.04
none,12,134,0.32,0.04
none,12,135,0.28,0.04
none,12,136,0.26,0.04
none,12,137,0.24,0.04
none,12,138,0.2,0.04
none,12,139,0.21,0.04
none,12,140,0.24,0.04
none,12,141,0.25,0.04
none,12,142,0.28,0.04
none,12,143,0.28,0.04
none,12,144,0.25,0.04
none,12,145,0.3,0.04
none,12,146,0.3,0.04
none,12,147,0.28,0.04
none,12,148,0.26,0.04
none,12,149,0.25,0.04
none,12,150,0.25,0.04
none,13,0,0.1,0.04
none,13,1,0.09,0.04
none,13,2,0.11,0.04
none,13,3,0.11,0.04
none,13,4,0.12,0.04
none,13,5,0.12,0.04
none,13,6,0.14,0.04
none,13,7,0.12,0.04
none,13,8,0.12,0.04
none,13,9,0.14,0.04
none,13,10,0.12,0.04
none,13,11,0.13,0.04
none,13,12,0.14,0.04
none,13,13,0.15,0.04
none,13,14,0.17,0.04
none,13,15,0.14,0.04
none,13,16,0.13,0.04
none,13,17,0.15,0.04
none,13,18,0.13,0.04
none,13,19,0.11,0.04
none,13,20,0.11,0.04
none,13,21,0.1,0.04
none,13,22,0.12,0.04
none,13,23,0.19,0.04
none,13,24,0.16,0.04
none,13,25,0.17,0.04
none,13,26,0.17,0.04
none,13,27,0.19,0.04
none,13,28,0.2,0.04
none,13,29,0.16,0.04
none,13,30,0.19,0.04
none,13,31,0.19,0.04
none,13,32,0.23,0.04
none,13,33,0.27,0.04
none,13,34,0.23,0.04
none,13,35,0.19,0.04
none,13,36,0.21,0.04
none,13,37,0.2,0.04
none,13,38,0.17,0.04
none,13,39,0.22,0.04
none,13,40,0.2,0.04
none,13,41,0.21,0.04
none,13,42,0.21,0.04
none,13,43,0.22,0.04
none,13,44,0.2,0.04
none,13,45,0.16,0.04
none,13,46,0.15,0.04
none,13,47,0.16,0.04
none,13,48,0.18,0.04
none,13,49,0.18,0.04
none,13,50,0.2,0.04
none,13,51,0.23,0.04
none,13,52,0.2,0.04
none,13,53,0.18,0.04
none,13,54,0.17,0.04
none,13,55,0.19,0.04
none,13,56,0.23,0.04
none,13,57,0.21,0.04
none,13,58,0.23,0.04
none,13,59,0.25,0.04
none,13,60,0.25,0.04
none,13,61,0.25,0.04
none,13,62,0.27,0.04
none,13,63,0.24,0.04
none,13,64,0.25,0.04
none,13,65,0.26,0.04
none,13,66,0.22,0.04
none,13,67,0.21,0.04
none,13,68,0.17,0.04
none,13,69,0.18,0.04
none,13,70,0.18,0.04
none,13,71,0.2,0.04
none,13,72,0.23,0.04
none,13,73,0.24,0.04
none,13,74,0.22,0.04
none,13,75,0.19,0.04
none,13,76,0.18,0.04
none,13,77,0.18,0.04
none,13,78,0.21,0.04
none,13,79,0.19,0.04
none,13,80,0.21,0.04
none,13,81,0.2,0.04
none,13,82,0.16,0.04
none,13,83,0.2,0.04
none,13,84,0.19,0.04
none,13,85,0.15,0.04
none,13,86,0.14,0.04
none,13,87,0.12,0.04
none,13,88,0.12,0.04
none,13,89,0.14,0.04
none,13,90,0.13,0.04
none,13,91,0.13,0.04
none,13,92,0.06,0.04
none,13,93,0.07,0.04
none,13,94,0.07,0.04
none,13,95,0.08,0.04
none,13,96,0.09,0.04
none,13,97,0.09,0.04
none,13,98,0.1,0.04
none,13,99,0.1,0.04
none,13,100,0.08,0.04
none,13,101,0.09,0.04
none,13,102,0.1,0.04
none,13,103,0.09,0.04
none,13,104,0.11,0.04
none,13,105,0.11,0.04
none,13,106,0.12,0.04
none,13,107,0.11,0.04
none,13,108,0.13,0.04
none,13,109,0.14,0.04
none,13,110,0.11,0.04
none,13,111,0.09,0.04
none,13,112,0.11,0.04
none,13,113,0.11,0.04
none,13,114,0.1,0.04
none,13,115,0.11,0.04
none,13,116,0.1,0.04
none,13,117,0.13,0.04
none,13,118,0.15,0.04
none,13,119,0.1,0.04
none,13,120,0.1,0.04
none,13,121,0.13,0.04
none,13,122,0.14,0.04
none,13,123,0.16,0.04
none,13,124,0.15,0.04
none,13,125,0.16,0.04
none,13,126,0.14,0.04
none,13,127,0.18,0.04
none,13,128,0.19,0.04
none,13,129,0.21,0.04
none,13,130,0.19,0.04
none,13,131,0.18,0.04
none,13,132,0.22,0.04
none,13,133,0.24,0.04
none,13,134,0.28,0.04
none,13,135,0.26,0.04
none,13,136,0.27,0.04
none,13,137,0.27,0.04
none,13,138,0.3,0.04
none,13,139,0.29,0.04
none,13,140,0.31,0.04
none,13,141,0.28,0.04
none,13,142,0.23,0.04
none,13,143,0.25,0.04
none,13,144,0.24,0.04
none,13,145,0.21,0.04
none,13,146,0.17,0.04
none,13,147,0.18,0.04
none,13,148,0.2,0.04
none,13,149,0.19,0.04
none,13,150,0.15,0.04
none,14,0,0.1,0.04
none,14,1,0.12,0.04
none,14,2,0.16,0.04
none,14,3,0.14,0.04
none,14,4,0.07,0.04
none,14,5,0.08,0.04
none,14,6,0.08,0.04
none,14,7,0.09,0.04
none,14,8,0.13,0.04
none,14,9,0.11,0.04
none,14,10,0.1,0.04
none,14,11,0.11,0.04
none,14,12,0.12,0.04
none,14,13,0.11,0.04
none,14,14,0.12,0.04
none,14,15,0.12,0.04
none,14,16,0.12,0.04
none,14,17,0.11,0.04
none,14,18,0.12,0.04
none,14,19,0.12,0.04
none,14,20,0.12,0.04
none,14,21,0.17,0.04
none,14,22,0.21,0.04
none,14,23,0.26,0.04
none,14,24,0.19,0.04
none,14,25,0.19,0.04
none,14,26,0.19,0.04
none,14,27,0.18,0.04
none,14,28,0.18,0.04
none,14,29,0.15,0.04
none,14,30,0.13,0.04
none,14,31,0.11,0.04
none,14,32,0.13,0.04
none,14,33,0.15,0.04
none,14,34,0.15,0.04
none,14,35,0.16,0.04
none,14,36,0.16,0.04
none,14,37,0.18,0.04
none,14,38,0.23,0.04
none,14,39,0.26,0.04
none,14,40,0.24,0.04
none,14,41,0.21,0.04
none,14,42,0.22,0.04
none,14,43,0.2,0.04
none,14,44,0.24,0.04
none,14,45,0.26,0.04
none,14,46,0.26,0.04
none,14,47,0.25,0.04
none,14,48,0.24,0.04
none,14,49,0.25,0.04
none,14,50,0.23,0.04
none,14,51,0.23,0.04
none,14,52,0.18,0.04
none,14,53,0.23,0.04
none,14,54,0.2,0.04
none,14,55,0.17,0.04
none,14,56,0.2,0.04
none,14,57,0.15,0.04
none,14,58,0.12,0.04
none,14,59,0.11,0.04
none,14,60,0.12,0.04
none,14,61,0.12,0.04
none,14,62,0.12,0.04
none,14,63,0.13,0.04
none,14,64,0.17,0.04
none,14,65,0.16,0.04
none,14,66,0.16,0.04
none,14,67,0.17,0.04
none,14,68,0.17,0.04
none,14,69,0.1,0.04
none,14,70,0.12,0.04
none,14,71,0.12,0.04
none,14,72,0.13,0.04
none,14,73,0.15,0.04
none,14,74,0.18,0.04
none,14,75,0.19,0.04
none,14,76,0.22,0.04
none,14,77,0.22,0.04
none,14,78,0.17,0.04
none,14,79,0.19,0.04
none,14,80,0.17,0.04
none,14,81,0.18,0.04
none,14,82,0.19,0.04
none,14,83,0.23,0.04
none,14,84,0.19,0.04
none,14,85,0.15,0.04
none,14,86,0.14,0.04
none,14,87,0.16,0.04
none,14,88,0.14,0.04
none,14,89,0.15,0.04
none,14,90,0.15,0.04
none,14,91,0.16,0.04
none,14,92,0.14,0.04
none,14,93,0.17,0.04
none,14,94,0.18,0.04
none,14,95,0.25,0.04
none,14,96,0.26,0.04
none,14,97,0.26,0.04
none,14,98,0.25,0.04
none,14,99,0.19,0.04
none,14,100,0.21,0.04
none,14,101,0.24,0.04
none,14,102,0.18,0.04
none,14,103,0.2,0.04
none,14,104,0.25,0.04
none,14,105,0.19,0.04
none,14,106,0.19,0.04
none,14,107,0.21,0.04
none,14,108,0.26,0.04
none,14,109,0.27,0.04
none,14,110,0.28,0.04
none,14,111,0.25,0.04
none,14,112,0.29,0.04
none,14,113,0.27,0.04
none,14,114,0.22,0.04
none,14,115,0.2,0.04
none,14,116,0.2,0.04
none,14,117,0.22,0.04
none,14,118,0.19,0.04
none,14,119,0.18,0.04
none,14,120,0.17,0.04
none,14,121,0.21,0.04
none,14,122,0.23,0.04
none,14,123,0.22,0.04
none,14,124,0.17,0.04
none,14,125,0.17,0.04
none,14,126,0.18,0.04
none,14,127,0.2,0.04
none,14,128,0.19,0.04
none,14,129,0.22,0.04
none,14,130,0.23,0.04
none,14,131,0.21,0.04
none,14,132,0.21,0.04
none,14,133,0.19,0.04
none,14,134,0.19,0.04
none,14,135,0.16,0.04
none,14,136,0.16,0.04
none,14,137,0.17,0.04
none,14,138,0.17,0.04
none,14,139,0.15,0.04
none,14,140,0.12,0.04
none,14,141,0.12,0.04
none,14,142,0.14,0.04
none,14,143,0.17,0.04
none,14,144,0.13,0.04
none,14,145,0.12,0.04
none,14,146,0.15,0.04
none,14,147,0.11,0.04
none,14,148,0.11,0.04
none,14,149,0.11,0.04
none,14,150,0.1,0.04
none,15,0,0.1,0.04
none,15,1,0.1,0.04
none,15,2,0.12,0.04
none,15,3,0.11,0.04
none,15,4,0.09,0.04
none,15,5,0.08,0.04
none,15,6,0.07,0.04
none,15,7,0.08,0.04
none,15,8,0.1,0.04
none,15,9,0.12,0.04
none,15,10,0.14,0.04
none,15,11,0.12,0.04
none,15,12,0.11,0.04
none,15,13,0.1,0.04
none,15,14,0.09,0.04
none,15,15,0.09,0.04
none,15,16,0.1,0.04
none,15,17,0.1,0.04
none,15,18,0.1,0.04
none,15,19,0.13,0.04
none,15,20,0.14,0.04
none,15,21,0.12,0.04
none,15,22,0.11,0.04
none,15,23,0.12,0.04
none,15,24,0.14,0.04
none,15,25,0.13,0.04
none,15,26,0.12,0.04
none,15,27,0.12,0.04
none,15,28,0.13,0.04
none,15,29,0.09,0.04
none,15,30,0.11,0.04
none,15,31,0.1,0.04
none,15,32,0.1,0.04
none,15,33,0.12,0.04
none,15,34,0.13,0.04
none,15,35,0.11,0.04
none,15,36,0.13,0.04
none,15,37,0.11,0.04
none,15,38,0.14,0.04
none,15,39,0.13,0.04
none,15,40,0.14,0.04
none,15,41,0.12,0.04
none,15,42,0.11,0.04
none,15,43,0.09,0.04
none,15,44,0.1,0.04
none,15,45,0.12,0.04
none,15,46,0.09,0.04
none,15,47,0.1,0.04
none,15,48,0.11,0.04
none,15,49,0.1,0.04
none,15,50,0.09,0.04
none,15,51,0.11,0.04
none,15,52,0.17,0.04
none,15,53,0.17,0.04
none,15,54,0.19,0.04
none,15,55,0.14,0.04
none,15,56,0.11,0.04
none,15,57,0.14,0.04
none,15,58,0.12,0.04
none,15,59,0.13,0.04
none,15,60,0.16,0.04
none,15,61,0.17,0.04
none,15,62,0.16,0.04
none,15,63,0.16,0.04
none,15,64,0.16,0.04
none,15,65,0.16,0.04
none,15,66,0.18,0.04
none,15,67,0.21,0.04
none,15,68,0.22,0.04
none,15,69,0.21,0.04
none,15,70,0.24,0.04
none,15,71,0.21,0.04
none,15,72,0.19,0.04
none,15,73,0.18,0.04
none,15,74,0.16,0.04
none,15,75,0.15,0.04
none,15,76,0.2,0.04
none,15,77,0.21,0.04
none,15,78,0.21,0.04
none,15,79,0.22,0.04
none,15,80,0.2,0.04
none,15,81,0.17,0.04
none,15,82,0.17,0.04
none,15,83,0.19,0.04
none,15,84,0.22,0.04
none,15,85,0.23,0.04
none,15,86,0.28,0.04
none,15,87,0.23,0.04
none,15,88,0.2,0.04
none,15,89,0.2,0.04
none,15,90,0.2,0.04
none,15,91,0.19,0.04
none,15,92,0.23,0.04
none,15,93,0.22,0.04
none,15,94,0.22,0.04
none,15,95,0.22,0.04
none,15,96,0.19,0.04
none,15,97,0.17,0.04
none,15,98,0.23,0.04
none,15,99,0.24,0.04
none,15,100,0.21,0.04
none,15,101,0.19,0.04
none,15,102,0.22,0.04
none,15,103,0.23,0.04
none,15,104,0.21,0.04
none,15,105,0.18,0.04
none,15,106,0.18,0.04
none,15,107,0.19,0.04
none,15,108,0.17,0.04
none,15,109,0.22,0.04
none,15,110,0.27,0.04
none,15,111,0.3,0.04
none,15,112,0.31,0.04
none,15,113,0.27,0.04
none,15,114,0.3,0.04
none,15,115,0.28,0.04
none,15,116,0.24,0.04
none,15,117,0.24,0.04
none,15,118,0.3,0.04
none,15,119,0.29,0.04
none,15,120,0.31,0.04
none,15,121,0.28,0.04
none,15,122,0.31,0.04
none,15,123,0.26,0.04
none,15,124,0.26,0.04
none,15,125,0.24,0.04
none,15,126,0.2,0.04
none,15,127,0.2,0.04
none,15,128,0.26,0.04
none,15,129,0.21,0.04
none,15,130,0.2,0.04
none,15,131,0.21,0.04
none,15,132,0.22,0.04
none,15,133,0.23,0.04
none,15,134,0.21,0.04
none,15,135,0.21,0.04
none,15,136,0.23,0.04
none,15,137,0.25,0.04
none,15,138,0.29,0.04
none,15,139,0.28,0.04
none,15,140,0.26,0.04
none,15,141,0.25,0.04
none,15,142,0.24,0.04
none,15,143,0.22,0.04
none,15,144,0.28,0.04
none,15,145,0.26,0.04
none,15,146,0.26,0.04
none,15,147,0.25,0.04
none,15,148,0.22,0.04
none,15,149,0.28,0.04
none,15,150,0.27,0.04
none,16,0,0.1,0.04
none,16,1,0.15,0.04
none,16,2,0.13,0.04
none,16,3,0.12,0.04
none,16,4,0.14,0.04
none,16,5,0.14,0.04
none,16,6,0.15,0.04
none,16,7,0.14,0.04
none,16,8,0.19,0.04
none,16,9,0.2,0.04
none,16,10,0.19,0.04
none,16,11,0.15,0.04
none,16,12,0.12,0.04
none,16,13,0.11,0.04
none,16,14,0.14,0.04
none,16,15,0.16,0.04
none,16,16,0.14,0.04
none,16,17,0.14,0.04
none,16,18,0.13,0.04
none,16,19,0.08,0.04
none,16,20,0.07,0.04
none,16,21,0.07,0.04
none,16,22,0.05,0.04
none,16,23,0.05,0.04
none,16,24,0.04,0.04
none,16,25,0.05,0.04
none,16,26,0.06,0.04
none,16,27,0.09,0.04
none,16,28,0.1,0.04
none,16,29,0.11,0.04
none,16,30,0.12,0.04
none,16,31,0.11,0.04
none,16,32,0.1,0.04
none,16,33,0.11,0.04
none,16,34,0.1,0.04
none,16,35,0.11,0.04
none,16,36,0.13,0.04
none,16,37,0.11,0.04
none,16,38,0.13,0.04
none,16,39,0.09,0.04
none,16,40,0.09,0.04
none,16,41,0.11,0.04
none,16,42,0.13,0.04
none,16,43,0.12,0.04
none,16,44,0.15,0.04
none,16,45,0.17,0.04
none,16,46,0.15,0.04
none,16,47,0.16,0.04
none,16,48,0.17,0.04
none,16,49,0.15,0.04
none,16,50,0.17,0.04
none,16,51,0.18,0.04
none,16,52,0.2,0.04
none,16,53,0.23,0.04
none,16,54,0.24,0.04
none,16,55,0.18,0.04
none,16,56,0.23,0.04
none,16,57,0.31,0.04
none,16,58,0.3,0.04
none,16,59,0.35,0.04
none,16,60,0.3,0.04
none,16,61,0.32,0.04
none,16,62,0.31,0.04
none,16,63,0.28,0.04
none,16,64,0.27,0.04
none,16,65,0.28,0.04
none,16,66,0.31,0.04
none,16,67,0.31,0.04
none,16,68,0.31,0.04
none,16,69,0.31,0.04
none,16,70,0.29,0.04
none,16,71,0.24,0.04
none,16,72,0.23,0.04
none,16,73,0.23,0.04
none,16,74,0.21,0.04
none,16,75,0.22,0.04
none,16,76,0.22,0.04
none,16,77,0.18,0.04
none,16,78,0.2,0.04
none,16,79,0.21,0.04
none,16,80,0.31,0.04
none,16,81,0.27,0.04
none,16,82,0.22,0.04
none,16,83,0.25,0.04
none,16,84,0.28,0.04
none,16,85,0.26,0.04
none,16,86,0.26,0.04
none,16,87,0.25,0.04
none,16,88,0.29,0.04
none,16,89,0.28,0.04
none,16,90,0.3,0.04
none,16,91,0.29,0.04
none,16,92,0.32,0.04
none,16,93,0.28,0.04
none,16,94,0.24,0.04
none,16,95,0.24,0.04
none,16,96,0.25,0.04
none,16,97,0.24,0.04
none,16,98,0.17,0.04
none,16,99,0.19,0.04
none,16,100,0.23,0.04
none,16,101,0.26,0.04
none,16,102,0.24,0.04
none,16,103,0.26,0.04
none,16,104,0.25,0.04
none,16,105,0.21,0.04
none,16,106,0.17,0.04
none,16,107,0.15,0.04
none,16,108,0.13,0.04
none,16,109,0.12,0.04
none,16,110,0.12,0.04
none,16,111,0.12,0.04
none,16,112,0.13,0.04
none,16,113,0.11,0.04
none,16,114,0.15,0.04
none,16,115,0.2,0.04
none,16,116,0.2,0.04
none,16,117,0.25,0.04
none,16,118,0.25,0.04
none,16,119,0.27,0.04
none,16,120,0.28,0.04
none,16,121,0.28,0.04
none,16,122,0.27,0.04
none,16,123,0.26,0.04
none,16,124,0.31,0.04
none,16,125,0.34,0.04
none,16,126,0.3,0.04
none,16,127,0.29,0.04
none,16,128,0.25,0.04
none,16,129,0.28,0.04
none,16,130,0.31,0.04
none,16,131,0.31,0.04
none,16,132,0.28,0.04
none,16,133,0.26,0.04
none,16,134,0.28,0.04
none,16,135,0.28,0.04
none,16,136,0.29,0.04
none,16,137,0.31,0.04
none,16,138,0.32,0.04
none,16,139,0.34,0.04
none,16,140,0.37,0.04
none,16,141,0.34,0.04
none,16,142,0.33,0.04
none,16,143,0.32,0.04
none,16,144,0.36,0.04
none,16,145,0.4,0.04
none,16,146,0.37,0.04
none,16,147,0.35,0.04
none,16,148,0.29,0.04
none,16,149,0.29,0.04
none,16,150,0.29,0.04
none,17,0,0.1,0.04
none,17,1,0.09,0.04
none,17,2,0.11,0.04
none,17,3,0.09,0.04
none,17,4,0.09,0.04
none,17,5,0.07,0.04
none,17,6,0.07,0.04
none,17,7,0.07,0.04
none,17,8,0.03,0.04
none,17,9,0.03,0.04
none,17,10,0.05,0.04
none,17,11,0.05,0.04
none,17,12,0.06,0.04
none,17,13,0.08,0.04
none,17,14,0.1,0.04
none,17,15,0.11,0.04
none,17,16,0.11,0.04
none,17,17,0.08,0.04
none,17,18,0.09,0.04
none,17,19,0.09,0.04
none,17,20,0.1,0.04
none,17,21,0.11,0.04
none,17,22,0.13,0.04
none,17,23,0.17,0.04
none,17,24,0.25,0.04
none,17,25,0.2,0.04
none,17,26,0.16,0.04
none,17,27,0.15,0.04
none,17,28,0.19,0.04
none,17,29,0.19,0.04
none,17,30,0.16,0.04
none,17,31,0.14,0.04
none,17,32,0.14,0.04
none,17,33,0.18,0.04
none,17,34,0.21,0.04
none,17,35,0.23,0.04
none,17,36,0.24,0.04
none,17,37,0.28,0.04
none,17,38,0.33,0.04
none,17,39,0.27,0.04
none,17,40,0.27,0.04
none,17,41,0.26,0.04
none,17,42,0.26,0.04
none,17,43,0.18,0.04
none,17,44,0.16,0.04
none,17,45,0.14,0.04
none,17,46,0.14,0.04
none,17,47,0.11,0.04
none,17,48,0.11,0.04
none,17,49,0.13,0.04
none,17,50,0.11,0.04
none,17,51,0.1,0.04
none,17,52,0.08,0.04
none,17,53,0.06,0.04
none,17,54,0.09,0.04
none,17,55,0.1,0.04
none,17,56,0.12,0.04
none,17,57,0.12,0.04
none,17,58,0.13,0.04
none,17,59,0.13,0.04
none,17,60,0.12,0.04
none,17,61,0.12,0.04
none,17,62,0.12,0.04
none,17,63,0.11,0.04
none,17,64,0.14,0.04
none,17,65,0.14,0.04
none,17,66,0.15,0.04
none,17,67,0.12,0.04
none,17,68,0.13,0.04
none,17,69,0.12,0.04
none,17,70,0.11,0.04
none,17,71,0.15,0.04
none,17,72,0.16,0.04
none,17,73,0.17,0.04
none,17,74,0.15,0.04
none,17,75,0.19,0.04
none,17,76,0.17,0.04
none,17,77,0.16,0.04
none,17,78,0.11,0.04
none,17,79,0.12,0.04
none,17,80,0.11,0.04
none,17,81,0.12,0.04
none,17,82,0.1,0.04
none,17,83,0.09,0.04
none,17,84,0.12,0.04
none,17,85,0.12,0.04
none,17,86,0.16,0.04
none,17,87,0.11,0.04
none,17,88,0.1,0.04
none,17,89,0.12,0.04
none,17,90,0.11,0.04
none,17,91,0.14,0.04
none,17,92,0.14,0.04
none,17,93,0.14,0.04
none,17,94,0.17,0.04
none,17,95,0.18,0.04
none,17,96,0.18,0.04
none,17,97,0.18,0.04
none,17,98,0.17,0.04
none,17,99,0.13,0.04
none,17,100,0.14,0.04
none,17,101,0.15,0.04
none,17,102,0.16,0.04
none,17,103,0.2,0.04
none,17,104,0.16,0.04
none,17,105,0.14,0.04
none,17,106,0.16,0.04
none,17,107,0.12,0.04
none,17,108,0.12,0.04
none,17,109,0.14,0.04
none,17,110,0.16,0.04
none,17,111,0.2,0.04
none,17,112,0.19,0.04
none,17,113,0.2,0.04
none,17,114,0.2,0.04
none,17,115,0.26,0.04
none,17,116,0.24,0.04
none,17,117,0.21,0.04
none,17,118,0.22,0.04
none,17,119,0.24,0.04
none,17,120,0.25,0.04
none,17,121,0.21,0.04
none,17,122,0.18,0.04
none,17,123,0.19,0.04
none,17,124,0.19,0.04
none,17,125,0.25,0.04
none,17,126,0.24,0.04
none,17,127,0.22,0.04
none,17,128,0.19,0.04
none,17,129,0.2,0.04
none,17,130,0.24,0.04
none,17,131,0.21,0.04
none,17,132,0.28,0.04
none,17,133,0.26,0.04
none,17,134,0.26,0.04
none,17,135,0.27,0.04
none,17,136,0.25,0.04
none,17,137,0.24,0.04
none,17,138,0.25,0.04
none,17,139,0.23,0.04
none,17,140,0.24,0.04
none,17,141,0.22,0.04
none,17,142,0.25,0.04
none,17,143,0.24,0.04
none,17,144,0.2,0.04
none,17,145,0.19,0.04
none,17,146,0.2,0.04
none,17,147,0.21,0.04
none,17,148,0.19,0.04
none,17,149,0.17,0.04
none,17,150,0.16,0.04
none,18,0,0.1,0.04
none,18,1,0.07,0.04
none,18,2,0.07,0.04
none,18,3,0.04,0.04
none,18,4,0.03,0.04
none,18,5,0.02,0.04
none,18,6,0.01,0.04
none,18,7,0.01,0.04
none,18,8,0.01,0.04
none,18,9,0.01,0.04
none,18,10,0.01,0.04
none,18,11,0.02,0.04
none,18,12,0.02,0.04
none,18,13,0.02,0.04
none,18,14,0.03,0.04
none,18,15,0.04,0.04
none,18,16,0.03,0.04
none,18,17,0.03,0.04
none,18,18,0.03,0.04
none,18,19,0.03,0.04
none,18,20,0.02,0.04
none,18,21,0.03,0.04
none,18,22,0.03,0.04
none,18,23,0.05,0.04
none,18,24,0.05,0.04
none,18,25,0.07,0.04
none,18,26,0.05,0.04
none,18,27,0.05,0.04
none,18,28,0.04,0.04
none,18,29,0.06,0.04
none,18,30,0.08,0.04
none,18,31,0.09,0.04
none,18,32,0.11,0.04
none,18,33,0.09,0.04
none,18,34,0.14,0.04
none,18,35,0.14,0.04
none,18,36,0.18,0.04
none,18,37,0.2,0.04
none,18,38,0.18,0.04
none,18,39,0.17,0.04
none,18,40,0.19,0.04
none,18,41,0.21,0.04
none,18,42,0.23,0.04
none,18,43,0.2,0.04
none,18,44,0.19,0.04
none,18,45,0.18,0.04
none,18,46,0.15,0.04
none,18,47,0.13,0.04
none,18,48,0.13,0.04
none,18,49,0.13,0.04
none,18,50,0.15,0.04
none,18,51,0.19,0.04
none,18,52,0.2,0.04
none,18,53,0.21,0.04
none,18,54,0.21,0.04
none,18,55,0.19,0.04
none,18,56,0.16,0.04
none,18,57,0.2,0.04
none,18,58,0.19,0.04
none,18,59,0.23,0.04
none,18,60,0.23,0.04
none,18,61,0.21,0.04
none,18,62,0.2,0.04
none,18,63,0.24,0.04
none,18,64,0.27,0.04
none,18,65,0.29,0.04
none,18,66,0.25,0.04
none,18,67,0.26,0.04
none,18,68,0.2,0.04
none,18,69,0.22,0.04
none,18,70,0.21,0.04
none,18,71,0.22,0.04
none,18,72,0.21,0.04
none,18,73,0.22,0.04
none,18,74,0.21,0.04
none,18,75,0.22,0.04
none,18,76,0.21,0.04
none,18,77,0.19,0.04
none,18,78,0.19,0.04
none,18,79,0.17,0.04
none,18,80,0.16,0.04
none,18,81,0.16,0.04
none,18,82,0.13,0.04
none,18,83,0.14,0.04
none,18,84,0.15,0.04
none,18,85,0.15,0.04
none,18,86,0.18,0.04
none,18,87,0.2,0.04
none,18,88,0.18,0.04
none,18,89,0.19,0.04
none,18,90,0.18,0.04
none,18,91,0.22,0.04
none,18,92,0.2,0.04
none,18,93,0.19,0.04
none,18,94,0.19,0.04
none,18,95,0.19,0.04
none,18,96,0.18,0.04
none,18,97,0.19,0.04
none,18,98,0.21,0.04
none,18,99,0.25,0.04
none,18,100,0.28,0.04
none,18,101,0.25,0.04
none,18,102,0.25,0.04
none,18,103,0.25,0.04
none,18,104,0.25,0.04
none,18,105,0.24,0.04
none,18,106,0.26,0.04
none,18,107,0.23,0.04
none,18,108,0.25,0.04
none,18,109,0.24,0.04
none,18,110,0.26,0.04
none,18,111,0.25,0.04
none,18,112,0.23,0.04
none,18,113,0.25,0.04
none,18,114,0.23,0.04
none,18,115,0.18,0.04
none,18,116,0.15,0.04
none,18,117,0.16,0.04
none,18,118,0.16,0.04
none,18,119,0.15,0.04
none,18,120,0.17,0.04
none,18,121,0.19,0.04
none,18,122,0.16,0.04
none,18,123,0.11,0.04
none,18,124,0.16,0.04
none,18,125,0.18,0.04
none,18,126,0.19,0.04
none,18,127,0.22,0.04
none,18,128,0.22,0.04
none,18,129,0.26,0.04
none,18,130,0.22,0.04
none,18,131,0.21,0.04
none,18,132,0.14,0.04
none,18,133,0.11,0.04
none,18,134,0.06,0.04
none,18,135,0.08,0.04
none,18,136,0.07,0.04
none,18,137,0.06,0.04
none,18,138,0.06,0.04
none,18,139,0.06,0.04
none,18,140,0.05,0.04
none,18,141,0.03,0.04
none,18,142,0.05,0.04
none,18,143,0.05,0.04
none,18,144,0.06,0.04
none,18,145,0.07,0.04
none,18,146,0.07,0.04
none,18,147,0.1,0.04
none,18,148,0.08,0.04
none,18,149,0.06,0.04
none,18,150,0.06,0.04
none,19,0,0.1,0.04
none,19,1,0.11,0.04
none,19,2,0.12,0.04
none,19,3,0.1,0.04
none,19,4,0.07,0.04
none,19,5,0.09,0.04
none,19,6,0.11,0.04
none,19,7,0.1,0.04
none,19,8,0.1,0.04
none,19,9,0.12,0.04
none,19,10,0.07,0.04
none,19,11,0.1,0.04
none,19,12,0.08,0.04
none,19,13,0.09,0.04
none,19,14,0.12,0.04
none,19,15,0.1,0.04
none,19,16,0.13,0.04
none,19,17,0.17,0.04
none,19,18,0.16,0.04
none,19,19,0.12,0.04
none,19,20,0.16,0.04
none,19,21,0.18,0.04
none,19,22,0.19,0.04
none,19,23,0.19,0.04
none,19,24,0.2,0.04
none,19,25,0.21,0.04
none,19,26,0.2,0.04
none,19,27,0.21,0.04
none,19,28,0.22,0.04
none,19,29,0.25,0.04
none,19,30,0.27,0.04
none,19,31,0.3,0.04
none,19,32,0.25,0.04
none,19,33,0.26,0.04
none,19,34,0.26,0.04
none,19,35,0.26,0.04
none,19,36,0.24,0.04
none,19,37,0.18,0.04
none,19,38,0.19,0.04
none,19,39,0.18,0.04
none,19,40,0.17,0.04
none,19,41,0.18,0.04
none,19,42,0.2,0.04
none,19,43,0.17,0.04
none,19,44,0.19,0.04
none,19,45,0.24,0.04
none,19,46,0.23,0.04
none,19,47,0.26,0.04
none,19,48,0.24,0.04
none,19,49,0.21,0.04
none,19,50,0.21,0.04
none,19,51,0.2,0.04
none,19,52,0.21,0.04
none,19,53,0.28,0.04
none,19,54,0.28,0.04
none,19,55,0.21,0.04
none,19,56,0.2,0.04
none,19,57,0.2,0.04
none,19,58,0.19,0.04
none,19,59,0.22,0.04
none,19,60,0.24,0.04
none,19,61,0.26,0.04
none,19,62,0.25,0.04
none,19,63,0.24,0.04
none,19,64,0.28,0.04
none,19,65,0.28,0.04
none,19,66,0.27,0.04
none,19,67,0.28,0.04
none,19,68,0.26,0.04
none,19,69,0.27,0.04
none,19,70,0.24,0.04
none,19,71,0.26,0.04
none,19,72,0.27,0.04
none,19,73,0.28,0.04
none,19,74,0.28,0.04
none,19,75,0.31,0.04
none,19,76,0.3,0.04
none,19,77,0.35,0.04
none,19,78,0.35,0.04
none,19,79,0.28,0.04
none,19,80,0.28,0.04
none,19,81,0.31,0.04
none,19,82,0.3,0.04
none,19,83,0.28,0.04
none,19,84,0.24,0.04
none,19,85,0.28,0.04
none,19,86,0.25,0.04
none,19,87,0.25,0.04
none,19,88,0.23,0.04
none,19,89,0.24,0.04
none,19,90,0.22,0.04
none,19,91,0.25,0.04
none,19,92,0.25,0.04
none,19,93,0.22,0.04
none,19,94,0.24,0.04
none,19,95,0.25,0.04
none,19,96,0.27,0.04
none,19,97,0.29,0.04
none,19,98,0.29,0.04
none,19,99,0.27,0.04
none,19,100,0.3,0.04
none,19,101,0.35,0.04
none,19,102,0.33,0.04
none,19,103,0.32,0.04
none,19,104,0.33,0.04
none,19,105,0.3,0.04
none,19,106,0.23,0.04
none,19,107,0.23,0.04
none,19,108,0.18,0.04
none,19,109,0.2,0.04
none,19,110,0.2,0.04
none,19,111,0.2,0.04
none,19,112,0.16,0.04
none,19,113,0.18,0.04
none,19,114,0.22,0.04
none,19,115,0.23,0.04
none,19,116,0.25,0.04
none,19,117,0.25,0.04
none,19,118,0.25,0.04
none,19,119,0.24,0.04
none,19,120,0.23,0.04
none,19,121,0.23,0.04
none,19,122,0.22,0.04
none,19,123,0.2,0.04
none,19,124,0.19,0.04
none,19,125,0.17,0.04
none,19,126,0.13,0.04
none,19,127,0.14,0.04
none,19,128,0.12,0.04
none,19,129,0.16,0.04
none,19,130,0.13,0.04
none,19,131,0.12,0.04
none,19,132,0.12,0.04
none,19,133,0.11,0.04
none,19,134,0.1,0.04
none,19,135,0.14,0.04
none,19,136,0.14,0.04
none,19,137,0.17,0.04
none,19,138,0.14,0.04
none,19,139,0.15,0.04
none,19,140,0.17,0.04
none,19,141,0.18,0.04
none,19,142,0.21,0.04
none,19,143,0.22,0.04
none,19,144,0.17,0.04
none,19,145,0.15,0.04
none,19,146,0.14,0.04
none,19,147,0.12,0.04
none,19,148,0.15,0.04
none,19,149,0.2,0.04
none,19,150,0.19,0.04
none,0,0,0.1,0.08
none,0,1,0.1,0.08
none,0,2,0.17,0.08
none,0,3,0.2,0.08
none,0,4,0.27,0.08
none,0,5,0.26,0.08
none,0,6,0.33,0.08
none,0,7,0.32,0.08
none,0,8,0.33,0.08
none,0,9,0.39,0.08
none,0,10,0.38,0.08
none,0,11,0.36,0.08
none,0,12,0.39,0.08
none,0,13,0.42,0.08
none,0,14,0.42,0.08
none,0,15,0.46,0.08
none,0,16,0.47,0.08
none,0,17,0.48,0.08
none,0,18,0.53,0.08
none,0,19,0.52,0.08
none,0,20,0.52,0.08
none,0,21,0.48,0.08
none,0,22,0.49,0.08
none,0,23,0.5,0.08
none,0,24,0.52,0.08
none,0,25,0.56,0.08
none,0,26,0.53,0.08
none,0,27,0.54,0.08
none,0,28,0.55,0.08
none,0,29,0.53,0.08
none,0,30,0.58,0.08
none,0,31,0.56,0.08
none,0,32,0.58,0.08
none,0,33,0.56,0.08
none,0,34,0.5,0.08
none,0,35,0.52,0.08
none,0,36,0.54,0.08
none,0,37,0.57,0.08
none,0,38,0.59,0.08
none,0,39,0.6,0.08
none,0,40,0.58,0.08
none,0,41,0.53,0.08
none,0,42,0.52,0.08
none,0,43,0.54,0.08
none,0,44,0.51,0.08
none,0,45,0.52,0.08
none,0,46,0.55,0.08
none,0,47,0.55,0.08
none,0,48,0.54,0.08
none,0,49,0.41,0.08
none,0,50,0.41,0.08
none,0,51,0.38,0.08
none,0,52,0.45,0.08
none,0,53,0.46,0.08
none,0,54,0.43,0.08
none,0,55,0.42,0.08
none,0,56,0.53,0.08
none,0,57,0.51,0.08
none,0,58,0.46,0.08
none,0,59,0.47,0.08
none,0,60,0.45,0.08
none,0,61,0.52,0.08
none,0,62,0.46,0.08
none,0,63,0.41,0.08
none,0,64,0.41,0.08
none,0,65,0.39,0.08
none,0,66,0.4,0.08
none,0,67,0.45,0.08
none,0,68,0.5,0.08
none,0,69,0.42,0.08
none,0,70,0.44,0.08
none,0,71,0.43,0.08
none,0,72,0.43,0.08
none,0,73,0.51,0.08
none,0,74,0.5,0.08
none,0,75,0.44,0.08
none,0,76,0.38,0.08
none,0,77,0.38,0.08
none,0,78,0.42,0.08
none,0,79,0.43,0.08
none,0,80,0.48,0.08
none,0,81,0.48,0.08
none,0,82,0.44,0.08
none,0,83,0.42,0.08
none,0,84,0.45,0.08
none,0,85,0.48,0.08
none,0,86,0.49,0.08
none,0,87,0.52,0.08
none,0,88,0.58,0.08
none,0,89,0.56,0.08
none,0,90,0.51,0.08
none,0,91,0.52,0.08
none,0,92,0.53,0.08
none,0,93,0.51,0.08
none,0,94,0.58,0.08
none,0,95,0.57,0.08
none,0,96,0.54,0.08
none,0,97,0.53,0.08
none,0,98,0.6,0.08
none,0,99,0.58,0.08
none,0,100,0.56,0.08
none,0,101,0.55,0.08
none,0,102,0.52,0.08
none,0,103,0.56,0.08
none,0,104,0.53,0.08
none,0,105,0.57,0.08
none,0,106,0.51,0.08
none,0,107,0.46,0.08
none,0,108,0.5,0.08
none,0,109,0.62,0.08
none,0,110,0.65,0.08
none,0,111,0.55,0.08
none,0,112,0.52,0.08
none,0,113,0.57,0.08
none,0,114,0.53,0.08
none,0,115,0.56,0.08
none,0,116,0.54,0.08
none,0,117,0.5,0.08
none,0,118,0.49,0.08
none,0,119,0.46,0.08
none,0,120,0.45,0.08
none,0,121,0.49,0.08
none,0,122,0.49,0.08
none,0,123,0.45,0.08
none,0,124,0.46,0.08
none,0,125,0.48,0.08
none,0,126,0.52,0.08
none,0,127,0.48,0.08
none,0,128,0.44,0.08
none,0,129,0.48,0.08
none,0,130,0.48,0.08
none,0,131,0.42,0.08
none,0,132,0.48,0.08
none,0,133,0.5,0.08
none,0,134,0.61,0.08
none,0,135,0.6,0.08
none,0,136,0.52,0.08
none,0,137,0.49,0.08
none,0,138,0.49,0.08
none,0,139,0.5,0.08
none,0,140,0.5,0.08
none,0,141,0.51,0.08
none,0,142,0.49,0.08
none,0,143,0.46,0.08
none,0,144,0.52,0.08
none,0,145,0.61,0.08
none,0,146,0.58,0.08
none,0,147,0.58,0.08
none,0,148,0.54,0.08
none,0,149,0.53,0.08
none,0,150,0.5,0.08
none,1,0,0.1,0.08
none,1,1,0.12,0.08
none,1,2,0.13,0.08
none,1,3,0.18,0.08
none,1,4,0.24,0.08
none,1,5,0.27,0.08
none,1,6,0.3,0.08
none,1,7,0.34,0.08
none,1,8,0.31,0.08
none,1,9,0.38,0.08
none,1,10,0.42,0.08
none,1,11,0.42,0.08
none,1,12,0.4,0.08
none,1,13,0.45,0.08
none,1,14,0.5,0.08
none,1,15,0.48,0.08
none,1,16,0.52,0.08
none,1,17,0.51,0.08
none,1,18,0.45,0.08
none,1,19,0.44,0.08
none,1,20,0.4,0.08
none,1,21,0.44,0.08
none,1,22,0.51,0.08
none,1,23,0.46,0.08
none,1,24,0.52,0.08
none,1,25,0.55,0.08
none,1,26,0.49,0.08
none,1,27,0.48,0.08
none,1,28,0.49,0.08
none,1,29,0.41,0.08
none,1,30,0.49,0.08
none,1,31,0.53,0.08
none,1,32,0.53,0.08
none,1,33,0.47,0.08
none,1,34,0.53,0.08
none,1,35,0.56,0.08
none,1,36,0.54,0.08
none,1,37,0.55,0.08
none,1,38,0.52,0.08
none,1,39,0.5,0.08
none,1,40,0.55,0.08
none,1,41,0.57,0.08
none,1,42,0.54,0.08
none,1,43,0.59,0.08
none,1,44,0.56,0.08
none,1,45,0.47,0.08
none,1,46,0.44,0.08
none,1,47,0.47,0.08
none,1,48,0.48,0.08
none,1,49,0.51,0.08
none,1,50,0.56,0.08
none,1,51,0.5,0.08
none,1,52,0.49,0.08
none,1,53,0.49,0.08
none,1,54,0.47,0.08
none,1,55,0.48,0.08
none,1,56,0.53,0.08
none,1,57,0.54,0.08
none,1,58,0.48,0.08
none,1,59,0.52,0.08
none,1,60,0.53,0.08
none,1,61,0.57,0.08
none,1,62,0.46,0.08
none,1,63,0.41,0.08
none,1,64,0.42,0.08
none,1,65,0.47,0.08
none,1,66,0.46,0.08
none,1,67,0.48,0.08
none,1,68,0.55,0.08
none,1,69,0.46,0.08
none,1,70,0.47,0.08
none,1,71,0.5,0.08
none,1,72,0.43,0.08
none,1,73,0.52,0.08
none,1,74,0.53,0.08
none,1,75,0.53,0.08
none,1,76,0.55,0.08
none,1,77,0.56,0.08
none,1,78,0.48,0.08
none,1,79,0.48,0.08
none,1,80,0.47,0.08
none,1,81,0.49,0.08
none,1,82,0.43,0.08
none,1,83,0.53,0.08
none,1,84,0.55,0.08
none,1,85,0.56,0.08
none,1,86,0.58,0.08
none,1,87,0.49,0.08
none,1,88,0.48,0.08
none,1,89,0.49,0.08
none,1,90,0.46,0.08
none,1,91,0.51,0.08
none,1,92,0.52,0.08
none,1,93,0.51,0.08
none,1,94,0.48,0.08
none,1,95,0.47,0.08
none,1,96,0.54,0.08
none,1,97,0.51,0.08
none,1,98,0.47,0.08
none,1,99,0.47,0.08
none,1,100,0.47,0.08
none,1,101,0.53,0.08
none,1,102,0.59,0.08
none,1,103,0.55,0.08
none,1,104,0.46,0.08
none,1,105,0.54,0.08
none,1,106,0.49,0.08
none,1,107,0.52,0.08
none,1,108,0.52,0.08
none,1,109,0.51,0.08
none,1,110,0.48,0.08
none,1,111,0.47,0.08
none,1,112,0.44,0.08
none,1,113,0.41,0.08
none,1,114,0.4,0.08
none,1,115,0.45,0.08
none,1,116,0.47,0.08
none,1,117,0.45,0.08
none,1,118,0.4,0.08
none,1,119,0.39,0.08
none,1,120,0.48,0.08
none,1,121,0.4,0.08
none,1,122,0.44,0.08
none,1,123,0.52,0.08
none,1,124,0.5,0.08
none,1,125,0.53,0.08
none,1,126,0.49,0.08
none,1,127,0.5,0.08
none,1,128,0.51,0.08
none,1,129,0.64,0.08
none,1,130,0.52,0.08
none,1,131,0.55,0.08
none,1,132,0.56,0.08
none,1,133,0.56,0.08
none,1,134,0.58,0.08
none,1,135,0.61,0.08
none,1,136,0.57,0.08
none,1,137,0.55,0.08
none,1,138,0.61,0.08
none,1,139,0.53,0.08
none,1,140,0.54,0.08
none,1,141,0.57,0.08
none,1,142,0.6,0.08
none,1,143,0.6,0.08
none,1,144,0.63,0.08
none,1,145,0.56,0.08
none,1,146,0.5,0.08
none,1,147,0.46,0.08
none,1,148,0.47,0.08
none,1,149,0.51,0.08
none,1,150,0.45,0.08
none,2,0,0.1,0.08
none,2,1,0.12,0.08
none,2,2,0.13,0.08
none,2,3,0.16,0.08
none,2,4,0.22,0.08
none,2,5,0.25,0.08
none,2,6,0.37,0.08
none,2,7,0.4,0.08
none,2,8,0.36,0.08
none,2,9,0.32,0.08
none,2,10,0.35,0.08
none,2,11,0.38,0.08
none,2,12,0.44,0.08
none,2,13,0.49,0.08
none,2,14,0.5,0.08
none,2,15,0.51,0.08
none,2,16,0.47,0.08
none,2,17,0.44,0.08
none,2,18,0.49,0.08
none,2,19,0.47,0.08
none,2,20,0.4,0.08
none,2,21,0.37,0.08
none,2,22,0.42,0.08
none,2,23,0.42,0.08
none,2,24,0.47,0.08
none,2,25,0.43,0.08
none,2,26,0.46,0.08
none,2,27,0.49,0.08
none,2,28,0.47,0.08
none,2,29,0.44,0.08
none,2,30,0.47,0.08
none,2,31,0.53,0.08
none,2,32,0.55,0.08
none,2,33,0.55,0.08
none,2,34,0.49,0.08
none,2,35,0.45,0.08
none,2,36,0.42,0.08
none,2,37,0.41,0.08
none,2,38,0.43,0.08
none,2,39,0.51,0.08
none,2,40,0.54,0.08
none,2,41,0.52,0.08
none,2,42,0.52,0.08
none,2,43,0.43,0.08
none,2,44,0.51,0.08
none,2,45,0.53,0.08
none,2,46,0.48,0.08
none,2,47,0.55,0.08
none,2,48,0.56,0.08
none,2,49,0.47,0.08
none,2,50,0.49,0.08
none,2,51,0.49,0.08
none,2,52,0.52,0.08
none,2,53,0.51,0.08
none,2,54,0.43,0.08
none,2,55,0.43,0.08
none,2,56,0.42,0.08
none,2,57,0.44,0.08
none,2,58,0.44,0.08
none,2,59,0.45,0.08
none,2,60,0.44,0.08
none,2,61,0.42,0.08
none,2,62,0.38,0.08
none,2,63,0.36,0.08
none,2,64,0.45,0.08
none,2,65,0.41,0.08
none,2,66,0.43,0.08
none,2,67,0.45,0.08
none,2,68,0.45,0.08
none,2,69,0.42,0.08
none,2,70,0.45,0.08
none,2,71,0.48,0.08
none,2,72,0.52,0.08
none,2,73,0.48,0.08
none,2,74,0.5,0.08
none,2,75,0.52,0.08
none,2,76,0.53,0.08
none,2,77,0.51,0.08
none,2,78,0.54,0.08
none,2,79,0.52,0.08
none,2,80,0.5,0.08
none,2,81,0.48,0.08
none,2,82,0.54,0.08
none,2,83,0.52,0.08
none,2,84,0.5,0.08
none,2,85,0.5,0.08
none,2,86,0.48,0.08
none,2,87,0.45,0.08
none,2,88,0.44,0.08
none,2,89,0.4,0.08
none,2,90,0.37,0.08
none,2,91,0.36,0.08
none,2,92,0.35,0.08
none,2,93,0.37,0.08
none,2,94,0.43,0.08
none,2,95,0.4,0.08
none,2,96,0.37,0.08
none,2,97,0.39,0.08
none,2,98,0.44,0.08
none,2,99,0.47,0.08
none,2,100,0.44,0.08
none,2,101,0.39,0.08
none,2,102,0.38,0.08
none,2,103,0.48,0.08
none,2,104,0.47,0.08
none,2,105,0.51,0.08
none,2,106,0.46,0.08
none,2,107,0.42,0.08
none,2,108,0.48,0.08
none,2,109,0.55,0.08
none,2,110,0.57,0.08
none,2,111,0.5,0.08
none,2,112,0.52,0.08
none,2,113,0.52,0.08
none,2,114,0.53,0.08
none,2,115,0.53,0.08
none,2,116,0.51,0.08
none,2,117,0.53,0.08
none,2,118,0.52,0.08
none,2,119,0.54,0.08
none,2,120,0.55,0.08
none,2,121,0.54,0.08
none,2,122,0.49,0.08
none,2,123,0.46,0.08
none,2,124,0.46,0.08
none,2,125,0.42,0.08
none,2,126,0.5,0.08
none,2,127,0.54,0.08
none,2,128,0.54,0.08
none,2,129,0.49,0.08
none,2,130,0.48,0.08
none,2,131,0.52,0.08
none,2,132,0.48,0.08
none,2,133,0.41,0.08
none,2,134,0.43,0.08
none,2,135,0.48,0.08
none,2,136,0.45,0.08
none,2,137,0.47,0.08
none,2,138,0.45,0.08
none,2,139,0.43,0.08
none,2,140,0.39,0.08
none,2,141,0.4,0.08
none,2,142,0.44,0.08
none,2,143,0.41,0.08
none,2,144,0.44,0.08
none,2,145,0.44,0.08
none,2,146,0.44,0.08
none,2,147,0.44,0.08
none,2,148,0.46,0.08
none,2,149,0.41,0.08
none,2,150,0.48,0.08
none,3,0,0.1,0.08
none,3,1,0.11,0.08
none,3,2,0.1,0.08
none,3,3,0.13,0.08
none,3,4,0.15,0.08
none,3,5,0.15,0.08
none,3,6,0.18,0.08
none,3,7,0.25,0.08
none,3,8,0.32,0.08
none,3,9,0.31,0.08
none,3,10,0.36,0.08
none,3,11,0.33,0.08
none,3,12,0.36,0.08
none,3,13,0.37,0.08
none,3,14,0.41,0.08
none,3,15,0.41,0.08
none,3,16,0.4,0.08
none,3,17,0.39,0.08
none,3,18,0.38,0.08
none,3,19,0.48,0.08
none,3,20,0.55,0.08
none,3,21,0.56,0.08
none,3,22,0.57,0.08
none,3,23,0.56,0.08
none,3,24,0.59,0.08
none,3,25,0.63,0.08
none,3,26,0.63,0.08
none,3,27,0.65,0.08
none,3,28,0.71,0.08
none,3,29,0.65,0.08
none,3,30,0.55,0.08
none,3,31,0.55,0.08
none,3,32,0.47,0.08
none,3,33,0.48,0.08
none,3,34,0.48,0.08
none,3,35,0.49,0.08
none,3,36,0.49,0.08
none,3,37,0.54,0.08
none,3,38,0.51,0.08
none,3,39,0.46,0.08
none,3,40,0.44,0.08
none,3,41,0.47,0.08
none,3,42,0.47,0.08
none,3,43,0.48,0.08
none,3,44,0.48,0.08
none,3,45,0.37,0.08
none,3,46,0.46,0.08
none,3,47,0.5,0.08
none,3,48,0.54,0.08
none,3,49,0.5,0.08
none,3,50,0.53,0.08
none,3,51,0.53,0.08
none,3,52,0.56,0.08
none,3,53,0.48,0.08
none,3,54,0.48,0.08
none,3,55,0.58,0.08
none,3,56,0.52,0.08
none,3,57,0.56,0.08
none,3,58,0.55,0.08
none,3,59,0.58,0.08
none,3,60,0.64,0.08
none,3,61,0.6,0.08
none,3,62,0.59,0.08
none,3,63,0.52,0.08
none,3,64,0.48,0.08
none,3,65,0.39,0.08
none,3,66,0.44,0.08
none,3,67,0.44,0.08
none,3,68,0.43,0.08
none,3,69,0.51,0.08
none,3,70,0.53,0.08
none,3,71,0.55,0.08
none,3,72,0.54,0.08
none,3,73,0.45,0.08
none,3,74,0.43,0.08
none,3,75,0.42,0.08
none,3,76,0.45,0.08
none,3,77,0.44,0.08
none,3,78,0.43,0.08
none,3,79,0.41,0.08
none,3,80,0.42,0.08
none,3,81,0.38,0.08
none,3,82,0.42,0.08
none,3,83,0.37,0.08
none,3,84,0.44,0.08
none,3,85,0.51,0.08
none,3,86,0.48,0.08
none,3,87,0.49,0.08
none,3,88,0.45,0.08
none,3,89,0.55,0.08
none,3,90,0.53,0.08
none,3,91,0.57,0.08
none,3,92,0.54,0.08
none,3,93,0.56,0.08
none,3,94,0.49,0.08
none,3,95,0.48,0.08
none,3,96,0.45,0.08
none,3,97,0.39,0.08
none,3,98,0.44,0.08
none,3,99,0.39,0.08
none,3,100,0.44,0.08
none,3,101,0.43,0.08
none,3,102,0.45,0.08
none,3,103,0.48,0.08
none,3,104,0.45,0.08
none,3,105,0.51,0.08
none,3,106,0.49,0.08
none,3,107,0.55,0.08
none,3,108,0.47,0.08
none,3,109,0.41,0.08
none,3,110,0.41,0.08
none,3,111,0.38,0.08
none,3,112,0.41,0.08
none,3,113,0.41,0.08
none,3,114,0.47,0.08
none,3,115,0.51,0.08
none,3,116,0.55,0.08
none,3,117,0.57,0.08
none,3,118,0.58,0.08
none,3,119,0.62,0.08
none,3,120,0.54,0.08
none,3,121,0.57,0.08
none,3,122,0.59,0.08
none,3,123,0.56,0.08
none,3,124,0.58,0.08
none,3,125,0.47,0.08
none,3,126,0.47,0.08
none,3,127,0.48,0.08
none,3,128,0.48,0.08
none,3,129,0.44,0.08
none,3,130,0.42,0.08
none,3,131,0.49,0.08
none,3,132,0.43,0.08
none,3,133,0.42,0.08
none,3,134,0.45,0.08
none,3,135,0.46,0.08
none,3,136,0.46,0.08
none,3,137,0.54,0.08
none,3,138,0.55,0.08
none,3,139,0.52,0.08
none,3,140,0.48,0.08
none,3,141,0.47,0.08
none,3,142,0.49,0.08
none,3,143,0.5,0.08
none,3,144,0.56,0.08
none,3,145,0.53,0.08
none,3,146,0.55,0.08
none,3,147,0.53,0.08
none,3,148,0.52,0.08
none,3,149,0.57,0.08
none,3,150,0.55,0.08
none,4,0,0.1,0.08
none,4,1,0.09,0.08
none,4,2,0.12,0.08
none,4,3,0.16,0.08
none,4,4,0.21,0.08
none,4,5,0.22,0.08
none,4,6,0.24,0.08
none,4,7,0.26,0.08
none,4,8,0.36,0.08
none,4,9,0.38,0.08
none,4,10,0.36,0.08
none,4,11,0.38,0.08
none,4,12,0.4,0.08
none,4,13,0.38,0.08
none,4,14,0.34,0.08
none,4,15,0.44,0.08
none,4,16,0.52,0.08
none,4,17,0.58,0.08
none,4,18,0.64,0.08
none,4,19,0.6,0.08
none,4,20,0.62,0.08
none,4,21,0.55,0.08
none,4,22,0.52,0.08
none,4,23,0.56,0.08
none,4,24,0.43,0.08
none,4,25,0.5,0.08
none,4,26,0.46,0.08
none,4,27,0.46,0.08
none,4,28,0.47,0.08
none,4,29,0.51,0.08
none,4,30,0.46,0.08
none,4,31,0.52,0.08
none,4,32,0.5,0.08
none,4,33,0.48,0.08
none,4,34,0.42,0.08
none,4,35,0.48,0.08
none,4,36,0.5,0.08
none,4,37,0.46,0.08
none,4,38,0.39,0.08
none,4,39,0.33,0.08
none,4,40,0.38,0.08
none,4,41,0.44,0.08
none,4,42,0.36,0.08
none,4,43,0.36,0.08
none,4,44,0.41,0.08
none,4,45,0.37,0.08
none,4,46,0.3,0.08
none,4,47,0.41,0.08
none,4,48,0.46,0.08
none,4,49,0.5,0.08
none,4,50,0.47,0.08
none,4,51,0.42,0.08
none,4,52,0.48,0.08
none,4,53,0.54,0.08
none,4,54,0.51,0.08
none,4,55,0.44,0.08
none,4,56,0.41,0.08
none,4,57,0.47,0.08
none,4,58,0.46,0.08
none,4,59,0.48,0.08
none,4,60,0.47,0.08
none,4,61,0.48,0.08
none,4,62,0.49,0.08
none,4,63,0.54,0.08
none,4,64,0.54,0.08
none,4,65,0.61,0.08
none,4,66,0.58,0.08
none,4,67,0.48,0.08
none,4,68,0.52,0.08
none,4,69,0.52,0.08
none,4,70,0.51,0.08
none,4,71,0.53,0.08
none,4,72,0.51,0.08
none,4,73,0.49,0.08
none,4,74,0.56,0.08
none,4,75,0.49,0.08
none,4,76,0.48,0.08
none,4,77,0.49,0.08
none,4,78,0.49,0.08
none,4,79,0.43,0.08
none,4,80,0.47,0.08
none,4,81,0.56,0.08
none,4,82,0.52,0.08
none,4,83,0.56,0.08
none,4,84,0.6,0.08
none,4,85,0.56,0.08
none,4,86,0.5,0.08
none,4,87,0.48,0.08
none,4,88,0.49,0.08
none,4,89,0.55,0.08
none,4,90,0.46,0.08
none,4,91,0.4,0.08
none,4,92,0.37,0.08
none,4,93,0.39,0.08
none,4,94,0.45,0.08
none,4,95,0.47,0.08
none,4,96,0.5,0.08
none,4,97,0.49,0.08
none,4,98,0.48,0.08
none,4,99,0.48,0.08
none,4,100,0.44,0.08
none,4,101,0.45,0.08
none,4,102,0.41,0.08
none,4,103,0.46,0.08
none,4,104,0.51,0.08
none,4,105,0.5,0.08
none,4,106,0.52,0.08
none,4,107,0.54,0.08
none,4,108,0.46,0.08
none,4,109,0.46,0.08
none,4,110,0.47,0.08
none,4,111,0.48,0.08
none,4,112,0.5,0.08
none,4,113,0.56,0.08
none,4,114,0.54,0.08
none,4,115,0.52,0.08
none,4,116,0.53,0.08
none,4,117,0.53,0.08
none,4,118,0.5,0.08
none,4,119,0.52,0.08
none,4,120,0.51,0.08
none,4,121,0.49,0.08
none,4,122,0.52,0.08
none,4,123,0.5,0.08
none,4,124,0.48,0.08
none,4,125,0.46,0.08
none,4,126,0.51,0.08
none,4,127,0.52,0.08
none,4,128,0.58,0.08
none,4,129,0.58,0.08
none,4,130,0.61,0.08
none,4,131,0.57,0.08
none,4,132,0.57,0.08
none,4,133,0.5,0.08
none,4,134,0.51,0.08
none,4,135,0.53,0.08
none,4,136,0.53,0.08
none,4,137,0.54,0.08
none,4,138,0.53,0.08
none,4,139,0.54,0.08
none,4,140,0.6,0.08
none,4,141,0.57,0.08
none,4,142,0.47,0.08
none,4,143,0.51,0.08
none,4,144,0.54,0.08
none,4,145,0.57,0.08
none,4,146,0.56,0.08
none,4,147,0.52,0.08
none,4,148,0.49,0.08
none,4,149,0.52,0.08
none,4,150,0.49,0.08
none,5,0,0.1,0.08
none,5,1,0.1,0.08
none,5,2,0.14,0.08
none,5,3,0.13,0.08
none,5,4,0.15,0.08
none,5,5,0.2,0.08
none,5,6,0.28,0.08
none,5,7,0.31,0.08
none,5,8,0.34,0.08
none,5,9,0.39,0.08
none,5,10,0.32,0.08
none,5,11,0.3,0.08
none,5,12,0.36,0.08
none,5,13,0.42,0.08
none,5,14,0.41,0.08
none,5,15,0.38,0.08
none,5,16,0.46,0.08
none,5,17,0.4,0.08
none,5,18,0.38,0.08
none,5,19,0.34,0.08
none,5,20,0.36,0.08
none,5,21,0.38,0.08
none,5,22,0.42,0.08
none,5,23,0.43,0.08
none,5,24,0.42,0.08
none,5,25,0.44,0.08
none,5,26,0.47,0.08
none,5,27,0.54,0.08
none,5,28,0.57,0.08
none,5,29,0.62,0.08
none,5,30,0.58,0.08
none,5,31,0.54,0.08
none,5,32,0.52,0.08
none,5,33,0.49,0.08
none,5,34,0.49,0.08
none,5,35,0.44,0.08
none,5,36,0.48,0.08
none,5,37,0.48,0.08
none,5,38,0.44,0.08
none,5,39,0.46,0.08
none,5,40,0.49,0.08
none,5,41,0.52,0.08
none,5,42,0.57,0.08
none,5,43,0.45,0.08
none,5,44,0.55,0.08
none,5,45,0.47,0.08
none,5,46,0.56,0.08
none,5,47,0.55,0.08
none,5,48,0.54,0.08
none,5,49,0.54,0.08
none,5,50,0.56,0.08
none,5,51,0.55,0.08
none,5,52,0.57,0.08
none,5,53,0.53,0.08
none,5,54,0.51,0.08
none,5,55,0.5,0.08
none,5,56,0.48,0.08
none,5,57,0.55,0.08
none,5,58,0.56,0.08
none,5,59,0.59,0.08
none,5,60,0.56,0.08
none,5,61,0.53,0.08
none,5,62,0.51,0.08
none,5,63,0.48,0.08
none,5,64,0.47,0.08
none,5,65,0.46,0.08
none,5,66,0.59,0.08
none,5,67,0.59,0.08
none,5,68,0.54,0.08
none,5,69,0.51,0.08
none,5,70,0.46,0.08
none,5,71,0.49,0.08
none,5,72,0.48,0.08
none,5,73,0.4,0.08
none,5,74,0.49,0.08
none,5,75,0.44,0.08
none,5,76,0.4,0.08
none,5,77,0.42,0.08
none,5,78,0.44,0.08
none,5,79,0.45,0.08
none,5,80,0.46,0.08
none,5,81,0.43,0.08
none,5,82,0.43,0.08
none,5,83,0.46,0.08
none,5,84,0.46,0.08
none,5,85,0.51,0.08
none,5,86,0.47,0.08
none,5,87,0.54,0.08
none,5,88,0.5,0.08
none,5,89,0.5,0.08
none,5,90,0.5,0.08
none,5,91,0.56,0.08
none,5,92,0.53,0.08
none,5,93,0.52,0.08
none,5,94,0.48,0.08
none,5,95,0.45,0.08
none,5,96,0.48,0.08
none,5,97,0.47,0.08
none,5,98,0.49,0.08
none,5,99,0.44,0.08
none,5,100,0.38,0.08
none,5,101,0.4,0.08
none,5,102,0.42,0.08
none,5,103,0.45,0.08
none,5,104,0.44,0.08
none,5,105,0.41,0.08
none,5,106,0.42,0.08
none,5,107,0.44,0.08
none,5,108,0.46,0.08
none,5,109,0.46,0.08
none,5,110,0.44,0.08
none,5,111,0.49,0.08
none,5,112,0.54,0.08
none,5,113,0.49,0.08
none,5,114,0.48,0.08
none,5,115,0.48,0.08
none,5,116,0.54,0.08
none,5,117,0.48,0.08
none,5,118,0.53,0.08
none,5,119,0.52,0.08
none,5,120,0.52,0.08
none,5,121,0.51,0.08
none,5,122,0.52,0.08
none,5,123,0.5,0.08
none,5,124,0.47,0.08
none,5,125,0.49,0.08
none,5,126,0.52,0.08
none,5,127,0.46,0.08
none,5,128,0.49,0.08
none,5,129,0.46,0.08
none,5,130,0.49,0.08
none,5,131,0.51,0.08
none,5,132,0.42,0.08
none,5,133,0.52,0.08
none,5,134,0.58,0.08
none,5,135,0.59,0.08
none,5,136,0.53,0.08
none,5,137,0.52,0.08
none,5,138,0.51,0.08
none,5,139,0.41,0.08
none,5,140,0.44,0.08
none,5,141,0.43,0.08
none,5,142,0.42,0.08
none,5,143,0.43,0.08
none,5,144,0.43,0.08
none,5,145,0.43,0.08
none,5,146,0.46,0.08
none,5,147,0.45,0.08
none,5,148,0.44,0.08
none,5,149,0.42,0.08
none,5,150,0.44,0.08
none,6,0,0.1,0.08
none,6,1,0.12,0.08
none,6,2,0.13,0.08
none,6,3,0.18,0.08
none,6,4,0.2,0.08
none,6,5,0.23,0.08
none,6,6,0.28,0.08
none,6,7,0.36,0.08
none,6,8,0.38,0.08
none,6,9,0.37,0.08
none,6,10,0.34,0.08
none,6,11,0.31,0.08
none,6,12,0.36,0.08
none,6,13,0.42,0.08
none,6,14,0.47,0.08
none,6,15,0.47,0.08
none,6,16,0.43,0.08
none,6,17,0.52,0.08
none,6,18,0.54,0.08
none,6,19,0.49,0.08
none,6,20,0.47,0.08
none,6,21,0.5,0.08
none,6,22,0.48,0.08
none,6,23,0.53,0.08
none,6,24,0.52,0.08
none,6,25,0.52,0.08
none,6,26,0.52,0.08
none,6,27,0.48,0.08
none,6,28,0.5,0.08
none,6,29,0.51,0.08
none,6,30,0.5,0.08
none,6,31,0.52,0.08
none,6,32,0.49,0.08
none,6,33,0.58,0.08
none,6,34,0.53,0.08
none,6,35,0.48,0.08
none,6,36,0.44,0.08
none,6,37,0.44,0.08
none,6,38,0.43,0.08
none,6,39,0.47,0.08
none,6,40,0.57,0.08
none,6,41,0.61,0.08
none,6,42,0.58,0.08
none,6,43,0.53,0.08
none,6,44,0.57,0.08
none,6,45,0.54,0.08
none,6,46,0.5,0.08
none,6,47,0.42,0.08
none,6,48,0.47,0.08
none,6,49,0.48,0.08
none,6,50,0.53,0.08
none,6,51,0.55,0.08
none,6,52,0.56,0.08
none,6,53,0.55,0.08
none,6,54,0.51,0.08
none,6,55,0.48,0.08
none,6,56,0.5,0.08
none,6,57,0.47,0.08
none,6,58,0.56,0.08
none,6,59,0.55,0.08
none,6,60,0.56,0.08
none,6,61,0.53,0.08
none,6,62,0.49,0.08
none,6,63,0.53,0.08
none,6,64,0.5,0.08
none,6,65,0.55,0.08
none,6,66,0.47,0.08
none,6,67,0.5,0.08
none,6,68,0.53,0.08
none,6,69,0.55,0.08
none,6,70,0.49,0.08
none,6,71,0.54,0.08
none,6,72,0.48,0.08
none,6,73,0.49,0.08
none,6,74,0.46,0.08
none,6,75,0.42,0.08
none,6,76,0.53,0.08
none,6,77,0.5,0.08
none,6,78,0.47,0.08
none,6,79,0.49,0.08
none,6,80,0.47,0.08
none,6,81,0.47,0.08
none,6,82,0.48,0.08
none,6,83,0.45,0.08
none,6,84,0.45,0.08
none,6,85,0.48,0.08
none,6,86,0.56,0.08
none,6,87,0.58,0.08
none,6,88,0.53,0.08
none,6,89,0.51,0.08
none,6,90,0.54,0.08
none,6,91,0.52,0.08
none,6,92,0.44,0.08
none,6,93,0.45,0.08
none,6,94,0.45,0.08
none,6,95,0.42,0.08
none,6,96,0.4,0.08
none,6,97,0.46,0.08
none,6,98,0.45,0.08
none,6,99,0.44,0.08
none,6,100,0.48,0.08
none,6,101,0.42,0.08
none,6,102,0.44,0.08
none,6,103,0.45,0.08
none,6,104,0.45,0.08
none,6,105,0.45,0.08
none,6,106,0.42,0.08
none,6,107,0.48,0.08
none,6,108,0.48,0.08
none,6,109,0.53,0.08
none,6,110,0.46,0.08
none,6,111,0.53,0.08
none,6,112,0.55,0.08
none,6,113,0.54,0.08
none,6,114,0.5,0.08
none,6,115,0.56,0.08
none,6,116,0.58,0.08
none,6,117,0.5,0.08
none,6,118,0.49,0.08
none,6,119,0.51,0.08
none,6,120,0.5,0.08
none,6,121,0.54,0.08
none,6,122,0.48,0.08
none,6,123,0.49,0.08
none,6,124,0.46,0.08
none,6,125,0.48,0.08
none,6,126,0.44,0.08
none,6,127,0.48,0.08
none,6,128,0.47,0.08
none,6,129,0.48,0.08
none,6,130,0.53,0.08
none,6,131,0.55,0.08
none,6,132,0.54,0.08
none,6,133,0.55,0.08
none,6,134,0.52,0.08
none,6,135,0.47,0.08
none,6,136,0.46,0.08
none,6,137,0.46,0.08
none,6,138,0.49,0.08
none,6,139,0.56,0.08
none,6,140,0.52,0.08
none,6,141,0.5,0.08
none,6,142,0.47,0.08
none,6,143,0.41,0.08
none,6,144,0.45,0.08
none,6,145,0.48,0.08
none,6,146,0.45,0.08
none,6,147,0.43,0.08
none,6,148,0.42,0.08
none,6,149,0.43,0.08
none,6,150,0.44,0.08
none,7,0,0.1,0.08
none,7,1,0.12,0.08
none,7,2,0.16,0.08
none,7,3,0.14,0.08
none,7,4,0.19,0.08
none,7,5,0.22,0.08
none,7,6,0.22,0.08
none,7,7,0.24,0.08
none,7,8,0.34,0.08
none,7,9,0.34,0.08
none,7,10,0.34,0.08
none,7,11,0.3,0.08
none,7,12,0.34,0.08
none,7,13,0.43,0.08
none,7,14,0.45,0.08
none,7,15,0.42,0.08
none,7,16,0.39,0.08
none,7,17,0.43,0.08
none,7,18,0.39,0.08
none,7,19,0.41,0.08
none,7,20,0.36,0.08
none,7,21,0.43,0.08
none,7,22,0.52,0.08
none,7,23,0.5,0.08
none,7,24,0.5,0.08
none,7,25,0.54,0.08
none,7,26,0.55,0.08
none,7,27,0.56,0.08
none,7,28,0.44,0.08
none,7,29,0.41,0.08
none,7,30,0.48,0.08
none,7,31,0.47,0.08
none,7,32,0.48,0.08
none,7,33,0.51,0.08
none,7,34,0.45,0.08
none,7,35,0.46,0.08
none,7,36,0.48,0.08
none,7,37,0.52,0.08
none,7,38,0.42,0.08
none,7,39,0.43,0.08
none,7,40,0.42,0.08
none,7,41,0.4,0.08
none,7,42,0.5,0.08
none,7,43,0.49,0.08
none,7,44,0.4,0.08
none,7,45,0.45,0.08
none,7,46,0.43,0.08
none,7,47,0.43,0.08
none,7,48,0.43,0.08
none,7,49,0.51,0.08
none,7,50,0.42,0.08
none,7,51,0.46,0.08
none,7,52,0.5,0.08
none,7,53,0.52,0.08
none,7,54,0.59,0.08
none,7,55,0.55,0.08
none,7,56,0.56,0.08
none,7,57,0.56,0.08
none,7,58,0.48,0.08
none,7,59,0.51,0.08
none,7,60,0.53,0.08
none,7,61,0.49,0.08
none,7,62,0.52,0.08
none,7,63,0.47,0.08
none,7,64,0.53,0.08
none,7,65,0.52,0.08
none,7,66,0.56,0.08
none,7,67,0.56,0.08
none,7,68,0.49,0.08
none,7,69,0.44,0.08
none,7,70,0.5,0.08
none,7,71,0.55,0.08
none,7,72,0.55,0.08
none,7,73,0.49,0.08
none,7,74,0.51,0.08
none,7,75,0.48,0.08
none,7,76,0.53,0.08
none,7,77,0.56,0.08
none,7,78,0.55,0.08
none,7,79,0.54,0.08
none,7,80,0.55,0.08
none,7,81,0.51,0.08
none,7,82,0.5,0.08
none,7,83,0.56,0.08
none,7,84,0.52,0.08
none,7,85,0.51,0.08
none,7,86,0.52,0.08
none,7,87,0.46,0.08
none,7,88,0.45,0.08
none,7,89,0.49,0.08
none,7,90,0.44,0.08
none,7,91,0.44,0.08
none,7,92,0.48,0.08
none,7,93,0.48,0.08
none,7,94,0.49,0.08
none,7,95,0.52,0.08
none,7,96,0.59,0.08
none,7,97,0.5,0.08
none,7,98,0.53,0.08
none,7,99,0.51,0.08
none,7,100,0.58,0.08
none,7,101,0.55,0.08
none,7,102,0.52,0.08
none,7,103,0.46,0.08
none,7,104,0.44,0.08
none,7,105,0.49,0.08
none,7,106,0.5,0.08
none,7,107,0.51,0.08
none,7,108,0.46,0.08
none,7,109,0.47,0.08
none,7,110,0.46,0.08
none,7,111,0.41,0.08
none,7,112,0.51,0.08
none,7,113,0.5,0.08
none,7,114,0.43,0.08
none,7,115,0.44,0.08
none,7,116,0.48,0.08
none,7,117,0.41,0.08
none,7,118,0.42,0.08
none,7,119,0.48,0.08
none,7,120,0.5,0.08
none,7,121,0.5,0.08
none,7,122,0.54,0.08
none,7,123,0.57,0.08
none,7,124,0.52,0.08
none,7,125,0.5,0.08
none,7,126,0.52,0.08
none,7,127,0.45,0.08
none,7,128,0.46,0.08
none,7,129,0.45,0.08
none,7,130,0.42,0.08
none,7,131,0.51,0.08
none,7,132,0.53,0.08
none,7,133,0.52,0.08
none,7,134,0.53,0.08
none,7,135,0.54,0.08
none,7,136,0.5,0.08
none,7,137,0.47,0.08
none,7,138,0.56,0.08
none,7,139,0.55,0.08
none,7,140,0.57,0.08
none,7,141,0.57,0.08
none,7,142,0.59,0.08
none,7,143,0.54,0.08
none,7,144,0.56,0.08
none,7,145,0.55,0.08
none,7,146,0.55,0.08
none,7,147,0.53,0.08
none,7,148,0.52,0.08
none,7,149,0.46,0.08
none,7,150,0.49,0.08
none,8,0,0.1,0.08
none,8,1,0.13,0.08
none,8,2,0.11,0.08
none,8,3,0.09,0.08
none,8,4,0.11,0.08
none,8,5,0.11,0.08
none,8,6,0.17,0.08
none,8,7,0.22,0.08
none,8,8,0.25,0.08
none,8,9,0.28,0.08
none,8,10,0.39,0.08
none,8,11,0.45,0.08
none,8,12,0.44,0.08
none,8,13,0.46,0.08
none,8,14,0.44,0.08
none,8,15,0.45,0.08
none,8,16,0.47,0.08
none,8,17,0.46,0.08
none,8,18,0.47,0.08
none,8,19,0.46,0.08
none,8,20,0.37,0.08
none,8,21,0.43,0.08
none,8,22,0.43,0.08
none,8,23,0.46,0.08
none,8,24,0.42,0.08
none,8,25,0.38,0.08
none,8,26,0.35,0.08
none,8,27,0.36,0.08
none,8,28,0.35,0.08
none,8,29,0.37,0.08
none,8,30,0.42,0.08
none,8,31,0.49,0.08
none,8,32,0.54,0.08
none,8,33,0.5,0.08
none,8,34,0.49,0.08
none,8,35,0.53,0.08
none,8,36,0.48,0.08
none,8,37,0.55,0.08
none,8,38,0.54,0.08
none,8,39,0.55,0.08
none,8,40,0.51,0.08
none,8,41,0.48,0.08
none,8,42,0.46,0.08
none,8,43,0.46,0.08
none,8,44,0.48,0.08
none,8,45,0.5,0.08
none,8,46,0.56,0.08
none,8,47,0.6,0.08
none,8,48,0.6,0.08
none,8,49,0.55,0.08
none,8,50,0.51,0.08
none,8,51,0.46,0.08
none,8,52,0.46,0.08
none,8,53,0.57,0.08
none,8,54,0.55,0.08
none,8,55,0.51,0.08
none,8,56,0.51,0.08
none,8,57,0.56,0.08
none,8,58,0.49,0.08
none,8,59,0.56,0.08
none,8,60,0.57,0.08
none,8,61,0.61,0.08
none,8,62,0.57,0.08
none,8,63,0.58,0.08
none,8,64,0.46,0.08
none,8,65,0.42,0.08
none,8,66,0.5,0.08
none,8,67,0.48,0.08
none,8,68,0.47,0.08
none,8,69,0.48,0.08
none,8,70,0.46,0.08
none,8,71,0.48,0.08
none,8,72,0.51,0.08
none,8,73,0.49,0.08
none,8,74,0.49,0.08
none,8,75,0.53,0.08
none,8,76,0.53,0.08
none,8,77,0.52,0.08
none,8,78,0.52,0.08
none,8,79,0.49,0.08
none,8,80,0.53,0.08
none,8,81,0.58,0.08
none,8,82,0.55,0.08
none,8,83,0.54,0.08
none,8,84,0.5,0.08
none,8,85,0.47,0.08
none,8,86,0.38,0.08
none,8,87,0.39,0.08
none,8,88,0.33,0.08
none,8,89,0.35,0.08
none,8,90,0.38,0.08
none,8,91,0.4,0.08
none,8,92,0.41,0.08
none,8,93,0.42,0.08
none,8,94,0.42,0.08
none,8,95,0.51,0.08
none,8,96,0.58,0.08
none,8,97,0.46,0.08
none,8,98,0.36,0.08
none,8,99,0.41,0.08
none,8,100,0.35,0.08
none,8,101,0.35,0.08
none,8,102,0.41,0.08
none,8,103,0.46,0.08
none,8,104,0.44,0.08
none,8,105,0.52,0.08
none,8,106,0.54,0.08
none,8,107,0.55,0.08
none,8,108,0.53,0.08
none,8,109,0.5,0.08
none,8,110,0.5,0.08
none,8,111,0.51,0.08
none,8,112,0.49,0.08
none,8,113,0.47,0.08
none,8,114,0.52,0.08
none,8,115,0.51,0.08
none,8,116,0.48,0.08
none,8,117,0.52,0.08
none,8,118,0.54,0.08
none,8,119,0.49,0.08
none,8,120,0.5,0.08
none,8,121,0.47,0.08
none,8,122,0.44,0.08
none,8,123,0.43,0.08
none,8,124,0.43,0.08
none,8,125,0.49,0.08
none,8,126,0.5,0.08
none,8,127,0.48,0.08
none,8,128,0.44,0.08
none,8,129,0.42,0.08
none,8,130,0.48,0.08
none,8,131,0.56,0.08
none,8,132,0.6,0.08
none,8,133,0.57,0.08
none,8,134,0.52,0.08
none,8,135,0.47,0.08
none,8,136,0.43,0.08
none,8,137,0.44,0.08
none,8,138,0.47,0.08
none,8,139,0.47,0.08
none,8,140,0.44,0.08
none,8,141,0.47,0.08
none,8,142,0.44,0.08
none,8,143,0.43,0.08
none,8,144,0.47,0.08
none,8,145,0.51,0.08
none,8,146,0.43,0.08
none,8,147,0.46,0.08
none,8,148,0.47,0.08
none,8,149,0.48,0.08
none,8,150,0.49,0.08
none,9,0,0.1,0.08
none,9,1,0.14,0.08
none,9,2,0.17,0.08
none,9,3,0.15,0.08
none,9,4,0.19,0.08
none,9,5,0.25,0.08
none,9,6,0.29,0.08
none,9,7,0.36,0.08
none,9,8,0.44,0.08
none,9,9,0.38,0.08
none,9,10,0.36,0.08
none,9,11,0.33,0.08
none,9,12,0.39,0.08
none,9,13,0.32,0.08
none,9,14,0.31,0.08
none,9,15,0.37,0.08
none,9,16,0.45,0.08
none,9,17,0.41,0.08
none,9,18,0.38,0.08
none,9,19,0.41,0.08
none,9,20,0.48,0.08
none,9,21,0.41,0.08
none,9,22,0.35,0.08
none,9,23,0.38,0.08
none,9,24,0.45,0.08
none,9,25,0.56,0.08
none,9,26,0.55,0.08
none,9,27,0.49,0.08
none,9,28,0.44,0.08
none,9,29,0.4,0.08
none,9,30,0.44,0.08
none,9,31,0.53,0.08
none,9,32,0.52,0.08
none,9,33,0.47,0.08
none,9,34,0.45,0.08
none,9,35,0.48,0.08
none,9,36,0.48,0.08
none,9,37,0.43,0.08
none,9,38,0.45,0.08
none,9,39,0.53,0.08
none,9,40,0.51,0.08
none,9,41,0.5,0.08
none,9,42,0.46,0.08
none,9,43,0.38,0.08
none,9,44,0.44,0.08
none,9,45,0.46,0.08
none,9,46,0.47,0.08
none,9,47,0.54,0.08
none,9,48,0.54,0.08
none,9,49,0.52,0.08
none,9,50,0.48,0.08
none,9,51,0.45,0.08
none,9,52,0.48,0.08
none,9,53,0.52,0.08
none,9,54,0.46,0.08
none,9,55,0.5,0.08
none,9,56,0.45,0.08
none,9,57,0.44,0.08
none,9,58,0.45,0.08
none,9,59,0.47,0.08
none,9,60,0.42,0.08
none,9,61,0.41,0.08
none,9,62,0.47,0.08
none,9,63,0.44,0.08
none,9,64,0.45,0.08
none,9,65,0.43,0.08
none,9,66,0.4,0.08
none,9,67,0.45,0.08
none,9,68,0.46,0.08
none,9,69,0.43,0.08
none,9,70,0.46,0.08
none,9,71,0.45,0.08
none,9,72,0.47,0.08
none,9,73,0.44,0.08
none,9,74,0.49,0.08
none,9,75,0.49,0.08
none,9,76,0.55,0.08
none,9,77,0.57,0.08
none,9,78,0.55,0.08
none,9,79,0.55,0.08
none,9,80,0.51,0.08
none,9,81,0.49,0.08
none,9,82,0.48,0.08
none,9,83,0.53,0.08
none,9,84,0.55,0.08
none,9,85,0.59,0.08
none,9,86,0.61,0.08
none,9,87,0.57,0.08
none,9,88,0.55,0.08
none,9,89,0.46,0.08
none,9,90,0.48,0.08
none,9,91,0.44,0.08
none,9,92,0.47,0.08
none,9,93,0.49,0.08
none,9,94,0.48,0.08
none,9,95,0.52,0.08
none,9,96,0.52,0.08
none,9,97,0.49,0.08
none,9,98,0.47,0.08
none,9,99,0.42,0.08
none,9,100,0.41,0.08
none,9,101,0.47,0.08
none,9,102,0.44,0.08
none,9,103,0.53,0.08
none,9,104,0.41,0.08
none,9,105,0.44,0.08
none,9,106,0.55,0.08
none,9,107,0.55,0.08
none,9,108,0.56,0.08
none,9,109,0.5,0.08
none,9,110,0.51,0.08
none,9,111,0.48,0.08
none,9,112,0.47,0.08
none,9,113,0.42,0.08
none,9,114,0.42,0.08
none,9,115,0.48,0.08
none,9,116,0.46,0.08
none,9,117,0.46,0.08
none,9,118,0.48,0.08
none,9,119,0.42,0.08
none,9,120,0.45,0.08
none,9,121,0.45,0.08
none,9,122,0.42,0.08
none,9,123,0.44,0.08
none,9,124,0.43,0.08
none,9,125,0.43,0.08
none,9,126,0.48,0.08
none,9,127,0.46,0.08
none,9,128,0.46,0.08
none,9,129,0.47,0.08
none,9,130,0.43,0.08
none,9,131,0.47,0.08
none,9,132,0.46,0.08
none,9,133,0.47,0.08
none,9,134,0.44,0.08
none,9,135,0.43,0.08
none,9,136,0.47,0.08
none,9,137,0.47,0.08
none,9,138,0.45,0.08
none,9,139,0.39,0.08
none,9,140,0.41,0.08
none,9,141,0.38,0.08
none,9,142,0.33,0.08
none,9,143,0.32,0.08
none,9,144,0.36,0.08
none,9,145,0.36,0.08
none,9,146,0.41,0.08
none,9,147,0.5,0.08
none,9,148,0.49,0.08
none,9,149,0.48,0.08
none,9,150,0.49,0.08
none,10,0,0.1,0.08
none,10,1,0.12,0.08
none,10,2,0.08,0.08
none,10,3,0.11,0.08
none,10,4,0.15,0.08
none,10,5,0.14,0.08
none,10,6,0.26,0.08
none,10,7,0.29,0.08
none,10,8,0.28,0.08
none,10,9,0.34,0.08
none,10,10,0.38,0.08
none,10,11,0.39,0.08
none,10,12,0.37,0.08
none,10,13,0.35,0.08
none,10,14,0.4,0.08
none,10,15,0.42,0.08
none,10,16,0.41,0.08
none,10,17,0.48,0.08
none,10,18,0.46,0.08
none,10,19,0.49,0.08
none,10,20,0.43,0.08
none,10,21,0.48,0.08
none,10,22,0.51,0.08
none,10,23,0.43,0.08
none,10,24,0.36,0.08
none,10,25,0.41,0.08
none,10,26,0.36,0.08
none,10,27,0.37,0.08
none,10,28,0.39,0.08
none,10,29,0.38,0.08
none,10,30,0.34,0.08
none,10,31,0.4,0.08
none,10,32,0.45,0.08
none,10,33,0.5,0.08
none,10,34,0.52,0.08
none,10,35,0.47,0.08
none,10,36,0.46,0.08
none,10,37,0.48,0.08
none,10,38,0.5,0.08
none,10,39,0.55,0.08
none,10,40,0.58,0.08
none,10,41,0.5,0.08
none,10,42,0.51,0.08
none,10,43,0.5,0.08
none,10,44,0.49,0.08
none,10,45,0.47,0.08
none,10,46,0.43,0.08
none,10,47,0.5,0.08
none,10,48,0.56,0.08
none,10,49,0.56,0.08
none,10,50,0.6,0.08
none,10,51,0.61,0.08
none,10,52,0.65,0.08
none,10,53,0.62,0.08
none,10,54,0.54,0.08
none,10,55,0.54,0.08
none,10,56,0.47,0.08
none,10,57,0.47,0.08
none,10,58,0.51,0.08
none,10,59,0.52,0.08
none,10,60,0.54,0.08
none,10,61,0.59,0.08
none,10,62,0.59,0.08
none,10,63,0.56,0.08
none,10,64,0.51,0.08
none,10,65,0.55,0.08
none,10,66,0.57,0.08
none,10,67,0.5,0.08
none,10,68,0.5,0.08
none,10,69,0.48,0.08
none,10,70,0.47,0.08
none,10,71,0.51,0.08
none,10,72,0.54,0.08
none,10,73,0.54,0.08
none,10,74,0.47,0.08
none,10,75,0.5,0.08
none,10,76,0.51,0.08
none,10,77,0.5,0.08
none,10,78,0.51,0.08
none,10,79,0.47,0.08
none,10,80,0.41,0.08
none,10,81,0.4,0.08
none,10,82,0.34,0.08
none,10,83,0.4,0.08
none,10,84,0.43,0.08
none,10,85,0.42,0.08
none,10,86,0.45,0.08
none,10,87,0.5,0.08
none,10,88,0.52,0.08
none,10,89,0.52,0.08
none,10,90,0.53,0.08
none,10,91,0.52,0.08
none,10,92,0.55,0.08
none,10,93,0.57,0.08
none,10,94,0.6,0.08
none,10,95,0.6,0.08
none,10,96,0.53,0.08
none,10,97,0.6,0.08
none,10,98,0.56,0.08
none,10,99,0.47,0.08
none,10,100,0.51,0.08
none,10,101,0.54,0.08
none,10,102,0.46,0.08
none,10,103,0.44,0.08
none,10,104,0.47,0.08
none,10,105,0.49,0.08
none,10,106,0.44,0.08
none,10,107,0.48,0.08
none,10,108,0.55,0.08
none,10,109,0.63,0.08
none,10,110,0.61,0.08
none,10,111,0.63,0.08
none,10,112,0.59,0.08
none,10,113,0.56,0.08
none,10,114,0.57,0.08
none,10,115,0.58,0.08
none,10,116,0.52,0.08
none,10,117,0.5,0.08
none,10,118,0.45,0.08
none,10,119,0.52,0.08
none,10,120,0.52,0.08
none,10,121,0.47,0.08
none,10,122,0.49,0.08
none,10,123,0.51,0.08
none,10,124,0.49,0.08
none,10,125,0.53,0.08
none,10,126,0.46,0.08
none,10,127,0.42,0.08
none,10,128,0.43,0.08
none,10,129,0.42,0.08
none,10,130,0.44,0.08
none,10,131,0.43,0.08
none,10,132,0.47,0.08
none,10,133,0.53,0.08
none,10,134,0.47,0.08
none,10,135,0.48,0.08
none,10,136,0.51,0.08
none,10,137,0.5,0.08
none,10,138,0.55,0.08
none,10,139,0.51,0.08
none,10,140,0.5,0.08
none,10,141,0.46,0.08
none,10,142,0.46,0.08
none,10,143,0.48,0.08
none,10,144,0.51,0.08
none,10,145,0.45,0.08
none,10,146,0.37,0.08
none,10,147,0.43,0.08
none,10,148,0.48,0.08
none,10,149,0.45,0.08
none,10,150,0.48,0.08
none,11,0,0.1,0.08
none,11,1,0.11,0.08
none,11,2,0.13,0.08
none,11,3,0.15,0.08
none,11,4,0.17,0.08
none,11,5,0.18,0.08
none,11,6,0.17,0.08
none,11,7,0.22,0.08
none,11,8,0.23,0.08
none,11,9,0.29,0.08
none,11,10,0.36,0.08
none,11,11,0.34,0.08
none,11,12,0.39,0.08
none,11,13,0.38,0.08
none,11,14,0.41,0.08
none,11,15,0.45,0.08
none,11,16,0.43,0.08
none,11,17,0.43,0.08
none,11,18,0.42,0.08
none,11,19,0.46,0.08
none,11,20,0.43,0.08
none,11,21,0.41,0.08
none,11,22,0.51,0.08
none,11,23,0.48,0.08
none,11,24,0.5,0.08
none,11,25,0.5,0.08
none,11,26,0.44,0.08
none,11,27,0.52,0.08
none,11,28,0.57,0.08
none,11,29,0.61,0.08
none,11,30,0.57,0.08
none,11,31,0.52,0.08
none,11,32,0.45,0.08
none,11,33,0.5,0.08
none,11,34,0.41,0.08
none,11,35,0.4,0.08
none,11,36,0.34,0.08
none,11,37,0.38,0.08
none,11,38,0.41,0.08
none,11,39,0.44,0.08
none,11,40,0.44,0.08
none,11,41,0.38,0.08
none,11,42,0.4,0.08
none,11,43,0.47,0.08
none,11,44,0.48,0.08
none,11,45,0.51,0.08
none,11,46,0.43,0.08
none,11,47,0.44,0.08
none,11,48,0.53,0.08
none,11,49,0.5,0.08
none,11,50,0.54,0.08
none,11,51,0.55,0.08
none,11,52,0.51,0.08
none,11,53,0.45,0.08
none,11,54,0.44,0.08
none,11,55,0.48,0.08
none,11,56,0.49,0.08
none,11,57,0.49,0.08
none,11,58,0.41,0.08
none,11,59,0.4,0.08
none,11,60,0.41,0.08
none,11,61,0.44,0.08
none,11,62,0.41,0.08
none,11,63,0.53,0.08
none,11,64,0.52,0.08
none,11,65,0.54,0.08
none,11,66,0.52,0.08
none,11,67,0.57,0.08
none,11,68,0.57,0.08
none,11,69,0.52,0.08
none,11,70,0.49,0.08
none,11,71,0.46,0.08
none,11,72,0.43,0.08
none,11,73,0.46,0.08
none,11,74,0.52,0.08
none,11,75,0.48,0.08
none,11,76,0.43,0.08
none,11,77,0.4,0.08
none,11,78,0.43,0.08
none,11,79,0.55,0.08
none,11,80,0.65,0.08
none,11,81,0.64,0.08
none,11,82,0.56,0.08
none,11,83,0.58,0.08
none,11,84,0.54,0.08
none,11,85,0.5,0.08
none,11,86,0.52,0.08
none,11,87,0.48,0.08
none,11,88,0.5,0.08
none,11,89,0.46,0.08
none,11,90,0.5,0.08
none,11,91,0.57,0.08
none,11,92,0.52,0.08
none,11,93,0.54,0.08
none,11,94,0.48,0.08
none,11,95,0.53,0.08
none,11,96,0.53,0.08
none,11,97,0.47,0.08
none,11,98,0.47,0.08
none,11,99,0.49,0.08
none,11,100,0.52,0.08
none,11,101,0.45,0.08
none,11,102,0.45,0.08
none,11,103,0.41,0.08
none,11,104,0.45,0.08
none,11,105,0.42,0.08
none,11,106,0.46,0.08
none,11,107,0.38,0.08
none,11,108,0.39,0.08
none,11,109,0.46,0.08
none,11,110,0.42,0.08
none,11,111,0.45,0.08
none,11,112,0.42,0.08
none,11,113,0.47,0.08
none,11,114,0.47,0.08
none,11,115,0.41,0.08
none,11,116,0.45,0.08
none,11,117,0.47,0.08
none,11,118,0.44,0.08
none,11,119,0.53,0.08
none,11,120,0.53,0.08
none,11,121,0.5,0.08
none,11,122,0.52,0.08
none,11,123,0.53,0.08
none,11,124,0.51,0.08
none,11,125,0.5,0.08
none,11,126,0.51,0.08
none,11,127,0.49,0.08
none,11,128,0.47,0.08
none,11,129,0.46,0.08
none,11,130,0.45,0.08
none,11,131,0.55,0.08
none,11,132,0.51,0.08
none,11,133,0.51,0.08
none,11,134,0.52,0.08
none,11,135,0.54,0.08
none,11,136,0.52,0.08
none,11,137,0.52,0.08
none,11,138,0.56,0.08
none,11,139,0.53,0.08
none,11,140,0.5,0.08
none,11,141,0.42,0.08
none,11,142,0.47,0.08
none,11,143,0.48,0.08
none,11,144,0.53,0.08
none,11,145,0.58,0.08
none,11,146,0.52,0.08
none,11,147,0.48,0.08
none,11,148,0.47,0.08
none,11,149,0.44,0.08
none,11,150,0.44,0.08
none,12,0,0.1,0.08
none,12,1,0.1,0.08
none,12,2,0.13,0.08
none,12,3,0.14,0.08
none,12,4,0.14,0.08
none,12,5,0.18,0.08
none,12,6,0.22,0.08
none,12,7,0.3,0.08
none,12,8,0.35,0.08
none,12,9,0.42,0.08
none,12,10,0.4,0.08
none,12,11,0.48,0.08
none,12,12,0.5,0.08
none,12,13,0.44,0.08
none,12,14,0.45,0.08
none,12,15,0.49,0.08
none,12,16,0.55,0.08
none,12,17,0.52,0.08
none,12,18,0.45,0.08
none,12,19,0.46,0.08
none,12,20,0.44,0.08
none,12,21,0.44,0.08
none,12,22,0.43,0.08
none,12,23,0.44,0.08
none,12,24,0.41,0.08
none,12,25,0.44,0.08
none,12,26,0.41,0.08
none,12,27,0.36,0.08
none,12,28,0.46,0.08
none,12,29,0.53,0.08
none,12,30,0.55,0.08
none,12,31,0.48,0.08
none,12,32,0.5,0.08
none,12,33,0.51,0.08
none,12,34,0.45,0.08
none,12,35,0.44,0.08
none,12,36,0.55,0.08
none,12,37,0.64,0.08
none,12,38,0.55,0.08
none,12,39,0.52,0.08
none,12,40,0.42,0.08
none,12,41,0.47,0.08
none,12,42,0.52,0.08
none,12,43,0.48,0.08
none,12,44,0.49,0.08
none,12,45,0.43,0.08
none,12,46,0.41,0.08
none,12,47,0.46,0.08
none,12,48,0.44,0.08
none,12,49,0.46,0.08
none,12,50,0.5,0.08
none,12,51,0.53,0.08
none,12,52,0.54,0.08
none,12,53,0.51,0.08
none,12,54,0.47,0.08
none,12,55,0.51,0.08
none,12,56,0.51,0.08
none,12,57,0.53,0.08
none,12,58,0.44,0.08
none,12,59,0.48,0.08
none,12,60,0.51,0.08
none,12,61,0.46,0.08
none,12,62,0.44,0.08
none,12,63,0.48,0.08
none,12,64,0.46,0.08
none,12,65,0.47,0.08
none,12,66,0.48,0.08
none,12,67,0.46,0.08
none,12,68,0.5,0.08
none,12,69,0.5,0.08
none,12,70,0.48,0.08
none,12,71,0.44,0.08
none,12,72,0.47,0.08
none,12,73,0.51,0.08
none,12,74,0.45,0.08
none,12,75,0.47,0.08
none,12,76,0.5,0.08
none,12,77,0.45,0.08
none,12,78,0.45,0.08
none,12,79,0.45,0.08
none,12,80,0.46,0.08
none,12,81,0.42,0.08
none,12,82,0.42,0.08
none,12,83,0.44,0.08
none,12,84,0.45,0.08
none,12,85,0.45,0.08
none,12,86,0.49,0.08
none,12,87,0.44,0.08
none,12,88,0.43,0.08
none,12,89,0.37,0.08
none,12,90,0.46,0.08
none,12,91,0.46,0.08
none,12,92,0.45,0.08
none,12,93,0.47,0.08
none,12,94,0.53,0.08
none,12,95,0.55,0.08
none,12,96,0.55,0.08
none,12,97,0.48,0.08
none,12,98,0.49,0.08
none,12,99,0.4,0.08
none,12,100,0.46,0.08
none,12,101,0.48,0.08
none,12,102,0.46,0.08
none,12,103,0.48,0.08
none,12,104,0.45,0.08
none,12,105,0.46,0.08
none,12,106,0.39,0.08
none,12,107,0.36,0.08
none,12,108,0.32,0.08
none,12,109,0.38,0.08
none,12,110,0.45,0.08
none,12,111,0.49,0.08
none,12,112,0.48,0.08
none,12,113,0.5,0.08
none,12,114,0.49,0.08
none,12,115,0.47,0.08
none,12,116,0.54,0.08
none,12,117,0.61,0.08
none,12,118,0.56,0.08
none,12,119,0.52,0.08
none,12,120,0.55,0.08
none,12,121,0.51,0.08
none,12,122,0.53,0.08
none,12,123,0.62,0.08
none,12,124,0.64,0.08
none,12,125,0.63,0.08
none,12,126,0.65,0.08
none,12,127,0.58,0.08
none,12,128,0.53,0.08
none,12,129,0.51,0.08
none,12,130,0.56,0.08
none,12,131,0.51,0.08
none,12,132,0.53,0.08
none,12,133,0.54,0.08
none,12,134,0.52,0.08
none,12,135,0.48,0.08
none,12,136,0.46,0.08
none,12,137,0.49,0.08
none,12,138,0.49,0.08
none,12,139,0.44,0.08
none,12,140,0.45,0.08
none,12,141,0.48,0.08
none,12,142,0.44,0.08
none,12,143,0.42,0.08
none,12,144,0.39,0.08
none,12,145,0.37,0.08
none,12,146,0.34,0.08
none,12,147,0.32,0.08
none,12,148,0.34,0.08
none,12,149,0.38,0.08
none,12,150,0.42,0.08
none,13,0,0.1,0.08
none,13,1,0.1,0.08
none,13,2,0.13,0.08
none,13,3,0.18,0.08
none,13,4,0.18,0.08
none,13,5,0.27,0.08
none,13,6,0.29,0.08
none,13,7,0.34,0.08
none,13,8,0.32,0.08
none,13,9,0.32,0.08
none,13,10,0.33,0.08
none,13,11,0.37,0.08
none,13,12,0.38,0.08
none,13,13,0.39,0.08
none,13,14,0.36,0.08
none,13,15,0.44,0.08
none,13,16,0.45,0.08
none,13,17,0.5,0.08
none,13,18,0.45,0.08
none,13,19,0.41,0.08
none,13,20,0.42,0.08
none,13,21,0.47,0.08
none,13,22,0.49,0.08
none,13,23,0.59,0.08
none,13,24,0.54,0.08
none,13,25,0.51,0.08
none,13,26,0.52,0.08
none,13,27,0.54,0.08
none,13,28,0.51,0.08
none,13,29,0.41,0.08
none,13,30,0.39,0.08
none,13,31,0.36,0.08
none,13,32,0.34,0.08
none,13,33,0.36,0.08
none,13,34,0.39,0.08
none,13,35,0.48,0.08
none,13,36,0.49,0.08
none,13,37,0.54,0.08
none,13,38,0.49,0.08
none,13,39,0.57,0.08
none,13,40,0.57,0.08
none,13,41,0.58,0.08
none,13,42,0.5,0.08
none,13,43,0.56,0.08
none,13,44,0.54,0.08
none,13,45,0.54,0.08
none,13,46,0.5,0.08
none,13,47,0.51,0.08
none,13,48,0.54,0.08
none,13,49,0.43,0.08
none,13,50,0.45,0.08
none,13,51,0.49,0.08
none,13,52,0.51,0.08
none,13,53,0.5,0.08
none,13,54,0.52,0.08
none,13,55,0.47,0.08
none,13,56,0.42,0.08
none,13,57,0.52,0.08
none,13,58,0.46,0.08
none,13,59,0.45,0.08
none,13,60,0.45,0.08
none,13,61,0.44,0.08
none,13,62,0.45,0.08
none,13,63,0.49,0.08
none,13,64,0.53,0.08
none,13,65,0.49,0.08
none,13,66,0.51,0.08
none,13,67,0.51,0.08
none,13,68,0.52,0.08
none,13,69,0.52,0.08
none,13,70,0.51,0.08
none,13,71,0.49,0.08
none,13,72,0.49,0.08
none,13,73,0.46,0.08
none,13,74,0.5,0.08
none,13,75,0.49,0.08
none,13,76,0.45,0.08
none,13,77,0.51,0.08
none,13,78,0.53,0.08
none,13,79,0.51,0.08
none,13,80,0.54,0.08
none,13,81,0.5,0.08
none,13,82,0.54,0.08
none,13,83,0.51,0.08
none,13,84,0.48,0.08
none,13,85,0.51,0.08
none,13,86,0.51,0.08
none,13,87,0.49,0.08
none,13,88,0.5,0.08
none,13,89,0.45,0.08
none,13,90,0.48,0.08
none,13,91,0.44,0.08
none,13,92,0.44,0.08
none,13,93,0.44,0.08
none,13,94,0.37,0.08
none,13,95,0.34,0.08
none,13,96,0.37,0.08
none,13,97,0.46,0.08
none,13,98,0.49,0.08
none,13,99,0.49,0.08
none,13,100,0.49,0.08
none,13,101,0.55,0.08
none,13,102,0.56,0.08
none,13,103,0.46,0.08
none,13,104,0.43,0.08
none,13,105,0.49,0.08
none,13,106,0.49,0.08
none,13,107,0.46,0.08
none,13,108,0.44,0.08
none,13,109,0.4,0.08
none,13,110,0.39,0.08
none,13,111,0.38,0.08
none,13,112,0.4,0.08
none,13,113,0.51,0.08
none,13,114,0.5,0.08
none,13,115,0.52,0.08
none,13,116,0.57,0.08
none,13,117,0.56,0.08
none,13,118,0.52,0.08
none,13,119,0.52,0.08
none,13,120,0.5,0.08
none,13,121,0.49,0.08
none,13,122,0.4,0.08
none,13,123,0.43,0.08
none,13,124,0.44,0.08
none,13,125,0.44,0.08
none,13,126,0.46,0.08
none,13,127,0.42,0.08
none,13,128,0.45,0.08
none,13,129,0.45,0.08
none,13,130,0.45,0.08
none,13,131,0.56,0.08
none,13,132,0.66,0.08
none,13,133,0.63,0.08
none,13,134,0.55,0.08
none,13,135,0.57,0.08
none,13,136,0.59,0.08
none,13,137,0.6,0.08
none,13,138,0.57,0.08
none,13,139,0.59,0.08
none,13,140,0.53,0.08
none,13,141,0.5,0.08
none,13,142,0.54,0.08
none,13,143,0.59,0.08
none,13,144,0.54,0.08
none,13,145,0.5,0.08
none,13,146,0.5,0.08
none,13,147,0.49,0.08
none,13,148,0.44,0.08
none,13,149,0.45,0.08
none,13,150,0.47,0.08
none,14,0,0.1,0.08
none,14,1,0.15,0.08
none,14,2,0.17,0.08
none,14,3,0.22,0.08
none,14,4,0.31,0.08
none,14,5,0.36,0.08
none,14,6,0.37,0.08
none,14,7,0.35,0.08
none,14,8,0.32,0.08
none,14,9,0.32,0.08
none,14,10,0.37,0.08
none,14,11,0.39,0.08
none,14,12,0.47,0.08
none,14,13,0.35,0.08
none,14,14,0.3,0.08
none,14,15,0.33,0.08
none,14,16,0.34,0.08
none,14,17,0.29,0.08
none,14,18,0.31,0.08
none,14,19,0.36,0.08
none,14,20,0.39,0.08
none,14,21,0.44,0.08
none,14,22,0.48,0.08
none,14,23,0.51,0.08
none,14,24,0.47,0.08
none,14,25,0.48,0.08
none,14,26,0.5,0.08
none,14,27,0.47,0.08
none,14,28,0.53,0.08
none,14,29,0.49,0.08
none,14,30,0.49,0.08
none,14,31,0.49,0.08
none,14,32,0.53,0.08
none,14,33,0.53,0.08
none,14,34,0.49,0.08
none,14,35,0.47,0.08
none,14,36,0.48,0.08
none,14,37,0.42,0.08
none,14,38,0.44,0.08
none,14,39,0.44,0.08
none,14,40,0.38,0.08
none,14,41,0.39,0.08
none,14,42,0.48,0.08
none,14,43,0.47,0.08
none,14,44,0.42,0.08
none,14,45,0.41,0.08
none,14,46,0.4,0.08
none,14,47,0.49,0.08
none,14,48,0.47,0.08
none,14,49,0.44,0.08
none,14,50,0.5,0.08
none,14,51,0.49,0.08
none,14,52,0.51,0.08
none,14,53,0.54,0.08
none,14,54,0.49,0.08
none,14,55,0.56,0.08
none,14,56,0.47,0.08
none,14,57,0.42,0.08
none,14,58,0.42,0.08
none,14,59,0.47,0.08
none,14,60,0.51,0.08
none,14,61,0.51,0.08
none,14,62,0.52,0.08
none,14,63,0.47,0.08
none,14,64,0.47,0.08
none,14,65,0.58,0.08
none,14,66,0.54,0.08
none,14,67,0.52,0.08
none,14,68,0.49,0.08
none,14,69,0.46,0.08
none,14,70,0.47,0.08
none,14,71,0.46,0.08
none,14,72,0.5,0.08
none,14,73,0.46,0.08
none,14,74,0.48,0.08
none,14,75,0.43,0.08
none,14,76,0.43,0.08
none,14,77,0.49,0.08
none,14,78,0.5,0.08
none,14,79,0.52,0.08
none,14,80,0.57,0.08
none,14,81,0.58,0.08
none,14,82,0.55,0.08
none,14,83,0.5,0.08
none,14,84,0.55,0.08
none,14,85,0.49,0.08
none,14,86,0.53,0.08
none,14,87,0.57,0.08
none,14,88,0.55,0.08
none,14,89,0.61,0.08
none,14,90,0.55,0.08
none,14,91,0.51,0.08
none,14,92,0.53,0.08
none,14,93,0.45,0.08
none,14,94,0.48,0.08
none,14,95,0.48,0.08
none,14,96,0.48,0.08
none,14,97,0.53,0.08
none,14,98,0.64,0.08
none,14,99,0.63,0.08
none,14,100,0.57,0.08
none,14,101,0.56,0.08
none,14,102,0.55,0.08
none,14,103,0.55,0.08
none,14,104,0.5,0.08
none,14,105,0.52,0.08
none,14,106,0.44,0.08
none,14,107,0.47,0.08
none,14,108,0.41,0.08
none,14,109,0.45,0.08
none,14,110,0.43,0.08
none,14,111,0.4,0.08
none,14,112,0.4,0.08
none,14,113,0.46,0.08
none,14,114,0.49,0.08
none,14,115,0.52,0.08
none,14,116,0.48,0.08
none,14,117,0.56,0.08
none,14,118,0.55,0.08
none,14,119,0.52,0.08
none,14,120,0.53,0.08
none,14,121,0.45,0.08
none,14,122,0.46,0.08
none,14,123,0.52,0.08
none,14,124,0.47,0.08
none,14,125,0.53,0.08
none,14,126,0.43,0.08
none,14,127,0.44,0.08
none,14,128,0.49,0.08
none,14,129,0.54,0.08
none,14,130,0.52,0.08
none,14,131,0.58,0.08
none,14,132,0.55,0.08
none,14,133,0.49,0.08
none,14,134,0.52,0.08
none,14,135,0.52,0.08
none,14,136,0.55,0.08
none,14,137,0.5,0.08
none,14,138,0.55,0.08
none,14,139,0.5,0.08
none,14,140,0.49,0.08
none,14,141,0.53,0.08
none,14,142,0.54,0.08
none,14,143,0.54,0.08
none,14,144,0.56,0.08
none,14,145,0.6,0.08
none,14,146,0.62,0.08
none,14,147,0.61,0.08
none,14,148,0.55,0.08
none,14,149,0.52,0.08
none,14,150,0.47,0.08
none,15,0,0.1,0.08
none,15,1,0.11,0.08
none,15,2,0.18,0.08
none,15,3,0.27,0.08
none,15,4,0.31,0.08
none,15,5,0.36,0.08
none,15,6,0.41,0.08
none,15,7,0.43,0.08
none,15,8,0.42,0.08
none,15,9,0.44,0.08
none,15,10,0.41,0.08
none,15,11,0.5,0.08
none,15,12,0.54,0.08
none,15,13,0.58,0.08
none,15,14,0.54,0.08
none,15,15,0.52,0.08
none,15,16,0.51,0.08
none,15,17,0.55,0.08
none,15,18,0.56,0.08
none,15,19,0.54,0.08
none,15,20,0.56,0.08
none,15,21,0.53,0.08
none,15,22,0.52,0.08
none,15,23,0.5,0.08
none,15,24,0.43,0.08
none,15,25,0.47,0.08
none,15,26,0.44,0.08
none,15,27,0.43,0.08
none,15,28,0.45,0.08
none,15,29,0.49,0.08
none,15,30,0.43,0.08
none,15,31,0.53,0.08
none,15,32,0.51,0.08
none,15,33,0.51,0.08
none,15,34,0.5,0.08
none,15,35,0.54,0.08
none,15,36,0.58,0.08
none,15,37,0.6,0.08
none,15,38,0.54,0.08
none,15,39,0.53,0.08
none,15,40,0.55,0.08
none,15,41,0.53,0.08
none,15,42,0.52,0.08
none,15,43,0.59,0.08
none,15,44,0.6,0.08
none,15,45,0.55,0.08
none,15,46,0.56,0.08
none,15,47,0.5,0.08
none,15,48,0.53,0.08
none,15,49,0.51,0.08
none,15,50,0.51,0.08
none,15,51,0.47,0.08
none,15,52,0.52,0.08
none,15,53,0.55,0.08
none,15,54,0.52,0.08
none,15,55,0.61,0.08
none,15,56,0.66,0.08
none,15,57,0.6,0.08
none,15,58,0.54,0.08
none,15,59,0.6,0.08
none,15,60,0.56,0.08
none,15,61,0.57,0.08
none,15,62,0.51,0.08
none,15,63,0.51,0.08
none,15,64,0.51,0.08
none,15,65,0.5,0.08
none,15,66,0.44,0.08
none,15,67,0.43,0.08
none,15,68,0.43,0.08
none,15,69,0.43,0.08
none,15,70,0.39,0.08
none,15,71,0.41,0.08
none,15,72,0.44,0.08
none,15,73,0.48,0.08
none,15,74,0.54,0.08
none,15,75,0.47,0.08
none,15,76,0.52,0.08
none,15,77,0.51,0.08
none,15,78,0.49,0.08
none,15,79,0.45,0.08
none,15,80,0.46,0.08
none,15,81,0.47,0.08
none,15,82,0.45,0.08
none,15,83,0.44,0.08
none,15,84,0.49,0.08
none,15,85,0.46,0.08
none,15,86,0.44,0.08
none,15,87,0.45,0.08
none,15,88,0.48,0.08
none,15,89,0.52,0.08
none,15,90,0.61,0.08
none,15,91,0.55,0.08
none,15,92,0.51,0.08
none,15,93,0.51,0.08
none,15,94,0.49,0.08
none,15,95,0.46,0.08
none,15,96,0.45,0.08
none,15,97,0.47,0.08
none,15,98,0.49,0.08
none,15,99,0.49,0.08
none,15,100,0.43,0.08
none,15,101,0.47,0.08
none,15,102,0.54,0.08
none,15,103,0.55,0.08
none,15,104,0.47,0.08
none,15,105,0.49,0.08
none,15,106,0.49,0.08
none,15,107,0.48,0.08
none,15,108,0.49,0.08
none,15,109,0.55,0.08
none,15,110,0.54,0.08
none,15,111,0.6,0.08
none,15,112,0.58,0.08
none,15,113,0.6,0.08
none,15,114,0.55,0.08
none,15,115,0.51,0.08
none,15,116,0.48,0.08
none,15,117,0.44,0.08
none,15,118,0.47,0.08
none,15,119,0.52,0.08
none,15,120,0.54,0.08
none,15,121,0.49,0.08
none,15,122,0.57,0.08
none,15,123,0.55,0.08
none,15,124,0.52,0.08
none,15,125,0.46,0.08
none,15,126,0.49,0.08
none,15,127,0.48,0.08
none,15,128,0.46,0.08
none,15,129,0.46,0.08
none,15,130,0.47,0.08
none,15,131,0.51,0.08
none,15,132,0.41,0.08
none,15,133,0.44,0.08
none,15,134,0.39,0.08
none,15,135,0.37,0.08
none,15,136,0.38,0.08
none,15,137,0.41,0.08
none,15,138,0.47,0.08
none,15,139,0.52,0.08
none,15,140,0.51,0.08
none,15,141,0.52,0.08
none,15,142,0.44,0.08
none,15,143,0.42,0.08
none,15,144,0.42,0.08
none,15,145,0.39,0.08
none,15,146,0.34,0.08
none,15,147,0.36,0.08
none,15,148,0.32,0.08
none,15,149,0.42,0.08
none,15,150,0.39,0.08
none,16,0,0.1,0.08
none,16,1,0.18,0.08
none,16,2,0.18,0.08
none,16,3,0.17,0.08
none,16,4,0.2,0.08
none,16,5,0.17,0.08
none,16,6,0.26,0.08
none,16,7,0.22,0.08
none,16,8,0.26,0.08
none,16,9,0.34,0.08
none,16,10,0.37,0.08
none,16,11,0.46,0.08
none,16,12,0.46,0.08
none,16,13,0.45,0.08
none,16,14,0.47,0.08
none,16,15,0.46,0.08
none,16,16,0.49,0.08
none,16,17,0.48,0.08
none,16,18,0.48,0.08
none,16,19,0.47,0.08
none,16,20,0.55,0.08
none,16,21,0.55,0.08
none,16,22,0.55,0.08
none,16,23,0.56,0.08
none,16,24,0.47,0.08
none,16,25,0.47,0.08
none,16,26,0.48,0.08
none,16,27,0.52,0.08
none,16,28,0.53,0.08
none,16,29,0.47,0.08
none,16,30,0.57,0.08
none,16,31,0.68,0.08
none,16,32,0.63,0.08
none,16,33,0.66,0.08
none,16,34,0.59,0.08
none,16,35,0.6,0.08
none,16,36,0.58,0.08
none,16,37,0.52,0.08
none,16,38,0.52,0.08
none,16,39,0.51,0.08
none,16,40,0.55,0.08
none,16,41,0.5,0.08
none,16,42,0.51,0.08
none,16,43,0.5,0.08
none,16,44,0.5,0.08
none,16,45,0.51,0.08
none,16,46,0.43,0.08
none,16,47,0.44,0.08
none,16,48,0.43,0.08
none,16,49,0.48,0.08
none,16,50,0.54,0.08
none,16,51,0.58,0.08
none,16,52,0.57,0.08
none,16,53,0.57,0.08
none,16,54,0.53,0.08
none,16,55,0.52,0.08
none,16,56,0.56,0.08
none,16,57,0.58,0.08
none,16,58,0.47,0.08
none,16,59,0.54,0.08
none,16,60,0.48,0.08
none,16,61,0.51,0.08
none,16,62,0.53,0.08
none,16,63,0.56,0.08
none,16,64,0.5,0.08
none,16,65,0.51,0.08
none,16,66,0.56,0.08
none,16,67,0.49,0.08
none,16,68,0.55,0.08
none,16,69,0.56,0.08
none,16,70,0.53,0.08
none,16,71,0.52,0.08
none,16,72,0.6,0.08
none,16,73,0.59,0.08
none,16,74,0.56,0.08
none,16,75,0.53,0.08
none,16,76,0.52,0.08
none,16,77,0.52,0.08
none,16,78,0.56,0.08
none,16,79,0.57,0.08
none,16,80,0.61,0.08
none,16,81,0.55,0.08
none,16,82,0.49,0.08
none,16,83,0.53,0.08
none,16,84,0.54,0.08
none,16,85,0.51,0.08
none,16,86,0.45,0.08
none,16,87,0.41,0.08
none,16,88,0.4,0.08
none,16,89,0.41,0.08
none,16,90,0.47,0.08
none,16,91,0.47,0.08
none,16,92,0.47,0.08
none,16,93,0.51,0.08
none,16,94,0.49,0.08
none,16,95,0.41,0.08
none,16,96,0.45,0.08
none,16,97,0.42,0.08
none,16,98,0.44,0.08
none,16,99,0.43,0.08
none,16,100,0.52,0.08
none,16,101,0.49,0.08
none,16,102,0.48,0.08
none,16,103,0.45,0.08
none,16,104,0.46,0.08
none,16,105,0.42,0.08
none,16,106,0.49,0.08
none,16,107,0.49,0.08
none,16,108,0.44,0.08
none,16,109,0.47,0.08
none,16,110,0.4,0.08
none,16,111,0.33,0.08
none,16,112,0.35,0.08
none,16,113,0.41,0.08
none,16,114,0.46,0.08
none,16,115,0.54,0.08
none,16,116,0.54,0.08
none,16,117,0.51,0.08
none,16,118,0.51,0.08
none,16,119,0.54,0.08
none,16,120,0.55,0.08
none,16,121,0.53,0.08
none,16,122,0.5,0.08
none,16,123,0.52,0.08
none,16,124,0.43,0.08
none,16,125,0.47,0.08
none,16,126,0.42,0.08
none,16,127,0.42,0.08
none,16,128,0.41,0.08
none,16,129,0.37,0.08
none,16,130,0.4,0.08
none,16,131,0.41,0.08
none,16,132,0.43,0.08
none,16,133,0.46,0.08
none,16,134,0.51,0.08
none,16,135,0.47,0.08
none,16,136,0.44,0.08
none,16,137,0.38,0.08
none,16,138,0.42,0.08
none,16,139,0.36,0.08
none,16,140,0.4,0.08
none,16,141,0.35,0.08
none,16,142,0.38,0.08
none,16,143,0.42,0.08
none,16,144,0.43,0.08
none,16,145,0.42,0.08
none,16,146,0.46,0.08
none,16,147,0.48,0.08
none,16,148,0.57,0.08
none,16,149,0.56,0.08
none,16,150,0.57,0.08
none,17,0,0.1,0.08
none,17,1,0.1,0.08
none,17,2,0.13,0.08
none,17,3,0.18,0.08
none,17,4,0.2,0.08
none,17,5,0.21,0.08
none,17,6,0.19,0.08
none,17,7,0.24,0.08
none,17,8,0.33,0.08
none,17,9,0.3,0.08
none,17,10,0.36,0.08
none,17,11,0.47,0.08
none,17,12,0.4,0.08
none,17,13,0.38,0.08
none,17,14,0.42,0.08
none,17,15,0.42,0.08
none,17,16,0.37,0.08
none,17,17,0.45,0.08
none,17,18,0.51,0.08
none,17,19,0.45,0.08
none,17,20,0.48,0.08
none,17,21,0.49,0.08
none,17,22,0.53,0.08
none,17,23,0.51,0.08
none,17,24,0.5,0.08
none,17,25,0.49,0.08
none,17,26,0.52,0.08
none,17,27,0.55,0.08
none,17,28,0.46,0.08
none,17,29,0.57,0.08
none,17,30,0.59,0.08
none,17,31,0.46,0.08
none,17,32,0.49,0.08
none,17,33,0.5,0.08
none,17,34,0.47,0.08
none,17,35,0.56,0.08
none,17,36,0.52,0.08
none,17,37,0.46,0.08
none,17,38,0.49,0.08
none,17,39,0.46,0.08
none,17,40,0.35,0.08
none,17,41,0.33,0.08
none,17,42,0.36,0.08
none,17,43,0.37,0.08
none,17,44,0.39,0.08
none,17,45,0.39,0.08
none,17,46,0.46,0.08
none,17,47,0.43,0.08
none,17,48,0.47,0.08
none,17,49,0.46,0.08
none,17,50,0.44,0.08
none,17,51,0.38,0.08
none,17,52,0.45,0.08
none,17,53,0.53,0.08
none,17,54,0.51,0.08
none,17,55,0.49,0.08
none,17,56,0.51,0.08
none,17,57,0.57,0.08
none,17,58,0.55,0.08
none,17,59,0.45,0.08
none,17,60,0.48,0.08
none,17,61,0.43,0.08
none,17,62,0.46,0.08
none,17,63,0.51,0.08
none,17,64,0.53,0.08
none,17,65,0.56,0.08
none,17,66,0.53,0.08
none,17,67,0.56,0.08
none,17,68,0.52,0.08
none,17,69,0.5,0.08
none,17,70,0.55,0.08
none,17,71,0.59,0.08
none,17,72,0.55,0.08
none,17,73,0.54,0.08
none,17,74,0.52,0.08
none,17,75,0.54,0.08
none,17,76,0.5,0.08
none,17,77,0.5,0.08
none,17,78,0.53,0.08
none,17,79,0.46,0.08
none,17,80,0.47,0.08
none,17,81,0.46,0.08
none,17,82,0.52,0.08
none,17,83,0.4,0.08
none,17,84,0.44,0.08
none,17,85,0.49,0.08
none,17,86,0.54,0.08
none,17,87,0.46,0.08
none,17,88,0.42,0.08
none,17,89,0.39,0.08
none,17,90,0.47,0.08
none,17,91,0.45,0.08
none,17,92,0.51,0.08
none,17,93,0.47,0.08
none,17,94,0.44,0.08
none,17,95,0.5,0.08
none,17,96,0.45,0.08
none,17,97,0.44,0.08
none,17,98,0.42,0.08
none,17,99,0.42,0.08
none,17,100,0.47,0.08
none,17,101,0.53,0.08
none,17,102,0.48,0.08
none,17,103,0.55,0.08
none,17,104,0.58,0.08
none,17,105,0.53,0.08
none,17,106,0.53,0.08
none,17,107,0.56,0.08
none,17,108,0.56,0.08
none,17,109,0.54,0.08
none,17,110,0.56,0.08
none,17,111,0.53,0.08
none,17,112,0.51,0.08
none,17,113,0.43,0.08
none,17,114,0.48,0.08
none,17,115,0.49,0.08
none,17,116,0.47,0.08
none,17,117,0.46,0.08
none,17,118,0.46,0.08
none,17,119,0.5,0.08
none,17,120,0.51,0.08
none,17,121,0.44,0.08
none,17,122,0.51,0.08
none,17,123,0.46,0.08
none,17,124,0.48,0.08
none,17,125,0.5,0.08
none,17,126,0.44,0.08
none,17,127,0.47,0.08
none,17,128,0.48,0.08
none,17,129,0.39,0.08
none,17,130,0.42,0.08
none,17,131,0.45,0.08
none,17,132,0.39,0.08
none,17,133,0.4,0.08
none,17,134,0.49,0.08
none,17,135,0.56,0.08
none,17,136,0.54,0.08
none,17,137,0.49,0.08
none,17,138,0.52,0.08
none,17,139,0.52,0.08
none,17,140,0.57,0.08
none,17,141,0.64,0.08
none,17,142,0.57,0.08
none,17,143,0.55,0.08
none,17,144,0.55,0.08
none,17,145,0.52,0.08
none,17,146,0.51,0.08
none,17,147,0.48,0.08
none,17,148,0.49,0.08
none,17,149,0.44,0.08
none,17,150,0.49,0.08
none,18,0,0.1,0.08
none,18,1,0.1,0.08
none,18,2,0.14,0.08
none,18,3,0.19,0.08
none,18,4,0.21,0.08
none,18,5,0.25,0.08
none,18,6,0.27,0.08
none,18,7,0.33,0.08
none,18,8,0.29,0.08
none,18,9,0.29,0.08
none,18,10,0.3,0.08
none,18,11,0.38,0.08
none,18,12,0.44,0.08
none,18,13,0.46,0.08
none,18,14,0.47,0.08
none,18,15,0.46,0.08
none,18,16,0.39,0.08
none,18,17,0.39,0.08
none,18,18,0.44,0.08
none,18,19,0.41,0.08
none,18,20,0.49,0.08
none,18,21,0.47,0.08
none,18,22,0.45,0.08
none,18,23,0.49,0.08
none,18,24,0.63,0.08
none,18,25,0.57,0.08
none,18,26,0.54,0.08
none,18,27,0.48,0.08
none,18,28,0.49,0.08
none,18,29,0.48,0.08
none,18,30,0.4,0.08
none,18,31,0.44,0.08
none,18,32,0.42,0.08
none,18,33,0.45,0.08
none,18,34,0.51,0.08
none,18,35,0.45,0.08
none,18,36,0.49,0.08
none,18,37,0.5,0.08
none,18,38,0.56,0.08
none,18,39,0.5,0.08
none,18,40,0.51,0.08
none,18,41,0.54,0.08
none,18,42,0.55,0.08
none,18,43,0.49,0.08
none,18,44,0.51,0.08
none,18,45,0.55,0.08
none,18,46,0.5,0.08
none,18,47,0.5,0.08
none,18,48,0.53,0.08
none,18,49,0.5,0.08
none,18,50,0.5,0.08
none,18,51,0.44,0.08
none,18,52,0.47,0.08
none,18,53,0.53,0.08
none,18,54,0.49,0.08
none,18,55,0.58,0.08
none,18,56,0.57,0.08
none,18,57,0.57,0.08
none,18,58,0.63,0.08
none,18,59,0.55,0.08
none,18,60,0.5,0.08
none,18,61,0.48,0.08
none,18,62,0.49,0.08
none,18,63,0.49,0.08
none,18,64,0.47,0.08
none,18,65,0.48,0.08
none,18,66,0.47,0.08
none,18,67,0.44,0.08
none,18,68,0.48,0.08
none,18,69,0.41,0.08
none,18,70,0.42,0.08
none,18,71,0.51,0.08
none,18,72,0.56,0.08
none,18,73,0.53,0.08
none,18,74,0.52,0.08
none,18,75,0.5,0.08
none,18,76,0.54,0.08
none,18,77,0.52,0.08
none,18,78,0.58,0.08
none,18,79,0.53,0.08
none,18,80,0.5,0.08
none,18,81,0.5,0.08
none,18,82,0.49,0.08
none,18,83,0.45,0.08
none,18,84,0.48,0.08
none,18,85,0.48,0.08
none,18,86,0.5,0.08
none,18,87,0.48,0.08
none,18,88,0.39,0.08
none,18,89,0.46,0.08
none,18,90,0.42,0.08
none,18,91,0.5,0.08
none,18,92,0.52,0.08
none,18,93,0.46,0.08
none,18,94,0.45,0.08
none,18,95,0.47,0.08
none,18,96,0.52,0.08
none,18,97,0.49,0.08
none,18,98,0.43,0.08
none,18,99,0.45,0.08
none,18,100,0.41,0.08
none,18,101,0.38,0.08
none,18,102,0.49,0.08
none,18,103,0.55,0.08
none,18,104,0.52,0.08
none,18,105,0.5,0.08
none,18,106,0.5,0.08
none,18,107,0.47,0.08
none,18,108,0.47,0.08
none,18,109,0.53,0.08
none,18,110,0.57,0.08
none,18,111,0.51,0.08
none,18,112,0.5,0.08
none,18,113,0.47,0.08
none,18,114,0.42,0.08
none,18,115,0.45,0.08
none,18,116,0.44,0.08
none,18,117,0.45,0.08
none,18,118,0.43,0.08
none,18,119,0.48,0.08
none,18,120,0.54,0.08
none,18,121,0.45,0.08
none,18,122,0.45,0.08
none,18,123,0.43,0.08
none,18,124,0.41,0.08
none,18,125,0.37,0.08
none,18,126,0.38,0.08
none,18,127,0.44,0.08
none,18,128,0.46,0.08
none,18,129,0.54,0.08
none,18,130,0.5,0.08
none,18,131,0.54,0.08
none,18,132,0.51,0.08
none,18,133,0.55,0.08
none,18,134,0.55,0.08
none,18,135,0.56,0.08
none,18,136,0.61,0.08
none,18,137,0.63,0.08
none,18,138,0.52,0.08
none,18,139,0.44,0.08
none,18,140,0.35,0.08
none,18,141,0.44,0.08
none,18,142,0.42,0.08
none,18,143,0.49,0.08
none,18,144,0.54,0.08
none,18,145,0.53,0.08
none,18,146,0.6,0.08
none,18,147,0.58,0.08
none,18,148,0.57,0.08
none,18,149,0.54,0.08
none,18,150,0.54,0.08
none,19,0,0.1,0.08
none,19,1,0.12,0.08
none,19,2,0.15,0.08
none,19,3,0.16,0.08
none,19,4,0.24,0.08
none,19,5,0.27,0.08
none,19,6,0.25,0.08
none,19,7,0.27,0.08
none,19,8,0.34,0.08
none,19,9,0.39,0.08
none,19,10,0.43,0.08
none,19,11,0.44,0.08
none,19,12,0.38,0.08
none,19,13,0.39,0.08
none,19,14,0.39,0.08
none,19,15,0.37,0.08
none,19,16,0.41,0.08
none,19,17,0.42,0.08
none,19,18,0.45,0.08
none,19,19,0.47,0.08
none,19,20,0.46,0.08
none,19,21,0.41,0.08
none,19,22,0.37,0.08
none,19,23,0.4,0.08
none,19,24,0.43,0.08
none,19,25,0.52,0.08
none,19,26,0.49,0.08
none,19,27,0.52,0.08
none,19,28,0.5,0.08
none,19,29,0.49,0.08
none,19,30,0.42,0.08
none,19,31,0.47,0.08
none,19,32,0.44,0.08
none,19,33,0.43,0.08
none,19,34,0.43,0.08
none,19,35,0.47,0.08
none,19,36,0.5,0.08
none,19,37,0.51,0.08
none,19,38,0.51,0.08
none,19,39,0.51,0.08
none,19,40,0.52,0.08
none,19,41,0.48,0.08
none,19,42,0.53,0.08
none,19,43,0.58,0.08
none,19,44,0.53,0.08
none,19,45,0.53,0.08
none,19,46,0.53,0.08
none,19,47,0.53,0.08
none,19,48,0.48,0.08
none,19,49,0.44,0.08
none,19,50,0.45,0.08
none,19,51,0.53,0.08
none,19,52,0.51,0.08
none,19,53,0.52,0.08
none,19,54,0.51,0.08
none,19,55,0.49,0.08
none,19,56,0.43,0.08
none,19,57,0.47,0.08
none,19,58,0.45,0.08
none,19,59,0.54,0.08
none,19,60,0.56,0.08
none,19,61,0.55,0.08
none,19,62,0.53,0.08
none,19,63,0.5,0.08
none,19,64,0.51,0.08
none,19,65,0.54,0.08
none,19,66,0.53,0.08
none,19,67,0.49,0.08
none,19,68,0.56,0.08
none,19,69,0.54,0.08
none,19,70,0.63,0.08
none,19,71,0.63,0.08
none,19,72,0.66,0.08
none,19,73,0.6,0.08
none,19,74,0.68,0.08
none,19,75,0.63,0.08
none,19,76,0.63,0.08
none,19,77,0.57,0.08
none,19,78,0.55,0.08
none,19,79,0.45,0.08
none,19,80,0.41,0.08
none,19,81,0.4,0.08
none,19,82,0.46,0.08
none,19,83,0.42,0.08
none,19,84,0.44,0.08
none,19,85,0.47,0.08
none,19,86,0.5,0.08
none,19,87,0.48,0.08
none,19,88,0.52,0.08
none,19,89,0.55,0.08
none,19,90,0.54,0.08
none,19,91,0.48,0.08
none,19,92,0.47,0.08
none,19,93,0.51,0.08
none,19,94,0.49,0.08
none,19,95,0.48,0.08
none,19,96,0.54,0.08
none,19,97,0.49,0.08
none,19,98,0.44,0.08
none,19,99,0.36,0.08
none,19,100,0.43,0.08
none,19,101,0.46,0.08
none,19,102,0.38,0.08
none,19,103,0.38,0.08
none,19,104,0.39,0.08
none,19,105,0.46,0.08
none,19,106,0.49,0.08
none,19,107,0.47,0.08
none,19,108,0.4,0.08
none,19,109,0.42,0.08
none,19,110,0.37,0.08
none,19,111,0.4,0.08
none,19,112,0.44,0.08
none,19,113,0.44,0.08
none,19,114,0.44,0.08
none,19,115,0.4,0.08
none,19,116,0.42,0.08
none,19,117,0.46,0.08
none,19,118,0.51,0.08
none,19,119,0.54,0.08
none,19,120,0.52,0.08
none,19,121,0.55,0.08
none,19,122,0.57,0.08
none,19,123,0.56,0.08
none,19,124,0.54,0.08
none,19,125,0.49,0.08
none,19,126,0.56,0.08
none,19,127,0.53,0.08
none,19,128,0.47,0.08
none,19,129,0.48,0.08
none,19,130,0.46,0.08
none,19,131,0.52,0.08
none,19,132,0.52,0.08
none,19,133,0.52,0.08
none,19,134,0.53,0.08
none,19,135,0.52,0.08
none,19,136,0.56,0.08
none,19,137,0.58,0.08
none,19,138,0.51,0.08
none,19,139,0.53,0.08
none,19,140,0.55,0.08
none,19,141,0.51,0.08
none,19,142,0.5,0.08
none,19,143,0.5,0.08
none,19,144,0.56,0.08
none,19,145,0.54,0.08
none,19,146,0.53,0.08
none,19,147,0.51,0.08
none,19,148,0.53,0.08
none,19,149,0.52,0.08
none,19,150,0.5,0.08
rnd_node,0,0,0.1,0.02
rnd_node,0,1,0.08,0.02
rnd_node,0,2,0.09,0.02
rnd_node,0,3,0.07,0.02
rnd_node,0,4,0.09,0.02
rnd_node,0,5,0.08,0.02
rnd_node,0,6,0.08,0.02
rnd_node,0,7,0.09,0.02
rnd_node,0,8,0.08,0.02
rnd_node,0,9,0.07,0.02
rnd_node,0,10,0.09,0.02
rnd_node,0,11,0.09,0.02
rnd_node,0,12,0.1,0.02
rnd_node,0,13,0.09,0.02
rnd_node,0,14,0.08,0.02
rnd_node,0,15,0.08,0.02
rnd_node,0,16,0.07,0.02
rnd_node,0,17,0.05,0.02
rnd_node,0,18,0.06,0.02
rnd_node,0,19,0.07,0.02
rnd_node,0,20,0.07,0.02
rnd_node,0,21,0.06,0.02
rnd_node,0,22,0.05,0.02
rnd_node,0,23,0.04,0.02
rnd_node,0,24,0.04,0.02
rnd_node,0,25,0.04,0.02
rnd_node,0,26,0.03,0.02
rnd_node,0,27,0.03,0.02
rnd_node,0,28,0.02,0.02
rnd_node,0,29,0.02,0.02
rnd_node,0,30,0.02,0.02
rnd_node,0,31,0.03,0.02
rnd_node,0,32,0.04,0.02
rnd_node,0,33,0.02,0.02
rnd_node,0,34,0.02,0.02
rnd_node,0,35,0.01,0.02
rnd_node,0,36,0.02,0.02
rnd_node,0,37,0.02,0.02
rnd_node,0,38,0.02,0.02
rnd_node,0,39,0.02,0.02
rnd_node,0,40,0.03,0.02
rnd_node,0,41,0.04,0.02
rnd_node,0,42,0.04,0.02
rnd_node,0,43,0.03,0.02
rnd_node,0,44,0.02,0.02
rnd_node,0,45,0.02,0.02
rnd_node,0,46,0.02,0.02
rnd_node,0,47,0.02,0.02
rnd_node,0,48,0.02,0.02
rnd_node,0,49,0.01,0.02
rnd_node,0,50,0.0,0.02
rnd_node,0,51,0.0,0.02
rnd_node,0,52,0.0,0.02
rnd_node,0,53,0.0,0.02
rnd_node,0,54,0.0,0.02
rnd_node,0,55,0.0,0.02
rnd_node,0,56,0.0,0.02
rnd_node,0,57,0.0,0.02
rnd_node,0,58,0.0,0.02
rnd_node,0,59,0.0,0.02
rnd_node,0,60,0.0,0.02
rnd_node,0,61,0.0,0.02
rnd_node,0,62,0.0,0.02
rnd_node,0,63,0.0,0.02
rnd_node,0,64,0.0,0.02
rnd_node,0,65,0.0,0.02
rnd_node,0,66,0.0,0.02
rnd_node,0,67,0.0,0.02
rnd_node,0,68,0.0,0.02
rnd_node,0,69,0.0,0.02
rnd_node,0,70,0.0,0.02
rnd_node,0,71,0.0,0.02
rnd_node,0,72,0.0,0.02
rnd_node,0,73,0.0,0.02
rnd_node,0,74,0.0,0.02
rnd_node,0,75,0.0,0.02
rnd_node,0,76,0.0,0.02
rnd_node,0,77,0.0,0.02
rnd_node,0,78,0.0,0.02
rnd_node,0,79,0.0,0.02
rnd_node,0,80,0.0,0.02
rnd_node,0,81,0.0,0.02
rnd_node,0,82,0.0,0.02
rnd_node,0,83,0.0,0.02
rnd_node,0,84,0.0,0.02
rnd_node,0,85,0.0,0.02
rnd_node,0,86,0.0,0.02
rnd_node,0,87,0.0,0.02
rnd_node,0,88,0.0,0.02
rnd_node,0,89,0.0,0.02
rnd_node,0,90,0.0,0.02
rnd_node,0,91,0.0,0.02
rnd_node,0,92,0.0,0.02
rnd_node,0,93,0.0,0.02
rnd_node,0,94,0.0,0.02
rnd_node,0,95,0.0,0.02
rnd_node,0,96,0.0,0.02
rnd_node,0,97,0.0,0.02
rnd_node,0,98,0.0,0.02
rnd_node,0,99,0.0,0.02
rnd_node,0,100,0.0,0.02
rnd_node,0,101,0.0,0.02
rnd_node,0,102,0.0,0.02
rnd_node,0,103,0.0,0.02
rnd_node,0,104,0.0,0.02
rnd_node,0,105,0.0,0.02
rnd_node,0,106,0.0,0.02
rnd_node,0,107,0.0,0.02
rnd_node,0,108,0.0,0.02
rnd_node,0,109,0.0,0.02
rnd_node,0,110,0.0,0.02
rnd_node,0,111,0.0,0.02
rnd_node,0,112,0.0,0.02
rnd_node,0,113,0.0,0.02
rnd_node,0,114,0.0,0.02
rnd_node,0,115,0.0,0.02
rnd_node,0,116,0.0,0.02
rnd_node,0,117,0.0,0.02
rnd_node,0,118,0.0,0.02
rnd_node,0,119,0.0,0.02
rnd_node,0,120,0.0,0.02
rnd_node,0,121,0.0,0.02
rnd_node,0,122,0.0,0.02
rnd_node,0,123,0.0,0.02
rnd_node,0,124,0.0,0.02
rnd_node,0,125,0.0,0.02
rnd_node,0,126,0.0,0.02
rnd_node,0,127,0.0,0.02
rnd_node,0,128,0.0,0.02
rnd_node,0,129,0.0,0.02
rnd_node,0,130,0.0,0.02
rnd_node,0,131,0.0,0.02
rnd_node,0,132,0.0,0.02
rnd_node,0,133,0.0,0.02
rnd_node,0,134,0.0,0.02
rnd_node,0,135,0.0,0.02
rnd_node,0,136,0.0,0.02
rnd_node,0,137,0.0,0.02
rnd_node,0,138,0.0,0.02
rnd_node,0,139,0.0,0.02
rnd_node,0,140,0.0,0.02
rnd_node,0,141,0.0,0.02
rnd_node,0,142,0.0,0.02
rnd_node,0,143,0.0,0.02
rnd_node,0,144,0.0,0.02
rnd_node,0,145,0.0,0.02
rnd_node,0,146,0.0,0.02
rnd_node,0,147,0.0,0.02
rnd_node,0,148,0.0,0.02
rnd_node,0,149,0.0,0.02
rnd_node,0,150,0.0,0.02
rnd_node,1,0,0.1,0.02
rnd_node,1,1,0.08,0.02
rnd_node,1,2,0.07,0.02
rnd_node,1,3,0.09,0.02
rnd_node,1,4,0.09,0.02
rnd_node,1,5,0.08,0.02
rnd_node,1,6,0.1,0.02
rnd_node,1,7,0.07,0.02
rnd_node,1,8,0.07,0.02
rnd_node,1,9,0.06,0.02
rnd_node,1,10,0.03,0.02
rnd_node,1,11,0.02,0.02
rnd_node,1,12,0.02,0.02
rnd_node,1,13,0.03,0.02
rnd_node,1,14,0.02,0.02
rnd_node,1,15,0.01,0.02
rnd_node,1,16,0.01,0.02
rnd_node,1,17,0.01,0.02
rnd_node,1,18,0.0,0.02
rnd_node,1,19,0.0,0.02
rnd_node,1,20,0.0,0.02
rnd_node,1,21,0.0,0.02
rnd_node,1,22,0.0,0.02
rnd_node,1,23,0.0,0.02
rnd_node,1,24,0.0,0.02
rnd_node,1,25,0.0,0.02
rnd_node,1,26,0.0,0.02
rnd_node,1,27,0.0,0.02
rnd_node,1,28,0.0,0.02
rnd_node,1,29,0.0,0.02
rnd_node,1,30,0.0,0.02
rnd_node,1,31,0.0,0.02
rnd_node,1,32,0.0,0.02
rnd_node,1,33,0.0,0.02
rnd_node,1,34,0.0,0.02
rnd_node,1,35,0.0,0.02
rnd_node,1,36,0.0,0.02
rnd_node,1,37,0.0,0.02
rnd_node,1,38,0.0,0.02
rnd_node,1,39,0.0,0.02
rnd_node,1,40,0.0,0.02
rnd_node,1,41,0.0,0.02
rnd_node,1,42,0.0,0.02
rnd_node,1,43,0.0,0.02
rnd_node,1,44,0.0,0.02
rnd_node,1,45,0.0,0.02
rnd_node,1,46,0.0,0.02
rnd_node,1,47,0.0,0.02
rnd_node,1,48,0.0,0.02
rnd_node,1,49,0.0,0.02
rnd_node,1,50,0.0,0.02
rnd_node,1,51,0.0,0.02
rnd_node,1,52,0.0,0.02
rnd_node,1,53,0.0,0.02
rnd_node,1,54,0.0,0.02
rnd_node,1,55,0.0,0.02
rnd_node,1,56,0.0,0.02
rnd_node,1,57,0.0,0.02
rnd_node,1,58,0.0,0.02
rnd_node,1,59,0.0,0.02
rnd_node,1,60,0.0,0.02
rnd_node,1,61,0.0,0.02
rnd_node,1,62,0.0,0.02
rnd_node,1,63,0.0,0.02
rnd_node,1,64,0.0,0.02
rnd_node,1,65,0.0,0.02
rnd_node,1,66,0.0,0.02
rnd_node,1,67,0.0,0.02
rnd_node,1,68,0.0,0.02
rnd_node,1,69,0.0,0.02
rnd_node,1,70,0.0,0.02
rnd_node,1,71,0.0,0.02
rnd_node,1,72,0.0,0.02
rnd_node,1,73,0.0,0.02
rnd_node,1,74,0.0,0.02
rnd_node,1,75,0.0,0.02
rnd_node,1,76,0.0,0.02
rnd_node,1,77,0.0,0.02
rnd_node,1,78,0.0,0.02
rnd_node,1,79,0.0,0.02
rnd_node,1,80,0.0,0.02
rnd_node,1,81,0.0,0.02
rnd_node,1,82,0.0,0.02
rnd_node,1,83,0.0,0.02
rnd_node,1,84,0.0,0.02
rnd_node,1,85,0.0,0.02
rnd_node,1,86,0.0,0.02
rnd_node,1,87,0.0,0.02
rnd_node,1,88,0.0,0.02
rnd_node,1,89,0.0,0.02
rnd_node,1,90,0.0,0.02
rnd_node,1,91,0.0,0.02
rnd_node,1,92,0.0,0.02
rnd_node,1,93,0.0,0.02
rnd_node,1,94,0.0,0.02
rnd_node,1,95,0.0,0.02
rnd_node,1,96,0.0,0.02
rnd_node,1,97,0.0,0.02
rnd_node,1,98,0.0,0.02
rnd_node,1,99,0.0,0.02
rnd_node,1,100,0.0,0.02
rnd_node,1,101,0.0,0.02
rnd_node,1,102,0.0,0.02
rnd_node,1,103,0.0,0.02
rnd_node,1,104,0.0,0.02
rnd_node,1,105,0.0,0.02
rnd_node,1,106,0.0,0.02
rnd_node,1,107,0.0,0.02
rnd_node,1,108,0.0,0.02
rnd_node,1,109,0.0,0.02
rnd_node,1,110,0.0,0.02
rnd_node,1,111,0.0,0.02
rnd_node,1,112,0.0,0.02
rnd_node,1,113,0.0,0.02
rnd_node,1,114,0.0,0.02
rnd_node,1,115,0.0,0.02
rnd_node,1,116,0.0,0.02
rnd_node,1,117,0.0,0.02
rnd_node,1,118,0.0,0.02
rnd_node,1,119,0.0,0.02
rnd_node,1,120,0.0,0.02
rnd_node,1,121,0.0,0.02
rnd_node,1,122,0.0,0.02
rnd_node,1,123,0.0,0.02
rnd_node,1,124,0.0,0.02
rnd_node,1,125,0.0,0.02
rnd_node,1,126,0.0,0.02
rnd_node,1,127,0.0,0.02
rnd_node,1,128,0.0,0.02
rnd_node,1,129,0.0,0.02
rnd_node,1,130,0.0,0.02
rnd_node,1,131,0.0,0.02
rnd_node,1,132,0.0,0.02
rnd_node,1,133,0.0,0.02
rnd_node,1,134,0.0,0.02
rnd_node,1,135,0.0,0.02
rnd_node,1,136,0.0,0.02
rnd_node,1,137,0.0,0.02
rnd_node,1,138,0.0,0.02
rnd_node,1,139,0.0,0.02
rnd_node,1,140,0.0,0.02
rnd_node,1,141,0.0,0.02
rnd_node,1,142,0.0,0.02
rnd_node,1,143,0.0,0.02
rnd_node,1,144,0.0,0.02
rnd_node,1,145,0.0,0.02
rnd_node,1,146,0.0,0.02
rnd_node,1,147,0.0,0.02
rnd_node,1,148,0.0,0.02
rnd_node,1,149,0.0,0.02
rnd_node,1,150,0.0,0.02
rnd_node,2,0,0.09,0.02
rnd_node,2,1,0.07,0.02
rnd_node,2,2,0.07,0.02
rnd_node,2,3,0.07,0.02
rnd_node,2,4,0.08,0.02
rnd_node,2,5,0.06,0.02
rnd_node,2,6,0.05,0.02
rnd_node,2,7,0.08,0.02
rnd_node,2,8,0.08,0.02
rnd_node,2,9,0.08,0.02
rnd_node,2,10,0.08,0.02
rnd_node,2,11,0.07,0.02
rnd_node,2,12,0.08,0.02
rnd_node,2,13,0.08,0.02
rnd_node,2,14,0.08,0.02
rnd_node,2,15,0.05,0.02
rnd_node,2,16,0.06,0.02
rnd_node,2,17,0.07,0.02
rnd_node,2,18,0.05,0.02
rnd_node,2,19,0.03,0.02
rnd_node,2,20,0.03,0.02
rnd_node,2,21,0.02,0.02
rnd_node,2,22,0.01,0.02
rnd_node,2,23,0.0,0.02
rnd_node,2,24,0.0,0.02
rnd_node,2,25,0.0,0.02
rnd_node,2,26,0.0,0.02
rnd_node,2,27,0.0,0.02
rnd_node,2,28,0.0,0.02
rnd_node,2,29,0.0,0.02
rnd_node,2,30,0.0,0.02
rnd_node,2,31,0.0,0.02
rnd_node,2,32,0.0,0.02
rnd_node,2,33,0.0,0.02
rnd_node,2,34,0.0,0.02
rnd_node,2,35,0.0,0.02
rnd_node,2,36,0.0,0.02
rnd_node,2,37,0.0,0.02
rnd_node,2,38,0.0,0.02
rnd_node,2,39,0.0,0.02
rnd_node,2,40,0.0,0.02
rnd_node,2,41,0.0,0.02
rnd_node,2,42,0.0,0.02
rnd_node,2,43,0.0,0.02
rnd_node,2,44,0.0,0.02
rnd_node,2,45,0.0,0.02
rnd_node,2,46,0.0,0.02
rnd_node,2,47,0.0,0.02
rnd_node,2,48,0.0,0.02
rnd_node,2,49,0.0,0.02
rnd_node,2,50,0.0,0.02
rnd_node,2,51,0.0,0.02
rnd_node,2,52,0.0,0.02
rnd_node,2,53,0.0,0.02
rnd_node,2,54,0.0,0.02
rnd_node,2,55,0.0,0.02
rnd_node,2,56,0.0,0.02
rnd_node,2,57,0.0,0.02
rnd_node,2,58,0.0,0.02
rnd_node,2,59,0.0,0.02
rnd_node,2,60,0.0,0.02
rnd_node,2,61,0.0,0.02
rnd_node,2,62,0.0,0.02
rnd_node,2,63,0.0,0.02
rnd_node,2,64,0.0,0.02
rnd_node,2,65,0.0,0.02
rnd_node,2,66,0.0,0.02
rnd_node,2,67,0.0,0.02
rnd_node,2,68,0.0,0.02
rnd_node,2,69,0.0,0.02
rnd_node,2,70,0.0,0.02
rnd_node,2,71,0.0,0.02
rnd_node,2,72,0.0,0.02
rnd_node,2,73,0.0,0.02
rnd_node,2,74,0.0,0.02
rnd_node,2,75,0.0,0.02
rnd_node,2,76,0.0,0.02
rnd_node,2,77,0.0,0.02
rnd_node,2,78,0.0,0.02
rnd_node,2,79,0.0,0.02
rnd_node,2,80,0.0,0.02
rnd_node,2,81,0.0,0.02
rnd_node,2,82,0.0,0.02
rnd_node,2,83,0.0,0.02
rnd_node,2,84,0.0,0.02
rnd_node,2,85,0.0,0.02
rnd_node,2,86,0.0,0.02
rnd_node,2,87,0.0,0.02
rnd_node,2,88,0.0,0.02
rnd_node,2,89,0.0,0.02
rnd_node,2,90,0.0,0.02
rnd_node,2,91,0.0,0.02
rnd_node,2,92,0.0,0.02
rnd_node,2,93,0.0,0.02
rnd_node,2,94,0.0,0.02
rnd_node,2,95,0.0,0.02
rnd_node,2,96,0.0,0.02
rnd_node,2,97,0.0,0.02
rnd_node,2,98,0.0,0.02
rnd_node,2,99,0.0,0.02
rnd_node,2,100,0.0,0.02
rnd_node,2,101,0.0,0.02
rnd_node,2,102,0.0,0.02
rnd_node,2,103,0.0,0.02
rnd_node,2,104,0.0,0.02
rnd_node,2,105,0.0,0.02
rnd_node,2,106,0.0,0.02
rnd_node,2,107,0.0,0.02
rnd_node,2,108,0.0,0.02
rnd_node,2,109,0.0,0.02
rnd_node,2,110,0.0,0.02
rnd_node,2,111,0.0,0.02
rnd_node,2,112,0.0,0.02
rnd_node,2,113,0.0,0.02
rnd_node,2,114,0.0,0.02
rnd_node,2,115,0.0,0.02
rnd_node,2,116,0.0,0.02
rnd_node,2,117,0.0,0.02
rnd_node,2,118,0.0,0.02
rnd_node,2,119,0.0,0.02
rnd_node,2,120,0.0,0.02
rnd_node,2,121,0.0,0.02
rnd_node,2,122,0.0,0.02
rnd_node,2,123,0.0,0.02
rnd_node,2,124,0.0,0.02
rnd_node,2,125,0.0,0.02
rnd_node,2,126,0.0,0.02
rnd_node,2,127,0.0,0.02
rnd_node,2,128,0.0,0.02
rnd_node,2,129,0.0,0.02
rnd_node,2,130,0.0,0.02
rnd_node,2,131,0.0,0.02
rnd_node,2,132,0.0,0.02
rnd_node,2,133,0.0,0.02
rnd_node,2,134,0.0,0.02
rnd_node,2,135,0.0,0.02
rnd_node,2,136,0.0,0.02
rnd_node,2,137,0.0,0.02
rnd_node,2,138,0.0,0.02
rnd_node,2,139,0.0,0.02
rnd_node,2,140,0.0,0.02
rnd_node,2,141,0.0,0.02
rnd_node,2,142,0.0,0.02
rnd_node,2,143,0.0,0.02
rnd_node,2,144,0.0,0.02
rnd_node,2,145,0.0,0.02
rnd_node,2,146,0.0,0.02
rnd_node,2,147,0.0,0.02
rnd_node,2,148,0.0,0.02
rnd_node,2,149,0.0,0.02
rnd_node,2,150,0.0,0.02
rnd_node,3,0,0.09,0.02
rnd_node,3,1,0.1,0.02
rnd_node,3,2,0.06,0.02
rnd_node,3,3,0.09,0.02
rnd_node,3,4,0.1,0.02
rnd_node,3,5,0.11,0.02
rnd_node,3,6,0.08,0.02
rnd_node,3,7,0.07,0.02
rnd_node,3,8,0.09,0.02
rnd_node,3,9,0.08,0.02
rnd_node,3,10,0.07,0.02
rnd_node,3,11,0.05,0.02
rnd_node,3,12,0.06,0.02
rnd_node,3,13,0.05,0.02
rnd_node,3,14,0.05,0.02
rnd_node,3,15,0.04,0.02
rnd_node,3,16,0.05,0.02
rnd_node,3,17,0.04,0.02
rnd_node,3,18,0.04,0.02
rnd_node,3,19,0.04,0.02
rnd_node,3,20,0.03,0.02
rnd_node,3,21,0.04,0.02
rnd_node,3,22,0.04,0.02
rnd_node,3,23,0.05,0.02
rnd_node,3,24,0.04,0.02
rnd_node,3,25,0.04,0.02
rnd_node,3,26,0.04,0.02
rnd_node,3,27,0.05,0.02
rnd_node,3,28,0.05,0.02
rnd_node,3,29,0.06,0.02
rnd_node,3,30,0.07,0.02
rnd_node,3,31,0.1,0.02
rnd_node,3,32,0.09,0.02
rnd_node,3,33,0.07,0.02
rnd_node,3,34,0.08,0.02
rnd_node,3,35,0.07,0.02
rnd_node,3,36,0.05,0.02
rnd_node,3,37,0.05,0.02
rnd_node,3,38,0.04,0.02
rnd_node,3,39,0.05,0.02
rnd_node,3,40,0.05,0.02
rnd_node,3,41,0.04,0.02
rnd_node,3,42,0.04,0.02
rnd_node,3,43,0.05,0.02
rnd_node,3,44,0.05,0.02
rnd_node,3,45,0.05,0.02
rnd_node,3,46,0.04,0.02
rnd_node,3,47,0.05,0.02
rnd_node,3,48,0.04,0.02
rnd_node,3,49,0.03,0.02
rnd_node,3,50,0.02,0.02
rnd_node,3,51,0.02,0.02
rnd_node,3,52,0.03,0.02
rnd_node,3,53,0.01,0.02
rnd_node,3,54,0.01,0.02
rnd_node,3,55,0.01,0.02
rnd_node,3,56,0.01,0.02
rnd_node,3,57,0.01,0.02
rnd_node,3,58,0.02,0.02
rnd_node,3,59,0.02,0.02
rnd_node,3,60,0.03,0.02
rnd_node,3,61,0.03,0.02
rnd_node,3,62,0.02,0.02
rnd_node,3,63,0.02,0.02
rnd_node,3,64,0.02,0.02
rnd_node,3,65,0.02,0.02
rnd_node,3,66,0.02,0.02
rnd_node,3,67,0.02,0.02
rnd_node,3,68,0.02,0.02
rnd_node,3,69,0.02,0.02
rnd_node,3,70,0.02,0.02
rnd_node,3,71,0.01,0.02
rnd_node,3,72,0.01,0.02
rnd_node,3,73,0.0,0.02
rnd_node,3,74,0.0,0.02
rnd_node,3,75,0.0,0.02
rnd_node,3,76,0.0,0.02
rnd_node,3,77,0.0,0.02
rnd_node,3,78,0.0,0.02
rnd_node,3,79,0.0,0.02
rnd_node,3,80,0.0,0.02
rnd_node,3,81,0.0,0.02
rnd_node,3,82,0.0,0.02
rnd_node,3,83,0.0,0.02
rnd_node,3,84,0.0,0.02
rnd_node,3,85,0.0,0.02
rnd_node,3,86,0.0,0.02
rnd_node,3,87,0.0,0.02
rnd_node,3,88,0.0,0.02
rnd_node,3,89,0.0,0.02
rnd_node,3,90,0.0,0.02
rnd_node,3,91,0.0,0.02
rnd_node,3,92,0.0,0.02
rnd_node,3,93,0.0,0.02
rnd_node,3,94,0.0,0.02
rnd_node,3,95,0.0,0.02
rnd_node,3,96,0.0,0.02
rnd_node,3,97,0.0,0.02
rnd_node,3,98,0.0,0.02
rnd_node,3,99,0.0,0.02
rnd_node,3,100,0.0,0.02
rnd_node,3,101,0.0,0.02
rnd_node,3,102,0.0,0.02
rnd_node,3,103,0.0,0.02
rnd_node,3,104,0.0,0.02
rnd_node,3,105,0.0,0.02
rnd_node,3,106,0.0,0.02
rnd_node,3,107,0.0,0.02
rnd_node,3,108,0.0,0.02
rnd_node,3,109,0.0,0.02
rnd_node,3,110,0.0,0.02
rnd_node,3,111,0.0,0.02
rnd_node,3,112,0.0,0.02
rnd_node,3,113,0.0,0.02
rnd_node,3,114,0.0,0.02
rnd_node,3,115,0.0,0.02
rnd_node,3,116,0.0,0.02
rnd_node,3,117,0.0,0.02
rnd_node,3,118,0.0,0.02
rnd_node,3,119,0.0,0.02
rnd_node,3,120,0.0,0.02
rnd_node,3,121,0.0,0.02
rnd_node,3,122,0.0,0.02
rnd_node,3,123,0.0,0.02
rnd_node,3,124,0.0,0.02
rnd_node,3,125,0.0,0.02
rnd_node,3,126,0.0,0.02
rnd_node,3,127,0.0,0.02
rnd_node,3,128,0.0,0.02
rnd_node,3,129,0.0,0.02
rnd_node,3,130,0.0,0.02
rnd_node,3,131,0.0,0.02
rnd_node,3,132,0.0,0.02
rnd_node,3,133,0.0,0.02
rnd_node,3,134,0.0,0.02
rnd_node,3,135,0.0,0.02
rnd_node,3,136,0.0,0.02
rnd_node,3,137,0.0,0.02
rnd_node,3,138,0.0,0.02
rnd_node,3,139,0.0,0.02
rnd_node,3,140,0.0,0.02
rnd_node,3,141,0.0,0.02
rnd_node,3,142,0.0,0.02
rnd_node,3,143,0.0,0.02
rnd_node,3,144,0.0,0.02
rnd_node,3,145,0.0,0.02
rnd_node,3,146,0.0,0.02
rnd_node,3,147,0.0,0.02
rnd_node,3,148,0.0,0.02
rnd_node,3,149,0.0,0.02
rnd_node,3,150,0.0,0.02
rnd_node,4,0,0.1,0.02
rnd_node,4,1,0.08,0.02
rnd_node,4,2,0.12,0.02
rnd_node,4,3,0.1,0.02
rnd_node,4,4,0.09,0.02
rnd_node,4,5,0.07,0.02
rnd_node,4,6,0.07,0.02
rnd_node,4,7,0.05,0.02
rnd_node,4,8,0.04,0.02
rnd_node,4,9,0.07,0.02
rnd_node,4,10,0.07,0.02
rnd_node,4,11,0.06,0.02
rnd_node,4,12,0.05,0.02
rnd_node,4,13,0.07,0.02
rnd_node,4,14,0.07,0.02
rnd_node,4,15,0.07,0.02
rnd_node,4,16,0.08,0.02
rnd_node,4,17,0.08,0.02
rnd_node,4,18,0.05,0.02
rnd_node,4,19,0.04,0.02
rnd_node,4,20,0.03,0.02
rnd_node,4,21,0.03,0.02
rnd_node,4,22,0.03,0.02
rnd_node,4,23,0.04,0.02
rnd_node,4,24,0.04,0.02
rnd_node,4,25,0.01,0.02
rnd_node,4,26,0.01,0.02
rnd_node,4,27,0.01,0.02
rnd_node,4,28,0.0,0.02
rnd_node,4,29,0.0,0.02
rnd_node,4,30,0.0,0.02
rnd_node,4,31,0.0,0.02
rnd_node,4,32,0.0,0.02
rnd_node,4,33,0.0,0.02
rnd_node,4,34,0.0,0.02
rnd_node,4,35,0.0,0.02
rnd_node,4,36,0.0,0.02
rnd_node,4,37,0.0,0.02
rnd_node,4,38,0.0,0.02
rnd_node,4,39,0.0,0.02
rnd_node,4,40,0.0,0.02
rnd_node,4,41,0.0,0.02
rnd_node,4,42,0.0,0.02
rnd_node,4,43,0.0,0.02
rnd_node,4,44,0.0,0.02
rnd_node,4,45,0.0,0.02
rnd_node,4,46,0.0,0.02
rnd_node,4,47,0.0,0.02
rnd_node,4,48,0.0,0.02
rnd_node,4,49,0.0,0.02
rnd_node,4,50,0.0,0.02
rnd_node,4,51,0.0,0.02
rnd_node,4,52,0.0,0.02
rnd_node,4,53,0.0,0.02
rnd_node,4,54,0.0,0.02
rnd_node,4,55,0.0,0.02
rnd_node,4,56,0.0,0.02
rnd_node,4,57,0.0,0.02
rnd_node,4,58,0.0,0.02
rnd_node,4,59,0.0,0.02
rnd_node,4,60,0.0,0.02
rnd_node,4,61,0.0,0.02
rnd_node,4,62,0.0,0.02
rnd_node,4,63,0.0,0.02
rnd_node,4,64,0.0,0.02
rnd_node,4,65,0.0,0.02
rnd_node,4,66,0.0,0.02
rnd_node,4,67,0.0,0.02
rnd_node,4,68,0.0,0.02
rnd_node,4,69,0.0,0.02
rnd_node,4,70,0.0,0.02
rnd_node,4,71,0.0,0.02
rnd_node,4,72,0.0,0.02
rnd_node,4,73,0.0,0.02
rnd_node,4,74,0.0,0.02
rnd_node,4,75,0.0,0.02
rnd_node,4,76,0.0,0.02
rnd_node,4,77,0.0,0.02
rnd_node,4,78,0.0,0.02
rnd_node,4,79,0.0,0.02
rnd_node,4,80,0.0,0.02
rnd_node,4,81,0.0,0.02
rnd_node,4,82,0.0,0.02
rnd_node,4,83,0.0,0.02
rnd_node,4,84,0.0,0.02
rnd_node,4,85,0.0,0.02
rnd_node,4,86,0.0,0.02
rnd_node,4,87,0.0,0.02
rnd_node,4,88,0.0,0.02
rnd_node,4,89,0.0,0.02
rnd_node,4,90,0.0,0.02
rnd_node,4,91,0.0,0.02
rnd_node,4,92,0.0,0.02
rnd_node,4,93,0.0,0.02
rnd_node,4,94,0.0,0.02
rnd_node,4,95,0.0,0.02
rnd_node,4,96,0.0,0.02
rnd_node,4,97,0.0,0.02
rnd_node,4,98,0.0,0.02
rnd_node,4,99,0.0,0.02
rnd_node,4,100,0.0,0.02
rnd_node,4,101,0.0,0.02
rnd_node,4,102,0.0,0.02
rnd_node,4,103,0.0,0.02
rnd_node,4,104,0.0,0.02
rnd_node,4,105,0.0,0.02
rnd_node,4,106,0.0,0.02
rnd_node,4,107,0.0,0.02
rnd_node,4,108,0.0,0.02
rnd_node,4,109,0.0,0.02
rnd_node,4,110,0.0,0.02
rnd_node,4,111,0.0,0.02
rnd_node,4,112,0.0,0.02
rnd_node,4,113,0.0,0.02
rnd_node,4,114,0.0,0.02
rnd_node,4,115,0.0,0.02
rnd_node,4,116,0.0,0.02
rnd_node,4,117,0.0,0.02
rnd_node,4,118,0.0,0.02
rnd_node,4,119,0.0,0.02
rnd_node,4,120,0.0,0.02
rnd_node,4,121,0.0,0.02
rnd_node,4,122,0.0,0.02
rnd_node,4,123,0.0,0.02
rnd_node,4,124,0.0,0.02
rnd_node,4,125,0.0,0.02
rnd_node,4,126,0.0,0.02
rnd_node,4,127,0.0,0.02
rnd_node,4,128,0.0,0.02
rnd_node,4,129,0.0,0.02
rnd_node,4,130,0.0,0.02
rnd_node,4,131,0.0,0.02
rnd_node,4,132,0.0,0.02
rnd_node,4,133,0.0,0.02
rnd_node,4,134,0.0,0.02
rnd_node,4,135,0.0,0.02
rnd_node,4,136,0.0,0.02
rnd_node,4,137,0.0,0.02
rnd_node,4,138,0.0,0.02
rnd_node,4,139,0.0,0.02
rnd_node,4,140,0.0,0.02
rnd_node,4,141,0.0,0.02
rnd_node,4,142,0.0,0.02
rnd_node,4,143,0.0,0.02
rnd_node,4,144,0.0,0.02
rnd_node,4,145,0.0,0.02
rnd_node,4,146,0.0,0.02
rnd_node,4,147,0.0,0.02
rnd_node,4,148,0.0,0.02
rnd_node,4,149,0.0,0.02
rnd_node,4,150,0.0,0.02
rnd_node,5,0,0.1,0.02
rnd_node,5,1,0.09,0.02
rnd_node,5,2,0.07,0.02
rnd_node,5,3,0.07,0.02
rnd_node,5,4,0.06,0.02
rnd_node,5,5,0.07,0.02
rnd_node,5,6,0.06,0.02
rnd_node,5,7,0.05,0.02
rnd_node,5,8,0.05,0.02
rnd_node,5,9,0.04,0.02
rnd_node,5,10,0.02,0.02
rnd_node,5,11,0.0,0.02
rnd_node,5,12,0.0,0.02
rnd_node,5,13,0.0,0.02
rnd_node,5,14,0.0,0.02
rnd_node,5,15,0.0,0.02
rnd_node,5,16,0.0,0.02
rnd_node,5,17,0.0,0.02
rnd_node,5,18,0.0,0.02
rnd_node,5,19,0.0,0.02
rnd_node,5,20,0.0,0.02
rnd_node,5,21,0.0,0.02
rnd_node,5,22,0.0,0.02
rnd_node,5,23,0.0,0.02
rnd_node,5,24,0.0,0.02
rnd_node,5,25,0.0,0.02
rnd_node,5,26,0.0,0.02
rnd_node,5,27,0.0,0.02
rnd_node,5,28,0.0,0.02
rnd_node,5,29,0.0,0.02
rnd_node,5,30,0.0,0.02
rnd_node,5,31,0.0,0.02
rnd_node,5,32,0.0,0.02
rnd_node,5,33,0.0,0.02
rnd_node,5,34,0.0,0.02
rnd_node,5,35,0.0,0.02
rnd_node,5,36,0.0,0.02
rnd_node,5,37,0.0,0.02
rnd_node,5,38,0.0,0.02
rnd_node,5,39,0.0,0.02
rnd_node,5,40,0.0,0.02
rnd_node,5,41,0.0,0.02
rnd_node,5,42,0.0,0.02
rnd_node,5,43,0.0,0.02
rnd_node,5,44,0.0,0.02
rnd_node,5,45,0.0,0.02
rnd_node,5,46,0.0,0.02
rnd_node,5,47,0.0,0.02
rnd_node,5,48,0.0,0.02
rnd_node,5,49,0.0,0.02
rnd_node,5,50,0.0,0.02
rnd_node,5,51,0.0,0.02
rnd_node,5,52,0.0,0.02
rnd_node,5,53,0.0,0.02
rnd_node,5,54,0.0,0.02
rnd_node,5,55,0.0,0.02
rnd_node,5,56,0.0,0.02
rnd_node,5,57,0.0,0.02
rnd_node,5,58,0.0,0.02
rnd_node,5,59,0.0,0.02
rnd_node,5,60,0.0,0.02
rnd_node,5,61,0.0,0.02
rnd_node,5,62,0.0,0.02
rnd_node,5,63,0.0,0.02
rnd_node,5,64,0.0,0.02
rnd_node,5,65,0.0,0.02
rnd_node,5,66,0.0,0.02
rnd_node,5,67,0.0,0.02
rnd_node,5,68,0.0,0.02
rnd_node,5,69,0.0,0.02
rnd_node,5,70,0.0,0.02
rnd_node,5,71,0.0,0.02
rnd_node,5,72,0.0,0.02
rnd_node,5,73,0.0,0.02
rnd_node,5,74,0.0,0.02
rnd_node,5,75,0.0,0.02
rnd_node,5,76,0.0,0.02
rnd_node,5,77,0.0,0.02
rnd_node,5,78,0.0,0.02
rnd_node,5,79,0.0,0.02
rnd_node,5,80,0.0,0.02
rnd_node,5,81,0.0,0.02
rnd_node,5,82,0.0,0.02
rnd_node,5,83,0.0,0.02
rnd_node,5,84,0.0,0.02
rnd_node,5,85,0.0,0.02
rnd_node,5,86,0.0,0.02
rnd_node,5,87,0.0,0.02
rnd_node,5,88,0.0,0.02
rnd_node,5,89,0.0,0.02
rnd_node,5,90,0.0,0.02
rnd_node,5,91,0.0,0.02
rnd_node,5,92,0.0,0.02
rnd_node,5,93,0.0,0.02
rnd_node,5,94,0.0,0.02
rnd_node,5,95,0.0,0.02
rnd_node,5,96,0.0,0.02
rnd_node,5,97,0.0,0.02
rnd_node,5,98,0.0,0.02
rnd_node,5,99,0.0,0.02
rnd_node,5,100,0.0,0.02
rnd_node,5,101,0.0,0.02
rnd_node,5,102,0.0,0.02
rnd_node,5,103,0.0,0.02
rnd_node,5,104,0.0,0.02
rnd_node,5,105,0.0,0.02
rnd_node,5,106,0.0,0.02
rnd_node,5,107,0.0,0.02
rnd_node,5,108,0.0,0.02
rnd_node,5,109,0.0,0.02
rnd_node,5,110,0.0,0.02
rnd_node,5,111,0.0,0.02
rnd_node,5,112,0.0,0.02
rnd_node,5,113,0.0,0.02
rnd_node,5,114,0.0,0.02
rnd_node,5,115,0.0,0.02
rnd_node,5,116,0.0,0.02
rnd_node,5,117,0.0,0.02
rnd_node,5,118,0.0,0.02
rnd_node,5,119,0.0,0.02
rnd_node,5,120,0.0,0.02
rnd_node,5,121,0.0,0.02
rnd_node,5,122,0.0,0.02
rnd_node,5,123,0.0,0.02
rnd_node,5,124,0.0,0.02
rnd_node,5,125,0.0,0.02
rnd_node,5,126,0.0,0.02
rnd_node,5,127,0.0,0.02
rnd_node,5,128,0.0,0.02
rnd_node,5,129,0.0,0.02
rnd_node,5,130,0.0,0.02
rnd_node,5,131,0.0,0.02
rnd_node,5,132,0.0,0.02
rnd_node,5,133,0.0,0.02
rnd_node,5,134,0.0,0.02
rnd_node,5,135,0.0,0.02
rnd_node,5,136,0.0,0.02
rnd_node,5,137,0.0,0.02
rnd_node,5,138,0.0,0.02
rnd_node,5,139,0.0,0.02
rnd_node,5,140,0.0,0.02
rnd_node,5,141,0.0,0.02
rnd_node,5,142,0.0,0.02
rnd_node,5,143,0.0,0.02
rnd_node,5,144,0.0,0.02
rnd_node,5,145,0.0,0.02
rnd_node,5,146,0.0,0.02
rnd_node,5,147,0.0,0.02
rnd_node,5,148,0.0,0.02
rnd_node,5,149,0.0,0.02
rnd_node,5,150,0.0,0.02
rnd_node,6,0,0.1,0.02
rnd_node,6,1,0.07,0.02
rnd_node,6,2,0.03,0.02
rnd_node,6,3,0.03,0.02
rnd_node,6,4,0.04,0.02
rnd_node,6,5,0.04,0.02
rnd_node,6,6,0.04,0.02
rnd_node,6,7,0.03,0.02
rnd_node,6,8,0.03,0.02
rnd_node,6,9,0.04,0.02
rnd_node,6,10,0.04,0.02
rnd_node,6,11,0.02,0.02
rnd_node,6,12,0.01,0.02
rnd_node,6,13,0.02,0.02
rnd_node,6,14,0.02,0.02
rnd_node,6,15,0.01,0.02
rnd_node,6,16,0.01,0.02
rnd_node,6,17,0.0,0.02
rnd_node,6,18,0.0,0.02
rnd_node,6,19,0.0,0.02
rnd_node,6,20,0.0,0.02
rnd_node,6,21,0.0,0.02
rnd_node,6,22,0.0,0.02
rnd_node,6,23,0.0,0.02
rnd_node,6,24,0.0,0.02
rnd_node,6,25,0.0,0.02
rnd_node,6,26,0.0,0.02
rnd_node,6,27,0.0,0.02
rnd_node,6,28,0.0,0.02
rnd_node,6,29,0.0,0.02
rnd_node,6,30,0.0,0.02
rnd_node,6,31,0.0,0.02
rnd_node,6,32,0.0,0.02
rnd_node,6,33,0.0,0.02
rnd_node,6,34,0.0,0.02
rnd_node,6,35,0.0,0.02
rnd_node,6,36,0.0,0.02
rnd_node,6,37,0.0,0.02
rnd_node,6,38,0.0,0.02
rnd_node,6,39,0.0,0.02
rnd_node,6,40,0.0,0.02
rnd_node,6,41,0.0,0.02
rnd_node,6,42,0.0,0.02
rnd_node,6,43,0.0,0.02
rnd_node,6,44,0.0,0.02
rnd_node,6,45,0.0,0.02
rnd_node,6,46,0.0,0.02
rnd_node,6,47,0.0,0.02
rnd_node,6,48,0.0,0.02
rnd_node,6,49,0.0,0.02
rnd_node,6,50,0.0,0.02
rnd_node,6,51,0.0,0.02
rnd_node,6,52,0.0,0.02
rnd_node,6,53,0.0,0.02
rnd_node,6,54,0.0,0.02
rnd_node,6,55,0.0,0.02
rnd_node,6,56,0.0,0.02
rnd_node,6,57,0.0,0.02
rnd_node,6,58,0.0,0.02
rnd_node,6,59,0.0,0.02
rnd_node,6,60,0.0,0.02
rnd_node,6,61,0.0,0.02
rnd_node,6,62,0.0,0.02
rnd_node,6,63,0.0,0.02
rnd_node,6,64,0.0,0.02
rnd_node,6,65,0.0,0.02
rnd_node,6,66,0.0,0.02
rnd_node,6,67,0.0,0.02
rnd_node,6,68,0.0,0.02
rnd_node,6,69,0.0,0.02
rnd_node,6,70,0.0,0.02
rnd_node,6,71,0.0,0.02
rnd_node,6,72,0.0,0.02
rnd_node,6,73,0.0,0.02
rnd_node,6,74,0.0,0.02
rnd_node,6,75,0.0,0.02
rnd_node,6,76,0.0,0.02
rnd_node,6,77,0.0,0.02
rnd_node,6,78,0.0,0.02
rnd_node,6,79,0.0,0.02
rnd_node,6,80,0.0,0.02
rnd_node,6,81,0.0,0.02
rnd_node,6,82,0.0,0.02
rnd_node,6,83,0.0,0.02
rnd_node,6,84,0.0,0.02
rnd_node,6,85,0.0,0.02
rnd_node,6,86,0.0,0.02
rnd_node,6,87,0.0,0.02
rnd_node,6,88,0.0,0.02
rnd_node,6,89,0.0,0.02
rnd_node,6,90,0.0,0.02
rnd_node,6,91,0.0,0.02
rnd_node,6,92,0.0,0.02
rnd_node,6,93,0.0,0.02
rnd_node,6,94,0.0,0.02
rnd_node,6,95,0.0,0.02
rnd_node,6,96,0.0,0.02
rnd_node,6,97,0.0,0.02
rnd_node,6,98,0.0,0.02
rnd_node,6,99,0.0,0.02
rnd_node,6,100,0.0,0.02
rnd_node,6,101,0.0,0.02
rnd_node,6,102,0.0,0.02
rnd_node,6,103,0.0,0.02
rnd_node,6,104,0.0,0.02
rnd_node,6,105,0.0,0.02
rnd_node,6,106,0.0,0.02
rnd_node,6,107,0.0,0.02
rnd_node,6,108,0.0,0.02
rnd_node,6,109,0.0,0.02
rnd_node,6,110,0.0,0.02
rnd_node,6,111,0.0,0.02
rnd_node,6,112,0.0,0.02
rnd_node,6,113,0.0,0.02
rnd_node,6,114,0.0,0.02
rnd_node,6,115,0.0,0.02
rnd_node,6,116,0.0,0.02
rnd_node,6,117,0.0,0.02
rnd_node,6,118,0.0,0.02
rnd_node,6,119,0.0,0.02
rnd_node,6,120,0.0,0.02
rnd_node,6,121,0.0,0.02
rnd_node,6,122,0.0,0.02
rnd_node,6,123,0.0,0.02
rnd_node,6,124,0.0,0.02
rnd_node,6,125,0.0,0.02
rnd_node,6,126,0.0,0.02
rnd_node,6,127,0.0,0.02
rnd_node,6,128,0.0,0.02
rnd_node,6,129,0.0,0.02
rnd_node,6,130,0.0,0.02
rnd_node,6,131,0.0,0.02
rnd_node,6,132,0.0,0.02
rnd_node,6,133,0.0,0.02
rnd_node,6,134,0.0,0.02
rnd_node,6,135,0.0,0.02
rnd_node,6,136,0.0,0.02
rnd_node,6,137,0.0,0.02
rnd_node,6,138,0.0,0.02
rnd_node,6,139,0.0,0.02
rnd_node,6,140,0.0,0.02
rnd_node,6,141,0.0,0.02
rnd_node,6,142,0.0,0.02
rnd_node,6,143,0.0,0.02
rnd_node,6,144,0.0,0.02
rnd_node,6,145,0.0,0.02
rnd_node,6,146,0.0,0.02
rnd_node,6,147,0.0,0.02
rnd_node,6,148,0.0,0.02
rnd_node,6,149,0.0,0.02
rnd_node,6,150,0.0,0.02
rnd_node,7,0,0.09,0.02
rnd_node,7,1,0.04,0.02
rnd_node,7,2,0.04,0.02
rnd_node,7,3,0.04,0.02
rnd_node,7,4,0.04,0.02
rnd_node,7,5,0.04,0.02
rnd_node,7,6,0.02,0.02
rnd_node,7,7,0.01,0.02
rnd_node,7,8,0.01,0.02
rnd_node,7,9,0.02,0.02
rnd_node,7,10,0.02,0.02
rnd_node,7,11,0.01,0.02
rnd_node,7,12,0.02,0.02
rnd_node,7,13,0.02,0.02
rnd_node,7,14,0.02,0.02
rnd_node,7,15,0.01,0.02
rnd_node,7,16,0.01,0.02
rnd_node,7,17,0.02,0.02
rnd_node,7,18,0.02,0.02
rnd_node,7,19,0.02,0.02
rnd_node,7,20,0.02,0.02
rnd_node,7,21,0.02,0.02
rnd_node,7,22,0.01,0.02
rnd_node,7,23,0.01,0.02
rnd_node,7,24,0.0,0.02
rnd_node,7,25,0.0,0.02
rnd_node,7,26,0.0,0.02
rnd_node,7,27,0.0,0.02
rnd_node,7,28,0.0,0.02
rnd_node,7,29,0.0,0.02
rnd_node,7,30,0.0,0.02
rnd_node,7,31,0.0,0.02
rnd_node,7,32,0.0,0.02
rnd_node,7,33,0.0,0.02
rnd_node,7,34,0.0,0.02
rnd_node,7,35,0.0,0.02
rnd_node,7,36,0.0,0.02
rnd_node,7,37,0.0,0.02
rnd_node,7,38,0.0,0.02
rnd_node,7,39,0.0,0.02
rnd_node,7,40,0.0,0.02
rnd_node,7,41,0.0,0.02
rnd_node,7,42,0.0,0.02
rnd_node,7,43,0.0,0.02
rnd_node,7,44,0.0,0.02
rnd_node,7,45,0.0,0.02
rnd_node,7,46,0.0,0.02
rnd_node,7,47,0.0,0.02
rnd_node,7,48,0.0,0.02
rnd_node,7,49,0.0,0.02
rnd_node,7,50,0.0,0.02
rnd_node,7,51,0.0,0.02
rnd_node,7,52,0.0,0.02
rnd_node,7,53,0.0,0.02
rnd_node,7,54,0.0,0.02
rnd_node,7,55,0.0,0.02
rnd_node,7,56,0.0,0.02
rnd_node,7,57,0.0,0.02
rnd_node,7,58,0.0,0.02
rnd_node,7,59,0.0,0.02
rnd_node,7,60,0.0,0.02
rnd_node,7,61,0.0,0.02
rnd_node,7,62,0.0,0.02
rnd_node,7,63,0.0,0.02
rnd_node,7,64,0.0,0.02
rnd_node,7,65,0.0,0.02
rnd_node,7,66,0.0,0.02
rnd_node,7,67,0.0,0.02
rnd_node,7,68,0.0,0.02
rnd_node,7,69,0.0,0.02
rnd_node,7,70,0.0,0.02
rnd_node,7,71,0.0,0.02
rnd_node,7,72,0.0,0.02
rnd_node,7,73,0.0,0.02
rnd_node,7,74,0.0,0.02
rnd_node,7,75,0.0,0.02
rnd_node,7,76,0.0,0.02
rnd_node,7,77,0.0,0.02
rnd_node,7,78,0.0,0.02
rnd_node,7,79,0.0,0.02
rnd_node,7,80,0.0,0.02
rnd_node,7,81,0.0,0.02
rnd_node,7,82,0.0,0.02
rnd_node,7,83,0.0,0.02
rnd_node,7,84,0.0,0.02
rnd_node,7,85,0.0,0.02
rnd_node,7,86,0.0,0.02
rnd_node,7,87,0.0,0.02
rnd_node,7,88,0.0,0.02
rnd_node,7,89,0.0,0.02
rnd_node,7,90,0.0,0.02
rnd_node,7,91,0.0,0.02
rnd_node,7,92,0.0,0.02
rnd_node,7,93,0.0,0.02
rnd_node,7,94,0.0,0.02
rnd_node,7,95,0.0,0.02
rnd_node,7,96,0.0,0.02
rnd_node,7,97,0.0,0.02
rnd_node,7,98,0.0,0.02
rnd_node,7,99,0.0,0.02
rnd_node,7,100,0.0,0.02
rnd_node,7,101,0.0,0.02
rnd_node,7,102,0.0,0.02
rnd_node,7,103,0.0,0.02
rnd_node,7,104,0.0,0.02
rnd_node,7,105,0.0,0.02
rnd_node,7,106,0.0,0.02
rnd_node,7,107,0.0,0.02
rnd_node,7,108,0.0,0.02
rnd_node,7,109,0.0,0.02
rnd_node,7,110,0.0,0.02
rnd_node,7,111,0.0,0.02
rnd_node,7,112,0.0,0.02
rnd_node,7,113,0.0,0.02
rnd_node,7,114,0.0,0.02
rnd_node,7,115,0.0,0.02
rnd_node,7,116,0.0,0.02
rnd_node,7,117,0.0,0.02
rnd_node,7,118,0.0,0.02
rnd_node,7,119,0.0,0.02
rnd_node,7,120,0.0,0.02
rnd_node,7,121,0.0,0.02
rnd_node,7,122,0.0,0.02
rnd_node,7,123,0.0,0.02
rnd_node,7,124,0.0,0.02
rnd_node,7,125,0.0,0.02
rnd_node,7,126,0.0,0.02
rnd_node,7,127,0.0,0.02
rnd_node,7,128,0.0,0.02
rnd_node,7,129,0.0,0.02
rnd_node,7,130,0.0,0.02
rnd_node,7,131,0.0,0.02
rnd_node,7,132,0.0,0.02
rnd_node,7,133,0.0,0.02
rnd_node,7,134,0.0,0.02
rnd_node,7,135,0.0,0.02
rnd_node,7,136,0.0,0.02
rnd_node,7,137,0.0,0.02
rnd_node,7,138,0.0,0.02
rnd_node,7,139,0.0,0.02
rnd_node,7,140,0.0,0.02
rnd_node,7,141,0.0,0.02
rnd_node,7,142,0.0,0.02
rnd_node,7,143,0.0,0.02
rnd_node,7,144,0.0,0.02
rnd_node,7,145,0.0,0.02
rnd_node,7,146,0.0,0.02
rnd_node,7,147,0.0,0.02
rnd_node,7,148,0.0,0.02
rnd_node,7,149,0.0,0.02
rnd_node,7,150,0.0,0.02
rnd_node,8,0,0.1,0.02
rnd_node,8,1,0.09,0.02
rnd_node,8,2,0.08,0.02
rnd_node,8,3,0.07,0.02
rnd_node,8,4,0.06,0.02
rnd_node,8,5,0.05,0.02
rnd_node,8,6,0.04,0.02
rnd_node,8,7,0.04,0.02
rnd_node,8,8,0.04,0.02
rnd_node,8,9,0.01,0.02
rnd_node,8,10,0.01,0.02
rnd_node,8,11,0.01,0.02
rnd_node,8,12,0.02,0.02
rnd_node,8,13,0.03,0.02
rnd_node,8,14,0.01,0.02
rnd_node,8,15,0.01,0.02
rnd_node,8,16,0.02,0.02
rnd_node,8,17,0.02,0.02
rnd_node,8,18,0.02,0.02
rnd_node,8,19,0.03,0.02
rnd_node,8,20,0.03,0.02
rnd_node,8,21,0.05,0.02
rnd_node,8,22,0.05,0.02
rnd_node,8,23,0.04,0.02
rnd_node,8,24,0.03,0.02
rnd_node,8,25,0.02,0.02
rnd_node,8,26,0.02,0.02
rnd_node,8,27,0.02,0.02
rnd_node,8,28,0.02,0.02
rnd_node,8,29,0.02,0.02
rnd_node,8,30,0.03,0.02
rnd_node,8,31,0.03,0.02
rnd_node,8,32,0.04,0.02
rnd_node,8,33,0.04,0.02
rnd_node,8,34,0.03,0.02
rnd_node,8,35,0.03,0.02
rnd_node,8,36,0.03,0.02
rnd_node,8,37,0.03,0.02
rnd_node,8,38,0.03,0.02
rnd_node,8,39,0.03,0.02
rnd_node,8,40,0.03,0.02
rnd_node,8,41,0.02,0.02
rnd_node,8,42,0.03,0.02
rnd_node,8,43,0.01,0.02
rnd_node,8,44,0.01,0.02
rnd_node,8,45,0.0,0.02
rnd_node,8,46,0.0,0.02
rnd_node,8,47,0.0,0.02
rnd_node,8,48,0.0,0.02
rnd_node,8,49,0.0,0.02
rnd_node,8,50,0.0,0.02
rnd_node,8,51,0.0,0.02
rnd_node,8,52,0.0,0.02
rnd_node,8,53,0.0,0.02
rnd_node,8,54,0.0,0.02
rnd_node,8,55,0.0,0.02
rnd_node,8,56,0.0,0.02
rnd_node,8,57,0.0,0.02
rnd_node,8,58,0.0,0.02
rnd_node,8,59,0.0,0.02
rnd_node,8,60,0.0,0.02
rnd_node,8,61,0.0,0.02
rnd_node,8,62,0.0,0.02
rnd_node,8,63,0.0,0.02
rnd_node,8,64,0.0,0.02
rnd_node,8,65,0.0,0.02
rnd_node,8,66,0.0,0.02
rnd_node,8,67,0.0,0.02
rnd_node,8,68,0.0,0.02
rnd_node,8,69,0.0,0.02
rnd_node,8,70,0.0,0.02
rnd_node,8,71,0.0,0.02
rnd_node,8,72,0.0,0.02
rnd_node,8,73,0.0,0.02
rnd_node,8,74,0.0,0.02
rnd_node,8,75,0.0,0.02
rnd_node,8,76,0.0,0.02
rnd_node,8,77,0.0,0.02
rnd_node,8,78,0.0,0.02
rnd_node,8,79,0.0,0.02
rnd_node,8,80,0.0,0.02
rnd_node,8,81,0.0,0.02
rnd_node,8,82,0.0,0.02
rnd_node,8,83,0.0,0.02
rnd_node,8,84,0.0,0.02
rnd_node,8,85,0.0,0.02
rnd_node,8,86,0.0,0.02
rnd_node,8,87,0.0,0.02
rnd_node,8,88,0.0,0.02
rnd_node,8,89,0.0,0.02
rnd_node,8,90,0.0,0.02
rnd_node,8,91,0.0,0.02
rnd_node,8,92,0.0,0.02
rnd_node,8,93,0.0,0.02
rnd_node,8,94,0.0,0.02
rnd_node,8,95,0.0,0.02
rnd_node,8,96,0.0,0.02
rnd_node,8,97,0.0,0.02
rnd_node,8,98,0.0,0.02
rnd_node,8,99,0.0,0.02
rnd_node,8,100,0.0,0.02
rnd_node,8,101,0.0,0.02
rnd_node,8,102,0.0,0.02
rnd_node,8,103,0.0,0.02
rnd_node,8,104,0.0,0.02
rnd_node,8,105,0.0,0.02
rnd_node,8,106,0.0,0.02
rnd_node,8,107,0.0,0.02
rnd_node,8,108,0.0,0.02
rnd_node,8,109,0.0,0.02
rnd_node,8,110,0.0,0.02
rnd_node,8,111,0.0,0.02
rnd_node,8,112,0.0,0.02
rnd_node,8,113,0.0,0.02
rnd_node,8,114,0.0,0.02
rnd_node,8,115,0.0,0.02
rnd_node,8,116,0.0,0.02
rnd_node,8,117,0.0,0.02
rnd_node,8,118,0.0,0.02
rnd_node,8,119,0.0,0.02
rnd_node,8,120,0.0,0.02
rnd_node,8,121,0.0,0.02
rnd_node,8,122,0.0,0.02
rnd_node,8,123,0.0,0.02
rnd_node,8,124,0.0,0.02
rnd_node,8,125,0.0,0.02
rnd_node,8,126,0.0,0.02
rnd_node,8,127,0.0,0.02
rnd_node,8,128,0.0,0.02
rnd_node,8,129,0.0,0.02
rnd_node,8,130,0.0,0.02
rnd_node,8,131,0.0,0.02
rnd_node,8,132,0.0,0.02
rnd_node,8,133,0.0,0.02
rnd_node,8,134,0.0,0.02
rnd_node,8,135,0.0,0.02
rnd_node,8,136,0.0,0.02
rnd_node,8,137,0.0,0.02
rnd_node,8,138,0.0,0.02
rnd_node,8,139,0.0,0.02
rnd_node,8,140,0.0,0.02
rnd_node,8,141,0.0,0.02
rnd_node,8,142,0.0,0.02
rnd_node,8,143,0.0,0.02
rnd_node,8,144,0.0,0.02
rnd_node,8,145,0.0,0.02
rnd_node,8,146,0.0,0.02
rnd_node,8,147,0.0,0.02
rnd_node,8,148,0.0,0.02
rnd_node,8,149,0.0,0.02
rnd_node,8,150,0.0,0.02
rnd_node,9,0,0.1,0.02
rnd_node,9,1,0.09,0.02
rnd_node,9,2,0.1,0.02
rnd_node,9,3,0.1,0.02
rnd_node,9,4,0.07,0.02
rnd_node,9,5,0.07,0.02
rnd_node,9,6,0.09,0.02
rnd_node,9,7,0.08,0.02
rnd_node,9,8,0.08,0.02
rnd_node,9,9,0.08,0.02
rnd_node,9,10,0.06,0.02
rnd_node,9,11,0.06,0.02
rnd_node,9,12,0.07,0.02
rnd_node,9,13,0.07,0.02
rnd_node,9,14,0.05,0.02
rnd_node,9,15,0.06,0.02
rnd_node,9,16,0.06,0.02
rnd_node,9,17,0.05,0.02
rnd_node,9,18,0.05,0.02
rnd_node,9,19,0.04,0.02
rnd_node,9,20,0.03,0.02
rnd_node,9,21,0.03,0.02
rnd_node,9,22,0.01,0.02
rnd_node,9,23,0.01,0.02
rnd_node,9,24,0.0,0.02
rnd_node,9,25,0.0,0.02
rnd_node,9,26,0.0,0.02
rnd_node,9,27,0.0,0.02
rnd_node,9,28,0.0,0.02
rnd_node,9,29,0.0,0.02
rnd_node,9,30,0.0,0.02
rnd_node,9,31,0.0,0.02
rnd_node,9,32,0.0,0.02
rnd_node,9,33,0.0,0.02
rnd_node,9,34,0.0,0.02
rnd_node,9,35,0.0,0.02
rnd_node,9,36,0.0,0.02
rnd_node,9,37,0.0,0.02
rnd_node,9,38,0.0,0.02
rnd_node,9,39,0.0,0.02
rnd_node,9,40,0.0,0.02
rnd_node,9,41,0.0,0.02
rnd_node,9,42,0.0,0.02
rnd_node,9,43,0.0,0.02
rnd_node,9,44,0.0,0.02
rnd_node,9,45,0.0,0.02
rnd_node,9,46,0.0,0.02
rnd_node,9,47,0.0,0.02
rnd_node,9,48,0.0,0.02
rnd_node,9,49,0.0,0.02
rnd_node,9,50,0.0,0.02
rnd_node,9,51,0.0,0.02
rnd_node,9,52,0.0,0.02
rnd_node,9,53,0.0,0.02
rnd_node,9,54,0.0,0.02
rnd_node,9,55,0.0,0.02
rnd_node,9,56,0.0,0.02
rnd_node,9,57,0.0,0.02
rnd_node,9,58,0.0,0.02
rnd_node,9,59,0.0,0.02
rnd_node,9,60,0.0,0.02
rnd_node,9,61,0.0,0.02
rnd_node,9,62,0.0,0.02
rnd_node,9,63,0.0,0.02
rnd_node,9,64,0.0,0.02
rnd_node,9,65,0.0,0.02
rnd_node,9,66,0.0,0.02
rnd_node,9,67,0.0,0.02
rnd_node,9,68,0.0,0.02
rnd_node,9,69,0.0,0.02
rnd_node,9,70,0.0,0.02
rnd_node,9,71,0.0,0.02
rnd_node,9,72,0.0,0.02
rnd_node,9,73,0.0,0.02
rnd_node,9,74,0.0,0.02
rnd_node,9,75,0.0,0.02
rnd_node,9,76,0.0,0.02
rnd_node,9,77,0.0,0.02
rnd_node,9,78,0.0,0.02
rnd_node,9,79,0.0,0.02
rnd_node,9,80,0.0,0.02
rnd_node,9,81,0.0,0.02
rnd_node,9,82,0.0,0.02
rnd_node,9,83,0.0,0.02
rnd_node,9,84,0.0,0.02
rnd_node,9,85,0.0,0.02
rnd_node,9,86,0.0,0.02
rnd_node,9,87,0.0,0.02
rnd_node,9,88,0.0,0.02
rnd_node,9,89,0.0,0.02
rnd_node,9,90,0.0,0.02
rnd_node,9,91,0.0,0.02
rnd_node,9,92,0.0,0.02
rnd_node,9,93,0.0,0.02
rnd_node,9,94,0.0,0.02
rnd_node,9,95,0.0,0.02
rnd_node,9,96,0.0,0.02
rnd_node,9,97,0.0,0.02
rnd_node,9,98,0.0,0.02
rnd_node,9,99,0.0,0.02
rnd_node,9,100,0.0,0.02
rnd_node,9,101,0.0,0.02
rnd_node,9,102,0.0,0.02
rnd_node,9,103,0.0,0.02
rnd_node,9,104,0.0,0.02
rnd_node,9,105,0.0,0.02
rnd_node,9,106,0.0,0.02
rnd_node,9,107,0.0,0.02
rnd_node,9,108,0.0,0.02
rnd_node,9,109,0.0,0.02
rnd_node,9,110,0.0,0.02
rnd_node,9,111,0.0,0.02
rnd_node,9,112,0.0,0.02
rnd_node,9,113,0.0,0.02
rnd_node,9,114,0.0,0.02
rnd_node,9,115,0.0,0.02
rnd_node,9,116,0.0,0.02
rnd_node,9,117,0.0,0.02
rnd_node,9,118,0.0,0.02
rnd_node,9,119,0.0,0.02
rnd_node,9,120,0.0,0.02
rnd_node,9,121,0.0,0.02
rnd_node,9,122,0.0,0.02
rnd_node,9,123,0.0,0.02
rnd_node,9,124,0.0,0.02
rnd_node,9,125,0.0,0.02
rnd_node,9,126,0.0,0.02
rnd_node,9,127,0.0,0.02
rnd_node,9,128,0.0,0.02
rnd_node,9,129,0.0,0.02
rnd_node,9,130,0.0,0.02
rnd_node,9,131,0.0,0.02
rnd_node,9,132,0.0,0.02
rnd_node,9,133,0.0,0.02
rnd_node,9,134,0.0,0.02
rnd_node,9,135,0.0,0.02
rnd_node,9,136,0.0,0.02
rnd_node,9,137,0.0,0.02
rnd_node,9,138,0.0,0.02
rnd_node,9,139,0.0,0.02
rnd_node,9,140,0.0,0.02
rnd_node,9,141,0.0,0.02
rnd_node,9,142,0.0,0.02
rnd_node,9,143,0.0,0.02
rnd_node,9,144,0.0,0.02
rnd_node,9,145,0.0,0.02
rnd_node,9,146,0.0,0.02
rnd_node,9,147,0.0,0.02
rnd_node,9,148,0.0,0.02
rnd_node,9,149,0.0,0.02
rnd_node,9,150,0.0,0.02
rnd_node,10,0,0.1,0.02
rnd_node,10,1,0.11,0.02
rnd_node,10,2,0.12,0.02
rnd_node,10,3,0.14,0.02
rnd_node,10,4,0.14,0.02
rnd_node,10,5,0.1,0.02
rnd_node,10,6,0.08,0.02
rnd_node,10,7,0.07,0.02
rnd_node,10,8,0.07,0.02
rnd_node,10,9,0.06,0.02
rnd_node,10,10,0.05,0.02
rnd_node,10,11,0.05,0.02
rnd_node,10,12,0.04,0.02
rnd_node,10,13,0.03,0.02
rnd_node,10,14,0.02,0.02
rnd_node,10,15,0.01,0.02
rnd_node,10,16,0.01,0.02
rnd_node,10,17,0.0,0.02
rnd_node,10,18,0.0,0.02
rnd_node,10,19,0.0,0.02
rnd_node,10,20,0.0,0.02
rnd_node,10,21,0.0,0.02
rnd_node,10,22,0.0,0.02
rnd_node,10,23,0.0,0.02
rnd_node,10,24,0.0,0.02
rnd_node,10,25,0.0,0.02
rnd_node,10,26,0.0,0.02
rnd_node,10,27,0.0,0.02
rnd_node,10,28,0.0,0.02
rnd_node,10,29,0.0,0.02
rnd_node,10,30,0.0,0.02
rnd_node,10,31,0.0,0.02
rnd_node,10,32,0.0,0.02
rnd_node,10,33,0.0,0.02
rnd_node,10,34,0.0,0.02
rnd_node,10,35,0.0,0.02
rnd_node,10,36,0.0,0.02
rnd_node,10,37,0.0,0.02
rnd_node,10,38,0.0,0.02
rnd_node,10,39,0.0,0.02
rnd_node,10,40,0.0,0.02
rnd_node,10,41,0.0,0.02
rnd_node,10,42,0.0,0.02
rnd_node,10,43,0.0,0.02
rnd_node,10,44,0.0,0.02
rnd_node,10,45,0.0,0.02
rnd_node,10,46,0.0,0.02
rnd_node,10,47,0.0,0.02
rnd_node,10,48,0.0,0.02
rnd_node,10,49,0.0,0.02
rnd_node,10,50,0.0,0.02
rnd_node,10,51,0.0,0.02
rnd_node,10,52,0.0,0.02
rnd_node,10,53,0.0,0.02
rnd_node,10,54,0.0,0.02
rnd_node,10,55,0.0,0.02
rnd_node,10,56,0.0,0.02
rnd_node,10,57,0.0,0.02
rnd_node,10,58,0.0,0.02
rnd_node,10,59,0.0,0.02
rnd_node,10,60,0.0,0.02
rnd_node,10,61,0.0,0.02
rnd_node,10,62,0.0,0.02
rnd_node,10,63,0.0,0.02
rnd_node,10,64,0.0,0.02
rnd_node,10,65,0.0,0.02
rnd_node,10,66,0.0,0.02
rnd_node,10,67,0.0,0.02
rnd_node,10,68,0.0,0.02
rnd_node,10,69,0.0,0.02
rnd_node,10,70,0.0,0.02
rnd_node,10,71,0.0,0.02
rnd_node,10,72,0.0,0.02
rnd_node,10,73,0.0,0.02
rnd_node,10,74,0.0,0.02
rnd_node,10,75,0.0,0.02
rnd_node,10,76,0.0,0.02
rnd_node,10,77,0.0,0.02
rnd_node,10,78,0.0,0.02
rnd_node,10,79,0.0,0.02
rnd_node,10,80,0.0,0.02
rnd_node,10,81,0.0,0.02
rnd_node,10,82,0.0,0.02
rnd_node,10,83,0.0,0.02
rnd_node,10,84,0.0,0.02
rnd_node,10,85,0.0,0.02
rnd_node,10,86,0.0,0.02
rnd_node,10,87,0.0,0.02
rnd_node,10,88,0.0,0.02
rnd_node,10,89,0.0,0.02
rnd_node,10,90,0.0,0.02
rnd_node,10,91,0.0,0.02
rnd_node,10,92,0.0,0.02
rnd_node,10,93,0.0,0.02
rnd_node,10,94,0.0,0.02
rnd_node,10,95,0.0,0.02
rnd_node,10,96,0.0,0.02
rnd_node,10,97,0.0,0.02
rnd_node,10,98,0.0,0.02
rnd_node,10,99,0.0,0.02
rnd_node,10,100,0.0,0.02
rnd_node,10,101,0.0,0.02
rnd_node,10,102,0.0,0.02
rnd_node,10,103,0.0,0.02
rnd_node,10,104,0.0,0.02
rnd_node,10,105,0.0,0.02
rnd_node,10,106,0.0,0.02
rnd_node,10,107,0.0,0.02
rnd_node,10,108,0.0,0.02
rnd_node,10,109,0.0,0.02
rnd_node,10,110,0.0,0.02
rnd_node,10,111,0.0,0.02
rnd_node,10,112,0.0,0.02
rnd_node,10,113,0.0,0.02
rnd_node,10,114,0.0,0.02
rnd_node,10,115,0.0,0.02
rnd_node,10,116,0.0,0.02
rnd_node,10,117,0.0,0.02
rnd_node,10,118,0.0,0.02
rnd_node,10,119,0.0,0.02
rnd_node,10,120,0.0,0.02
rnd_node,10,121,0.0,0.02
rnd_node,10,122,0.0,0.02
rnd_node,10,123,0.0,0.02
rnd_node,10,124,0.0,0.02
rnd_node,10,125,0.0,0.02
rnd_node,10,126,0.0,0.02
rnd_node,10,127,0.0,0.02
rnd_node,10,128,0.0,0.02
rnd_node,10,129,0.0,0.02
rnd_node,10,130,0.0,0.02
rnd_node,10,131,0.0,0.02
rnd_node,10,132,0.0,0.02
rnd_node,10,133,0.0,0.02
rnd_node,10,134,0.0,0.02
rnd_node,10,135,0.0,0.02
rnd_node,10,136,0.0,0.02
rnd_node,10,137,0.0,0.02
rnd_node,10,138,0.0,0.02
rnd_node,10,139,0.0,0.02
rnd_node,10,140,0.0,0.02
rnd_node,10,141,0.0,0.02
rnd_node,10,142,0.0,0.02
rnd_node,10,143,0.0,0.02
rnd_node,10,144,0.0,0.02
rnd_node,10,145,0.0,0.02
rnd_node,10,146,0.0,0.02
rnd_node,10,147,0.0,0.02
rnd_node,10,148,0.0,0.02
rnd_node,10,149,0.0,0.02
rnd_node,10,150,0.0,0.02
rnd_node,11,0,0.1,0.02
rnd_node,11,1,0.09,0.02
rnd_node,11,2,0.06,0.02
rnd_node,11,3,0.06,0.02
rnd_node,11,4,0.05,0.02
rnd_node,11,5,0.02,0.02
rnd_node,11,6,0.01,0.02
rnd_node,11,7,0.01,0.02
rnd_node,11,8,0.01,0.02
rnd_node,11,9,0.01,0.02
rnd_node,11,10,0.0,0.02
rnd_node,11,11,0.0,0.02
rnd_node,11,12,0.0,0.02
rnd_node,11,13,0.0,0.02
rnd_node,11,14,0.0,0.02
rnd_node,11,15,0.0,0.02
rnd_node,11,16,0.0,0.02
rnd_node,11,17,0.0,0.02
rnd_node,11,18,0.0,0.02
rnd_node,11,19,0.0,0.02
rnd_node,11,20,0.0,0.02
rnd_node,11,21,0.0,0.02
rnd_node,11,22,0.0,0.02
rnd_node,11,23,0.0,0.02
rnd_node,11,24,0.0,0.02
rnd_node,11,25,0.0,0.02
rnd_node,11,26,0.0,0.02
rnd_node,11,27,0.0,0.02
rnd_node,11,28,0.0,0.02
rnd_node,11,29,0.0,0.02
rnd_node,11,30,0.0,0.02
rnd_node,11,31,0.0,0.02
rnd_node,11,32,0.0,0.02
rnd_node,11,33,0.0,0.02
rnd_node,11,34,0.0,0.02
rnd_node,11,35,0.0,0.02
rnd_node,11,36,0.0,0.02
rnd_node,11,37,0.0,0.02
rnd_node,11,38,0.0,0.02
rnd_node,11,39,0.0,0.02
rnd_node,11,40,0.0,0.02
rnd_node,11,41,0.0,0.02
rnd_node,11,42,0.0,0.02
rnd_node,11,43,0.0,0.02
rnd_node,11,44,0.0,0.02
rnd_node,11,45,0.0,0.02
rnd_node,11,46,0.0,0.02
rnd_node,11,47,0.0,0.02
rnd_node,11,48,0.0,0.02
rnd_node,11,49,0.0,0.02
rnd_node,11,50,0.0,0.02
rnd_node,11,51,0.0,0.02
rnd_node,11,52,0.0,0.02
rnd_node,11,53,0.0,0.02
rnd_node,11,54,0.0,0.02
rnd_node,11,55,0.0,0.02
rnd_node,11,56,0.0,0.02
rnd_node,11,57,0.0,0.02
rnd_node,11,58,0.0,0.02
rnd_node,11,59,0.0,0.02
rnd_node,11,60,0.0,0.02
rnd_node,11,61,0.0,0.02
rnd_node,11,62,0.0,0.02
rnd_node,11,63,0.0,0.02
rnd_node,11,64,0.0,0.02
rnd_node,11,65,0.0,0.02
rnd_node,11,66,0.0,0.02
rnd_node,11,67,0.0,0.02
rnd_node,11,68,0.0,0.02
rnd_node,11,69,0.0,0.02
rnd_node,11,70,0.0,0.02
rnd_node,11,71,0.0,0.02
rnd_node,11,72,0.0,0.02
rnd_node,11,73,0.0,0.02
rnd_node,11,74,0.0,0.02
rnd_node,11,75,0.0,0.02
rnd_node,11,76,0.0,0.02
rnd_node,11,77,0.0,0.02
rnd_node,11,78,0.0,0.02
rnd_node,11,79,0.0,0.02
rnd_node,11,80,0.0,0.02
rnd_node,11,81,0.0,0.02
rnd_node,11,82,0.0,0.02
rnd_node,11,83,0.0,0.02
rnd_node,11,84,0.0,0.02
rnd_node,11,85,0.0,0.02
rnd_node,11,86,0.0,0.02
rnd_node,11,87,0.0,0.02
rnd_node,11,88,0.0,0.02
rnd_node,11,89,0.0,0.02
rnd_node,11,90,0.0,0.02
rnd_node,11,91,0.0,0.02
rnd_node,11,92,0.0,0.02
rnd_node,11,93,0.0,0.02
rnd_node,11,94,0.0,0.02
rnd_node,11,95,0.0,0.02
rnd_node,11,96,0.0,0.02
rnd_node,11,97,0.0,0.02
rnd_node,11,98,0.0,0.02
rnd_node,11,99,0.0,0.02
rnd_node,11,100,0.0,0.02
rnd_node,11,101,0.0,0.02
rnd_node,11,102,0.0,0.02
rnd_node,11,103,0.0,0.02
rnd_node,11,104,0.0,0.02
rnd_node,11,105,0.0,0.02
rnd_node,11,106,0.0,0.02
rnd_node,11,107,0.0,0.02
rnd_node,11,108,0.0,0.02
rnd_node,11,109,0.0,0.02
rnd_node,11,110,0.0,0.02
rnd_node,11,111,0.0,0.02
rnd_node,11,112,0.0,0.02
rnd_node,11,113,0.0,0.02
rnd_node,11,114,0.0,0.02
rnd_node,11,115,0.0,0.02
rnd_node,11,116,0.0,0.02
rnd_node,11,117,0.0,0.02
rnd_node,11,118,0.0,0.02
rnd_node,11,119,0.0,0.02
rnd_node,11,120,0.0,0.02
rnd_node,11,121,0.0,0.02
rnd_node,11,122,0.0,0.02
rnd_node,11,123,0.0,0.02
rnd_node,11,124,0.0,0.02
rnd_node,11,125,0.0,0.02
rnd_node,11,126,0.0,0.02
rnd_node,11,127,0.0,0.02
rnd_node,11,128,0.0,0.02
rnd_node,11,129,0.0,0.02
rnd_node,11,130,0.0,0.02
rnd_node,11,131,0.0,0.02
rnd_node,11,132,0.0,0.02
rnd_node,11,133,0.0,0.02
rnd_node,11,134,0.0,0.02
rnd_node,11,135,0.0,0.02
rnd_node,11,136,0.0,0.02
rnd_node,11,137,0.0,0.02
rnd_node,11,138,0.0,0.02
rnd_node,11,139,0.0,0.02
rnd_node,11,140,0.0,0.02
rnd_node,11,141,0.0,0.02
rnd_node,11,142,0.0,0.02
rnd_node,11,143,0.0,0.02
rnd_node,11,144,0.0,0.02
rnd_node,11,145,0.0,0.02
rnd_node,11,146,0.0,0.02
rnd_node,11,147,0.0,0.02
rnd_node,11,148,0.0,0.02
rnd_node,11,149,0.0,0.02
rnd_node,11,150,0.0,0.02
rnd_node,12,0,0.09,0.02
rnd_node,12,1,0.09,0.02
rnd_node,12,2,0.08,0.02
rnd_node,12,3,0.1,0.02
rnd_node,12,4,0.08,0.02
rnd_node,12,5,0.08,0.02
rnd_node,12,6,0.08,0.02
rnd_node,12,7,0.08,0.02
rnd_node,12,8,0.07,0.02
rnd_node,12,9,0.09,0.02
rnd_node,12,10,0.08,0.02
rnd_node,12,11,0.09,0.02
rnd_node,12,12,0.07,0.02
rnd_node,12,13,0.07,0.02
rnd_node,12,14,0.07,0.02
rnd_node,12,15,0.08,0.02
rnd_node,12,16,0.08,0.02
rnd_node,12,17,0.08,0.02
rnd_node,12,18,0.07,0.02
rnd_node,12,19,0.08,0.02
rnd_node,12,20,0.07,0.02
rnd_node,12,21,0.06,0.02
rnd_node,12,22,0.05,0.02
rnd_node,12,23,0.03,0.02
rnd_node,12,24,0.03,0.02
rnd_node,12,25,0.03,0.02
rnd_node,12,26,0.03,0.02
rnd_node,12,27,0.03,0.02
rnd_node,12,28,0.03,0.02
rnd_node,12,29,0.03,0.02
rnd_node,12,30,0.02,0.02
rnd_node,12,31,0.02,0.02
rnd_node,12,32,0.01,0.02
rnd_node,12,33,0.0,0.02
rnd_node,12,34,0.0,0.02
rnd_node,12,35,0.0,0.02
rnd_node,12,36,0.0,0.02
rnd_node,12,37,0.0,0.02
rnd_node,12,38,0.0,0.02
rnd_node,12,39,0.0,0.02
rnd_node,12,40,0.0,0.02
rnd_node,12,41,0.0,0.02
rnd_node,12,42,0.0,0.02
rnd_node,12,43,0.0,0.02
rnd_node,12,44,0.0,0.02
rnd_node,12,45,0.0,0.02
rnd_node,12,46,0.0,0.02
rnd_node,12,47,0.0,0.02
rnd_node,12,48,0.0,0.02
rnd_node,12,49,0.0,0.02
rnd_node,12,50,0.0,0.02
rnd_node,12,51,0.0,0.02
rnd_node,12,52,0.0,0.02
rnd_node,12,53,0.0,0.02
rnd_node,12,54,0.0,0.02
rnd_node,12,55,0.0,0.02
rnd_node,12,56,0.0,0.02
rnd_node,12,57,0.0,0.02
rnd_node,12,58,0.0,0.02
rnd_node,12,59,0.0,0.02
rnd_node,12,60,0.0,0.02
rnd_node,12,61,0.0,0.02
rnd_node,12,62,0.0,0.02
rnd_node,12,63,0.0,0.02
rnd_node,12,64,0.0,0.02
rnd_node,12,65,0.0,0.02
rnd_node,12,66,0.0,0.02
rnd_node,12,67,0.0,0.02
rnd_node,12,68,0.0,0.02
rnd_node,12,69,0.0,0.02
rnd_node,12,70,0.0,0.02
rnd_node,12,71,0.0,0.02
rnd_node,12,72,0.0,0.02
rnd_node,12,73,0.0,0.02
rnd_node,12,74,0.0,0.02
rnd_node,12,75,0.0,0.02
rnd_node,12,76,0.0,0.02
rnd_node,12,77,0.0,0.02
rnd_node,12,78,0.0,0.02
rnd_node,12,79,0.0,0.02
rnd_node,12,80,0.0,0.02
rnd_node,12,81,0.0,0.02
rnd_node,12,82,0.0,0.02
rnd_node,12,83,0.0,0.02
rnd_node,12,84,0.0,0.02
rnd_node,12,85,0.0,0.02
rnd_node,12,86,0.0,0.02
rnd_node,12,87,0.0,0.02
rnd_node,12,88,0.0,0.02
rnd_node,12,89,0.0,0.02
rnd_node,12,90,0.0,0.02
rnd_node,12,91,0.0,0.02
rnd_node,12,92,0.0,0.02
rnd_node,12,93,0.0,0.02
rnd_node,12,94,0.0,0.02
rnd_node,12,95,0.0,0.02
rnd_node,12,96,0.0,0.02
rnd_node,12,97,0.0,0.02
rnd_node,12,98,0.0,0.02
rnd_node,12,99,0.0,0.02
rnd_node,12,100,0.0,0.02
rnd_node,12,101,0.0,0.02
rnd_node,12,102,0.0,0.02
rnd_node,12,103,0.0,0.02
rnd_node,12,104,0.0,0.02
rnd_node,12,105,0.0,0.02
rnd_node,12,106,0.0,0.02
rnd_node,12,107,0.0,0.02
rnd_node,12,108,0.0,0.02
rnd_node,12,109,0.0,0.02
rnd_node,12,110,0.0,0.02
rnd_node,12,111,0.0,0.02
rnd_node,12,112,0.0,0.02
rnd_node,12,113,0.0,0.02
rnd_node,12,114,0.0,0.02
rnd_node,12,115,0.0,0.02
rnd_node,12,116,0.0,0.02
rnd_node,12,117,0.0,0.02
rnd_node,12,118,0.0,0.02
rnd_node,12,119,0.0,0.02
rnd_node,12,120,0.0,0.02
rnd_node,12,121,0.0,0.02
rnd_node,12,122,0.0,0.02
rnd_node,12,123,0.0,0.02
rnd_node,12,124,0.0,0.02
rnd_node,12,125,0.0,0.02
rnd_node,12,126,0.0,0.02
rnd_node,12,127,0.0,0.02
rnd_node,12,128,0.0,0.02
rnd_node,12,129,0.0,0.02
rnd_node,12,130,0.0,0.02
rnd_node,12,131,0.0,0.02
rnd_node,12,132,0.0,0.02
rnd_node,12,133,0.0,0.02
rnd_node,12,134,0.0,0.02
rnd_node,12,135,0.0,0.02
rnd_node,12,136,0.0,0.02
rnd_node,12,137,0.0,0.02
rnd_node,12,138,0.0,0.02
rnd_node,12,139,0.0,0.02
rnd_node,12,140,0.0,0.02
rnd_node,12,141,0.0,0.02
rnd_node,12,142,0.0,0.02
rnd_node,12,143,0.0,0.02
rnd_node,12,144,0.0,0.02
rnd_node,12,145,0.0,0.02
rnd_node,12,146,0.0,0.02
rnd_node,12,147,0.0,0.02
rnd_node,12,148,0.0,0.02
rnd_node,12,149,0.0,0.02
rnd_node,12,150,0.0,0.02
rnd_node,13,0,0.1,0.02
rnd_node,13,1,0.08,0.02
rnd_node,13,2,0.04,0.02
rnd_node,13,3,0.04,0.02
rnd_node,13,4,0.05,0.02
rnd_node,13,5,0.06,0.02
rnd_node,13,6,0.05,0.02
rnd_node,13,7,0.05,0.02
rnd_node,13,8,0.04,0.02
rnd_node,13,9,0.02,0.02
rnd_node,13,10,0.02,0.02
rnd_node,13,11,0.03,0.02
rnd_node,13,12,0.01,0.02
rnd_node,13,13,0.02,0.02
rnd_node,13,14,0.02,0.02
rnd_node,13,15,0.02,0.02
rnd_node,13,16,0.01,0.02
rnd_node,13,17,0.0,0.02
rnd_node,13,18,0.0,0.02
rnd_node,13,19,0.0,0.02
rnd_node,13,20,0.0,0.02
rnd_node,13,21,0.0,0.02
rnd_node,13,22,0.0,0.02
rnd_node,13,23,0.0,0.02
rnd_node,13,24,0.0,0.02
rnd_node,13,25,0.0,0.02
rnd_node,13,26,0.0,0.02
rnd_node,13,27,0.0,0.02
rnd_node,13,28,0.0,0.02
rnd_node,13,29,0.0,0.02
rnd_node,13,30,0.0,0.02
rnd_node,13,31,0.0,0.02
rnd_node,13,32,0.0,0.02
rnd_node,13,33,0.0,0.02
rnd_node,13,34,0.0,0.02
rnd_node,13,35,0.0,0.02
rnd_node,13,36,0.0,0.02
rnd_node,13,37,0.0,0.02
rnd_node,13,38,0.0,0.02
rnd_node,13,39,0.0,0.02
rnd_node,13,40,0.0,0.02
rnd_node,13,41,0.0,0.02
rnd_node,13,42,0.0,0.02
rnd_node,13,43,0.0,0.02
rnd_node,13,44,0.0,0.02
rnd_node,13,45,0.0,0.02
rnd_node,13,46,0.0,0.02
rnd_node,13,47,0.0,0.02
rnd_node,13,48,0.0,0.02
rnd_node,13,49,0.0,0.02
rnd_node,13,50,0.0,0.02
rnd_node,13,51,0.0,0.02
rnd_node,13,52,0.0,0.02
rnd_node,13,53,0.0,0.02
rnd_node,13,54,0.0,0.02
rnd_node,13,55,0.0,0.02
rnd_node,13,56,0.0,0.02
rnd_node,13,57,0.0,0.02
rnd_node,13,58,0.0,0.02
rnd_node,13,59,0.0,0.02
rnd_node,13,60,0.0,0.02
rnd_node,13,61,0.0,0.02
rnd_node,13,62,0.0,0.02
rnd_node,13,63,0.0,0.02
rnd_node,13,64,0.0,0.02
rnd_node,13,65,0.0,0.02
rnd_node,13,66,0.0,0.02
rnd_node,13,67,0.0,0.02
rnd_node,13,68,0.0,0.02
rnd_node,13,69,0.0,0.02
rnd_node,13,70,0.0,0.02
rnd_node,13,71,0.0,0.02
rnd_node,13,72,0.0,0.02
rnd_node,13,73,0.0,0.02
rnd_node,13,74,0.0,0.02
rnd_node,13,75,0.0,0.02
rnd_node,13,76,0.0,0.02
rnd_node,13,77,0.0,0.02
rnd_node,13,78,0.0,0.02
rnd_node,13,79,0.0,0.02
rnd_node,13,80,0.0,0.02
rnd_node,13,81,0.0,0.02
rnd_node,13,82,0.0,0.02
rnd_node,13,83,0.0,0.02
rnd_node,13,84,0.0,0.02
rnd_node,13,85,0.0,0.02
rnd_node,13,86,0.0,0.02
rnd_node,13,87,0.0,0.02
rnd_node,13,88,0.0,0.02
rnd_node,13,89,0.0,0.02
rnd_node,13,90,0.0,0.02
rnd_node,13,91,0.0,0.02
rnd_node,13,92,0.0,0.02
rnd_node,13,93,0.0,0.02
rnd_node,13,94,0.0,0.02
rnd_node,13,95,0.0,0.02
rnd_node,13,96,0.0,0.02
rnd_node,13,97,0.0,0.02
rnd_node,13,98,0.0,0.02
rnd_node,13,99,0.0,0.02
rnd_node,13,100,0.0,0.02
rnd_node,13,101,0.0,0.02
rnd_node,13,102,0.0,0.02
rnd_node,13,103,0.0,0.02
rnd_node,13,104,0.0,0.02
rnd_node,13,105,0.0,0.02
rnd_node,13,106,0.0,0.02
rnd_node,13,107,0.0,0.02
rnd_node,13,108,0.0,0.02
rnd_node,13,109,0.0,0.02
rnd_node,13,110,0.0,0.02
rnd_node,13,111,0.0,0.02
rnd_node,13,112,0.0,0.02
rnd_node,13,113,0.0,0.02
rnd_node,13,114,0.0,0.02
rnd_node,13,115,0.0,0.02
rnd_node,13,116,0.0,0.02
rnd_node,13,117,0.0,0.02
rnd_node,13,118,0.0,0.02
rnd_node,13,119,0.0,0.02
rnd_node,13,120,0.0,0.02
rnd_node,13,121,0.0,0.02
rnd_node,13,122,0.0,0.02
rnd_node,13,123,0.0,0.02
rnd_node,13,124,0.0,0.02
rnd_node,13,125,0.0,0.02
rnd_node,13,126,0.0,0.02
rnd_node,13,127,0.0,0.02
rnd_node,13,128,0.0,0.02
rnd_node,13,129,0.0,0.02
rnd_node,13,130,0.0,0.02
rnd_node,13,131,0.0,0.02
rnd_node,13,132,0.0,0.02
rnd_node,13,133,0.0,0.02
rnd_node,13,134,0.0,0.02
rnd_node,13,135,0.0,0.02
rnd_node,13,136,0.0,0.02
rnd_node,13,137,0.0,0.02
rnd_node,13,138,0.0,0.02
rnd_node,13,139,0.0,0.02
rnd_node,13,140,0.0,0.02
rnd_node,13,141,0.0,0.02
rnd_node,13,142,0.0,0.02
rnd_node,13,143,0.0,0.02
rnd_node,13,144,0.0,0.02
rnd_node,13,145,0.0,0.02
rnd_node,13,146,0.0,0.02
rnd_node,13,147,0.0,0.02
rnd_node,13,148,0.0,0.02
rnd_node,13,149,0.0,0.02
rnd_node,13,150,0.0,0.02
rnd_node,14,0,0.1,0.02
rnd_node,14,1,0.08,0.02
rnd_node,14,2,0.09,0.02
rnd_node,14,3,0.09,0.02
rnd_node,14,4,0.09,0.02
rnd_node,14,5,0.09,0.02
rnd_node,14,6,0.09,0.02
rnd_node,14,7,0.07,0.02
rnd_node,14,8,0.05,0.02
rnd_node,14,9,0.05,0.02
rnd_node,14,10,0.05,0.02
rnd_node,14,11,0.04,0.02
rnd_node,14,12,0.05,0.02
rnd_node,14,13,0.04,0.02
rnd_node,14,14,0.04,0.02
rnd_node,14,15,0.04,0.02
rnd_node,14,16,0.04,0.02
rnd_node,14,17,0.05,0.02
rnd_node,14,18,0.05,0.02
rnd_node,14,19,0.05,0.02
rnd_node,14,20,0.06,0.02
rnd_node,14,21,0.05,0.02
rnd_node,14,22,0.04,0.02
rnd_node,14,23,0.03,0.02
rnd_node,14,24,0.03,0.02
rnd_node,14,25,0.03,0.02
rnd_node,14,26,0.03,0.02
rnd_node,14,27,0.02,0.02
rnd_node,14,28,0.03,0.02
rnd_node,14,29,0.02,0.02
rnd_node,14,30,0.0,0.02
rnd_node,14,31,0.0,0.02
rnd_node,14,32,0.0,0.02
rnd_node,14,33,0.0,0.02
rnd_node,14,34,0.0,0.02
rnd_node,14,35,0.0,0.02
rnd_node,14,36,0.0,0.02
rnd_node,14,37,0.0,0.02
rnd_node,14,38,0.0,0.02
rnd_node,14,39,0.0,0.02
rnd_node,14,40,0.0,0.02
rnd_node,14,41,0.0,0.02
rnd_node,14,42,0.0,0.02
rnd_node,14,43,0.0,0.02
rnd_node,14,44,0.0,0.02
rnd_node,14,45,0.0,0.02
rnd_node,14,46,0.0,0.02
rnd_node,14,47,0.0,0.02
rnd_node,14,48,0.0,0.02
rnd_node,14,49,0.0,0.02
rnd_node,14,50,0.0,0.02
rnd_node,14,51,0.0,0.02
rnd_node,14,52,0.0,0.02
rnd_node,14,53,0.0,0.02
rnd_node,14,54,0.0,0.02
rnd_node,14,55,0.0,0.02
rnd_node,14,56,0.0,0.02
rnd_node,14,57,0.0,0.02
rnd_node,14,58,0.0,0.02
rnd_node,14,59,0.0,0.02
rnd_node,14,60,0.0,0.02
rnd_node,14,61,0.0,0.02
rnd_node,14,62,0.0,0.02
rnd_node,14,63,0.0,0.02
rnd_node,14,64,0.0,0.02
rnd_node,14,65,0.0,0.02
rnd_node,14,66,0.0,0.02
rnd_node,14,67,0.0,0.02
rnd_node,14,68,0.0,0.02
rnd_node,14,69,0.0,0.02
rnd_node,14,70,0.0,0.02
rnd_node,14,71,0.0,0.02
rnd_node,14,72,0.0,0.02
rnd_node,14,73,0.0,0.02
rnd_node,14,74,0.0,0.02
rnd_node,14,75,0.0,0.02
rnd_node,14,76,0.0,0.02
rnd_node,14,77,0.0,0.02
rnd_node,14,78,0.0,0.02
rnd_node,14,79,0.0,0.02
rnd_node,14,80,0.0,0.02
rnd_node,14,81,0.0,0.02
rnd_node,14,82,0.0,0.02
rnd_node,14,83,0.0,0.02
rnd_node,14,84,0.0,0.02
rnd_node,14,85,0.0,0.02
rnd_node,14,86,0.0,0.02
rnd_node,14,87,0.0,0.02
rnd_node,14,88,0.0,0.02
rnd_node,14,89,0.0,0.02
rnd_node,14,90,0.0,0.02
rnd_node,14,91,0.0,0.02
rnd_node,14,92,0.0,0.02
rnd_node,14,93,0.0,0.02
rnd_node,14,94,0.0,0.02
rnd_node,14,95,0.0,0.02
rnd_node,14,96,0.0,0.02
rnd_node,14,97,0.0,0.02
rnd_node,14,98,0.0,0.02
rnd_node,14,99,0.0,0.02
rnd_node,14,100,0.0,0.02
rnd_node,14,101,0.0,0.02
rnd_node,14,102,0.0,0.02
rnd_node,14,103,0.0,0.02
rnd_node,14,104,0.0,0.02
rnd_node,14,105,0.0,0.02
rnd_node,14,106,0.0,0.02
rnd_node,14,107,0.0,0.02
rnd_node,14,108,0.0,0.02
rnd_node,14,109,0.0,0.02
rnd_node,14,110,0.0,0.02
rnd_node,14,111,0.0,0.02
rnd_node,14,112,0.0,0.02
rnd_node,14,113,0.0,0.02
rnd_node,14,114,0.0,0.02
rnd_node,14,115,0.0,0.02
rnd_node,14,116,0.0,0.02
rnd_node,14,117,0.0,0.02
rnd_node,14,118,0.0,0.02
rnd_node,14,119,0.0,0.02
rnd_node,14,120,0.0,0.02
rnd_node,14,121,0.0,0.02
rnd_node,14,122,0.0,0.02
rnd_node,14,123,0.0,0.02
rnd_node,14,124,0.0,0.02
rnd_node,14,125,0.0,0.02
rnd_node,14,126,0.0,0.02
rnd_node,14,127,0.0,0.02
rnd_node,14,128,0.0,0.02
rnd_node,14,129,0.0,0.02
rnd_node,14,130,0.0,0.02
rnd_node,14,131,0.0,0.02
rnd_node,14,132,0.0,0.02
rnd_node,14,133,0.0,0.02
rnd_node,14,134,0.0,0.02
rnd_node,14,135,0.0,0.02
rnd_node,14,136,0.0,0.02
rnd_node,14,137,0.0,0.02
rnd_node,14,138,0.0,0.02
rnd_node,14,139,0.0,0.02
rnd_node,14,140,0.0,0.02
rnd_node,14,141,0.0,0.02
rnd_node,14,142,0.0,0.02
rnd_node,14,143,0.0,0.02
rnd_node,14,144,0.0,0.02
rnd_node,14,145,0.0,0.02
rnd_node,14,146,0.0,0.02
rnd_node,14,147,0.0,0.02
rnd_node,14,148,0.0,0.02
rnd_node,14,149,0.0,0.02
rnd_node,14,150,0.0,0.02
rnd_node,15,0,0.1,0.02
rnd_node,15,1,0.1,0.02
rnd_node,15,2,0.12,0.02
rnd_node,15,3,0.1,0.02
rnd_node,15,4,0.07,0.02
rnd_node,15,5,0.06,0.02
rnd_node,15,6,0.04,0.02
rnd_node,15,7,0.05,0.02
rnd_node,15,8,0.02,0.02
rnd_node,15,9,0.02,0.02
rnd_node,15,10,0.04,0.02
rnd_node,15,11,0.04,0.02
rnd_node,15,12,0.03,0.02
rnd_node,15,13,0.02,0.02
rnd_node,15,14,0.02,0.02
rnd_node,15,15,0.02,0.02
rnd_node,15,16,0.02,0.02
rnd_node,15,17,0.02,0.02
rnd_node,15,18,0.01,0.02
rnd_node,15,19,0.01,0.02
rnd_node,15,20,0.01,0.02
rnd_node,15,21,0.01,0.02
rnd_node,15,22,0.0,0.02
rnd_node,15,23,0.0,0.02
rnd_node,15,24,0.0,0.02
rnd_node,15,25,0.0,0.02
rnd_node,15,26,0.0,0.02
rnd_node,15,27,0.0,0.02
rnd_node,15,28,0.0,0.02
rnd_node,15,29,0.0,0.02
rnd_node,15,30,0.0,0.02
rnd_node,15,31,0.0,0.02
rnd_node,15,32,0.0,0.02
rnd_node,15,33,0.0,0.02
rnd_node,15,34,0.0,0.02
rnd_node,15,35,0.0,0.02
rnd_node,15,36,0.0,0.02
rnd_node,15,37,0.0,0.02
rnd_node,15,38,0.0,0.02
rnd_node,15,39,0.0,0.02
rnd_node,15,40,0.0,0.02
rnd_node,15,41,0.0,0.02
rnd_node,15,42,0.0,0.02
rnd_node,15,43,0.0,0.02
rnd_node,15,44,0.0,0.02
rnd_node,15,45,0.0,0.02
rnd_node,15,46,0.0,0.02
rnd_node,15,47,0.0,0.02
rnd_node,15,48,0.0,0.02
rnd_node,15,49,0.0,0.02
rnd_node,15,50,0.0,0.02
rnd_node,15,51,0.0,0.02
rnd_node,15,52,0.0,0.02
rnd_node,15,53,0.0,0.02
rnd_node,15,54,0.0,0.02
rnd_node,15,55,0.0,0.02
rnd_node,15,56,0.0,0.02
rnd_node,15,57,0.0,0.02
rnd_node,15,58,0.0,0.02
rnd_node,15,59,0.0,0.02
rnd_node,15,60,0.0,0.02
rnd_node,15,61,0.0,0.02
rnd_node,15,62,0.0,0.02
rnd_node,15,63,0.0,0.02
rnd_node,15,64,0.0,0.02
rnd_node,15,65,0.0,0.02
rnd_node,15,66,0.0,0.02
rnd_node,15,67,0.0,0.02
rnd_node,15,68,0.0,0.02
rnd_node,15,69,0.0,0.02
rnd_node,15,70,0.0,0.02
rnd_node,15,71,0.0,0.02
rnd_node,15,72,0.0,0.02
rnd_node,15,73,0.0,0.02
rnd_node,15,74,0.0,0.02
rnd_node,15,75,0.0,0.02
rnd_node,15,76,0.0,0.02
rnd_node,15,77,0.0,0.02
rnd_node,15,78,0.0,0.02
rnd_node,15,79,0.0,0.02
rnd_node,15,80,0.0,0.02
rnd_node,15,81,0.0,0.02
rnd_node,15,82,0.0,0.02
rnd_node,15,83,0.0,0.02
rnd_node,15,84,0.0,0.02
rnd_node,15,85,0.0,0.02
rnd_node,15,86,0.0,0.02
rnd_node,15,87,0.0,0.02
rnd_node,15,88,0.0,0.02
rnd_node,15,89,0.0,0.02
rnd_node,15,90,0.0,0.02
rnd_node,15,91,0.0,0.02
rnd_node,15,92,0.0,0.02
rnd_node,15,93,0.0,0.02
rnd_node,15,94,0.0,0.02
rnd_node,15,95,0.0,0.02
rnd_node,15,96,0.0,0.02
rnd_node,15,97,0.0,0.02
rnd_node,15,98,0.0,0.02
rnd_node,15,99,0.0,0.02
rnd_node,15,100,0.0,0.02
rnd_node,15,101,0.0,0.02
rnd_node,15,102,0.0,0.02
rnd_node,15,103,0.0,0.02
rnd_node,15,104,0.0,0.02
rnd_node,15,105,0.0,0.02
rnd_node,15,106,0.0,0.02
rnd_node,15,107,0.0,0.02
rnd_node,15,108,0.0,0.02
rnd_node,15,109,0.0,0.02
rnd_node,15,110,0.0,0.02
rnd_node,15,111,0.0,0.02
rnd_node,15,112,0.0,0.02
rnd_node,15,113,0.0,0.02
rnd_node,15,114,0.0,0.02
rnd_node,15,115,0.0,0.02
rnd_node,15,116,0.0,0.02
rnd_node,15,117,0.0,0.02
rnd_node,15,118,0.0,0.02
rnd_node,15,119,0.0,0.02
rnd_node,15,120,0.0,0.02
rnd_node,15,121,0.0,0.02
rnd_node,15,122,0.0,0.02
rnd_node,15,123,0.0,0.02
rnd_node,15,124,0.0,0.02
rnd_node,15,125,0.0,0.02
rnd_node,15,126,0.0,0.02
rnd_node,15,127,0.0,0.02
rnd_node,15,128,0.0,0.02
rnd_node,15,129,0.0,0.02
rnd_node,15,130,0.0,0.02
rnd_node,15,131,0.0,0.02
rnd_node,15,132,0.0,0.02
rnd_node,15,133,0.0,0.02
rnd_node,15,134,0.0,0.02
rnd_node,15,135,0.0,0.02
rnd_node,15,136,0.0,0.02
rnd_node,15,137,0.0,0.02
rnd_node,15,138,0.0,0.02
rnd_node,15,139,0.0,0.02
rnd_node,15,140,0.0,0.02
rnd_node,15,141,0.0,0.02
rnd_node,15,142,0.0,0.02
rnd_node,15,143,0.0,0.02
rnd_node,15,144,0.0,0.02
rnd_node,15,145,0.0,0.02
rnd_node,15,146,0.0,0.02
rnd_node,15,147,0.0,0.02
rnd_node,15,148,0.0,0.02
rnd_node,15,149,0.0,0.02
rnd_node,15,150,0.0,0.02
rnd_node,16,0,0.1,0.02
rnd_node,16,1,0.11,0.02
rnd_node,16,2,0.12,0.02
rnd_node,16,3,0.13,0.02
rnd_node,16,4,0.15,0.02
rnd_node,16,5,0.16,0.02
rnd_node,16,6,0.1,0.02
rnd_node,16,7,0.09,0.02
rnd_node,16,8,0.04,0.02
rnd_node,16,9,0.04,0.02
rnd_node,16,10,0.04,0.02
rnd_node,16,11,0.07,0.02
rnd_node,16,12,0.06,0.02
rnd_node,16,13,0.05,0.02
rnd_node,16,14,0.04,0.02
rnd_node,16,15,0.05,0.02
rnd_node,16,16,0.07,0.02
rnd_node,16,17,0.06,0.02
rnd_node,16,18,0.06,0.02
rnd_node,16,19,0.04,0.02
rnd_node,16,20,0.03,0.02
rnd_node,16,21,0.03,0.02
rnd_node,16,22,0.04,0.02
rnd_node,16,23,0.03,0.02
rnd_node,16,24,0.05,0.02
rnd_node,16,25,0.05,0.02
rnd_node,16,26,0.08,0.02
rnd_node,16,27,0.08,0.02
rnd_node,16,28,0.08,0.02
rnd_node,16,29,0.05,0.02
rnd_node,16,30,0.04,0.02
rnd_node,16,31,0.03,0.02
rnd_node,16,32,0.02,0.02
rnd_node,16,33,0.02,0.02
rnd_node,16,34,0.02,0.02
rnd_node,16,35,0.02,0.02
rnd_node,16,36,0.01,0.02
rnd_node,16,37,0.01,0.02
rnd_node,16,38,0.01,0.02
rnd_node,16,39,0.01,0.02
rnd_node,16,40,0.01,0.02
rnd_node,16,41,0.0,0.02
rnd_node,16,42,0.0,0.02
rnd_node,16,43,0.0,0.02
rnd_node,16,44,0.0,0.02
rnd_node,16,45,0.0,0.02
rnd_node,16,46,0.0,0.02
rnd_node,16,47,0.0,0.02
rnd_node,16,48,0.0,0.02
rnd_node,16,49,0.0,0.02
rnd_node,16,50,0.0,0.02
rnd_node,16,51,0.0,0.02
rnd_node,16,52,0.0,0.02
rnd_node,16,53,0.0,0.02
rnd_node,16,54,0.0,0.02
rnd_node,16,55,0.0,0.02
rnd_node,16,56,0.0,0.02
rnd_node,16,57,0.0,0.02
rnd_node,16,58,0.0,0.02
rnd_node,16,59,0.0,0.02
rnd_node,16,60,0.0,0.02
rnd_node,16,61,0.0,0.02
rnd_node,16,62,0.0,0.02
rnd_node,16,63,0.0,0.02
rnd_node,16,64,0.0,0.02
rnd_node,16,65,0.0,0.02
rnd_node,16,66,0.0,0.02
rnd_node,16,67,0.0,0.02
rnd_node,16,68,0.0,0.02
rnd_node,16,69,0.0,0.02
rnd_node,16,70,0.0,0.02
rnd_node,16,71,0.0,0.02
rnd_node,16,72,0.0,0.02
rnd_node,16,73,0.0,0.02
rnd_node,16,74,0.0,0.02
rnd_node,16,75,0.0,0.02
rnd_node,16,76,0.0,0.02
rnd_node,16,77,0.0,0.02
rnd_node,16,78,0.0,0.02
rnd_node,16,79,0.0,0.02
rnd_node,16,80,0.0,0.02
rnd_node,16,81,0.0,0.02
rnd_node,16,82,0.0,0.02
rnd_node,16,83,0.0,0.02
rnd_node,16,84,0.0,0.02
rnd_node,16,85,0.0,0.02
rnd_node,16,86,0.0,0.02
rnd_node,16,87,0.0,0.02
rnd_node,16,88,0.0,0.02
rnd_node,16,89,0.0,0.02
rnd_node,16,90,0.0,0.02
rnd_node,16,91,0.0,0.02
rnd_node,16,92,0.0,0.02
rnd_node,16,93,0.0,0.02
rnd_node,16,94,0.0,0.02
rnd_node,16,95,0.0,0.02
rnd_node,16,96,0.0,0.02
rnd_node,16,97,0.0,0.02
rnd_node,16,98,0.0,0.02
rnd_node,16,99,0.0,0.02
rnd_node,16,100,0.0,0.02
rnd_node,16,101,0.0,0.02
rnd_node,16,102,0.0,0.02
rnd_node,16,103,0.0,0.02
rnd_node,16,104,0.0,0.02
rnd_node,16,105,0.0,0.02
rnd_node,16,106,0.0,0.02
rnd_node,16,107,0.0,0.02
rnd_node,16,108,0.0,0.02
rnd_node,16,109,0.0,0.02
rnd_node,16,110,0.0,0.02
rnd_node,16,111,0.0,0.02
rnd_node,16,112,0.0,0.02
rnd_node,16,113,0.0,0.02
rnd_node,16,114,0.0,0.02
rnd_node,16,115,0.0,0.02
rnd_node,16,116,0.0,0.02
rnd_node,16,117,0.0,0.02
rnd_node,16,118,0.0,0.02
rnd_node,16,119,0.0,0.02
rnd_node,16,120,0.0,0.02
rnd_node,16,121,0.0,0.02
rnd_node,16,122,0.0,0.02
rnd_node,16,123,0.0,0.02
rnd_node,16,124,0.0,0.02
rnd_node,16,125,0.0,0.02
rnd_node,16,126,0.0,0.02
rnd_node,16,127,0.0,0.02
rnd_node,16,128,0.0,0.02
rnd_node,16,129,0.0,0.02
rnd_node,16,130,0.0,0.02
rnd_node,16,131,0.0,0.02
rnd_node,16,132,0.0,0.02
rnd_node,16,133,0.0,0.02
rnd_node,16,134,0.0,0.02
rnd_node,16,135,0.0,0.02
rnd_node,16,136,0.0,0.02
rnd_node,16,137,0.0,0.02
rnd_node,16,138,0.0,0.02
rnd_node,16,139,0.0,0.02
rnd_node,16,140,0.0,0.02
rnd_node,16,141,0.0,0.02
rnd_node,16,142,0.0,0.02
rnd_node,16,143,0.0,0.02
rnd_node,16,144,0.0,0.02
rnd_node,16,145,0.0,0.02
rnd_node,16,146,0.0,0.02
rnd_node,16,147,0.0,0.02
rnd_node,16,148,0.0,0.02
rnd_node,16,149,0.0,0.02
rnd_node,16,150,0.0,0.02
rnd_node,17,0,0.08,0.02
rnd_node,17,1,0.07,0.02
rnd_node,17,2,0.05,0.02
rnd_node,17,3,0.05,0.02
rnd_node,17,4,0.05,0.02
rnd_node,17,5,0.07,0.02
rnd_node,17,6,0.07,0.02
rnd_node,17,7,0.05,0.02
rnd_node,17,8,0.04,0.02
rnd_node,17,9,0.02,0.02
rnd_node,17,10,0.02,0.02
rnd_node,17,11,0.01,0.02
rnd_node,17,12,0.01,0.02
rnd_node,17,13,0.01,0.02
rnd_node,17,14,0.01,0.02
rnd_node,17,15,0.01,0.02
rnd_node,17,16,0.01,0.02
rnd_node,17,17,0.01,0.02
rnd_node,17,18,0.01,0.02
rnd_node,17,19,0.01,0.02
rnd_node,17,20,0.0,0.02
rnd_node,17,21,0.0,0.02
rnd_node,17,22,0.0,0.02
rnd_node,17,23,0.0,0.02
rnd_node,17,24,0.0,0.02
rnd_node,17,25,0.0,0.02
rnd_node,17,26,0.0,0.02
rnd_node,17,27,0.0,0.02
rnd_node,17,28,0.0,0.02
rnd_node,17,29,0.0,0.02
rnd_node,17,30,0.0,0.02
rnd_node,17,31,0.0,0.02
rnd_node,17,32,0.0,0.02
rnd_node,17,33,0.0,0.02
rnd_node,17,34,0.0,0.02
rnd_node,17,35,0.0,0.02
rnd_node,17,36,0.0,0.02
rnd_node,17,37,0.0,0.02
rnd_node,17,38,0.0,0.02
rnd_node,17,39,0.0,0.02
rnd_node,17,40,0.0,0.02
rnd_node,17,41,0.0,0.02
rnd_node,17,42,0.0,0.02
rnd_node,17,43,0.0,0.02
rnd_node,17,44,0.0,0.02
rnd_node,17,45,0.0,0.02
rnd_node,17,46,0.0,0.02
rnd_node,17,47,0.0,0.02
rnd_node,17,48,0.0,0.02
rnd_node,17,49,0.0,0.02
rnd_node,17,50,0.0,0.02
rnd_node,17,51,0.0,0.02
rnd_node,17,52,0.0,0.02
rnd_node,17,53,0.0,0.02
rnd_node,17,54,0.0,0.02
rnd_node,17,55,0.0,0.02
rnd_node,17,56,0.0,0.02
rnd_node,17,57,0.0,0.02
rnd_node,17,58,0.0,0.02
rnd_node,17,59,0.0,0.02
rnd_node,17,60,0.0,0.02
rnd_node,17,61,0.0,0.02
rnd_node,17,62,0.0,0.02
rnd_node,17,63,0.0,0.02
rnd_node,17,64,0.0,0.02
rnd_node,17,65,0.0,0.02
rnd_node,17,66,0.0,0.02
rnd_node,17,67,0.0,0.02
rnd_node,17,68,0.0,0.02
rnd_node,17,69,0.0,0.02
rnd_node,17,70,0.0,0.02
rnd_node,17,71,0.0,0.02
rnd_node,17,72,0.0,0.02
rnd_node,17,73,0.0,0.02
rnd_node,17,74,0.0,0.02
rnd_node,17,75,0.0,0.02
rnd_node,17,76,0.0,0.02
rnd_node,17,77,0.0,0.02
rnd_node,17,78,0.0,0.02
rnd_node,17,79,0.0,0.02
rnd_node,17,80,0.0,0.02
rnd_node,17,81,0.0,0.02
rnd_node,17,82,0.0,0.02
rnd_node,17,83,0.0,0.02
rnd_node,17,84,0.0,0.02
rnd_node,17,85,0.0,0.02
rnd_node,17,86,0.0,0.02
rnd_node,17,87,0.0,0.02
rnd_node,17,88,0.0,0.02
rnd_node,17,89,0.0,0.02
rnd_node,17,90,0.0,0.02
rnd_node,17,91,0.0,0.02
rnd_node,17,92,0.0,0.02
rnd_node,17,93,0.0,0.02
rnd_node,17,94,0.0,0.02
rnd_node,17,95,0.0,0.02
rnd_node,17,96,0.0,0.02
rnd_node,17,97,0.0,0.02
rnd_node,17,98,0.0,0.02
rnd_node,17,99,0.0,0.02
rnd_node,17,100,0.0,0.02
rnd_node,17,101,0.0,0.02
rnd_node,17,102,0.0,0.02
rnd_node,17,103,0.0,0.02
rnd_node,17,104,0.0,0.02
rnd_node,17,105,0.0,0.02
rnd_node,17,106,0.0,0.02
rnd_node,17,107,0.0,0.02
rnd_node,17,108,0.0,0.02
rnd_node,17,109,0.0,0.02
rnd_node,17,110,0.0,0.02
rnd_node,17,111,0.0,0.02
rnd_node,17,112,0.0,0.02
rnd_node,17,113,0.0,0.02
rnd_node,17,114,0.0,0.02
rnd_node,17,115,0.0,0.02
rnd_node,17,116,0.0,0.02
rnd_node,17,117,0.0,0.02
rnd_node,17,118,0.0,0.02
rnd_node,17,119,0.0,0.02
rnd_node,17,120,0.0,0.02
rnd_node,17,121,0.0,0.02
rnd_node,17,122,0.0,0.02
rnd_node,17,123,0.0,0.02
rnd_node,17,124,0.0,0.02
rnd_node,17,125,0.0,0.02
rnd_node,17,126,0.0,0.02
rnd_node,17,127,0.0,0.02
rnd_node,17,128,0.0,0.02
rnd_node,17,129,0.0,0.02
rnd_node,17,130,0.0,0.02
rnd_node,17,131,0.0,0.02
rnd_node,17,132,0.0,0.02
rnd_node,17,133,0.0,0.02
rnd_node,17,134,0.0,0.02
rnd_node,17,135,0.0,0.02
rnd_node,17,136,0.0,0.02
rnd_node,17,137,0.0,0.02
rnd_node,17,138,0.0,0.02
rnd_node,17,139,0.0,0.02
rnd_node,17,140,0.0,0.02
rnd_node,17,141,0.0,0.02
rnd_node,17,142,0.0,0.02
rnd_node,17,143,0.0,0.02
rnd_node,17,144,0.0,0.02
rnd_node,17,145,0.0,0.02
rnd_node,17,146,0.0,0.02
rnd_node,17,147,0.0,0.02
rnd_node,17,148,0.0,0.02
rnd_node,17,149,0.0,0.02
rnd_node,17,150,0.0,0.02
rnd_node,18,0,0.1,0.02
rnd_node,18,1,0.07,0.02
rnd_node,18,2,0.07,0.02
rnd_node,18,3,0.05,0.02
rnd_node,18,4,0.03,0.02
rnd_node,18,5,0.03,0.02
rnd_node,18,6,0.04,0.02
rnd_node,18,7,0.03,0.02
rnd_node,18,8,0.03,0.02
rnd_node,18,9,0.04,0.02
rnd_node,18,10,0.05,0.02
rnd_node,18,11,0.04,0.02
rnd_node,18,12,0.04,0.02
rnd_node,18,13,0.04,0.02
rnd_node,18,14,0.03,0.02
rnd_node,18,15,0.04,0.02
rnd_node,18,16,0.05,0.02
rnd_node,18,17,0.05,0.02
rnd_node,18,18,0.05,0.02
rnd_node,18,19,0.06,0.02
rnd_node,18,20,0.07,0.02
rnd_node,18,21,0.08,0.02
rnd_node,18,22,0.06,0.02
rnd_node,18,23,0.04,0.02
rnd_node,18,24,0.05,0.02
rnd_node,18,25,0.04,0.02
rnd_node,18,26,0.04,0.02
rnd_node,18,27,0.03,0.02
rnd_node,18,28,0.02,0.02
rnd_node,18,29,0.02,0.02
rnd_node,18,30,0.02,0.02
rnd_node,18,31,0.02,0.02
rnd_node,18,32,0.02,0.02
rnd_node,18,33,0.02,0.02
rnd_node,18,34,0.02,0.02
rnd_node,18,35,0.02,0.02
rnd_node,18,36,0.01,0.02
rnd_node,18,37,0.01,0.02
rnd_node,18,38,0.01,0.02
rnd_node,18,39,0.01,0.02
rnd_node,18,40,0.01,0.02
rnd_node,18,41,0.01,0.02
rnd_node,18,42,0.01,0.02
rnd_node,18,43,0.02,0.02
rnd_node,18,44,0.01,0.02
rnd_node,18,45,0.01,0.02
rnd_node,18,46,0.01,0.02
rnd_node,18,47,0.01,0.02
rnd_node,18,48,0.01,0.02
rnd_node,18,49,0.02,0.02
rnd_node,18,50,0.03,0.02
rnd_node,18,51,0.03,0.02
rnd_node,18,52,0.04,0.02
rnd_node,18,53,0.04,0.02
rnd_node,18,54,0.04,0.02
rnd_node,18,55,0.04,0.02
rnd_node,18,56,0.04,0.02
rnd_node,18,57,0.05,0.02
rnd_node,18,58,0.06,0.02
rnd_node,18,59,0.03,0.02
rnd_node,18,60,0.04,0.02
rnd_node,18,61,0.03,0.02
rnd_node,18,62,0.03,0.02
rnd_node,18,63,0.03,0.02
rnd_node,18,64,0.05,0.02
rnd_node,18,65,0.05,0.02
rnd_node,18,66,0.06,0.02
rnd_node,18,67,0.04,0.02
rnd_node,18,68,0.04,0.02
rnd_node,18,69,0.06,0.02
rnd_node,18,70,0.06,0.02
rnd_node,18,71,0.05,0.02
rnd_node,18,72,0.03,0.02
rnd_node,18,73,0.03,0.02
rnd_node,18,74,0.02,0.02
rnd_node,18,75,0.02,0.02
rnd_node,18,76,0.02,0.02
rnd_node,18,77,0.01,0.02
rnd_node,18,78,0.02,0.02
rnd_node,18,79,0.02,0.02
rnd_node,18,80,0.02,0.02
rnd_node,18,81,0.02,0.02
rnd_node,18,82,0.02,0.02
rnd_node,18,83,0.02,0.02
rnd_node,18,84,0.03,0.02
rnd_node,18,85,0.03,0.02
rnd_node,18,86,0.02,0.02
rnd_node,18,87,0.02,0.02
rnd_node,18,88,0.01,0.02
rnd_node,18,89,0.01,0.02
rnd_node,18,90,0.01,0.02
rnd_node,18,91,0.01,0.02
rnd_node,18,92,0.01,0.02
rnd_node,18,93,0.01,0.02
rnd_node,18,94,0.0,0.02
rnd_node,18,95,0.0,0.02
rnd_node,18,96,0.0,0.02
rnd_node,18,97,0.0,0.02
rnd_node,18,98,0.0,0.02
rnd_node,18,99,0.0,0.02
rnd_node,18,100,0.0,0.02
rnd_node,18,101,0.0,0.02
rnd_node,18,102,0.0,0.02
rnd_node,18,103,0.0,0.02
rnd_node,18,104,0.0,0.02
rnd_node,18,105,0.0,0.02
rnd_node,18,106,0.0,0.02
rnd_node,18,107,0.0,0.02
rnd_node,18,108,0.0,0.02
rnd_node,18,109,0.0,0.02
rnd_node,18,110,0.0,0.02
rnd_node,18,111,0.0,0.02
rnd_node,18,112,0.0,0.02
rnd_node,18,113,0.0,0.02
rnd_node,18,114,0.0,0.02
rnd_node,18,115,0.0,0.02
rnd_node,18,116,0.0,0.02
rnd_node,18,117,0.0,0.02
rnd_node,18,118,0.0,0.02
rnd_node,18,119,0.0,0.02
rnd_node,18,120,0.0,0.02
rnd_node,18,121,0.0,0.02
rnd_node,18,122,0.0,0.02
rnd_node,18,123,0.0,0.02
rnd_node,18,124,0.0,0.02
rnd_node,18,125,0.0,0.02
rnd_node,18,126,0.0,0.02
rnd_node,18,127,0.0,0.02
rnd_node,18,128,0.0,0.02
rnd_node,18,129,0.0,0.02
rnd_node,18,130,0.0,0.02
rnd_node,18,131,0.0,0.02
rnd_node,18,132,0.0,0.02
rnd_node,18,133,0.0,0.02
rnd_node,18,134,0.0,0.02
rnd_node,18,135,0.0,0.02
rnd_node,18,136,0.0,0.02
rnd_node,18,137,0.0,0.02
rnd_node,18,138,0.0,0.02
rnd_node,18,139,0.0,0.02
rnd_node,18,140,0.0,0.02
rnd_node,18,141,0.0,0.02
rnd_node,18,142,0.0,0.02
rnd_node,18,143,0.0,0.02
rnd_node,18,144,0.0,0.02
rnd_node,18,145,0.0,0.02
rnd_node,18,146,0.0,0.02
rnd_node,18,147,0.0,0.02
rnd_node,18,148,0.0,0.02
rnd_node,18,149,0.0,0.02
rnd_node,18,150,0.0,0.02
rnd_node,19,0,0.1,0.02
rnd_node,19,1,0.08,0.02
rnd_node,19,2,0.06,0.02
rnd_node,19,3,0.05,0.02
rnd_node,19,4,0.06,0.02
rnd_node,19,5,0.06,0.02
rnd_node,19,6,0.01,0.02
rnd_node,19,7,0.01,0.02
rnd_node,19,8,0.01,0.02
rnd_node,19,9,0.03,0.02
rnd_node,19,10,0.03,0.02
rnd_node,19,11,0.05,0.02
rnd_node,19,12,0.06,0.02
rnd_node,19,13,0.04,0.02
rnd_node,19,14,0.04,0.02
rnd_node,19,15,0.04,0.02
rnd_node,19,16,0.03,0.02
rnd_node,19,17,0.02,0.02
rnd_node,19,18,0.02,0.02
rnd_node,19,19,0.03,0.02
rnd_node,19,20,0.03,0.02
rnd_node,19,21,0.02,0.02
rnd_node,19,22,0.01,0.02
rnd_node,19,23,0.01,0.02
rnd_node,19,24,0.01,0.02
rnd_node,19,25,0.01,0.02
rnd_node,19,26,0.0,0.02
rnd_node,19,27,0.0,0.02
rnd_node,19,28,0.0,0.02
rnd_node,19,29,0.0,0.02
rnd_node,19,30,0.0,0.02
rnd_node,19,31,0.0,0.02
rnd_node,19,32,0.0,0.02
rnd_node,19,33,0.0,0.02
rnd_node,19,34,0.0,0.02
rnd_node,19,35,0.0,0.02
rnd_node,19,36,0.0,0.02
rnd_node,19,37,0.0,0.02
rnd_node,19,38,0.0,0.02
rnd_node,19,39,0.0,0.02
rnd_node,19,40,0.0,0.02
rnd_node,19,41,0.0,0.02
rnd_node,19,42,0.0,0.02
rnd_node,19,43,0.0,0.02
rnd_node,19,44,0.0,0.02
rnd_node,19,45,0.0,0.02
rnd_node,19,46,0.0,0.02
rnd_node,19,47,0.0,0.02
rnd_node,19,48,0.0,0.02
rnd_node,19,49,0.0,0.02
rnd_node,19,50,0.0,0.02
rnd_node,19,51,0.0,0.02
rnd_node,19,52,0.0,0.02
rnd_node,19,53,0.0,0.02
rnd_node,19,54,0.0,0.02
rnd_node,19,55,0.0,0.02
rnd_node,19,56,0.0,0.02
rnd_node,19,57,0.0,0.02
rnd_node,19,58,0.0,0.02
rnd_node,19,59,0.0,0.02
rnd_node,19,60,0.0,0.02
rnd_node,19,61,0.0,0.02
rnd_node,19,62,0.0,0.02
rnd_node,19,63,0.0,0.02
rnd_node,19,64,0.0,0.02
rnd_node,19,65,0.0,0.02
rnd_node,19,66,0.0,0.02
rnd_node,19,67,0.0,0.02
rnd_node,19,68,0.0,0.02
rnd_node,19,69,0.0,0.02
rnd_node,19,70,0.0,0.02
rnd_node,19,71,0.0,0.02
rnd_node,19,72,0.0,0.02
rnd_node,19,73,0.0,0.02
rnd_node,19,74,0.0,0.02
rnd_node,19,75,0.0,0.02
rnd_node,19,76,0.0,0.02
rnd_node,19,77,0.0,0.02
rnd_node,19,78,0.0,0.02
rnd_node,19,79,0.0,0.02
rnd_node,19,80,0.0,0.02
rnd_node,19,81,0.0,0.02
rnd_node,19,82,0.0,0.02
rnd_node,19,83,0.0,0.02
rnd_node,19,84,0.0,0.02
rnd_node,19,85,0.0,0.02
rnd_node,19,86,0.0,0.02
rnd_node,19,87,0.0,0.02
rnd_node,19,88,0.0,0.02
rnd_node,19,89,0.0,0.02
rnd_node,19,90,0.0,0.02
rnd_node,19,91,0.0,0.02
rnd_node,19,92,0.0,0.02
rnd_node,19,93,0.0,0.02
rnd_node,19,94,0.0,0.02
rnd_node,19,95,0.0,0.02
rnd_node,19,96,0.0,0.02
rnd_node,19,97,0.0,0.02
rnd_node,19,98,0.0,0.02
rnd_node,19,99,0.0,0.02
rnd_node,19,100,0.0,0.02
rnd_node,19,101,0.0,0.02
rnd_node,19,102,0.0,0.02
rnd_node,19,103,0.0,0.02
rnd_node,19,104,0.0,0.02
rnd_node,19,105,0.0,0.02
rnd_node,19,106,0.0,0.02
rnd_node,19,107,0.0,0.02
rnd_node,19,108,0.0,0.02
rnd_node,19,109,0.0,0.02
rnd_node,19,110,0.0,0.02
rnd_node,19,111,0.0,0.02
rnd_node,19,112,0.0,0.02
rnd_node,19,113,0.0,0.02
rnd_node,19,114,0.0,0.02
rnd_node,19,115,0.0,0.02
rnd_node,19,116,0.0,0.02
rnd_node,19,117,0.0,0.02
rnd_node,19,118,0.0,0.02
rnd_node,19,119,0.0,0.02
rnd_node,19,120,0.0,0.02
rnd_node,19,121,0.0,0.02
rnd_node,19,122,0.0,0.02
rnd_node,19,123,0.0,0.02
rnd_node,19,124,0.0,0.02
rnd_node,19,125,0.0,0.02
rnd_node,19,126,0.0,0.02
rnd_node,19,127,0.0,0.02
rnd_node,19,128,0.0,0.02
rnd_node,19,129,0.0,0.02
rnd_node,19,130,0.0,0.02
rnd_node,19,131,0.0,0.02
rnd_node,19,132,0.0,0.02
rnd_node,19,133,0.0,0.02
rnd_node,19,134,0.0,0.02
rnd_node,19,135,0.0,0.02
rnd_node,19,136,0.0,0.02
rnd_node,19,137,0.0,0.02
rnd_node,19,138,0.0,0.02
rnd_node,19,139,0.0,0.02
rnd_node,19,140,0.0,0.02
rnd_node,19,141,0.0,0.02
rnd_node,19,142,0.0,0.02
rnd_node,19,143,0.0,0.02
rnd_node,19,144,0.0,0.02
rnd_node,19,145,0.0,0.02
rnd_node,19,146,0.0,0.02
rnd_node,19,147,0.0,0.02
rnd_node,19,148,0.0,0.02
rnd_node,19,149,0.0,0.02
rnd_node,19,150,0.0,0.02
rnd_node,0,0,0.1,0.04
rnd_node,0,1,0.09,0.04
rnd_node,0,2,0.11,0.04
rnd_node,0,3,0.1,0.04
rnd_node,0,4,0.09,0.04
rnd_node,0,5,0.07,0.04
rnd_node,0,6,0.07,0.04
rnd_node,0,7,0.09,0.04
rnd_node,0,8,0.06,0.04
rnd_node,0,9,0.07,0.04
rnd_node,0,10,0.06,0.04
rnd_node,0,11,0.03,0.04
rnd_node,0,12,0.03,0.04
rnd_node,0,13,0.04,0.04
rnd_node,0,14,0.06,0.04
rnd_node,0,15,0.06,0.04
rnd_node,0,16,0.06,0.04
rnd_node,0,17,0.06,0.04
rnd_node,0,18,0.05,0.04
rnd_node,0,19,0.05,0.04
rnd_node,0,20,0.03,0.04
rnd_node,0,21,0.03,0.04
rnd_node,0,22,0.03,0.04
rnd_node,0,23,0.03,0.04
rnd_node,0,24,0.03,0.04
rnd_node,0,25,0.02,0.04
rnd_node,0,26,0.03,0.04
rnd_node,0,27,0.05,0.04
rnd_node,0,28,0.05,0.04
rnd_node,0,29,0.06,0.04
rnd_node,0,30,0.05,0.04
rnd_node,0,31,0.04,0.04
rnd_node,0,32,0.05,0.04
rnd_node,0,33,0.07,0.04
rnd_node,0,34,0.06,0.04
rnd_node,0,35,0.08,0.04
rnd_node,0,36,0.1,0.04
rnd_node,0,37,0.09,0.04
rnd_node,0,38,0.08,0.04
rnd_node,0,39,0.07,0.04
rnd_node,0,40,0.07,0.04
rnd_node,0,41,0.08,0.04
rnd_node,0,42,0.1,0.04
rnd_node,0,43,0.11,0.04
rnd_node,0,44,0.13,0.04
rnd_node,0,45,0.12,0.04
rnd_node,0,46,0.09,0.04
rnd_node,0,47,0.08,0.04
rnd_node,0,48,0.07,0.04
rnd_node,0,49,0.1,0.04
rnd_node,0,50,0.11,0.04
rnd_node,0,51,0.12,0.04
rnd_node,0,52,0.14,0.04
rnd_node,0,53,0.11,0.04
rnd_node,0,54,0.11,0.04
rnd_node,0,55,0.11,0.04
rnd_node,0,56,0.09,0.04
rnd_node,0,57,0.14,0.04
rnd_node,0,58,0.12,0.04
rnd_node,0,59,0.1,0.04
rnd_node,0,60,0.08,0.04
rnd_node,0,61,0.08,0.04
rnd_node,0,62,0.09,0.04
rnd_node,0,63,0.06,0.04
rnd_node,0,64,0.02,0.04
rnd_node,0,65,0.02,0.04
rnd_node,0,66,0.03,0.04
rnd_node,0,67,0.02,0.04
rnd_node,0,68,0.02,0.04
rnd_node,0,69,0.02,0.04
rnd_node,0,70,0.03,0.04
rnd_node,0,71,0.03,0.04
rnd_node,0,72,0.02,0.04
rnd_node,0,73,0.02,0.04
rnd_node,0,74,0.03,0.04
rnd_node,0,75,0.04,0.04
rnd_node,0,76,0.02,0.04
rnd_node,0,77,0.03,0.04
rnd_node,0,78,0.04,0.04
rnd_node,0,79,0.02,0.04
rnd_node,0,80,0.01,0.04
rnd_node,0,81,0.01,0.04
rnd_node,0,82,0.01,0.04
rnd_node,0,83,0.01,0.04
rnd_node,0,84,0.02,0.04
rnd_node,0,85,0.03,0.04
rnd_node,0,86,0.02,0.04
rnd_node,0,87,0.02,0.04
rnd_node,0,88,0.02,0.04
rnd_node,0,89,0.03,0.04
rnd_node,0,90,0.06,0.04
rnd_node,0,91,0.05,0.04
rnd_node,0,92,0.06,0.04
rnd_node,0,93,0.07,0.04
rnd_node,0,94,0.08,0.04
rnd_node,0,95,0.1,0.04
rnd_node,0,96,0.11,0.04
rnd_node,0,97,0.12,0.04
rnd_node,0,98,0.13,0.04
rnd_node,0,99,0.15,0.04
rnd_node,0,100,0.15,0.04
rnd_node,0,101,0.14,0.04
rnd_node,0,102,0.14,0.04
rnd_node,0,103,0.13,0.04
rnd_node,0,104,0.13,0.04
rnd_node,0,105,0.16,0.04
rnd_node,0,106,0.14,0.04
rnd_node,0,107,0.14,0.04
rnd_node,0,108,0.15,0.04
rnd_node,0,109,0.13,0.04
rnd_node,0,110,0.11,0.04
rnd_node,0,111,0.12,0.04
rnd_node,0,112,0.14,0.04
rnd_node,0,113,0.16,0.04
rnd_node,0,114,0.16,0.04
rnd_node,0,115,0.18,0.04
rnd_node,0,116,0.17,0.04
rnd_node,0,117,0.12,0.04
rnd_node,0,118,0.09,0.04
rnd_node,0,119,0.1,0.04
rnd_node,0,120,0.09,0.04
rnd_node,0,121,0.11,0.04
rnd_node,0,122,0.12,0.04
rnd_node,0,123,0.07,0.04
rnd_node,0,124,0.08,0.04
rnd_node,0,125,0.06,0.04
rnd_node,0,126,0.04,0.04
rnd_node,0,127,0.04,0.04
rnd_node,0,128,0.03,0.04
rnd_node,0,129,0.03,0.04
rnd_node,0,130,0.03,0.04
rnd_node,0,131,0.04,0.04
rnd_node,0,132,0.05,0.04
rnd_node,0,133,0.04,0.04
rnd_node,0,134,0.02,0.04
rnd_node,0,135,0.03,0.04
rnd_node,0,136,0.03,0.04
rnd_node,0,137,0.02,0.04
rnd_node,0,138,0.01,0.04
rnd_node,0,139,0.01,0.04
rnd_node,0,140,0.01,0.04
rnd_node,0,141,0.0,0.04
rnd_node,0,142,0.0,0.04
rnd_node,0,143,0.0,0.04
rnd_node,0,144,0.0,0.04
rnd_node,0,145,0.0,0.04
rnd_node,0,146,0.0,0.04
rnd_node,0,147,0.0,0.04
rnd_node,0,148,0.0,0.04
rnd_node,0,149,0.0,0.04
rnd_node,0,150,0.0,0.04
rnd_node,1,0,0.1,0.04
rnd_node,1,1,0.09,0.04
rnd_node,1,2,0.08,0.04
rnd_node,1,3,0.09,0.04
rnd_node,1,4,0.11,0.04
rnd_node,1,5,0.12,0.04
rnd_node,1,6,0.09,0.04
rnd_node,1,7,0.1,0.04
rnd_node,1,8,0.09,0.04
rnd_node,1,9,0.09,0.04
rnd_node,1,10,0.14,0.04
rnd_node,1,11,0.13,0.04
rnd_node,1,12,0.15,0.04
rnd_node,1,13,0.21,0.04
rnd_node,1,14,0.16,0.04
rnd_node,1,15,0.13,0.04
rnd_node,1,16,0.12,0.04
rnd_node,1,17,0.14,0.04
rnd_node,1,18,0.16,0.04
rnd_node,1,19,0.2,0.04
rnd_node,1,20,0.22,0.04
rnd_node,1,21,0.24,0.04
rnd_node,1,22,0.22,0.04
rnd_node,1,23,0.22,0.04
rnd_node,1,24,0.23,0.04
rnd_node,1,25,0.23,0.04
rnd_node,1,26,0.21,0.04
rnd_node,1,27,0.21,0.04
rnd_node,1,28,0.18,0.04
rnd_node,1,29,0.16,0.04
rnd_node,1,30,0.13,0.04
rnd_node,1,31,0.13,0.04
rnd_node,1,32,0.1,0.04
rnd_node,1,33,0.1,0.04
rnd_node,1,34,0.1,0.04
rnd_node,1,35,0.12,0.04
rnd_node,1,36,0.11,0.04
rnd_node,1,37,0.15,0.04
rnd_node,1,38,0.16,0.04
rnd_node,1,39,0.16,0.04
rnd_node,1,40,0.14,0.04
rnd_node,1,41,0.13,0.04
rnd_node,1,42,0.14,0.04
rnd_node,1,43,0.13,0.04
rnd_node,1,44,0.08,0.04
rnd_node,1,45,0.1,0.04
rnd_node,1,46,0.1,0.04
rnd_node,1,47,0.1,0.04
rnd_node,1,48,0.12,0.04
rnd_node,1,49,0.12,0.04
rnd_node,1,50,0.11,0.04
rnd_node,1,51,0.14,0.04
rnd_node,1,52,0.11,0.04
rnd_node,1,53,0.09,0.04
rnd_node,1,54,0.07,0.04
rnd_node,1,55,0.06,0.04
rnd_node,1,56,0.04,0.04
rnd_node,1,57,0.04,0.04
rnd_node,1,58,0.04,0.04
rnd_node,1,59,0.05,0.04
rnd_node,1,60,0.09,0.04
rnd_node,1,61,0.1,0.04
rnd_node,1,62,0.1,0.04
rnd_node,1,63,0.13,0.04
rnd_node,1,64,0.13,0.04
rnd_node,1,65,0.15,0.04
rnd_node,1,66,0.14,0.04
rnd_node,1,67,0.18,0.04
rnd_node,1,68,0.16,0.04
rnd_node,1,69,0.18,0.04
rnd_node,1,70,0.16,0.04
rnd_node,1,71,0.16,0.04
rnd_node,1,72,0.18,0.04
rnd_node,1,73,0.14,0.04
rnd_node,1,74,0.16,0.04
rnd_node,1,75,0.2,0.04
rnd_node,1,76,0.22,0.04
rnd_node,1,77,0.17,0.04
rnd_node,1,78,0.16,0.04
rnd_node,1,79,0.16,0.04
rnd_node,1,80,0.16,0.04
rnd_node,1,81,0.14,0.04
rnd_node,1,82,0.11,0.04
rnd_node,1,83,0.08,0.04
rnd_node,1,84,0.09,0.04
rnd_node,1,85,0.1,0.04
rnd_node,1,86,0.12,0.04
rnd_node,1,87,0.11,0.04
rnd_node,1,88,0.14,0.04
rnd_node,1,89,0.1,0.04
rnd_node,1,90,0.08,0.04
rnd_node,1,91,0.09,0.04
rnd_node,1,92,0.08,0.04
rnd_node,1,93,0.08,0.04
rnd_node,1,94,0.1,0.04
rnd_node,1,95,0.09,0.04
rnd_node,1,96,0.1,0.04
rnd_node,1,97,0.11,0.04
rnd_node,1,98,0.14,0.04
rnd_node,1,99,0.17,0.04
rnd_node,1,100,0.13,0.04
rnd_node,1,101,0.14,0.04
rnd_node,1,102,0.16,0.04
rnd_node,1,103,0.17,0.04
rnd_node,1,104,0.19,0.04
rnd_node,1,105,0.21,0.04
rnd_node,1,106,0.22,0.04
rnd_node,1,107,0.23,0.04
rnd_node,1,108,0.2,0.04
rnd_node,1,109,0.23,0.04
rnd_node,1,110,0.22,0.04
rnd_node,1,111,0.25,0.04
rnd_node,1,112,0.23,0.04
rnd_node,1,113,0.24,0.04
rnd_node,1,114,0.21,0.04
rnd_node,1,115,0.21,0.04
rnd_node,1,116,0.22,0.04
rnd_node,1,117,0.22,0.04
rnd_node,1,118,0.22,0.04
rnd_node,1,119,0.23,0.04
rnd_node,1,120,0.22,0.04
rnd_node,1,121,0.23,0.04
rnd_node,1,122,0.24,0.04
rnd_node,1,123,0.27,0.04
rnd_node,1,124,0.27,0.04
rnd_node,1,125,0.27,0.04
rnd_node,1,126,0.3,0.04
rnd_node,1,127,0.28,0.04
rnd_node,1,128,0.27,0.04
rnd_node,1,129,0.26,0.04
rnd_node,1,130,0.27,0.04
rnd_node,1,131,0.29,0.04
rnd_node,1,132,0.32,0.04
rnd_node,1,133,0.31,0.04
rnd_node,1,134,0.28,0.04
rnd_node,1,135,0.27,0.04
rnd_node,1,136,0.31,0.04
rnd_node,1,137,0.33,0.04
rnd_node,1,138,0.34,0.04
rnd_node,1,139,0.33,0.04
rnd_node,1,140,0.33,0.04
rnd_node,1,141,0.28,0.04
rnd_node,1,142,0.25,0.04
rnd_node,1,143,0.28,0.04
rnd_node,1,144,0.3,0.04
rnd_node,1,145,0.32,0.04
rnd_node,1,146,0.35,0.04
rnd_node,1,147,0.35,0.04
rnd_node,1,148,0.35,0.04
rnd_node,1,149,0.36,0.04
rnd_node,1,150,0.33,0.04
rnd_node,2,0,0.09,0.04
rnd_node,2,1,0.09,0.04
rnd_node,2,2,0.11,0.04
rnd_node,2,3,0.14,0.04
rnd_node,2,4,0.15,0.04
rnd_node,2,5,0.17,0.04
rnd_node,2,6,0.11,0.04
rnd_node,2,7,0.12,0.04
rnd_node,2,8,0.1,0.04
rnd_node,2,9,0.11,0.04
rnd_node,2,10,0.07,0.04
rnd_node,2,11,0.06,0.04
rnd_node,2,12,0.08,0.04
rnd_node,2,13,0.08,0.04
rnd_node,2,14,0.1,0.04
rnd_node,2,15,0.09,0.04
rnd_node,2,16,0.08,0.04
rnd_node,2,17,0.11,0.04
rnd_node,2,18,0.14,0.04
rnd_node,2,19,0.15,0.04
rnd_node,2,20,0.15,0.04
rnd_node,2,21,0.12,0.04
rnd_node,2,22,0.14,0.04
rnd_node,2,23,0.13,0.04
rnd_node,2,24,0.19,0.04
rnd_node,2,25,0.2,0.04
rnd_node,2,26,0.25,0.04
rnd_node,2,27,0.23,0.04
rnd_node,2,28,0.25,0.04
rnd_node,2,29,0.23,0.04
rnd_node,2,30,0.24,0.04
rnd_node,2,31,0.23,0.04
rnd_node,2,32,0.2,0.04
rnd_node,2,33,0.18,0.04
rnd_node,2,34,0.16,0.04
rnd_node,2,35,0.16,0.04
rnd_node,2,36,0.2,0.04
rnd_node,2,37,0.19,0.04
rnd_node,2,38,0.2,0.04
rnd_node,2,39,0.22,0.04
rnd_node,2,40,0.24,0.04
rnd_node,2,41,0.25,0.04
rnd_node,2,42,0.22,0.04
rnd_node,2,43,0.19,0.04
rnd_node,2,44,0.19,0.04
rnd_node,2,45,0.17,0.04
rnd_node,2,46,0.17,0.04
rnd_node,2,47,0.16,0.04
rnd_node,2,48,0.13,0.04
rnd_node,2,49,0.13,0.04
rnd_node,2,50,0.15,0.04
rnd_node,2,51,0.15,0.04
rnd_node,2,52,0.13,0.04
rnd_node,2,53,0.11,0.04
rnd_node,2,54,0.15,0.04
rnd_node,2,55,0.15,0.04
rnd_node,2,56,0.15,0.04
rnd_node,2,57,0.19,0.04
rnd_node,2,58,0.19,0.04
rnd_node,2,59,0.21,0.04
rnd_node,2,60,0.16,0.04
rnd_node,2,61,0.15,0.04
rnd_node,2,62,0.14,0.04
rnd_node,2,63,0.14,0.04
rnd_node,2,64,0.16,0.04
rnd_node,2,65,0.2,0.04
rnd_node,2,66,0.22,0.04
rnd_node,2,67,0.22,0.04
rnd_node,2,68,0.25,0.04
rnd_node,2,69,0.18,0.04
rnd_node,2,70,0.19,0.04
rnd_node,2,71,0.18,0.04
rnd_node,2,72,0.19,0.04
rnd_node,2,73,0.15,0.04
rnd_node,2,74,0.18,0.04
rnd_node,2,75,0.18,0.04
rnd_node,2,76,0.15,0.04
rnd_node,2,77,0.15,0.04
rnd_node,2,78,0.16,0.04
rnd_node,2,79,0.15,0.04
rnd_node,2,80,0.15,0.04
rnd_node,2,81,0.16,0.04
rnd_node,2,82,0.16,0.04
rnd_node,2,83,0.17,0.04
rnd_node,2,84,0.16,0.04
rnd_node,2,85,0.15,0.04
rnd_node,2,86,0.17,0.04
rnd_node,2,87,0.19,0.04
rnd_node,2,88,0.2,0.04
rnd_node,2,89,0.22,0.04
rnd_node,2,90,0.21,0.04
rnd_node,2,91,0.22,0.04
rnd_node,2,92,0.2,0.04
rnd_node,2,93,0.24,0.04
rnd_node,2,94,0.2,0.04
rnd_node,2,95,0.25,0.04
rnd_node,2,96,0.21,0.04
rnd_node,2,97,0.14,0.04
rnd_node,2,98,0.13,0.04
rnd_node,2,99,0.11,0.04
rnd_node,2,100,0.12,0.04
rnd_node,2,101,0.12,0.04
rnd_node,2,102,0.11,0.04
rnd_node,2,103,0.11,0.04
rnd_node,2,104,0.09,0.04
rnd_node,2,105,0.07,0.04
rnd_node,2,106,0.07,0.04
rnd_node,2,107,0.09,0.04
rnd_node,2,108,0.1,0.04
rnd_node,2,109,0.06,0.04
rnd_node,2,110,0.03,0.04
rnd_node,2,111,0.02,0.04
rnd_node,2,112,0.02,0.04
rnd_node,2,113,0.02,0.04
rnd_node,2,114,0.03,0.04
rnd_node,2,115,0.03,0.04
rnd_node,2,116,0.02,0.04
rnd_node,2,117,0.02,0.04
rnd_node,2,118,0.02,0.04
rnd_node,2,119,0.02,0.04
rnd_node,2,120,0.03,0.04
rnd_node,2,121,0.05,0.04
rnd_node,2,122,0.07,0.04
rnd_node,2,123,0.1,0.04
rnd_node,2,124,0.1,0.04
rnd_node,2,125,0.07,0.04
rnd_node,2,126,0.04,0.04
rnd_node,2,127,0.06,0.04
rnd_node,2,128,0.06,0.04
rnd_node,2,129,0.1,0.04
rnd_node,2,130,0.07,0.04
rnd_node,2,131,0.04,0.04
rnd_node,2,132,0.02,0.04
rnd_node,2,133,0.01,0.04
rnd_node,2,134,0.01,0.04
rnd_node,2,135,0.01,0.04
rnd_node,2,136,0.01,0.04
rnd_node,2,137,0.01,0.04
rnd_node,2,138,0.01,0.04
rnd_node,2,139,0.01,0.04
rnd_node,2,140,0.01,0.04
rnd_node,2,141,0.02,0.04
rnd_node,2,142,0.02,0.04
rnd_node,2,143,0.02,0.04
rnd_node,2,144,0.03,0.04
rnd_node,2,145,0.03,0.04
rnd_node,2,146,0.05,0.04
rnd_node,2,147,0.07,0.04
rnd_node,2,148,0.06,0.04
rnd_node,2,149,0.07,0.04
rnd_node,2,150,0.08,0.04
rnd_node,3,0,0.09,0.04
rnd_node,3,1,0.1,0.04
rnd_node,3,2,0.06,0.04
rnd_node,3,3,0.09,0.04
rnd_node,3,4,0.1,0.04
rnd_node,3,5,0.12,0.04
rnd_node,3,6,0.08,0.04
rnd_node,3,7,0.09,0.04
rnd_node,3,8,0.09,0.04
rnd_node,3,9,0.08,0.04
rnd_node,3,10,0.12,0.04
rnd_node,3,11,0.15,0.04
rnd_node,3,12,0.14,0.04
rnd_node,3,13,0.14,0.04
rnd_node,3,14,0.13,0.04
rnd_node,3,15,0.15,0.04
rnd_node,3,16,0.14,0.04
rnd_node,3,17,0.15,0.04
rnd_node,3,18,0.15,0.04
rnd_node,3,19,0.18,0.04
rnd_node,3,20,0.2,0.04
rnd_node,3,21,0.2,0.04
rnd_node,3,22,0.2,0.04
rnd_node,3,23,0.21,0.04
rnd_node,3,24,0.21,0.04
rnd_node,3,25,0.18,0.04
rnd_node,3,26,0.16,0.04
rnd_node,3,27,0.16,0.04
rnd_node,3,28,0.21,0.04
rnd_node,3,29,0.22,0.04
rnd_node,3,30,0.18,0.04
rnd_node,3,31,0.21,0.04
rnd_node,3,32,0.23,0.04
rnd_node,3,33,0.25,0.04
rnd_node,3,34,0.28,0.04
rnd_node,3,35,0.32,0.04
rnd_node,3,36,0.35,0.04
rnd_node,3,37,0.27,0.04
rnd_node,3,38,0.23,0.04
rnd_node,3,39,0.31,0.04
rnd_node,3,40,0.3,0.04
rnd_node,3,41,0.27,0.04
rnd_node,3,42,0.21,0.04
rnd_node,3,43,0.2,0.04
rnd_node,3,44,0.16,0.04
rnd_node,3,45,0.18,0.04
rnd_node,3,46,0.16,0.04
rnd_node,3,47,0.16,0.04
rnd_node,3,48,0.16,0.04
rnd_node,3,49,0.2,0.04
rnd_node,3,50,0.2,0.04
rnd_node,3,51,0.18,0.04
rnd_node,3,52,0.13,0.04
rnd_node,3,53,0.16,0.04
rnd_node,3,54,0.17,0.04
rnd_node,3,55,0.19,0.04
rnd_node,3,56,0.19,0.04
rnd_node,3,57,0.15,0.04
rnd_node,3,58,0.13,0.04
rnd_node,3,59,0.14,0.04
rnd_node,3,60,0.12,0.04
rnd_node,3,61,0.14,0.04
rnd_node,3,62,0.17,0.04
rnd_node,3,63,0.15,0.04
rnd_node,3,64,0.14,0.04
rnd_node,3,65,0.14,0.04
rnd_node,3,66,0.13,0.04
rnd_node,3,67,0.12,0.04
rnd_node,3,68,0.13,0.04
rnd_node,3,69,0.13,0.04
rnd_node,3,70,0.15,0.04
rnd_node,3,71,0.13,0.04
rnd_node,3,72,0.09,0.04
rnd_node,3,73,0.1,0.04
rnd_node,3,74,0.11,0.04
rnd_node,3,75,0.14,0.04
rnd_node,3,76,0.15,0.04
rnd_node,3,77,0.14,0.04
rnd_node,3,78,0.15,0.04
rnd_node,3,79,0.15,0.04
rnd_node,3,80,0.12,0.04
rnd_node,3,81,0.13,0.04
rnd_node,3,82,0.13,0.04
rnd_node,3,83,0.14,0.04
rnd_node,3,84,0.14,0.04
rnd_node,3,85,0.16,0.04
rnd_node,3,86,0.18,0.04
rnd_node,3,87,0.15,0.04
rnd_node,3,88,0.19,0.04
rnd_node,3,89,0.15,0.04
rnd_node,3,90,0.15,0.04
rnd_node,3,91,0.19,0.04
rnd_node,3,92,0.16,0.04
rnd_node,3,93,0.19,0.04
rnd_node,3,94,0.16,0.04
rnd_node,3,95,0.16,0.04
rnd_node,3,96,0.18,0.04
rnd_node,3,97,0.16,0.04
rnd_node,3,98,0.15,0.04
rnd_node,3,99,0.15,0.04
rnd_node,3,100,0.15,0.04
rnd_node,3,101,0.16,0.04
rnd_node,3,102,0.17,0.04
rnd_node,3,103,0.16,0.04
rnd_node,3,104,0.14,0.04
rnd_node,3,105,0.18,0.04
rnd_node,3,106,0.18,0.04
rnd_node,3,107,0.15,0.04
rnd_node,3,108,0.18,0.04
rnd_node,3,109,0.21,0.04
rnd_node,3,110,0.23,0.04
rnd_node,3,111,0.26,0.04
rnd_node,3,112,0.28,0.04
rnd_node,3,113,0.28,0.04
rnd_node,3,114,0.25,0.04
rnd_node,3,115,0.22,0.04
rnd_node,3,116,0.18,0.04
rnd_node,3,117,0.19,0.04
rnd_node,3,118,0.21,0.04
rnd_node,3,119,0.22,0.04
rnd_node,3,120,0.25,0.04
rnd_node,3,121,0.21,0.04
rnd_node,3,122,0.23,0.04
rnd_node,3,123,0.23,0.04
rnd_node,3,124,0.21,0.04
rnd_node,3,125,0.18,0.04
rnd_node,3,126,0.14,0.04
rnd_node,3,127,0.15,0.04
rnd_node,3,128,0.14,0.04
rnd_node,3,129,0.13,0.04
rnd_node,3,130,0.16,0.04
rnd_node,3,131,0.16,0.04
rnd_node,3,132,0.17,0.04
rnd_node,3,133,0.18,0.04
rnd_node,3,134,0.21,0.04
rnd_node,3,135,0.25,0.04
rnd_node,3,136,0.22,0.04
rnd_node,3,137,0.21,0.04
rnd_node,3,138,0.22,0.04
rnd_node,3,139,0.26,0.04
rnd_node,3,140,0.34,0.04
rnd_node,3,141,0.35,0.04
rnd_node,3,142,0.31,0.04
rnd_node,3,143,0.24,0.04
rnd_node,3,144,0.22,0.04
rnd_node,3,145,0.23,0.04
rnd_node,3,146,0.26,0.04
rnd_node,3,147,0.25,0.04
rnd_node,3,148,0.21,0.04
rnd_node,3,149,0.16,0.04
rnd_node,3,150,0.16,0.04
rnd_node,4,0,0.1,0.04
rnd_node,4,1,0.09,0.04
rnd_node,4,2,0.13,0.04
rnd_node,4,3,0.13,0.04
rnd_node,4,4,0.15,0.04
rnd_node,4,5,0.12,0.04
rnd_node,4,6,0.13,0.04
rnd_node,4,7,0.17,0.04
rnd_node,4,8,0.16,0.04
rnd_node,4,9,0.18,0.04
rnd_node,4,10,0.19,0.04
rnd_node,4,11,0.17,0.04
rnd_node,4,12,0.16,0.04
rnd_node,4,13,0.15,0.04
rnd_node,4,14,0.14,0.04
rnd_node,4,15,0.1,0.04
rnd_node,4,16,0.1,0.04
rnd_node,4,17,0.11,0.04
rnd_node,4,18,0.11,0.04
rnd_node,4,19,0.09,0.04
rnd_node,4,20,0.1,0.04
rnd_node,4,21,0.11,0.04
rnd_node,4,22,0.09,0.04
rnd_node,4,23,0.09,0.04
rnd_node,4,24,0.09,0.04
rnd_node,4,25,0.06,0.04
rnd_node,4,26,0.08,0.04
rnd_node,4,27,0.09,0.04
rnd_node,4,28,0.12,0.04
rnd_node,4,29,0.13,0.04
rnd_node,4,30,0.18,0.04
rnd_node,4,31,0.18,0.04
rnd_node,4,32,0.17,0.04
rnd_node,4,33,0.15,0.04
rnd_node,4,34,0.18,0.04
rnd_node,4,35,0.18,0.04
rnd_node,4,36,0.15,0.04
rnd_node,4,37,0.13,0.04
rnd_node,4,38,0.1,0.04
rnd_node,4,39,0.07,0.04
rnd_node,4,40,0.12,0.04
rnd_node,4,41,0.14,0.04
rnd_node,4,42,0.14,0.04
rnd_node,4,43,0.12,0.04
rnd_node,4,44,0.17,0.04
rnd_node,4,45,0.22,0.04
rnd_node,4,46,0.17,0.04
rnd_node,4,47,0.16,0.04
rnd_node,4,48,0.15,0.04
rnd_node,4,49,0.16,0.04
rnd_node,4,50,0.19,0.04
rnd_node,4,51,0.2,0.04
rnd_node,4,52,0.23,0.04
rnd_node,4,53,0.25,0.04
rnd_node,4,54,0.25,0.04
rnd_node,4,55,0.24,0.04
rnd_node,4,56,0.23,0.04
rnd_node,4,57,0.24,0.04
rnd_node,4,58,0.21,0.04
rnd_node,4,59,0.2,0.04
rnd_node,4,60,0.17,0.04
rnd_node,4,61,0.19,0.04
rnd_node,4,62,0.16,0.04
rnd_node,4,63,0.14,0.04
rnd_node,4,64,0.14,0.04
rnd_node,4,65,0.15,0.04
rnd_node,4,66,0.14,0.04
rnd_node,4,67,0.12,0.04
rnd_node,4,68,0.12,0.04
rnd_node,4,69,0.12,0.04
rnd_node,4,70,0.11,0.04
rnd_node,4,71,0.13,0.04
rnd_node,4,72,0.13,0.04
rnd_node,4,73,0.13,0.04
rnd_node,4,74,0.14,0.04
rnd_node,4,75,0.15,0.04
rnd_node,4,76,0.19,0.04
rnd_node,4,77,0.16,0.04
rnd_node,4,78,0.17,0.04
rnd_node,4,79,0.16,0.04
rnd_node,4,80,0.16,0.04
rnd_node,4,81,0.14,0.04
rnd_node,4,82,0.16,0.04
rnd_node,4,83,0.17,0.04
rnd_node,4,84,0.18,0.04
rnd_node,4,85,0.12,0.04
rnd_node,4,86,0.12,0.04
rnd_node,4,87,0.13,0.04
rnd_node,4,88,0.1,0.04
rnd_node,4,89,0.11,0.04
rnd_node,4,90,0.12,0.04
rnd_node,4,91,0.12,0.04
rnd_node,4,92,0.11,0.04
rnd_node,4,93,0.1,0.04
rnd_node,4,94,0.12,0.04
rnd_node,4,95,0.15,0.04
rnd_node,4,96,0.15,0.04
rnd_node,4,97,0.14,0.04
rnd_node,4,98,0.14,0.04
rnd_node,4,99,0.16,0.04
rnd_node,4,100,0.16,0.04
rnd_node,4,101,0.14,0.04
rnd_node,4,102,0.2,0.04
rnd_node,4,103,0.16,0.04
rnd_node,4,104,0.16,0.04
rnd_node,4,105,0.17,0.04
rnd_node,4,106,0.21,0.04
rnd_node,4,107,0.23,0.04
rnd_node,4,108,0.27,0.04
rnd_node,4,109,0.24,0.04
rnd_node,4,110,0.21,0.04
rnd_node,4,111,0.21,0.04
rnd_node,4,112,0.23,0.04
rnd_node,4,113,0.21,0.04
rnd_node,4,114,0.3,0.04
rnd_node,4,115,0.36,0.04
rnd_node,4,116,0.31,0.04
rnd_node,4,117,0.24,0.04
rnd_node,4,118,0.22,0.04
rnd_node,4,119,0.22,0.04
rnd_node,4,120,0.25,0.04
rnd_node,4,121,0.27,0.04
rnd_node,4,122,0.26,0.04
rnd_node,4,123,0.25,0.04
rnd_node,4,124,0.2,0.04
rnd_node,4,125,0.23,0.04
rnd_node,4,126,0.23,0.04
rnd_node,4,127,0.24,0.04
rnd_node,4,128,0.19,0.04
rnd_node,4,129,0.18,0.04
rnd_node,4,130,0.22,0.04
rnd_node,4,131,0.2,0.04
rnd_node,4,132,0.21,0.04
rnd_node,4,133,0.21,0.04
rnd_node,4,134,0.19,0.04
rnd_node,4,135,0.19,0.04
rnd_node,4,136,0.22,0.04
rnd_node,4,137,0.24,0.04
rnd_node,4,138,0.24,0.04
rnd_node,4,139,0.23,0.04
rnd_node,4,140,0.26,0.04
rnd_node,4,141,0.26,0.04
rnd_node,4,142,0.26,0.04
rnd_node,4,143,0.2,0.04
rnd_node,4,144,0.21,0.04
rnd_node,4,145,0.19,0.04
rnd_node,4,146,0.21,0.04
rnd_node,4,147,0.23,0.04
rnd_node,4,148,0.24,0.04
rnd_node,4,149,0.24,0.04
rnd_node,4,150,0.24,0.04
rnd_node,5,0,0.1,0.04
rnd_node,5,1,0.09,0.04
rnd_node,5,2,0.12,0.04
rnd_node,5,3,0.12,0.04
rnd_node,5,4,0.14,0.04
rnd_node,5,5,0.13,0.04
rnd_node,5,6,0.14,0.04
rnd_node,5,7,0.17,0.04
rnd_node,5,8,0.2,0.04
rnd_node,5,9,0.19,0.04
rnd_node,5,10,0.22,0.04
rnd_node,5,11,0.22,0.04
rnd_node,5,12,0.19,0.04
rnd_node,5,13,0.16,0.04
rnd_node,5,14,0.19,0.04
rnd_node,5,15,0.18,0.04
rnd_node,5,16,0.2,0.04
rnd_node,5,17,0.17,0.04
rnd_node,5,18,0.2,0.04
rnd_node,5,19,0.21,0.04
rnd_node,5,20,0.25,0.04
rnd_node,5,21,0.23,0.04
rnd_node,5,22,0.24,0.04
rnd_node,5,23,0.28,0.04
rnd_node,5,24,0.28,0.04
rnd_node,5,25,0.29,0.04
rnd_node,5,26,0.25,0.04
rnd_node,5,27,0.22,0.04
rnd_node,5,28,0.27,0.04
rnd_node,5,29,0.27,0.04
rnd_node,5,30,0.27,0.04
rnd_node,5,31,0.27,0.04
rnd_node,5,32,0.22,0.04
rnd_node,5,33,0.24,0.04
rnd_node,5,34,0.28,0.04
rnd_node,5,35,0.29,0.04
rnd_node,5,36,0.28,0.04
rnd_node,5,37,0.3,0.04
rnd_node,5,38,0.31,0.04
rnd_node,5,39,0.25,0.04
rnd_node,5,40,0.28,0.04
rnd_node,5,41,0.27,0.04
rnd_node,5,42,0.2,0.04
rnd_node,5,43,0.2,0.04
rnd_node,5,44,0.2,0.04
rnd_node,5,45,0.14,0.04
rnd_node,5,46,0.16,0.04
rnd_node,5,47,0.17,0.04
rnd_node,5,48,0.21,0.04
rnd_node,5,49,0.2,0.04
rnd_node,5,50,0.19,0.04
rnd_node,5,51,0.16,0.04
rnd_node,5,52,0.17,0.04
rnd_node,5,53,0.18,0.04
rnd_node,5,54,0.22,0.04
rnd_node,5,55,0.22,0.04
rnd_node,5,56,0.25,0.04
rnd_node,5,57,0.27,0.04
rnd_node,5,58,0.26,0.04
rnd_node,5,59,0.26,0.04
rnd_node,5,60,0.28,0.04
rnd_node,5,61,0.24,0.04
rnd_node,5,62,0.3,0.04
rnd_node,5,63,0.3,0.04
rnd_node,5,64,0.25,0.04
rnd_node,5,65,0.25,0.04
rnd_node,5,66,0.25,0.04
rnd_node,5,67,0.25,0.04
rnd_node,5,68,0.26,0.04
rnd_node,5,69,0.26,0.04
rnd_node,5,70,0.21,0.04
rnd_node,5,71,0.21,0.04
rnd_node,5,72,0.18,0.04
rnd_node,5,73,0.18,0.04
rnd_node,5,74,0.18,0.04
rnd_node,5,75,0.17,0.04
rnd_node,5,76,0.17,0.04
rnd_node,5,77,0.16,0.04
rnd_node,5,78,0.14,0.04
rnd_node,5,79,0.14,0.04
rnd_node,5,80,0.14,0.04
rnd_node,5,81,0.16,0.04
rnd_node,5,82,0.17,0.04
rnd_node,5,83,0.19,0.04
rnd_node,5,84,0.16,0.04
rnd_node,5,85,0.19,0.04
rnd_node,5,86,0.15,0.04
rnd_node,5,87,0.15,0.04
rnd_node,5,88,0.14,0.04
rnd_node,5,89,0.13,0.04
rnd_node,5,90,0.1,0.04
rnd_node,5,91,0.12,0.04
rnd_node,5,92,0.15,0.04
rnd_node,5,93,0.13,0.04
rnd_node,5,94,0.16,0.04
rnd_node,5,95,0.16,0.04
rnd_node,5,96,0.15,0.04
rnd_node,5,97,0.18,0.04
rnd_node,5,98,0.16,0.04
rnd_node,5,99,0.15,0.04
rnd_node,5,100,0.12,0.04
rnd_node,5,101,0.12,0.04
rnd_node,5,102,0.11,0.04
rnd_node,5,103,0.09,0.04
rnd_node,5,104,0.09,0.04
rnd_node,5,105,0.11,0.04
rnd_node,5,106,0.15,0.04
rnd_node,5,107,0.17,0.04
rnd_node,5,108,0.17,0.04
rnd_node,5,109,0.18,0.04
rnd_node,5,110,0.19,0.04
rnd_node,5,111,0.18,0.04
rnd_node,5,112,0.12,0.04
rnd_node,5,113,0.11,0.04
rnd_node,5,114,0.15,0.04
rnd_node,5,115,0.12,0.04
rnd_node,5,116,0.12,0.04
rnd_node,5,117,0.13,0.04
rnd_node,5,118,0.13,0.04
rnd_node,5,119,0.11,0.04
rnd_node,5,120,0.09,0.04
rnd_node,5,121,0.09,0.04
rnd_node,5,122,0.1,0.04
rnd_node,5,123,0.08,0.04
rnd_node,5,124,0.08,0.04
rnd_node,5,125,0.07,0.04
rnd_node,5,126,0.07,0.04
rnd_node,5,127,0.06,0.04
rnd_node,5,128,0.05,0.04
rnd_node,5,129,0.06,0.04
rnd_node,5,130,0.07,0.04
rnd_node,5,131,0.08,0.04
rnd_node,5,132,0.08,0.04
rnd_node,5,133,0.07,0.04
rnd_node,5,134,0.05,0.04
rnd_node,5,135,0.05,0.04
rnd_node,5,136,0.04,0.04
rnd_node,5,137,0.06,0.04
rnd_node,5,138,0.07,0.04
rnd_node,5,139,0.09,0.04
rnd_node,5,140,0.07,0.04
rnd_node,5,141,0.08,0.04
rnd_node,5,142,0.08,0.04
rnd_node,5,143,0.09,0.04
rnd_node,5,144,0.09,0.04
rnd_node,5,145,0.1,0.04
rnd_node,5,146,0.12,0.04
rnd_node,5,147,0.14,0.04
rnd_node,5,148,0.12,0.04
rnd_node,5,149,0.14,0.04
rnd_node,5,150,0.16,0.04
rnd_node,6,0,0.1,0.04
rnd_node,6,1,0.07,0.04
rnd_node,6,2,0.04,0.04
rnd_node,6,3,0.04,0.04
rnd_node,6,4,0.06,0.04
rnd_node,6,5,0.05,0.04
rnd_node,6,6,0.05,0.04
rnd_node,6,7,0.06,0.04
rnd_node,6,8,0.06,0.04
rnd_node,6,9,0.1,0.04
rnd_node,6,10,0.12,0.04
rnd_node,6,11,0.1,0.04
rnd_node,6,12,0.12,0.04
rnd_node,6,13,0.13,0.04
rnd_node,6,14,0.13,0.04
rnd_node,6,15,0.13,0.04
rnd_node,6,16,0.12,0.04
rnd_node,6,17,0.14,0.04
rnd_node,6,18,0.16,0.04
rnd_node,6,19,0.16,0.04
rnd_node,6,20,0.15,0.04
rnd_node,6,21,0.16,0.04
rnd_node,6,22,0.19,0.04
rnd_node,6,23,0.23,0.04
rnd_node,6,24,0.24,0.04
rnd_node,6,25,0.23,0.04
rnd_node,6,26,0.17,0.04
rnd_node,6,27,0.19,0.04
rnd_node,6,28,0.19,0.04
rnd_node,6,29,0.19,0.04
rnd_node,6,30,0.21,0.04
rnd_node,6,31,0.24,0.04
rnd_node,6,32,0.28,0.04
rnd_node,6,33,0.23,0.04
rnd_node,6,34,0.22,0.04
rnd_node,6,35,0.23,0.04
rnd_node,6,36,0.28,0.04
rnd_node,6,37,0.25,0.04
rnd_node,6,38,0.26,0.04
rnd_node,6,39,0.29,0.04
rnd_node,6,40,0.27,0.04
rnd_node,6,41,0.28,0.04
rnd_node,6,42,0.21,0.04
rnd_node,6,43,0.18,0.04
rnd_node,6,44,0.17,0.04
rnd_node,6,45,0.16,0.04
rnd_node,6,46,0.14,0.04
rnd_node,6,47,0.16,0.04
rnd_node,6,48,0.18,0.04
rnd_node,6,49,0.17,0.04
rnd_node,6,50,0.15,0.04
rnd_node,6,51,0.09,0.04
rnd_node,6,52,0.07,0.04
rnd_node,6,53,0.1,0.04
rnd_node,6,54,0.17,0.04
rnd_node,6,55,0.2,0.04
rnd_node,6,56,0.16,0.04
rnd_node,6,57,0.19,0.04
rnd_node,6,58,0.17,0.04
rnd_node,6,59,0.19,0.04
rnd_node,6,60,0.18,0.04
rnd_node,6,61,0.15,0.04
rnd_node,6,62,0.21,0.04
rnd_node,6,63,0.18,0.04
rnd_node,6,64,0.17,0.04
rnd_node,6,65,0.14,0.04
rnd_node,6,66,0.16,0.04
rnd_node,6,67,0.19,0.04
rnd_node,6,68,0.22,0.04
rnd_node,6,69,0.25,0.04
rnd_node,6,70,0.27,0.04
rnd_node,6,71,0.24,0.04
rnd_node,6,72,0.21,0.04
rnd_node,6,73,0.24,0.04
rnd_node,6,74,0.24,0.04
rnd_node,6,75,0.19,0.04
rnd_node,6,76,0.23,0.04
rnd_node,6,77,0.23,0.04
rnd_node,6,78,0.16,0.04
rnd_node,6,79,0.16,0.04
rnd_node,6,80,0.17,0.04
rnd_node,6,81,0.17,0.04
rnd_node,6,82,0.16,0.04
rnd_node,6,83,0.18,0.04
rnd_node,6,84,0.22,0.04
rnd_node,6,85,0.24,0.04
rnd_node,6,86,0.23,0.04
rnd_node,6,87,0.24,0.04
rnd_node,6,88,0.23,0.04
rnd_node,6,89,0.27,0.04
rnd_node,6,90,0.26,0.04
rnd_node,6,91,0.28,0.04
rnd_node,6,92,0.28,0.04
rnd_node,6,93,0.29,0.04
rnd_node,6,94,0.29,0.04
rnd_node,6,95,0.28,0.04
rnd_node,6,96,0.25,0.04
rnd_node,6,97,0.25,0.04
rnd_node,6,98,0.22,0.04
rnd_node,6,99,0.23,0.04
rnd_node,6,100,0.24,0.04
rnd_node,6,101,0.23,0.04
rnd_node,6,102,0.24,0.04
rnd_node,6,103,0.25,0.04
rnd_node,6,104,0.26,0.04
rnd_node,6,105,0.27,0.04
rnd_node,6,106,0.24,0.04
rnd_node,6,107,0.26,0.04
rnd_node,6,108,0.22,0.04
rnd_node,6,109,0.22,0.04
rnd_node,6,110,0.21,0.04
rnd_node,6,111,0.22,0.04
rnd_node,6,112,0.27,0.04
rnd_node,6,113,0.26,0.04
rnd_node,6,114,0.24,0.04
rnd_node,6,115,0.21,0.04
rnd_node,6,116,0.22,0.04
rnd_node,6,117,0.22,0.04
rnd_node,6,118,0.21,0.04
rnd_node,6,119,0.22,0.04
rnd_node,6,120,0.24,0.04
rnd_node,6,121,0.23,0.04
rnd_node,6,122,0.21,0.04
rnd_node,6,123,0.23,0.04
rnd_node,6,124,0.24,0.04
rnd_node,6,125,0.22,0.04
rnd_node,6,126,0.24,0.04
rnd_node,6,127,0.24,0.04
rnd_node,6,128,0.22,0.04
rnd_node,6,129,0.26,0.04
rnd_node,6,130,0.26,0.04
rnd_node,6,131,0.27,0.04
rnd_node,6,132,0.26,0.04
rnd_node,6,133,0.28,0.04
rnd_node,6,134,0.22,0.04
rnd_node,6,135,0.22,0.04
rnd_node,6,136,0.24,0.04
rnd_node,6,137,0.24,0.04
rnd_node,6,138,0.24,0.04
rnd_node,6,139,0.21,0.04
rnd_node,6,140,0.22,0.04
rnd_node,6,141,0.22,0.04
rnd_node,6,142,0.21,0.04
rnd_node,6,143,0.18,0.04
rnd_node,6,144,0.18,0.04
rnd_node,6,145,0.18,0.04
rnd_node,6,146,0.23,0.04
rnd_node,6,147,0.26,0.04
rnd_node,6,148,0.21,0.04
rnd_node,6,149,0.2,0.04
rnd_node,6,150,0.24,0.04
rnd_node,7,0,0.09,0.04
rnd_node,7,1,0.05,0.04
rnd_node,7,2,0.04,0.04
rnd_node,7,3,0.06,0.04
rnd_node,7,4,0.04,0.04
rnd_node,7,5,0.02,0.04
rnd_node,7,6,0.02,0.04
rnd_node,7,7,0.01,0.04
rnd_node,7,8,0.0,0.04
rnd_node,7,9,0.0,0.04
rnd_node,7,10,0.0,0.04
rnd_node,7,11,0.0,0.04
rnd_node,7,12,0.0,0.04
rnd_node,7,13,0.0,0.04
rnd_node,7,14,0.0,0.04
rnd_node,7,15,0.0,0.04
rnd_node,7,16,0.0,0.04
rnd_node,7,17,0.0,0.04
rnd_node,7,18,0.0,0.04
rnd_node,7,19,0.0,0.04
rnd_node,7,20,0.0,0.04
rnd_node,7,21,0.0,0.04
rnd_node,7,22,0.0,0.04
rnd_node,7,23,0.0,0.04
rnd_node,7,24,0.0,0.04
rnd_node,7,25,0.0,0.04
rnd_node,7,26,0.0,0.04
rnd_node,7,27,0.0,0.04
rnd_node,7,28,0.0,0.04
rnd_node,7,29,0.0,0.04
rnd_node,7,30,0.0,0.04
rnd_node,7,31,0.0,0.04
rnd_node,7,32,0.0,0.04
rnd_node,7,33,0.0,0.04
rnd_node,7,34,0.0,0.04
rnd_node,7,35,0.0,0.04
rnd_node,7,36,0.0,0.04
rnd_node,7,37,0.0,0.04
rnd_node,7,38,0.0,0.04
rnd_node,7,39,0.0,0.04
rnd_node,7,40,0.0,0.04
rnd_node,7,41,0.0,0.04
rnd_node,7,42,0.0,0.04
rnd_node,7,43,0.0,0.04
rnd_node,7,44,0.0,0.04
rnd_node,7,45,0.0,0.04
rnd_node,7,46,0.0,0.04
rnd_node,7,47,0.0,0.04
rnd_node,7,48,0.0,0.04
rnd_node,7,49,0.0,0.04
rnd_node,7,50,0.0,0.04
rnd_node,7,51,0.0,0.04
rnd_node,7,52,0.0,0.04
rnd_node,7,53,0.0,0.04
rnd_node,7,54,0.0,0.04
rnd_node,7,55,0.0,0.04
rnd_node,7,56,0.0,0.04
rnd_node,7,57,0.0,0.04
rnd_node,7,58,0.0,0.04
rnd_node,7,59,0.0,0.04
rnd_node,7,60,0.0,0.04
rnd_node,7,61,0.0,0.04
rnd_node,7,62,0.0,0.04
rnd_node,7,63,0.0,0.04
rnd_node,7,64,0.0,0.04
rnd_node,7,65,0.0,0.04
rnd_node,7,66,0.0,0.04
rnd_node,7,67,0.0,0.04
rnd_node,7,68,0.0,0.04
rnd_node,7,69,0.0,0.04
rnd_node,7,70,0.0,0.04
rnd_node,7,71,0.0,0.04
rnd_node,7,72,0.0,0.04
rnd_node,7,73,0.0,0.04
rnd_node,7,74,0.0,0.04
rnd_node,7,75,0.0,0.04
rnd_node,7,76,0.0,0.04
rnd_node,7,77,0.0,0.04
rnd_node,7,78,0.0,0.04
rnd_node,7,79,0.0,0.04
rnd_node,7,80,0.0,0.04
rnd_node,7,81,0.0,0.04
rnd_node,7,82,0.0,0.04
rnd_node,7,83,0.0,0.04
rnd_node,7,84,0.0,0.04
rnd_node,7,85,0.0,0.04
rnd_node,7,86,0.0,0.04
rnd_node,7,87,0.0,0.04
rnd_node,7,88,0.0,0.04
rnd_node,7,89,0.0,0.04
rnd_node,7,90,0.0,0.04
rnd_node,7,91,0.0,0.04
rnd_node,7,92,0.0,0.04
rnd_node,7,93,0.0,0.04
rnd_node,7,94,0.0,0.04
rnd_node,7,95,0.0,0.04
rnd_node,7,96,0.0,0.04
rnd_node,7,97,0.0,0.04
rnd_node,7,98,0.0,0.04
rnd_node,7,99,0.0,0.04
rnd_node,7,100,0.0,0.04
rnd_node,7,101,0.0,0.04
rnd_node,7,102,0.0,0.04
rnd_node,7,103,0.0,0.04
rnd_node,7,104,0.0,0.04
rnd_node,7,105,0.0,0.04
rnd_node,7,106,0.0,0.04
rnd_node,7,107,0.0,0.04
rnd_node,7,108,0.0,0.04
rnd_node,7,109,0.0,0.04
rnd_node,7,110,0.0,0.04
rnd_node,7,111,0.0,0.04
rnd_node,7,112,0.0,0.04
rnd_node,7,113,0.0,0.04
rnd_node,7,114,0.0,0.04
rnd_node,7,115,0.0,0.04
rnd_node,7,116,0.0,0.04
rnd_node,7,117,0.0,0.04
rnd_node,7,118,0.0,0.04
rnd_node,7,119,0.0,0.04
rnd_node,7,120,0.0,0.04
rnd_node,7,121,0.0,0.04
rnd_node,7,122,0.0,0.04
rnd_node,7,123,0.0,0.04
rnd_node,7,124,0.0,0.04
rnd_node,7,125,0.0,0.04
rnd_node,7,126,0.0,0.04
rnd_node,7,127,0.0,0.04
rnd_node,7,128,0.0,0.04
rnd_node,7,129,0.0,0.04
rnd_node,7,130,0.0,0.04
rnd_node,7,131,0.0,0.04
rnd_node,7,132,0.0,0.04
rnd_node,7,133,0.0,0.04
rnd_node,7,134,0.0,0.04
rnd_node,7,135,0.0,0.04
rnd_node,7,136,0.0,0.04
rnd_node,7,137,0.0,0.04
rnd_node,7,138,0.0,0.04
rnd_node,7,139,0.0,0.04
rnd_node,7,140,0.0,0.04
rnd_node,7,141,0.0,0.04
rnd_node,7,142,0.0,0.04
rnd_node,7,143,0.0,0.04
rnd_node,7,144,0.0,0.04
rnd_node,7,145,0.0,0.04
rnd_node,7,146,0.0,0.04
rnd_node,7,147,0.0,0.04
rnd_node,7,148,0.0,0.04
rnd_node,7,149,0.0,0.04
rnd_node,7,150,0.0,0.04
rnd_node,8,0,0.1,0.04
rnd_node,8,1,0.11,0.04
rnd_node,8,2,0.08,0.04
rnd_node,8,3,0.09,0.04
rnd_node,8,4,0.07,0.04
rnd_node,8,5,0.07,0.04
rnd_node,8,6,0.08,0.04
rnd_node,8,7,0.09,0.04
rnd_node,8,8,0.07,0.04
rnd_node,8,9,0.07,0.04
rnd_node,8,10,0.06,0.04
rnd_node,8,11,0.07,0.04
rnd_node,8,12,0.07,0.04
rnd_node,8,13,0.1,0.04
rnd_node,8,14,0.11,0.04
rnd_node,8,15,0.1,0.04
rnd_node,8,16,0.09,0.04
rnd_node,8,17,0.11,0.04
rnd_node,8,18,0.13,0.04
rnd_node,8,19,0.15,0.04
rnd_node,8,20,0.17,0.04
rnd_node,8,21,0.16,0.04
rnd_node,8,22,0.13,0.04
rnd_node,8,23,0.16,0.04
rnd_node,8,24,0.17,0.04
rnd_node,8,25,0.18,0.04
rnd_node,8,26,0.19,0.04
rnd_node,8,27,0.19,0.04
rnd_node,8,28,0.2,0.04
rnd_node,8,29,0.18,0.04
rnd_node,8,30,0.23,0.04
rnd_node,8,31,0.24,0.04
rnd_node,8,32,0.24,0.04
rnd_node,8,33,0.24,0.04
rnd_node,8,34,0.25,0.04
rnd_node,8,35,0.3,0.04
rnd_node,8,36,0.29,0.04
rnd_node,8,37,0.28,0.04
rnd_node,8,38,0.29,0.04
rnd_node,8,39,0.29,0.04
rnd_node,8,40,0.28,0.04
rnd_node,8,41,0.24,0.04
rnd_node,8,42,0.23,0.04
rnd_node,8,43,0.21,0.04
rnd_node,8,44,0.24,0.04
rnd_node,8,45,0.25,0.04
rnd_node,8,46,0.26,0.04
rnd_node,8,47,0.24,0.04
rnd_node,8,48,0.22,0.04
rnd_node,8,49,0.21,0.04
rnd_node,8,50,0.22,0.04
rnd_node,8,51,0.24,0.04
rnd_node,8,52,0.25,0.04
rnd_node,8,53,0.22,0.04
rnd_node,8,54,0.2,0.04
rnd_node,8,55,0.18,0.04
rnd_node,8,56,0.21,0.04
rnd_node,8,57,0.21,0.04
rnd_node,8,58,0.2,0.04
rnd_node,8,59,0.22,0.04
rnd_node,8,60,0.22,0.04
rnd_node,8,61,0.22,0.04
rnd_node,8,62,0.23,0.04
rnd_node,8,63,0.24,0.04
rnd_node,8,64,0.25,0.04
rnd_node,8,65,0.22,0.04
rnd_node,8,66,0.2,0.04
rnd_node,8,67,0.2,0.04
rnd_node,8,68,0.21,0.04
rnd_node,8,69,0.22,0.04
rnd_node,8,70,0.31,0.04
rnd_node,8,71,0.26,0.04
rnd_node,8,72,0.25,0.04
rnd_node,8,73,0.26,0.04
rnd_node,8,74,0.26,0.04
rnd_node,8,75,0.3,0.04
rnd_node,8,76,0.27,0.04
rnd_node,8,77,0.3,0.04
rnd_node,8,78,0.23,0.04
rnd_node,8,79,0.23,0.04
rnd_node,8,80,0.22,0.04
rnd_node,8,81,0.21,0.04
rnd_node,8,82,0.18,0.04
rnd_node,8,83,0.16,0.04
rnd_node,8,84,0.2,0.04
rnd_node,8,85,0.22,0.04
rnd_node,8,86,0.21,0.04
rnd_node,8,87,0.23,0.04
rnd_node,8,88,0.26,0.04
rnd_node,8,89,0.31,0.04
rnd_node,8,90,0.27,0.04
rnd_node,8,91,0.31,0.04
rnd_node,8,92,0.26,0.04
rnd_node,8,93,0.29,0.04
rnd_node,8,94,0.29,0.04
rnd_node,8,95,0.34,0.04
rnd_node,8,96,0.3,0.04
rnd_node,8,97,0.34,0.04
rnd_node,8,98,0.33,0.04
rnd_node,8,99,0.31,0.04
rnd_node,8,100,0.3,0.04
rnd_node,8,101,0.26,0.04
rnd_node,8,102,0.24,0.04
rnd_node,8,103,0.21,0.04
rnd_node,8,104,0.21,0.04
rnd_node,8,105,0.23,0.04
rnd_node,8,106,0.2,0.04
rnd_node,8,107,0.22,0.04
rnd_node,8,108,0.16,0.04
rnd_node,8,109,0.17,0.04
rnd_node,8,110,0.21,0.04
rnd_node,8,111,0.23,0.04
rnd_node,8,112,0.25,0.04
rnd_node,8,113,0.23,0.04
rnd_node,8,114,0.22,0.04
rnd_node,8,115,0.25,0.04
rnd_node,8,116,0.27,0.04
rnd_node,8,117,0.27,0.04
rnd_node,8,118,0.28,0.04
rnd_node,8,119,0.26,0.04
rnd_node,8,120,0.26,0.04
rnd_node,8,121,0.27,0.04
rnd_node,8,122,0.25,0.04
rnd_node,8,123,0.23,0.04
rnd_node,8,124,0.26,0.04
rnd_node,8,125,0.26,0.04
rnd_node,8,126,0.32,0.04
rnd_node,8,127,0.25,0.04
rnd_node,8,128,0.27,0.04
rnd_node,8,129,0.27,0.04
rnd_node,8,130,0.25,0.04
rnd_node,8,131,0.23,0.04
rnd_node,8,132,0.23,0.04
rnd_node,8,133,0.23,0.04
rnd_node,8,134,0.21,0.04
rnd_node,8,135,0.21,0.04
rnd_node,8,136,0.18,0.04
rnd_node,8,137,0.2,0.04
rnd_node,8,138,0.17,0.04
rnd_node,8,139,0.15,0.04
rnd_node,8,140,0.17,0.04
rnd_node,8,141,0.16,0.04
rnd_node,8,142,0.16,0.04
rnd_node,8,143,0.15,0.04
rnd_node,8,144,0.13,0.04
rnd_node,8,145,0.11,0.04
rnd_node,8,146,0.12,0.04
rnd_node,8,147,0.16,0.04
rnd_node,8,148,0.2,0.04
rnd_node,8,149,0.16,0.04
rnd_node,8,150,0.21,0.04
rnd_node,9,0,0.1,0.04
rnd_node,9,1,0.09,0.04
rnd_node,9,2,0.1,0.04
rnd_node,9,3,0.12,0.04
rnd_node,9,4,0.12,0.04
rnd_node,9,5,0.1,0.04
rnd_node,9,6,0.11,0.04
rnd_node,9,7,0.12,0.04
rnd_node,9,8,0.12,0.04
rnd_node,9,9,0.1,0.04
rnd_node,9,10,0.13,0.04
rnd_node,9,11,0.18,0.04
rnd_node,9,12,0.21,0.04
rnd_node,9,13,0.2,0.04
rnd_node,9,14,0.21,0.04
rnd_node,9,15,0.23,0.04
rnd_node,9,16,0.2,0.04
rnd_node,9,17,0.24,0.04
rnd_node,9,18,0.23,0.04
rnd_node,9,19,0.21,0.04
rnd_node,9,20,0.17,0.04
rnd_node,9,21,0.15,0.04
rnd_node,9,22,0.14,0.04
rnd_node,9,23,0.14,0.04
rnd_node,9,24,0.15,0.04
rnd_node,9,25,0.21,0.04
rnd_node,9,26,0.17,0.04
rnd_node,9,27,0.18,0.04
rnd_node,9,28,0.2,0.04
rnd_node,9,29,0.21,0.04
rnd_node,9,30,0.2,0.04
rnd_node,9,31,0.14,0.04
rnd_node,9,32,0.15,0.04
rnd_node,9,33,0.13,0.04
rnd_node,9,34,0.11,0.04
rnd_node,9,35,0.14,0.04
rnd_node,9,36,0.12,0.04
rnd_node,9,37,0.12,0.04
rnd_node,9,38,0.16,0.04
rnd_node,9,39,0.23,0.04
rnd_node,9,40,0.19,0.04
rnd_node,9,41,0.2,0.04
rnd_node,9,42,0.17,0.04
rnd_node,9,43,0.16,0.04
rnd_node,9,44,0.16,0.04
rnd_node,9,45,0.13,0.04
rnd_node,9,46,0.13,0.04
rnd_node,9,47,0.16,0.04
rnd_node,9,48,0.14,0.04
rnd_node,9,49,0.17,0.04
rnd_node,9,50,0.14,0.04
rnd_node,9,51,0.12,0.04
rnd_node,9,52,0.15,0.04
rnd_node,9,53,0.1,0.04
rnd_node,9,54,0.09,0.04
rnd_node,9,55,0.09,0.04
rnd_node,9,56,0.09,0.04
rnd_node,9,57,0.09,0.04
rnd_node,9,58,0.1,0.04
rnd_node,9,59,0.14,0.04
rnd_node,9,60,0.13,0.04
rnd_node,9,61,0.13,0.04
rnd_node,9,62,0.14,0.04
rnd_node,9,63,0.12,0.04
rnd_node,9,64,0.09,0.04
rnd_node,9,65,0.1,0.04
rnd_node,9,66,0.12,0.04
rnd_node,9,67,0.13,0.04
rnd_node,9,68,0.14,0.04
rnd_node,9,69,0.09,0.04
rnd_node,9,70,0.08,0.04
rnd_node,9,71,0.1,0.04
rnd_node,9,72,0.13,0.04
rnd_node,9,73,0.13,0.04
rnd_node,9,74,0.16,0.04
rnd_node,9,75,0.15,0.04
rnd_node,9,76,0.16,0.04
rnd_node,9,77,0.19,0.04
rnd_node,9,78,0.2,0.04
rnd_node,9,79,0.21,0.04
rnd_node,9,80,0.2,0.04
rnd_node,9,81,0.18,0.04
rnd_node,9,82,0.16,0.04
rnd_node,9,83,0.15,0.04
rnd_node,9,84,0.19,0.04
rnd_node,9,85,0.22,0.04
rnd_node,9,86,0.23,0.04
rnd_node,9,87,0.21,0.04
rnd_node,9,88,0.21,0.04
rnd_node,9,89,0.24,0.04
rnd_node,9,90,0.24,0.04
rnd_node,9,91,0.22,0.04
rnd_node,9,92,0.21,0.04
rnd_node,9,93,0.19,0.04
rnd_node,9,94,0.21,0.04
rnd_node,9,95,0.16,0.04
rnd_node,9,96,0.13,0.04
rnd_node,9,97,0.14,0.04
rnd_node,9,98,0.14,0.04
rnd_node,9,99,0.14,0.04
rnd_node,9,100,0.16,0.04
rnd_node,9,101,0.16,0.04
rnd_node,9,102,0.16,0.04
rnd_node,9,103,0.15,0.04
rnd_node,9,104,0.15,0.04
rnd_node,9,105,0.12,0.04
rnd_node,9,106,0.13,0.04
rnd_node,9,107,0.16,0.04
rnd_node,9,108,0.19,0.04
rnd_node,9,109,0.21,0.04
rnd_node,9,110,0.24,0.04
rnd_node,9,111,0.22,0.04
rnd_node,9,112,0.21,0.04
rnd_node,9,113,0.21,0.04
rnd_node,9,114,0.2,0.04
rnd_node,9,115,0.17,0.04
rnd_node,9,116,0.21,0.04
rnd_node,9,117,0.22,0.04
rnd_node,9,118,0.21,0.04
rnd_node,9,119,0.24,0.04
rnd_node,9,120,0.3,0.04
rnd_node,9,121,0.28,0.04
rnd_node,9,122,0.31,0.04
rnd_node,9,123,0.28,0.04
rnd_node,9,124,0.3,0.04
rnd_node,9,125,0.28,0.04
rnd_node,9,126,0.27,0.04
rnd_node,9,127,0.3,0.04
rnd_node,9,128,0.27,0.04
rnd_node,9,129,0.27,0.04
rnd_node,9,130,0.28,0.04
rnd_node,9,131,0.25,0.04
rnd_node,9,132,0.23,0.04
rnd_node,9,133,0.2,0.04
rnd_node,9,134,0.16,0.04
rnd_node,9,135,0.15,0.04
rnd_node,9,136,0.16,0.04
rnd_node,9,137,0.19,0.04
rnd_node,9,138,0.18,0.04
rnd_node,9,139,0.17,0.04
rnd_node,9,140,0.12,0.04
rnd_node,9,141,0.17,0.04
rnd_node,9,142,0.18,0.04
rnd_node,9,143,0.26,0.04
rnd_node,9,144,0.25,0.04
rnd_node,9,145,0.25,0.04
rnd_node,9,146,0.23,0.04
rnd_node,9,147,0.21,0.04
rnd_node,9,148,0.23,0.04
rnd_node,9,149,0.23,0.04
rnd_node,9,150,0.19,0.04
rnd_node,10,0,0.1,0.04
rnd_node,10,1,0.12,0.04
rnd_node,10,2,0.13,0.04
rnd_node,10,3,0.16,0.04
rnd_node,10,4,0.11,0.04
rnd_node,10,5,0.12,0.04
rnd_node,10,6,0.14,0.04
rnd_node,10,7,0.15,0.04
rnd_node,10,8,0.15,0.04
rnd_node,10,9,0.18,0.04
rnd_node,10,10,0.22,0.04
rnd_node,10,11,0.16,0.04
rnd_node,10,12,0.12,0.04
rnd_node,10,13,0.11,0.04
rnd_node,10,14,0.11,0.04
rnd_node,10,15,0.09,0.04
rnd_node,10,16,0.07,0.04
rnd_node,10,17,0.08,0.04
rnd_node,10,18,0.06,0.04
rnd_node,10,19,0.04,0.04
rnd_node,10,20,0.05,0.04
rnd_node,10,21,0.05,0.04
rnd_node,10,22,0.04,0.04
rnd_node,10,23,0.04,0.04
rnd_node,10,24,0.07,0.04
rnd_node,10,25,0.06,0.04
rnd_node,10,26,0.08,0.04
rnd_node,10,27,0.08,0.04
rnd_node,10,28,0.08,0.04
rnd_node,10,29,0.08,0.04
rnd_node,10,30,0.12,0.04
rnd_node,10,31,0.16,0.04
rnd_node,10,32,0.16,0.04
rnd_node,10,33,0.15,0.04
rnd_node,10,34,0.15,0.04
rnd_node,10,35,0.17,0.04
rnd_node,10,36,0.16,0.04
rnd_node,10,37,0.15,0.04
rnd_node,10,38,0.19,0.04
rnd_node,10,39,0.2,0.04
rnd_node,10,40,0.25,0.04
rnd_node,10,41,0.2,0.04
rnd_node,10,42,0.19,0.04
rnd_node,10,43,0.19,0.04
rnd_node,10,44,0.2,0.04
rnd_node,10,45,0.18,0.04
rnd_node,10,46,0.18,0.04
rnd_node,10,47,0.2,0.04
rnd_node,10,48,0.21,0.04
rnd_node,10,49,0.23,0.04
rnd_node,10,50,0.26,0.04
rnd_node,10,51,0.23,0.04
rnd_node,10,52,0.25,0.04
rnd_node,10,53,0.28,0.04
rnd_node,10,54,0.29,0.04
rnd_node,10,55,0.22,0.04
rnd_node,10,56,0.27,0.04
rnd_node,10,57,0.23,0.04
rnd_node,10,58,0.26,0.04
rnd_node,10,59,0.29,0.04
rnd_node,10,60,0.26,0.04
rnd_node,10,61,0.32,0.04
rnd_node,10,62,0.34,0.04
rnd_node,10,63,0.36,0.04
rnd_node,10,64,0.28,0.04
rnd_node,10,65,0.31,0.04
rnd_node,10,66,0.3,0.04
rnd_node,10,67,0.27,0.04
rnd_node,10,68,0.27,0.04
rnd_node,10,69,0.26,0.04
rnd_node,10,70,0.2,0.04
rnd_node,10,71,0.19,0.04
rnd_node,10,72,0.18,0.04
rnd_node,10,73,0.18,0.04
rnd_node,10,74,0.21,0.04
rnd_node,10,75,0.2,0.04
rnd_node,10,76,0.23,0.04
rnd_node,10,77,0.21,0.04
rnd_node,10,78,0.22,0.04
rnd_node,10,79,0.23,0.04
rnd_node,10,80,0.27,0.04
rnd_node,10,81,0.23,0.04
rnd_node,10,82,0.17,0.04
rnd_node,10,83,0.16,0.04
rnd_node,10,84,0.19,0.04
rnd_node,10,85,0.21,0.04
rnd_node,10,86,0.23,0.04
rnd_node,10,87,0.21,0.04
rnd_node,10,88,0.23,0.04
rnd_node,10,89,0.22,0.04
rnd_node,10,90,0.26,0.04
rnd_node,10,91,0.22,0.04
rnd_node,10,92,0.2,0.04
rnd_node,10,93,0.17,0.04
rnd_node,10,94,0.14,0.04
rnd_node,10,95,0.14,0.04
rnd_node,10,96,0.13,0.04
rnd_node,10,97,0.15,0.04
rnd_node,10,98,0.2,0.04
rnd_node,10,99,0.24,0.04
rnd_node,10,100,0.21,0.04
rnd_node,10,101,0.21,0.04
rnd_node,10,102,0.19,0.04
rnd_node,10,103,0.22,0.04
rnd_node,10,104,0.19,0.04
rnd_node,10,105,0.18,0.04
rnd_node,10,106,0.21,0.04
rnd_node,10,107,0.23,0.04
rnd_node,10,108,0.24,0.04
rnd_node,10,109,0.23,0.04
rnd_node,10,110,0.23,0.04
rnd_node,10,111,0.26,0.04
rnd_node,10,112,0.24,0.04
rnd_node,10,113,0.22,0.04
rnd_node,10,114,0.27,0.04
rnd_node,10,115,0.32,0.04
rnd_node,10,116,0.35,0.04
rnd_node,10,117,0.35,0.04
rnd_node,10,118,0.28,0.04
rnd_node,10,119,0.26,0.04
rnd_node,10,120,0.22,0.04
rnd_node,10,121,0.18,0.04
rnd_node,10,122,0.15,0.04
rnd_node,10,123,0.13,0.04
rnd_node,10,124,0.14,0.04
rnd_node,10,125,0.14,0.04
rnd_node,10,126,0.17,0.04
rnd_node,10,127,0.16,0.04
rnd_node,10,128,0.19,0.04
rnd_node,10,129,0.19,0.04
rnd_node,10,130,0.16,0.04
rnd_node,10,131,0.15,0.04
rnd_node,10,132,0.13,0.04
rnd_node,10,133,0.09,0.04
rnd_node,10,134,0.08,0.04
rnd_node,10,135,0.12,0.04
rnd_node,10,136,0.1,0.04
rnd_node,10,137,0.1,0.04
rnd_node,10,138,0.1,0.04
rnd_node,10,139,0.09,0.04
rnd_node,10,140,0.07,0.04
rnd_node,10,141,0.09,0.04
rnd_node,10,142,0.08,0.04
rnd_node,10,143,0.08,0.04
rnd_node,10,144,0.1,0.04
rnd_node,10,145,0.11,0.04
rnd_node,10,146,0.14,0.04
rnd_node,10,147,0.13,0.04
rnd_node,10,148,0.15,0.04
rnd_node,10,149,0.18,0.04
rnd_node,10,150,0.18,0.04
rnd_node,11,0,0.1,0.04
rnd_node,11,1,0.09,0.04
rnd_node,11,2,0.07,0.04
rnd_node,11,3,0.08,0.04
rnd_node,11,4,0.06,0.04
rnd_node,11,5,0.09,0.04
rnd_node,11,6,0.09,0.04
rnd_node,11,7,0.09,0.04
rnd_node,11,8,0.08,0.04
rnd_node,11,9,0.09,0.04
rnd_node,11,10,0.09,0.04
rnd_node,11,11,0.12,0.04
rnd_node,11,12,0.1,0.04
rnd_node,11,13,0.11,0.04
rnd_node,11,14,0.12,0.04
rnd_node,11,15,0.11,0.04
rnd_node,11,16,0.11,0.04
rnd_node,11,17,0.11,0.04
rnd_node,11,18,0.14,0.04
rnd_node,11,19,0.16,0.04
rnd_node,11,20,0.2,0.04
rnd_node,11,21,0.18,0.04
rnd_node,11,22,0.17,0.04
rnd_node,11,23,0.23,0.04
rnd_node,11,24,0.25,0.04
rnd_node,11,25,0.23,0.04
rnd_node,11,26,0.25,0.04
rnd_node,11,27,0.23,0.04
rnd_node,11,28,0.21,0.04
rnd_node,11,29,0.24,0.04
rnd_node,11,30,0.26,0.04
rnd_node,11,31,0.28,0.04
rnd_node,11,32,0.25,0.04
rnd_node,11,33,0.25,0.04
rnd_node,11,34,0.19,0.04
rnd_node,11,35,0.15,0.04
rnd_node,11,36,0.17,0.04
rnd_node,11,37,0.15,0.04
rnd_node,11,38,0.17,0.04
rnd_node,11,39,0.16,0.04
rnd_node,11,40,0.2,0.04
rnd_node,11,41,0.18,0.04
rnd_node,11,42,0.23,0.04
rnd_node,11,43,0.19,0.04
rnd_node,11,44,0.21,0.04
rnd_node,11,45,0.18,0.04
rnd_node,11,46,0.16,0.04
rnd_node,11,47,0.11,0.04
rnd_node,11,48,0.1,0.04
rnd_node,11,49,0.09,0.04
rnd_node,11,50,0.08,0.04
rnd_node,11,51,0.1,0.04
rnd_node,11,52,0.12,0.04
rnd_node,11,53,0.12,0.04
rnd_node,11,54,0.09,0.04
rnd_node,11,55,0.1,0.04
rnd_node,11,56,0.09,0.04
rnd_node,11,57,0.07,0.04
rnd_node,11,58,0.07,0.04
rnd_node,11,59,0.07,0.04
rnd_node,11,60,0.06,0.04
rnd_node,11,61,0.06,0.04
rnd_node,11,62,0.04,0.04
rnd_node,11,63,0.05,0.04
rnd_node,11,64,0.06,0.04
rnd_node,11,65,0.06,0.04
rnd_node,11,66,0.03,0.04
rnd_node,11,67,0.02,0.04
rnd_node,11,68,0.01,0.04
rnd_node,11,69,0.02,0.04
rnd_node,11,70,0.03,0.04
rnd_node,11,71,0.03,0.04
rnd_node,11,72,0.04,0.04
rnd_node,11,73,0.04,0.04
rnd_node,11,74,0.03,0.04
rnd_node,11,75,0.02,0.04
rnd_node,11,76,0.01,0.04
rnd_node,11,77,0.0,0.04
rnd_node,11,78,0.0,0.04
rnd_node,11,79,0.0,0.04
rnd_node,11,80,0.0,0.04
rnd_node,11,81,0.0,0.04
rnd_node,11,82,0.0,0.04
rnd_node,11,83,0.0,0.04
rnd_node,11,84,0.0,0.04
rnd_node,11,85,0.0,0.04
rnd_node,11,86,0.0,0.04
rnd_node,11,87,0.0,0.04
rnd_node,11,88,0.0,0.04
rnd_node,11,89,0.0,0.04
rnd_node,11,90,0.0,0.04
rnd_node,11,91,0.0,0.04
rnd_node,11,92,0.0,0.04
rnd_node,11,93,0.0,0.04
rnd_node,11,94,0.0,0.04
rnd_node,11,95,0.0,0.04
rnd_node,11,96,0.0,0.04
rnd_node,11,97,0.0,0.04
rnd_node,11,98,0.0,0.04
rnd_node,11,99,0.0,0.04
rnd_node,11,100,0.0,0.04
rnd_node,11,101,0.0,0.04
rnd_node,11,102,0.0,0.04
rnd_node,11,103,0.0,0.04
rnd_node,11,104,0.0,0.04
rnd_node,11,105,0.0,0.04
rnd_node,11,106,0.0,0.04
rnd_node,11,107,0.0,0.04
rnd_node,11,108,0.0,0.04
rnd_node,11,109,0.0,0.04
rnd_node,11,110,0.0,0.04
rnd_node,11,111,0.0,0.04
rnd_node,11,112,0.0,0.04
rnd_node,11,113,0.0,0.04
rnd_node,11,114,0.0,0.04
rnd_node,11,115,0.0,0.04
rnd_node,11,116,0.0,0.04
rnd_node,11,117,0.0,0.04
rnd_node,11,118,0.0,0.04
rnd_node,11,119,0.0,0.04
rnd_node,11,120,0.0,0.04
rnd_node,11,121,0.0,0.04
rnd_node,11,122,0.0,0.04
rnd_node,11,123,0.0,0.04
rnd_node,11,124,0.0,0.04
rnd_node,11,125,0.0,0.04
rnd_node,11,126,0.0,0.04
rnd_node,11,127,0.0,0.04
rnd_node,11,128,0.0,0.04
rnd_node,11,129,0.0,0.04
rnd_node,11,130,0.0,0.04
rnd_node,11,131,0.0,0.04
rnd_node,11,132,0.0,0.04
rnd_node,11,133,0.0,0.04
rnd_node,11,134,0.0,0.04
rnd_node,11,135,0.0,0.04
rnd_node,11,136,0.0,0.04
rnd_node,11,137,0.0,0.04
rnd_node,11,138,0.0,0.04
rnd_node,11,139,0.0,0.04
rnd_node,11,140,0.0,0.04
rnd_node,11,141,0.0,0.04
rnd_node,11,142,0.0,0.04
rnd_node,11,143,0.0,0.04
rnd_node,11,144,0.0,0.04
rnd_node,11,145,0.0,0.04
rnd_node,11,146,0.0,0.04
rnd_node,11,147,0.0,0.04
rnd_node,11,148,0.0,0.04
rnd_node,11,149,0.0,0.04
rnd_node,11,150,0.0,0.04
rnd_node,12,0,0.09,0.04
rnd_node,12,1,0.1,0.04
rnd_node,12,2,0.1,0.04
rnd_node,12,3,0.11,0.04
rnd_node,12,4,0.1,0.04
rnd_node,12,5,0.09,0.04
rnd_node,12,6,0.08,0.04
rnd_node,12,7,0.07,0.04
rnd_node,12,8,0.06,0.04
rnd_node,12,9,0.06,0.04
rnd_node,12,10,0.07,0.04
rnd_node,12,11,0.07,0.04
rnd_node,12,12,0.06,0.04
rnd_node,12,13,0.06,0.04
rnd_node,12,14,0.07,0.04
rnd_node,12,15,0.1,0.04
rnd_node,12,16,0.09,0.04
rnd_node,12,17,0.11,0.04
rnd_node,12,18,0.1,0.04
rnd_node,12,19,0.08,0.04
rnd_node,12,20,0.05,0.04
rnd_node,12,21,0.05,0.04
rnd_node,12,22,0.05,0.04
rnd_node,12,23,0.11,0.04
rnd_node,12,24,0.1,0.04
rnd_node,12,25,0.11,0.04
rnd_node,12,26,0.12,0.04
rnd_node,12,27,0.12,0.04
rnd_node,12,28,0.14,0.04
rnd_node,12,29,0.13,0.04
rnd_node,12,30,0.13,0.04
rnd_node,12,31,0.13,0.04
rnd_node,12,32,0.14,0.04
rnd_node,12,33,0.15,0.04
rnd_node,12,34,0.12,0.04
rnd_node,12,35,0.13,0.04
rnd_node,12,36,0.15,0.04
rnd_node,12,37,0.11,0.04
rnd_node,12,38,0.13,0.04
rnd_node,12,39,0.13,0.04
rnd_node,12,40,0.15,0.04
rnd_node,12,41,0.13,0.04
rnd_node,12,42,0.16,0.04
rnd_node,12,43,0.15,0.04
rnd_node,12,44,0.14,0.04
rnd_node,12,45,0.17,0.04
rnd_node,12,46,0.15,0.04
rnd_node,12,47,0.16,0.04
rnd_node,12,48,0.15,0.04
rnd_node,12,49,0.15,0.04
rnd_node,12,50,0.16,0.04
rnd_node,12,51,0.17,0.04
rnd_node,12,52,0.17,0.04
rnd_node,12,53,0.16,0.04
rnd_node,12,54,0.15,0.04
rnd_node,12,55,0.13,0.04
rnd_node,12,56,0.1,0.04
rnd_node,12,57,0.13,0.04
rnd_node,12,58,0.11,0.04
rnd_node,12,59,0.11,0.04
rnd_node,12,60,0.09,0.04
rnd_node,12,61,0.07,0.04
rnd_node,12,62,0.11,0.04
rnd_node,12,63,0.11,0.04
rnd_node,12,64,0.14,0.04
rnd_node,12,65,0.14,0.04
rnd_node,12,66,0.12,0.04
rnd_node,12,67,0.12,0.04
rnd_node,12,68,0.13,0.04
rnd_node,12,69,0.16,0.04
rnd_node,12,70,0.13,0.04
rnd_node,12,71,0.13,0.04
rnd_node,12,72,0.15,0.04
rnd_node,12,73,0.17,0.04
rnd_node,12,74,0.18,0.04
rnd_node,12,75,0.18,0.04
rnd_node,12,76,0.19,0.04
rnd_node,12,77,0.16,0.04
rnd_node,12,78,0.18,0.04
rnd_node,12,79,0.18,0.04
rnd_node,12,80,0.18,0.04
rnd_node,12,81,0.2,0.04
rnd_node,12,82,0.19,0.04
rnd_node,12,83,0.19,0.04
rnd_node,12,84,0.19,0.04
rnd_node,12,85,0.19,0.04
rnd_node,12,86,0.22,0.04
rnd_node,12,87,0.21,0.04
rnd_node,12,88,0.19,0.04
rnd_node,12,89,0.16,0.04
rnd_node,12,90,0.21,0.04
rnd_node,12,91,0.26,0.04
rnd_node,12,92,0.24,0.04
rnd_node,12,93,0.23,0.04
rnd_node,12,94,0.19,0.04
rnd_node,12,95,0.19,0.04
rnd_node,12,96,0.22,0.04
rnd_node,12,97,0.25,0.04
rnd_node,12,98,0.28,0.04
rnd_node,12,99,0.27,0.04
rnd_node,12,100,0.24,0.04
rnd_node,12,101,0.23,0.04
rnd_node,12,102,0.19,0.04
rnd_node,12,103,0.23,0.04
rnd_node,12,104,0.2,0.04
rnd_node,12,105,0.21,0.04
rnd_node,12,106,0.21,0.04
rnd_node,12,107,0.19,0.04
rnd_node,12,108,0.23,0.04
rnd_node,12,109,0.2,0.04
rnd_node,12,110,0.21,0.04
rnd_node,12,111,0.27,0.04
rnd_node,12,112,0.27,0.04
rnd_node,12,113,0.26,0.04
rnd_node,12,114,0.23,0.04
rnd_node,12,115,0.22,0.04
rnd_node,12,116,0.22,0.04
rnd_node,12,117,0.26,0.04
rnd_node,12,118,0.26,0.04
rnd_node,12,119,0.28,0.04
rnd_node,12,120,0.31,0.04
rnd_node,12,121,0.27,0.04
rnd_node,12,122,0.27,0.04
rnd_node,12,123,0.32,0.04
rnd_node,12,124,0.33,0.04
rnd_node,12,125,0.31,0.04
rnd_node,12,126,0.3,0.04
rnd_node,12,127,0.25,0.04
rnd_node,12,128,0.24,0.04
rnd_node,12,129,0.23,0.04
rnd_node,12,130,0.19,0.04
rnd_node,12,131,0.17,0.04
rnd_node,12,132,0.2,0.04
rnd_node,12,133,0.22,0.04
rnd_node,12,134,0.24,0.04
rnd_node,12,135,0.2,0.04
rnd_node,12,136,0.22,0.04
rnd_node,12,137,0.25,0.04
rnd_node,12,138,0.21,0.04
rnd_node,12,139,0.2,0.04
rnd_node,12,140,0.23,0.04
rnd_node,12,141,0.21,0.04
rnd_node,12,142,0.18,0.04
rnd_node,12,143,0.22,0.04
rnd_node,12,144,0.19,0.04
rnd_node,12,145,0.23,0.04
rnd_node,12,146,0.24,0.04
rnd_node,12,147,0.24,0.04
rnd_node,12,148,0.24,0.04
rnd_node,12,149,0.21,0.04
rnd_node,12,150,0.18,0.04
rnd_node,13,0,0.1,0.04
rnd_node,13,1,0.09,0.04
rnd_node,13,2,0.11,0.04
rnd_node,13,3,0.13,0.04
rnd_node,13,4,0.14,0.04
rnd_node,13,5,0.19,0.04
rnd_node,13,6,0.2,0.04
rnd_node,13,7,0.16,0.04
rnd_node,13,8,0.18,0.04
rnd_node,13,9,0.19,0.04
rnd_node,13,10,0.18,0.04
rnd_node,13,11,0.18,0.04
rnd_node,13,12,0.16,0.04
rnd_node,13,13,0.2,0.04
rnd_node,13,14,0.24,0.04
rnd_node,13,15,0.23,0.04
rnd_node,13,16,0.19,0.04
rnd_node,13,17,0.18,0.04
rnd_node,13,18,0.15,0.04
rnd_node,13,19,0.17,0.04
rnd_node,13,20,0.19,0.04
rnd_node,13,21,0.18,0.04
rnd_node,13,22,0.17,0.04
rnd_node,13,23,0.14,0.04
rnd_node,13,24,0.16,0.04
rnd_node,13,25,0.15,0.04
rnd_node,13,26,0.15,0.04
rnd_node,13,27,0.15,0.04
rnd_node,13,28,0.12,0.04
rnd_node,13,29,0.1,0.04
rnd_node,13,30,0.12,0.04
rnd_node,13,31,0.16,0.04
rnd_node,13,32,0.18,0.04
rnd_node,13,33,0.19,0.04
rnd_node,13,34,0.16,0.04
rnd_node,13,35,0.13,0.04
rnd_node,13,36,0.13,0.04
rnd_node,13,37,0.14,0.04
rnd_node,13,38,0.13,0.04
rnd_node,13,39,0.14,0.04
rnd_node,13,40,0.18,0.04
rnd_node,13,41,0.21,0.04
rnd_node,13,42,0.16,0.04
rnd_node,13,43,0.17,0.04
rnd_node,13,44,0.14,0.04
rnd_node,13,45,0.11,0.04
rnd_node,13,46,0.11,0.04
rnd_node,13,47,0.09,0.04
rnd_node,13,48,0.09,0.04
rnd_node,13,49,0.09,0.04
rnd_node,13,50,0.11,0.04
rnd_node,13,51,0.1,0.04
rnd_node,13,52,0.09,0.04
rnd_node,13,53,0.09,0.04
rnd_node,13,54,0.08,0.04
rnd_node,13,55,0.07,0.04
rnd_node,13,56,0.08,0.04
rnd_node,13,57,0.08,0.04
rnd_node,13,58,0.09,0.04
rnd_node,13,59,0.09,0.04
rnd_node,13,60,0.09,0.04
rnd_node,13,61,0.08,0.04
rnd_node,13,62,0.06,0.04
rnd_node,13,63,0.06,0.04
rnd_node,13,64,0.06,0.04
rnd_node,13,65,0.07,0.04
rnd_node,13,66,0.08,0.04
rnd_node,13,67,0.07,0.04
rnd_node,13,68,0.06,0.04
rnd_node,13,69,0.09,0.04
rnd_node,13,70,0.11,0.04
rnd_node,13,71,0.09,0.04
rnd_node,13,72,0.13,0.04
rnd_node,13,73,0.12,0.04
rnd_node,13,74,0.12,0.04
rnd_node,13,75,0.12,0.04
rnd_node,13,76,0.15,0.04
rnd_node,13,77,0.18,0.04
rnd_node,13,78,0.15,0.04
rnd_node,13,79,0.11,0.04
rnd_node,13,80,0.14,0.04
rnd_node,13,81,0.15,0.04
rnd_node,13,82,0.19,0.04
rnd_node,13,83,0.2,0.04
rnd_node,13,84,0.19,0.04
rnd_node,13,85,0.16,0.04
rnd_node,13,86,0.18,0.04
rnd_node,13,87,0.15,0.04
rnd_node,13,88,0.13,0.04
rnd_node,13,89,0.15,0.04
rnd_node,13,90,0.12,0.04
rnd_node,13,91,0.15,0.04
rnd_node,13,92,0.16,0.04
rnd_node,13,93,0.21,0.04
rnd_node,13,94,0.21,0.04
rnd_node,13,95,0.22,0.04
rnd_node,13,96,0.23,0.04
rnd_node,13,97,0.21,0.04
rnd_node,13,98,0.18,0.04
rnd_node,13,99,0.16,0.04
rnd_node,13,100,0.16,0.04
rnd_node,13,101,0.15,0.04
rnd_node,13,102,0.15,0.04
rnd_node,13,103,0.15,0.04
rnd_node,13,104,0.17,0.04
rnd_node,13,105,0.18,0.04
rnd_node,13,106,0.15,0.04
rnd_node,13,107,0.2,0.04
rnd_node,13,108,0.2,0.04
rnd_node,13,109,0.16,0.04
rnd_node,13,110,0.18,0.04
rnd_node,13,111,0.17,0.04
rnd_node,13,112,0.13,0.04
rnd_node,13,113,0.13,0.04
rnd_node,13,114,0.14,0.04
rnd_node,13,115,0.16,0.04
rnd_node,13,116,0.15,0.04
rnd_node,13,117,0.15,0.04
rnd_node,13,118,0.12,0.04
rnd_node,13,119,0.13,0.04
rnd_node,13,120,0.13,0.04
rnd_node,13,121,0.15,0.04
rnd_node,13,122,0.18,0.04
rnd_node,13,123,0.16,0.04
rnd_node,13,124,0.15,0.04
rnd_node,13,125,0.16,0.04
rnd_node,13,126,0.19,0.04
rnd_node,13,127,0.2,0.04
rnd_node,13,128,0.21,0.04
rnd_node,13,129,0.21,0.04
rnd_node,13,130,0.19,0.04
rnd_node,13,131,0.19,0.04
rnd_node,13,132,0.17,0.04
rnd_node,13,133,0.16,0.04
rnd_node,13,134,0.18,0.04
rnd_node,13,135,0.2,0.04
rnd_node,13,136,0.2,0.04
rnd_node,13,137,0.19,0.04
rnd_node,13,138,0.15,0.04
rnd_node,13,139,0.12,0.04
rnd_node,13,140,0.15,0.04
rnd_node,13,141,0.18,0.04
rnd_node,13,142,0.21,0.04
rnd_node,13,143,0.23,0.04
rnd_node,13,144,0.21,0.04
rnd_node,13,145,0.21,0.04
rnd_node,13,146,0.24,0.04
rnd_node,13,147,0.27,0.04
rnd_node,13,148,0.31,0.04
rnd_node,13,149,0.31,0.04
rnd_node,13,150,0.29,0.04
rnd_node,14,0,0.1,0.04
rnd_node,14,1,0.13,0.04
rnd_node,14,2,0.18,0.04
rnd_node,14,3,0.19,0.04
rnd_node,14,4,0.2,0.04
rnd_node,14,5,0.21,0.04
rnd_node,14,6,0.22,0.04
rnd_node,14,7,0.19,0.04
rnd_node,14,8,0.18,0.04
rnd_node,14,9,0.16,0.04
rnd_node,14,10,0.14,0.04
rnd_node,14,11,0.13,0.04
rnd_node,14,12,0.12,0.04
rnd_node,14,13,0.11,0.04
rnd_node,14,14,0.09,0.04
rnd_node,14,15,0.11,0.04
rnd_node,14,16,0.13,0.04
rnd_node,14,17,0.15,0.04
rnd_node,14,18,0.2,0.04
rnd_node,14,19,0.24,0.04
rnd_node,14,20,0.3,0.04
rnd_node,14,21,0.25,0.04
rnd_node,14,22,0.28,0.04
rnd_node,14,23,0.31,0.04
rnd_node,14,24,0.3,0.04
rnd_node,14,25,0.27,0.04
rnd_node,14,26,0.22,0.04
rnd_node,14,27,0.22,0.04
rnd_node,14,28,0.28,0.04
rnd_node,14,29,0.28,0.04
rnd_node,14,30,0.28,0.04
rnd_node,14,31,0.3,0.04
rnd_node,14,32,0.27,0.04
rnd_node,14,33,0.27,0.04
rnd_node,14,34,0.22,0.04
rnd_node,14,35,0.24,0.04
rnd_node,14,36,0.26,0.04
rnd_node,14,37,0.3,0.04
rnd_node,14,38,0.29,0.04
rnd_node,14,39,0.31,0.04
rnd_node,14,40,0.28,0.04
rnd_node,14,41,0.28,0.04
rnd_node,14,42,0.25,0.04
rnd_node,14,43,0.22,0.04
rnd_node,14,44,0.24,0.04
rnd_node,14,45,0.23,0.04
rnd_node,14,46,0.26,0.04
rnd_node,14,47,0.21,0.04
rnd_node,14,48,0.21,0.04
rnd_node,14,49,0.21,0.04
rnd_node,14,50,0.2,0.04
rnd_node,14,51,0.18,0.04
rnd_node,14,52,0.14,0.04
rnd_node,14,53,0.15,0.04
rnd_node,14,54,0.2,0.04
rnd_node,14,55,0.24,0.04
rnd_node,14,56,0.25,0.04
rnd_node,14,57,0.24,0.04
rnd_node,14,58,0.22,0.04
rnd_node,14,59,0.16,0.04
rnd_node,14,60,0.17,0.04
rnd_node,14,61,0.17,0.04
rnd_node,14,62,0.18,0.04
rnd_node,14,63,0.21,0.04
rnd_node,14,64,0.2,0.04
rnd_node,14,65,0.19,0.04
rnd_node,14,66,0.16,0.04
rnd_node,14,67,0.13,0.04
rnd_node,14,68,0.1,0.04
rnd_node,14,69,0.1,0.04
rnd_node,14,70,0.14,0.04
rnd_node,14,71,0.12,0.04
rnd_node,14,72,0.11,0.04
rnd_node,14,73,0.17,0.04
rnd_node,14,74,0.17,0.04
rnd_node,14,75,0.16,0.04
rnd_node,14,76,0.17,0.04
rnd_node,14,77,0.18,0.04
rnd_node,14,78,0.19,0.04
rnd_node,14,79,0.16,0.04
rnd_node,14,80,0.16,0.04
rnd_node,14,81,0.14,0.04
rnd_node,14,82,0.12,0.04
rnd_node,14,83,0.12,0.04
rnd_node,14,84,0.14,0.04
rnd_node,14,85,0.14,0.04
rnd_node,14,86,0.11,0.04
rnd_node,14,87,0.12,0.04
rnd_node,14,88,0.13,0.04
rnd_node,14,89,0.13,0.04
rnd_node,14,90,0.13,0.04
rnd_node,14,91,0.13,0.04
rnd_node,14,92,0.12,0.04
rnd_node,14,93,0.1,0.04
rnd_node,14,94,0.08,0.04
rnd_node,14,95,0.09,0.04
rnd_node,14,96,0.08,0.04
rnd_node,14,97,0.07,0.04
rnd_node,14,98,0.1,0.04
rnd_node,14,99,0.13,0.04
rnd_node,14,100,0.09,0.04
rnd_node,14,101,0.09,0.04
rnd_node,14,102,0.1,0.04
rnd_node,14,103,0.12,0.04
rnd_node,14,104,0.14,0.04
rnd_node,14,105,0.14,0.04
rnd_node,14,106,0.1,0.04
rnd_node,14,107,0.1,0.04
rnd_node,14,108,0.12,0.04
rnd_node,14,109,0.15,0.04
rnd_node,14,110,0.16,0.04
rnd_node,14,111,0.2,0.04
rnd_node,14,112,0.17,0.04
rnd_node,14,113,0.15,0.04
rnd_node,14,114,0.14,0.04
rnd_node,14,115,0.13,0.04
rnd_node,14,116,0.16,0.04
rnd_node,14,117,0.17,0.04
rnd_node,14,118,0.19,0.04
rnd_node,14,119,0.18,0.04
rnd_node,14,120,0.17,0.04
rnd_node,14,121,0.18,0.04
rnd_node,14,122,0.16,0.04
rnd_node,14,123,0.17,0.04
rnd_node,14,124,0.17,0.04
rnd_node,14,125,0.16,0.04
rnd_node,14,126,0.17,0.04
rnd_node,14,127,0.13,0.04
rnd_node,14,128,0.19,0.04
rnd_node,14,129,0.23,0.04
rnd_node,14,130,0.24,0.04
rnd_node,14,131,0.21,0.04
rnd_node,14,132,0.23,0.04
rnd_node,14,133,0.23,0.04
rnd_node,14,134,0.24,0.04
rnd_node,14,135,0.26,0.04
rnd_node,14,136,0.24,0.04
rnd_node,14,137,0.21,0.04
rnd_node,14,138,0.25,0.04
rnd_node,14,139,0.25,0.04
rnd_node,14,140,0.3,0.04
rnd_node,14,141,0.27,0.04
rnd_node,14,142,0.24,0.04
rnd_node,14,143,0.26,0.04
rnd_node,14,144,0.21,0.04
rnd_node,14,145,0.2,0.04
rnd_node,14,146,0.2,0.04
rnd_node,14,147,0.24,0.04
rnd_node,14,148,0.24,0.04
rnd_node,14,149,0.24,0.04
rnd_node,14,150,0.29,0.04
rnd_node,15,0,0.1,0.04
rnd_node,15,1,0.1,0.04
rnd_node,15,2,0.12,0.04
rnd_node,15,3,0.11,0.04
rnd_node,15,4,0.09,0.04
rnd_node,15,5,0.09,0.04
rnd_node,15,6,0.09,0.04
rnd_node,15,7,0.1,0.04
rnd_node,15,8,0.14,0.04
rnd_node,15,9,0.18,0.04
rnd_node,15,10,0.17,0.04
rnd_node,15,11,0.18,0.04
rnd_node,15,12,0.19,0.04
rnd_node,15,13,0.18,0.04
rnd_node,15,14,0.14,0.04
rnd_node,15,15,0.17,0.04
rnd_node,15,16,0.16,0.04
rnd_node,15,17,0.16,0.04
rnd_node,15,18,0.18,0.04
rnd_node,15,19,0.19,0.04
rnd_node,15,20,0.15,0.04
rnd_node,15,21,0.15,0.04
rnd_node,15,22,0.15,0.04
rnd_node,15,23,0.12,0.04
rnd_node,15,24,0.15,0.04
rnd_node,15,25,0.16,0.04
rnd_node,15,26,0.15,0.04
rnd_node,15,27,0.15,0.04
rnd_node,15,28,0.14,0.04
rnd_node,15,29,0.16,0.04
rnd_node,15,30,0.15,0.04
rnd_node,15,31,0.16,0.04
rnd_node,15,32,0.12,0.04
rnd_node,15,33,0.11,0.04
rnd_node,15,34,0.13,0.04
rnd_node,15,35,0.15,0.04
rnd_node,15,36,0.16,0.04
rnd_node,15,37,0.1,0.04
rnd_node,15,38,0.1,0.04
rnd_node,15,39,0.11,0.04
rnd_node,15,40,0.09,0.04
rnd_node,15,41,0.06,0.04
rnd_node,15,42,0.02,0.04
rnd_node,15,43,0.03,0.04
rnd_node,15,44,0.02,0.04
rnd_node,15,45,0.02,0.04
rnd_node,15,46,0.0,0.04
rnd_node,15,47,0.0,0.04
rnd_node,15,48,0.0,0.04
rnd_node,15,49,0.0,0.04
rnd_node,15,50,0.0,0.04
rnd_node,15,51,0.0,0.04
rnd_node,15,52,0.0,0.04
rnd_node,15,53,0.0,0.04
rnd_node,15,54,0.0,0.04
rnd_node,15,55,0.0,0.04
rnd_node,15,56,0.0,0.04
rnd_node,15,57,0.0,0.04
rnd_node,15,58,0.0,0.04
rnd_node,15,59,0.0,0.04
rnd_node,15,60,0.0,0.04
rnd_node,15,61,0.0,0.04
rnd_node,15,62,0.0,0.04
rnd_node,15,63,0.0,0.04
rnd_node,15,64,0.0,0.04
rnd_node,15,65,0.0,0.04
rnd_node,15,66,0.0,0.04
rnd_node,15,67,0.0,0.04
rnd_node,15,68,0.0,0.04
rnd_node,15,69,0.0,0.04
rnd_node,15,70,0.0,0.04
rnd_node,15,71,0.0,0.04
rnd_node,15,72,0.0,0.04
rnd_node,15,73,0.0,0.04
rnd_node,15,74,0.0,0.04
rnd_node,15,75,0.0,0.04
rnd_node,15,76,0.0,0.04
rnd_node,15,77,0.0,0.04
rnd_node,15,78,0.0,0.04
rnd_node,15,79,0.0,0.04
rnd_node,15,80,0.0,0.04
rnd_node,15,81,0.0,0.04
rnd_node,15,82,0.0,0.04
rnd_node,15,83,0.0,0.04
rnd_node,15,84,0.0,0.04
rnd_node,15,85,0.0,0.04
rnd_node,15,86,0.0,0.04
rnd_node,15,87,0.0,0.04
rnd_node,15,88,0.0,0.04
rnd_node,15,89,0.0,0.04
rnd_node,15,90,0.0,0.04
rnd_node,15,91,0.0,0.04
rnd_node,15,92,0.0,0.04
rnd_node,15,93,0.0,0.04
rnd_node,15,94,0.0,0.04
rnd_node,15,95,0.0,0.04
rnd_node,15,96,0.0,0.04
rnd_node,15,97,0.0,0.04
rnd_node,15,98,0.0,0.04
rnd_node,15,99,0.0,0.04
rnd_node,15,100,0.0,0.04
rnd_node,15,101,0.0,0.04
rnd_node,15,102,0.0,0.04
rnd_node,15,103,0.0,0.04
rnd_node,15,104,0.0,0.04
rnd_node,15,105,0.0,0.04
rnd_node,15,106,0.0,0.04
rnd_node,15,107,0.0,0.04
rnd_node,15,108,0.0,0.04
rnd_node,15,109,0.0,0.04
rnd_node,15,110,0.0,0.04
rnd_node,15,111,0.0,0.04
rnd_node,15,112,0.0,0.04
rnd_node,15,113,0.0,0.04
rnd_node,15,114,0.0,0.04
rnd_node,15,115,0.0,0.04
rnd_node,15,116,0.0,0.04
rnd_node,15,117,0.0,0.04
rnd_node,15,118,0.0,0.04
rnd_node,15,119,0.0,0.04
rnd_node,15,120,0.0,0.04
rnd_node,15,121,0.0,0.04
rnd_node,15,122,0.0,0.04
rnd_node,15,123,0.0,0.04
rnd_node,15,124,0.0,0.04
rnd_node,15,125,0.0,0.04
rnd_node,15,126,0.0,0.04
rnd_node,15,127,0.0,0.04
rnd_node,15,128,0.0,0.04
rnd_node,15,129,0.0,0.04
rnd_node,15,130,0.0,0.04
rnd_node,15,131,0.0,0.04
rnd_node,15,132,0.0,0.04
rnd_node,15,133,0.0,0.04
rnd_node,15,134,0.0,0.04
rnd_node,15,135,0.0,0.04
rnd_node,15,136,0.0,0.04
rnd_node,15,137,0.0,0.04
rnd_node,15,138,0.0,0.04
rnd_node,15,139,0.0,0.04
rnd_node,15,140,0.0,0.04
rnd_node,15,141,0.0,0.04
rnd_node,15,142,0.0,0.04
rnd_node,15,143,0.0,0.04
rnd_node,15,144,0.0,0.04
rnd_node,15,145,0.0,0.04
rnd_node,15,146,0.0,0.04
rnd_node,15,147,0.0,0.04
rnd_node,15,148,0.0,0.04
rnd_node,15,149,0.0,0.04
rnd_node,15,150,0.0,0.04
rnd_node,16,0,0.1,0.04
rnd_node,16,1,0.12,0.04
rnd_node,16,2,0.14,0.04
rnd_node,16,3,0.16,0.04
rnd_node,16,4,0.21,0.04
rnd_node,16,5,0.19,0.04
rnd_node,16,6,0.2,0.04
rnd_node,16,7,0.18,0.04
rnd_node,16,8,0.22,0.04
rnd_node,16,9,0.2,0.04
rnd_node,16,10,0.16,0.04
rnd_node,16,11,0.13,0.04
rnd_node,16,12,0.18,0.04
rnd_node,16,13,0.19,0.04
rnd_node,16,14,0.23,0.04
rnd_node,16,15,0.26,0.04
rnd_node,16,16,0.24,0.04
rnd_node,16,17,0.24,0.04
rnd_node,16,18,0.19,0.04
rnd_node,16,19,0.19,0.04
rnd_node,16,20,0.22,0.04
rnd_node,16,21,0.18,0.04
rnd_node,16,22,0.17,0.04
rnd_node,16,23,0.18,0.04
rnd_node,16,24,0.14,0.04
rnd_node,16,25,0.1,0.04
rnd_node,16,26,0.1,0.04
rnd_node,16,27,0.11,0.04
rnd_node,16,28,0.1,0.04
rnd_node,16,29,0.1,0.04
rnd_node,16,30,0.14,0.04
rnd_node,16,31,0.14,0.04
rnd_node,16,32,0.13,0.04
rnd_node,16,33,0.16,0.04
rnd_node,16,34,0.17,0.04
rnd_node,16,35,0.2,0.04
rnd_node,16,36,0.18,0.04
rnd_node,16,37,0.21,0.04
rnd_node,16,38,0.23,0.04
rnd_node,16,39,0.23,0.04
rnd_node,16,40,0.25,0.04
rnd_node,16,41,0.28,0.04
rnd_node,16,42,0.24,0.04
rnd_node,16,43,0.25,0.04
rnd_node,16,44,0.28,0.04
rnd_node,16,45,0.36,0.04
rnd_node,16,46,0.33,0.04
rnd_node,16,47,0.36,0.04
rnd_node,16,48,0.34,0.04
rnd_node,16,49,0.36,0.04
rnd_node,16,50,0.32,0.04
rnd_node,16,51,0.34,0.04
rnd_node,16,52,0.33,0.04
rnd_node,16,53,0.36,0.04
rnd_node,16,54,0.35,0.04
rnd_node,16,55,0.34,0.04
rnd_node,16,56,0.32,0.04
rnd_node,16,57,0.32,0.04
rnd_node,16,58,0.25,0.04
rnd_node,16,59,0.24,0.04
rnd_node,16,60,0.25,0.04
rnd_node,16,61,0.25,0.04
rnd_node,16,62,0.21,0.04
rnd_node,16,63,0.19,0.04
rnd_node,16,64,0.23,0.04
rnd_node,16,65,0.2,0.04
rnd_node,16,66,0.2,0.04
rnd_node,16,67,0.21,0.04
rnd_node,16,68,0.23,0.04
rnd_node,16,69,0.25,0.04
rnd_node,16,70,0.25,0.04
rnd_node,16,71,0.23,0.04
rnd_node,16,72,0.24,0.04
rnd_node,16,73,0.24,0.04
rnd_node,16,74,0.22,0.04
rnd_node,16,75,0.21,0.04
rnd_node,16,76,0.21,0.04
rnd_node,16,77,0.22,0.04
rnd_node,16,78,0.26,0.04
rnd_node,16,79,0.26,0.04
rnd_node,16,80,0.25,0.04
rnd_node,16,81,0.26,0.04
rnd_node,16,82,0.32,0.04
rnd_node,16,83,0.31,0.04
rnd_node,16,84,0.25,0.04
rnd_node,16,85,0.26,0.04
rnd_node,16,86,0.25,0.04
rnd_node,16,87,0.26,0.04
rnd_node,16,88,0.26,0.04
rnd_node,16,89,0.2,0.04
rnd_node,16,90,0.19,0.04
rnd_node,16,91,0.2,0.04
rnd_node,16,92,0.2,0.04
rnd_node,16,93,0.22,0.04
rnd_node,16,94,0.21,0.04
rnd_node,16,95,0.24,0.04
rnd_node,16,96,0.24,0.04
rnd_node,16,97,0.25,0.04
rnd_node,16,98,0.25,0.04
rnd_node,16,99,0.21,0.04
rnd_node,16,100,0.18,0.04
rnd_node,16,101,0.17,0.04
rnd_node,16,102,0.19,0.04
rnd_node,16,103,0.25,0.04
rnd_node,16,104,0.19,0.04
rnd_node,16,105,0.21,0.04
rnd_node,16,106,0.22,0.04
rnd_node,16,107,0.21,0.04
rnd_node,16,108,0.24,0.04
rnd_node,16,109,0.23,0.04
rnd_node,16,110,0.25,0.04
rnd_node,16,111,0.22,0.04
rnd_node,16,112,0.26,0.04
rnd_node,16,113,0.19,0.04
rnd_node,16,114,0.12,0.04
rnd_node,16,115,0.12,0.04
rnd_node,16,116,0.09,0.04
rnd_node,16,117,0.1,0.04
rnd_node,16,118,0.14,0.04
rnd_node,16,119,0.16,0.04
rnd_node,16,120,0.19,0.04
rnd_node,16,121,0.19,0.04
rnd_node,16,122,0.18,0.04
rnd_node,16,123,0.2,0.04
rnd_node,16,124,0.2,0.04
rnd_node,16,125,0.15,0.04
rnd_node,16,126,0.15,0.04
rnd_node,16,127,0.15,0.04
rnd_node,16,128,0.17,0.04
rnd_node,16,129,0.18,0.04
rnd_node,16,130,0.19,0.04
rnd_node,16,131,0.23,0.04
rnd_node,16,132,0.21,0.04
rnd_node,16,133,0.18,0.04
rnd_node,16,134,0.19,0.04
rnd_node,16,135,0.17,0.04
rnd_node,16,136,0.17,0.04
rnd_node,16,137,0.21,0.04
rnd_node,16,138,0.2,0.04
rnd_node,16,139,0.2,0.04
rnd_node,16,140,0.18,0.04
rnd_node,16,141,0.2,0.04
rnd_node,16,142,0.25,0.04
rnd_node,16,143,0.25,0.04
rnd_node,16,144,0.3,0.04
rnd_node,16,145,0.25,0.04
rnd_node,16,146,0.23,0.04
rnd_node,16,147,0.25,0.04
rnd_node,16,148,0.26,0.04
rnd_node,16,149,0.24,0.04
rnd_node,16,150,0.19,0.04
rnd_node,17,0,0.08,0.04
rnd_node,17,1,0.07,0.04
rnd_node,17,2,0.05,0.04
rnd_node,17,3,0.07,0.04
rnd_node,17,4,0.06,0.04
rnd_node,17,5,0.1,0.04
rnd_node,17,6,0.08,0.04
rnd_node,17,7,0.09,0.04
rnd_node,17,8,0.08,0.04
rnd_node,17,9,0.08,0.04
rnd_node,17,10,0.09,0.04
rnd_node,17,11,0.1,0.04
rnd_node,17,12,0.1,0.04
rnd_node,17,13,0.09,0.04
rnd_node,17,14,0.11,0.04
rnd_node,17,15,0.1,0.04
rnd_node,17,16,0.09,0.04
rnd_node,17,17,0.1,0.04
rnd_node,17,18,0.12,0.04
rnd_node,17,19,0.14,0.04
rnd_node,17,20,0.15,0.04
rnd_node,17,21,0.18,0.04
rnd_node,17,22,0.13,0.04
rnd_node,17,23,0.12,0.04
rnd_node,17,24,0.12,0.04
rnd_node,17,25,0.09,0.04
rnd_node,17,26,0.08,0.04
rnd_node,17,27,0.08,0.04
rnd_node,17,28,0.08,0.04
rnd_node,17,29,0.11,0.04
rnd_node,17,30,0.1,0.04
rnd_node,17,31,0.09,0.04
rnd_node,17,32,0.07,0.04
rnd_node,17,33,0.07,0.04
rnd_node,17,34,0.04,0.04
rnd_node,17,35,0.06,0.04
rnd_node,17,36,0.12,0.04
rnd_node,17,37,0.14,0.04
rnd_node,17,38,0.17,0.04
rnd_node,17,39,0.2,0.04
rnd_node,17,40,0.24,0.04
rnd_node,17,41,0.25,0.04
rnd_node,17,42,0.26,0.04
rnd_node,17,43,0.32,0.04
rnd_node,17,44,0.32,0.04
rnd_node,17,45,0.3,0.04
rnd_node,17,46,0.29,0.04
rnd_node,17,47,0.3,0.04
rnd_node,17,48,0.25,0.04
rnd_node,17,49,0.18,0.04
rnd_node,17,50,0.18,0.04
rnd_node,17,51,0.19,0.04
rnd_node,17,52,0.17,0.04
rnd_node,17,53,0.15,0.04
rnd_node,17,54,0.16,0.04
rnd_node,17,55,0.17,0.04
rnd_node,17,56,0.17,0.04
rnd_node,17,57,0.2,0.04
rnd_node,17,58,0.16,0.04
rnd_node,17,59,0.14,0.04
rnd_node,17,60,0.12,0.04
rnd_node,17,61,0.15,0.04
rnd_node,17,62,0.13,0.04
rnd_node,17,63,0.15,0.04
rnd_node,17,64,0.15,0.04
rnd_node,17,65,0.15,0.04
rnd_node,17,66,0.16,0.04
rnd_node,17,67,0.16,0.04
rnd_node,17,68,0.16,0.04
rnd_node,17,69,0.18,0.04
rnd_node,17,70,0.18,0.04
rnd_node,17,71,0.19,0.04
rnd_node,17,72,0.16,0.04
rnd_node,17,73,0.16,0.04
rnd_node,17,74,0.13,0.04
rnd_node,17,75,0.12,0.04
rnd_node,17,76,0.1,0.04
rnd_node,17,77,0.07,0.04
rnd_node,17,78,0.08,0.04
rnd_node,17,79,0.05,0.04
rnd_node,17,80,0.04,0.04
rnd_node,17,81,0.05,0.04
rnd_node,17,82,0.03,0.04
rnd_node,17,83,0.02,0.04
rnd_node,17,84,0.02,0.04
rnd_node,17,85,0.01,0.04
rnd_node,17,86,0.01,0.04
rnd_node,17,87,0.01,0.04
rnd_node,17,88,0.01,0.04
rnd_node,17,89,0.0,0.04
rnd_node,17,90,0.0,0.04
rnd_node,17,91,0.0,0.04
rnd_node,17,92,0.0,0.04
rnd_node,17,93,0.0,0.04
rnd_node,17,94,0.0,0.04
rnd_node,17,95,0.0,0.04
rnd_node,17,96,0.0,0.04
rnd_node,17,97,0.0,0.04
rnd_node,17,98,0.0,0.04
rnd_node,17,99,0.0,0.04
rnd_node,17,100,0.0,0.04
rnd_node,17,101,0.0,0.04
rnd_node,17,102,0.0,0.04
rnd_node,17,103,0.0,0.04
rnd_node,17,104,0.0,0.04
rnd_node,17,105,0.0,0.04
rnd_node,17,106,0.0,0.04
rnd_node,17,107,0.0,0.04
rnd_node,17,108,0.0,0.04
rnd_node,17,109,0.0,0.04
rnd_node,17,110,0.0,0.04
rnd_node,17,111,0.0,0.04
rnd_node,17,112,0.0,0.04
rnd_node,17,113,0.0,0.04
rnd_node,17,114,0.0,0.04
rnd_node,17,115,0.0,0.04
rnd_node,17,116,0.0,0.04
rnd_node,17,117,0.0,0.04
rnd_node,17,118,0.0,0.04
rnd_node,17,119,0.0,0.04
rnd_node,17,120,0.0,0.04
rnd_node,17,121,0.0,0.04
rnd_node,17,122,0.0,0.04
rnd_node,17,123,0.0,0.04
rnd_node,17,124,0.0,0.04
rnd_node,17,125,0.0,0.04
rnd_node,17,126,0.0,0.04
rnd_node,17,127,0.0,0.04
rnd_node,17,128,0.0,0.04
rnd_node,17,129,0.0,0.04
rnd_node,17,130,0.0,0.04
rnd_node,17,131,0.0,0.04
rnd_node,17,132,0.0,0.04
rnd_node,17,133,0.0,0.04
rnd_node,17,134,0.0,0.04
rnd_node,17,135,0.0,0.04
rnd_node,17,136,0.0,0.04
rnd_node,17,137,0.0,0.04
rnd_node,17,138,0.0,0.04
rnd_node,17,139,0.0,0.04
rnd_node,17,140,0.0,0.04
rnd_node,17,141,0.0,0.04
rnd_node,17,142,0.0,0.04
rnd_node,17,143,0.0,0.04
rnd_node,17,144,0.0,0.04
rnd_node,17,145,0.0,0.04
rnd_node,17,146,0.0,0.04
rnd_node,17,147,0.0,0.04
rnd_node,17,148,0.0,0.04
rnd_node,17,149,0.0,0.04
rnd_node,17,150,0.0,0.04
rnd_node,18,0,0.1,0.04
rnd_node,18,1,0.07,0.04
rnd_node,18,2,0.07,0.04
rnd_node,18,3,0.06,0.04
rnd_node,18,4,0.04,0.04
rnd_node,18,5,0.05,0.04
rnd_node,18,6,0.03,0.04
rnd_node,18,7,0.02,0.04
rnd_node,18,8,0.04,0.04
rnd_node,18,9,0.06,0.04
rnd_node,18,10,0.06,0.04
rnd_node,18,11,0.07,0.04
rnd_node,18,12,0.08,0.04
rnd_node,18,13,0.07,0.04
rnd_node,18,14,0.08,0.04
rnd_node,18,15,0.1,0.04
rnd_node,18,16,0.08,0.04
rnd_node,18,17,0.1,0.04
rnd_node,18,18,0.12,0.04
rnd_node,18,19,0.13,0.04
rnd_node,18,20,0.12,0.04
rnd_node,18,21,0.12,0.04
rnd_node,18,22,0.09,0.04
rnd_node,18,23,0.09,0.04
rnd_node,18,24,0.1,0.04
rnd_node,18,25,0.09,0.04
rnd_node,18,26,0.11,0.04
rnd_node,18,27,0.14,0.04
rnd_node,18,28,0.17,0.04
rnd_node,18,29,0.22,0.04
rnd_node,18,30,0.21,0.04
rnd_node,18,31,0.2,0.04
rnd_node,18,32,0.17,0.04
rnd_node,18,33,0.13,0.04
rnd_node,18,34,0.12,0.04
rnd_node,18,35,0.12,0.04
rnd_node,18,36,0.13,0.04
rnd_node,18,37,0.12,0.04
rnd_node,18,38,0.11,0.04
rnd_node,18,39,0.1,0.04
rnd_node,18,40,0.1,0.04
rnd_node,18,41,0.12,0.04
rnd_node,18,42,0.15,0.04
rnd_node,18,43,0.17,0.04
rnd_node,18,44,0.15,0.04
rnd_node,18,45,0.15,0.04
rnd_node,18,46,0.15,0.04
rnd_node,18,47,0.13,0.04
rnd_node,18,48,0.14,0.04
rnd_node,18,49,0.12,0.04
rnd_node,18,50,0.11,0.04
rnd_node,18,51,0.13,0.04
rnd_node,18,52,0.15,0.04
rnd_node,18,53,0.17,0.04
rnd_node,18,54,0.18,0.04
rnd_node,18,55,0.2,0.04
rnd_node,18,56,0.21,0.04
rnd_node,18,57,0.25,0.04
rnd_node,18,58,0.24,0.04
rnd_node,18,59,0.26,0.04
rnd_node,18,60,0.28,0.04
rnd_node,18,61,0.26,0.04
rnd_node,18,62,0.23,0.04
rnd_node,18,63,0.26,0.04
rnd_node,18,64,0.27,0.04
rnd_node,18,65,0.27,0.04
rnd_node,18,66,0.22,0.04
rnd_node,18,67,0.21,0.04
rnd_node,18,68,0.17,0.04
rnd_node,18,69,0.17,0.04
rnd_node,18,70,0.19,0.04
rnd_node,18,71,0.18,0.04
rnd_node,18,72,0.2,0.04
rnd_node,18,73,0.17,0.04
rnd_node,18,74,0.12,0.04
rnd_node,18,75,0.11,0.04
rnd_node,18,76,0.1,0.04
rnd_node,18,77,0.13,0.04
rnd_node,18,78,0.1,0.04
rnd_node,18,79,0.07,0.04
rnd_node,18,80,0.08,0.04
rnd_node,18,81,0.08,0.04
rnd_node,18,82,0.1,0.04
rnd_node,18,83,0.12,0.04
rnd_node,18,84,0.12,0.04
rnd_node,18,85,0.1,0.04
rnd_node,18,86,0.09,0.04
rnd_node,18,87,0.13,0.04
rnd_node,18,88,0.11,0.04
rnd_node,18,89,0.12,0.04
rnd_node,18,90,0.1,0.04
rnd_node,18,91,0.08,0.04
rnd_node,18,92,0.08,0.04
rnd_node,18,93,0.07,0.04
rnd_node,18,94,0.07,0.04
rnd_node,18,95,0.09,0.04
rnd_node,18,96,0.12,0.04
rnd_node,18,97,0.1,0.04
rnd_node,18,98,0.08,0.04
rnd_node,18,99,0.1,0.04
rnd_node,18,100,0.09,0.04
rnd_node,18,101,0.09,0.04
rnd_node,18,102,0.12,0.04
rnd_node,18,103,0.14,0.04
rnd_node,18,104,0.1,0.04
rnd_node,18,105,0.1,0.04
rnd_node,18,106,0.1,0.04
rnd_node,18,107,0.09,0.04
rnd_node,18,108,0.11,0.04
rnd_node,18,109,0.14,0.04
rnd_node,18,110,0.12,0.04
rnd_node,18,111,0.11,0.04
rnd_node,18,112,0.12,0.04
rnd_node,18,113,0.14,0.04
rnd_node,18,114,0.15,0.04
rnd_node,18,115,0.18,0.04
rnd_node,18,116,0.15,0.04
rnd_node,18,117,0.17,0.04
rnd_node,18,118,0.18,0.04
rnd_node,18,119,0.17,0.04
rnd_node,18,120,0.14,0.04
rnd_node,18,121,0.13,0.04
rnd_node,18,122,0.14,0.04
rnd_node,18,123,0.16,0.04
rnd_node,18,124,0.16,0.04
rnd_node,18,125,0.16,0.04
rnd_node,18,126,0.18,0.04
rnd_node,18,127,0.21,0.04
rnd_node,18,128,0.2,0.04
rnd_node,18,129,0.22,0.04
rnd_node,18,130,0.23,0.04
rnd_node,18,131,0.2,0.04
rnd_node,18,132,0.24,0.04
rnd_node,18,133,0.24,0.04
rnd_node,18,134,0.25,0.04
rnd_node,18,135,0.24,0.04
rnd_node,18,136,0.21,0.04
rnd_node,18,137,0.23,0.04
rnd_node,18,138,0.23,0.04
rnd_node,18,139,0.25,0.04
rnd_node,18,140,0.28,0.04
rnd_node,18,141,0.28,0.04
rnd_node,18,142,0.25,0.04
rnd_node,18,143,0.2,0.04
rnd_node,18,144,0.19,0.04
rnd_node,18,145,0.12,0.04
rnd_node,18,146,0.1,0.04
rnd_node,18,147,0.12,0.04
rnd_node,18,148,0.12,0.04
rnd_node,18,149,0.14,0.04
rnd_node,18,150,0.1,0.04
rnd_node,19,0,0.1,0.04
rnd_node,19,1,0.1,0.04
rnd_node,19,2,0.1,0.04
rnd_node,19,3,0.08,0.04
rnd_node,19,4,0.07,0.04
rnd_node,19,5,0.07,0.04
rnd_node,19,6,0.08,0.04
rnd_node,19,7,0.09,0.04
rnd_node,19,8,0.12,0.04
rnd_node,19,9,0.12,0.04
rnd_node,19,10,0.13,0.04
rnd_node,19,11,0.09,0.04
rnd_node,19,12,0.11,0.04
rnd_node,19,13,0.1,0.04
rnd_node,19,14,0.08,0.04
rnd_node,19,15,0.1,0.04
rnd_node,19,16,0.1,0.04
rnd_node,19,17,0.08,0.04
rnd_node,19,18,0.07,0.04
rnd_node,19,19,0.05,0.04
rnd_node,19,20,0.05,0.04
rnd_node,19,21,0.05,0.04
rnd_node,19,22,0.04,0.04
rnd_node,19,23,0.05,0.04
rnd_node,19,24,0.05,0.04
rnd_node,19,25,0.05,0.04
rnd_node,19,26,0.03,0.04
rnd_node,19,27,0.03,0.04
rnd_node,19,28,0.03,0.04
rnd_node,19,29,0.02,0.04
rnd_node,19,30,0.02,0.04
rnd_node,19,31,0.02,0.04
rnd_node,19,32,0.02,0.04
rnd_node,19,33,0.02,0.04
rnd_node,19,34,0.03,0.04
rnd_node,19,35,0.03,0.04
rnd_node,19,36,0.05,0.04
rnd_node,19,37,0.03,0.04
rnd_node,19,38,0.04,0.04
rnd_node,19,39,0.04,0.04
rnd_node,19,40,0.04,0.04
rnd_node,19,41,0.02,0.04
rnd_node,19,42,0.03,0.04
rnd_node,19,43,0.02,0.04
rnd_node,19,44,0.02,0.04
rnd_node,19,45,0.03,0.04
rnd_node,19,46,0.04,0.04
rnd_node,19,47,0.06,0.04
rnd_node,19,48,0.06,0.04
rnd_node,19,49,0.07,0.04
rnd_node,19,50,0.08,0.04
rnd_node,19,51,0.11,0.04
rnd_node,19,52,0.09,0.04
rnd_node,19,53,0.08,0.04
rnd_node,19,54,0.06,0.04
rnd_node,19,55,0.07,0.04
rnd_node,19,56,0.06,0.04
rnd_node,19,57,0.04,0.04
rnd_node,19,58,0.01,0.04
rnd_node,19,59,0.01,0.04
rnd_node,19,60,0.01,0.04
rnd_node,19,61,0.01,0.04
rnd_node,19,62,0.01,0.04
rnd_node,19,63,0.01,0.04
rnd_node,19,64,0.01,0.04
rnd_node,19,65,0.01,0.04
rnd_node,19,66,0.02,0.04
rnd_node,19,67,0.02,0.04
rnd_node,19,68,0.04,0.04
rnd_node,19,69,0.03,0.04
rnd_node,19,70,0.04,0.04
rnd_node,19,71,0.03,0.04
rnd_node,19,72,0.04,0.04
rnd_node,19,73,0.05,0.04
rnd_node,19,74,0.07,0.04
rnd_node,19,75,0.11,0.04
rnd_node,19,76,0.15,0.04
rnd_node,19,77,0.18,0.04
rnd_node,19,78,0.17,0.04
rnd_node,19,79,0.13,0.04
rnd_node,19,80,0.13,0.04
rnd_node,19,81,0.13,0.04
rnd_node,19,82,0.19,0.04
rnd_node,19,83,0.15,0.04
rnd_node,19,84,0.13,0.04
rnd_node,19,85,0.16,0.04
rnd_node,19,86,0.17,0.04
rnd_node,19,87,0.14,0.04
rnd_node,19,88,0.12,0.04
rnd_node,19,89,0.18,0.04
rnd_node,19,90,0.18,0.04
rnd_node,19,91,0.19,0.04
rnd_node,19,92,0.24,0.04
rnd_node,19,93,0.22,0.04
rnd_node,19,94,0.26,0.04
rnd_node,19,95,0.28,0.04
rnd_node,19,96,0.28,0.04
rnd_node,19,97,0.31,0.04
rnd_node,19,98,0.3,0.04
rnd_node,19,99,0.25,0.04
rnd_node,19,100,0.27,0.04
rnd_node,19,101,0.25,0.04
rnd_node,19,102,0.32,0.04
rnd_node,19,103,0.32,0.04
rnd_node,19,104,0.3,0.04
rnd_node,19,105,0.3,0.04
rnd_node,19,106,0.23,0.04
rnd_node,19,107,0.23,0.04
rnd_node,19,108,0.23,0.04
rnd_node,19,109,0.23,0.04
rnd_node,19,110,0.22,0.04
rnd_node,19,111,0.24,0.04
rnd_node,19,112,0.24,0.04
rnd_node,19,113,0.25,0.04
rnd_node,19,114,0.26,0.04
rnd_node,19,115,0.24,0.04
rnd_node,19,116,0.26,0.04
rnd_node,19,117,0.22,0.04
rnd_node,19,118,0.22,0.04
rnd_node,19,119,0.24,0.04
rnd_node,19,120,0.23,0.04
rnd_node,19,121,0.21,0.04
rnd_node,19,122,0.17,0.04
rnd_node,19,123,0.17,0.04
rnd_node,19,124,0.2,0.04
rnd_node,19,125,0.16,0.04
rnd_node,19,126,0.17,0.04
rnd_node,19,127,0.16,0.04
rnd_node,19,128,0.15,0.04
rnd_node,19,129,0.14,0.04
rnd_node,19,130,0.16,0.04
rnd_node,19,131,0.2,0.04
rnd_node,19,132,0.23,0.04
rnd_node,19,133,0.22,0.04
rnd_node,19,134,0.27,0.04
rnd_node,19,135,0.29,0.04
rnd_node,19,136,0.3,0.04
rnd_node,19,137,0.33,0.04
rnd_node,19,138,0.37,0.04
rnd_node,19,139,0.38,0.04
rnd_node,19,140,0.35,0.04
rnd_node,19,141,0.36,0.04
rnd_node,19,142,0.33,0.04
rnd_node,19,143,0.33,0.04
rnd_node,19,144,0.29,0.04
rnd_node,19,145,0.25,0.04
rnd_node,19,146,0.19,0.04
rnd_node,19,147,0.17,0.04
rnd_node,19,148,0.18,0.04
rnd_node,19,149,0.2,0.04
rnd_node,19,150,0.21,0.04
rnd_node,0,0,0.1,0.08
rnd_node,0,1,0.11,0.08
rnd_node,0,2,0.17,0.08
rnd_node,0,3,0.21,0.08
rnd_node,0,4,0.24,0.08
rnd_node,0,5,0.25,0.08
rnd_node,0,6,0.25,0.08
rnd_node,0,7,0.29,0.08
rnd_node,0,8,0.28,0.08
rnd_node,0,9,0.25,0.08
rnd_node,0,10,0.29,0.08
rnd_node,0,11,0.34,0.08
rnd_node,0,12,0.29,0.08
rnd_node,0,13,0.29,0.08
rnd_node,0,14,0.26,0.08
rnd_node,0,15,0.3,0.08
rnd_node,0,16,0.31,0.08
rnd_node,0,17,0.34,0.08
rnd_node,0,18,0.41,0.08
rnd_node,0,19,0.43,0.08
rnd_node,0,20,0.4,0.08
rnd_node,0,21,0.32,0.08
rnd_node,0,22,0.33,0.08
rnd_node,0,23,0.35,0.08
rnd_node,0,24,0.35,0.08
rnd_node,0,25,0.36,0.08
rnd_node,0,26,0.37,0.08
rnd_node,0,27,0.41,0.08
rnd_node,0,28,0.45,0.08
rnd_node,0,29,0.39,0.08
rnd_node,0,30,0.39,0.08
rnd_node,0,31,0.39,0.08
rnd_node,0,32,0.38,0.08
rnd_node,0,33,0.44,0.08
rnd_node,0,34,0.42,0.08
rnd_node,0,35,0.43,0.08
rnd_node,0,36,0.42,0.08
rnd_node,0,37,0.49,0.08
rnd_node,0,38,0.43,0.08
rnd_node,0,39,0.45,0.08
rnd_node,0,40,0.39,0.08
rnd_node,0,41,0.36,0.08
rnd_node,0,42,0.36,0.08
rnd_node,0,43,0.38,0.08
rnd_node,0,44,0.42,0.08
rnd_node,0,45,0.37,0.08
rnd_node,0,46,0.38,0.08
rnd_node,0,47,0.39,0.08
rnd_node,0,48,0.38,0.08
rnd_node,0,49,0.34,0.08
rnd_node,0,50,0.38,0.08
rnd_node,0,51,0.36,0.08
rnd_node,0,52,0.34,0.08
rnd_node,0,53,0.27,0.08
rnd_node,0,54,0.29,0.08
rnd_node,0,55,0.33,0.08
rnd_node,0,56,0.28,0.08
rnd_node,0,57,0.32,0.08
rnd_node,0,58,0.39,0.08
rnd_node,0,59,0.37,0.08
rnd_node,0,60,0.36,0.08
rnd_node,0,61,0.4,0.08
rnd_node,0,62,0.38,0.08
rnd_node,0,63,0.4,0.08
rnd_node,0,64,0.39,0.08
rnd_node,0,65,0.37,0.08
rnd_node,0,66,0.35,0.08
rnd_node,0,67,0.37,0.08
rnd_node,0,68,0.42,0.08
rnd_node,0,69,0.4,0.08
rnd_node,0,70,0.47,0.08
rnd_node,0,71,0.43,0.08
rnd_node,0,72,0.44,0.08
rnd_node,0,73,0.48,0.08
rnd_node,0,74,0.57,0.08
rnd_node,0,75,0.55,0.08
rnd_node,0,76,0.53,0.08
rnd_node,0,77,0.52,0.08
rnd_node,0,78,0.54,0.08
rnd_node,0,79,0.56,0.08
rnd_node,0,80,0.56,0.08
rnd_node,0,81,0.5,0.08
rnd_node,0,82,0.48,0.08
rnd_node,0,83,0.51,0.08
rnd_node,0,84,0.53,0.08
rnd_node,0,85,0.47,0.08
rnd_node,0,86,0.45,0.08
rnd_node,0,87,0.49,0.08
rnd_node,0,88,0.43,0.08
rnd_node,0,89,0.41,0.08
rnd_node,0,90,0.45,0.08
rnd_node,0,91,0.45,0.08
rnd_node,0,92,0.51,0.08
rnd_node,0,93,0.48,0.08
rnd_node,0,94,0.49,0.08
rnd_node,0,95,0.46,0.08
rnd_node,0,96,0.46,0.08
rnd_node,0,97,0.42,0.08
rnd_node,0,98,0.47,0.08
rnd_node,0,99,0.49,0.08
rnd_node,0,100,0.45,0.08
rnd_node,0,101,0.4,0.08
rnd_node,0,102,0.42,0.08
rnd_node,0,103,0.46,0.08
rnd_node,0,104,0.42,0.08
rnd_node,0,105,0.35,0.08
rnd_node,0,106,0.36,0.08
rnd_node,0,107,0.35,0.08
rnd_node,0,108,0.32,0.08
rnd_node,0,109,0.33,0.08
rnd_node,0,110,0.37,0.08
rnd_node,0,111,0.41,0.08
rnd_node,0,112,0.39,0.08
rnd_node,0,113,0.35,0.08
rnd_node,0,114,0.33,0.08
rnd_node,0,115,0.4,0.08
rnd_node,0,116,0.39,0.08
rnd_node,0,117,0.42,0.08
rnd_node,0,118,0.44,0.08
rnd_node,0,119,0.44,0.08
rnd_node,0,120,0.49,0.08
rnd_node,0,121,0.49,0.08
rnd_node,0,122,0.45,0.08
rnd_node,0,123,0.48,0.08
rnd_node,0,124,0.46,0.08
rnd_node,0,125,0.48,0.08
rnd_node,0,126,0.52,0.08
rnd_node,0,127,0.49,0.08
rnd_node,0,128,0.46,0.08
rnd_node,0,129,0.47,0.08
rnd_node,0,130,0.45,0.08
rnd_node,0,131,0.42,0.08
rnd_node,0,132,0.32,0.08
rnd_node,0,133,0.35,0.08
rnd_node,0,134,0.44,0.08
rnd_node,0,135,0.38,0.08
rnd_node,0,136,0.36,0.08
rnd_node,0,137,0.39,0.08
rnd_node,0,138,0.4,0.08
rnd_node,0,139,0.39,0.08
rnd_node,0,140,0.37,0.08
rnd_node,0,141,0.41,0.08
rnd_node,0,142,0.45,0.08
rnd_node,0,143,0.4,0.08
rnd_node,0,144,0.35,0.08
rnd_node,0,145,0.36,0.08
rnd_node,0,146,0.35,0.08
rnd_node,0,147,0.38,0.08
rnd_node,0,148,0.38,0.08
rnd_node,0,149,0.39,0.08
rnd_node,0,150,0.36,0.08
rnd_node,1,0,0.1,0.08
rnd_node,1,1,0.12,0.08
rnd_node,1,2,0.14,0.08
rnd_node,1,3,0.21,0.08
rnd_node,1,4,0.24,0.08
rnd_node,1,5,0.29,0.08
rnd_node,1,6,0.33,0.08
rnd_node,1,7,0.36,0.08
rnd_node,1,8,0.36,0.08
rnd_node,1,9,0.37,0.08
rnd_node,1,10,0.37,0.08
rnd_node,1,11,0.34,0.08
rnd_node,1,12,0.4,0.08
rnd_node,1,13,0.41,0.08
rnd_node,1,14,0.44,0.08
rnd_node,1,15,0.46,0.08
rnd_node,1,16,0.44,0.08
rnd_node,1,17,0.5,0.08
rnd_node,1,18,0.5,0.08
rnd_node,1,19,0.42,0.08
rnd_node,1,20,0.43,0.08
rnd_node,1,21,0.42,0.08
rnd_node,1,22,0.49,0.08
rnd_node,1,23,0.54,0.08
rnd_node,1,24,0.53,0.08
rnd_node,1,25,0.57,0.08
rnd_node,1,26,0.59,0.08
rnd_node,1,27,0.53,0.08
rnd_node,1,28,0.52,0.08
rnd_node,1,29,0.5,0.08
rnd_node,1,30,0.55,0.08
rnd_node,1,31,0.54,0.08
rnd_node,1,32,0.53,0.08
rnd_node,1,33,0.43,0.08
rnd_node,1,34,0.44,0.08
rnd_node,1,35,0.42,0.08
rnd_node,1,36,0.5,0.08
rnd_node,1,37,0.53,0.08
rnd_node,1,38,0.55,0.08
rnd_node,1,39,0.49,0.08
rnd_node,1,40,0.51,0.08
rnd_node,1,41,0.51,0.08
rnd_node,1,42,0.48,0.08
rnd_node,1,43,0.5,0.08
rnd_node,1,44,0.45,0.08
rnd_node,1,45,0.41,0.08
rnd_node,1,46,0.44,0.08
rnd_node,1,47,0.45,0.08
rnd_node,1,48,0.45,0.08
rnd_node,1,49,0.47,0.08
rnd_node,1,50,0.48,0.08
rnd_node,1,51,0.48,0.08
rnd_node,1,52,0.44,0.08
rnd_node,1,53,0.48,0.08
rnd_node,1,54,0.47,0.08
rnd_node,1,55,0.45,0.08
rnd_node,1,56,0.43,0.08
rnd_node,1,57,0.45,0.08
rnd_node,1,58,0.42,0.08
rnd_node,1,59,0.42,0.08
rnd_node,1,60,0.48,0.08
rnd_node,1,61,0.46,0.08
rnd_node,1,62,0.51,0.08
rnd_node,1,63,0.51,0.08
rnd_node,1,64,0.52,0.08
rnd_node,1,65,0.55,0.08
rnd_node,1,66,0.46,0.08
rnd_node,1,67,0.5,0.08
rnd_node,1,68,0.54,0.08
rnd_node,1,69,0.51,0.08
rnd_node,1,70,0.53,0.08
rnd_node,1,71,0.5,0.08
rnd_node,1,72,0.54,0.08
rnd_node,1,73,0.61,0.08
rnd_node,1,74,0.52,0.08
rnd_node,1,75,0.55,0.08
rnd_node,1,76,0.51,0.08
rnd_node,1,77,0.47,0.08
rnd_node,1,78,0.48,0.08
rnd_node,1,79,0.5,0.08
rnd_node,1,80,0.48,0.08
rnd_node,1,81,0.4,0.08
rnd_node,1,82,0.39,0.08
rnd_node,1,83,0.4,0.08
rnd_node,1,84,0.42,0.08
rnd_node,1,85,0.44,0.08
rnd_node,1,86,0.47,0.08
rnd_node,1,87,0.52,0.08
rnd_node,1,88,0.53,0.08
rnd_node,1,89,0.54,0.08
rnd_node,1,90,0.59,0.08
rnd_node,1,91,0.57,0.08
rnd_node,1,92,0.57,0.08
rnd_node,1,93,0.48,0.08
rnd_node,1,94,0.49,0.08
rnd_node,1,95,0.48,0.08
rnd_node,1,96,0.42,0.08
rnd_node,1,97,0.41,0.08
rnd_node,1,98,0.37,0.08
rnd_node,1,99,0.33,0.08
rnd_node,1,100,0.36,0.08
rnd_node,1,101,0.35,0.08
rnd_node,1,102,0.38,0.08
rnd_node,1,103,0.41,0.08
rnd_node,1,104,0.44,0.08
rnd_node,1,105,0.41,0.08
rnd_node,1,106,0.41,0.08
rnd_node,1,107,0.49,0.08
rnd_node,1,108,0.45,0.08
rnd_node,1,109,0.37,0.08
rnd_node,1,110,0.36,0.08
rnd_node,1,111,0.37,0.08
rnd_node,1,112,0.37,0.08
rnd_node,1,113,0.45,0.08
rnd_node,1,114,0.43,0.08
rnd_node,1,115,0.48,0.08
rnd_node,1,116,0.43,0.08
rnd_node,1,117,0.48,0.08
rnd_node,1,118,0.47,0.08
rnd_node,1,119,0.48,0.08
rnd_node,1,120,0.46,0.08
rnd_node,1,121,0.39,0.08
rnd_node,1,122,0.41,0.08
rnd_node,1,123,0.42,0.08
rnd_node,1,124,0.46,0.08
rnd_node,1,125,0.43,0.08
rnd_node,1,126,0.47,0.08
rnd_node,1,127,0.47,0.08
rnd_node,1,128,0.48,0.08
rnd_node,1,129,0.49,0.08
rnd_node,1,130,0.49,0.08
rnd_node,1,131,0.49,0.08
rnd_node,1,132,0.5,0.08
rnd_node,1,133,0.48,0.08
rnd_node,1,134,0.47,0.08
rnd_node,1,135,0.48,0.08
rnd_node,1,136,0.47,0.08
rnd_node,1,137,0.44,0.08
rnd_node,1,138,0.5,0.08
rnd_node,1,139,0.5,0.08
rnd_node,1,140,0.42,0.08
rnd_node,1,141,0.37,0.08
rnd_node,1,142,0.39,0.08
rnd_node,1,143,0.41,0.08
rnd_node,1,144,0.46,0.08
rnd_node,1,145,0.47,0.08
rnd_node,1,146,0.47,0.08
rnd_node,1,147,0.58,0.08
rnd_node,1,148,0.61,0.08
rnd_node,1,149,0.53,0.08
rnd_node,1,150,0.51,0.08
rnd_node,2,0,0.09,0.08
rnd_node,2,1,0.11,0.08
rnd_node,2,2,0.16,0.08
rnd_node,2,3,0.19,0.08
rnd_node,2,4,0.2,0.08
rnd_node,2,5,0.26,0.08
rnd_node,2,6,0.28,0.08
rnd_node,2,7,0.27,0.08
rnd_node,2,8,0.25,0.08
rnd_node,2,9,0.29,0.08
rnd_node,2,10,0.32,0.08
rnd_node,2,11,0.35,0.08
rnd_node,2,12,0.38,0.08
rnd_node,2,13,0.37,0.08
rnd_node,2,14,0.39,0.08
rnd_node,2,15,0.43,0.08
rnd_node,2,16,0.45,0.08
rnd_node,2,17,0.43,0.08
rnd_node,2,18,0.44,0.08
rnd_node,2,19,0.48,0.08
rnd_node,2,20,0.51,0.08
rnd_node,2,21,0.52,0.08
rnd_node,2,22,0.49,0.08
rnd_node,2,23,0.43,0.08
rnd_node,2,24,0.46,0.08
rnd_node,2,25,0.48,0.08
rnd_node,2,26,0.53,0.08
rnd_node,2,27,0.52,0.08
rnd_node,2,28,0.45,0.08
rnd_node,2,29,0.43,0.08
rnd_node,2,30,0.45,0.08
rnd_node,2,31,0.38,0.08
rnd_node,2,32,0.42,0.08
rnd_node,2,33,0.44,0.08
rnd_node,2,34,0.42,0.08
rnd_node,2,35,0.42,0.08
rnd_node,2,36,0.47,0.08
rnd_node,2,37,0.43,0.08
rnd_node,2,38,0.35,0.08
rnd_node,2,39,0.35,0.08
rnd_node,2,40,0.38,0.08
rnd_node,2,41,0.41,0.08
rnd_node,2,42,0.42,0.08
rnd_node,2,43,0.39,0.08
rnd_node,2,44,0.31,0.08
rnd_node,2,45,0.33,0.08
rnd_node,2,46,0.36,0.08
rnd_node,2,47,0.35,0.08
rnd_node,2,48,0.39,0.08
rnd_node,2,49,0.42,0.08
rnd_node,2,50,0.42,0.08
rnd_node,2,51,0.39,0.08
rnd_node,2,52,0.39,0.08
rnd_node,2,53,0.46,0.08
rnd_node,2,54,0.4,0.08
rnd_node,2,55,0.43,0.08
rnd_node,2,56,0.46,0.08
rnd_node,2,57,0.47,0.08
rnd_node,2,58,0.45,0.08
rnd_node,2,59,0.41,0.08
rnd_node,2,60,0.44,0.08
rnd_node,2,61,0.44,0.08
rnd_node,2,62,0.43,0.08
rnd_node,2,63,0.36,0.08
rnd_node,2,64,0.42,0.08
rnd_node,2,65,0.4,0.08
rnd_node,2,66,0.36,0.08
rnd_node,2,67,0.41,0.08
rnd_node,2,68,0.4,0.08
rnd_node,2,69,0.37,0.08
rnd_node,2,70,0.4,0.08
rnd_node,2,71,0.43,0.08
rnd_node,2,72,0.4,0.08
rnd_node,2,73,0.44,0.08
rnd_node,2,74,0.48,0.08
rnd_node,2,75,0.47,0.08
rnd_node,2,76,0.43,0.08
rnd_node,2,77,0.38,0.08
rnd_node,2,78,0.38,0.08
rnd_node,2,79,0.45,0.08
rnd_node,2,80,0.43,0.08
rnd_node,2,81,0.48,0.08
rnd_node,2,82,0.47,0.08
rnd_node,2,83,0.52,0.08
rnd_node,2,84,0.48,0.08
rnd_node,2,85,0.46,0.08
rnd_node,2,86,0.5,0.08
rnd_node,2,87,0.54,0.08
rnd_node,2,88,0.51,0.08
rnd_node,2,89,0.48,0.08
rnd_node,2,90,0.48,0.08
rnd_node,2,91,0.51,0.08
rnd_node,2,92,0.5,0.08
rnd_node,2,93,0.41,0.08
rnd_node,2,94,0.36,0.08
rnd_node,2,95,0.31,0.08
rnd_node,2,96,0.35,0.08
rnd_node,2,97,0.43,0.08
rnd_node,2,98,0.43,0.08
rnd_node,2,99,0.43,0.08
rnd_node,2,100,0.4,0.08
rnd_node,2,101,0.44,0.08
rnd_node,2,102,0.38,0.08
rnd_node,2,103,0.4,0.08
rnd_node,2,104,0.4,0.08
rnd_node,2,105,0.43,0.08
rnd_node,2,106,0.39,0.08
rnd_node,2,107,0.41,0.08
rnd_node,2,108,0.44,0.08
rnd_node,2,109,0.43,0.08
rnd_node,2,110,0.37,0.08
rnd_node,2,111,0.36,0.08
rnd_node,2,112,0.39,0.08
rnd_node,2,113,0.36,0.08
rnd_node,2,114,0.37,0.08
rnd_node,2,115,0.36,0.08
rnd_node,2,116,0.46,0.08
rnd_node,2,117,0.44,0.08
rnd_node,2,118,0.52,0.08
rnd_node,2,119,0.51,0.08
rnd_node,2,120,0.55,0.08
rnd_node,2,121,0.47,0.08
rnd_node,2,122,0.48,0.08
rnd_node,2,123,0.48,0.08
rnd_node,2,124,0.45,0.08
rnd_node,2,125,0.46,0.08
rnd_node,2,126,0.45,0.08
rnd_node,2,127,0.46,0.08
rnd_node,2,128,0.49,0.08
rnd_node,2,129,0.49,0.08
rnd_node,2,130,0.5,0.08
rnd_node,2,131,0.52,0.08
rnd_node,2,132,0.49,0.08
rnd_node,2,133,0.44,0.08
rnd_node,2,134,0.41,0.08
rnd_node,2,135,0.48,0.08
rnd_node,2,136,0.49,0.08
rnd_node,2,137,0.47,0.08
rnd_node,2,138,0.56,0.08
rnd_node,2,139,0.5,0.08
rnd_node,2,140,0.47,0.08
rnd_node,2,141,0.54,0.08
rnd_node,2,142,0.53,0.08
rnd_node,2,143,0.52,0.08
rnd_node,2,144,0.42,0.08
rnd_node,2,145,0.39,0.08
rnd_node,2,146,0.44,0.08
rnd_node,2,147,0.43,0.08
rnd_node,2,148,0.39,0.08
rnd_node,2,149,0.39,0.08
rnd_node,2,150,0.37,0.08
rnd_node,3,0,0.09,0.08
rnd_node,3,1,0.12,0.08
rnd_node,3,2,0.1,0.08
rnd_node,3,3,0.14,0.08
rnd_node,3,4,0.14,0.08
rnd_node,3,5,0.18,0.08
rnd_node,3,6,0.19,0.08
rnd_node,3,7,0.27,0.08
rnd_node,3,8,0.34,0.08
rnd_node,3,9,0.29,0.08
rnd_node,3,10,0.32,0.08
rnd_node,3,11,0.32,0.08
rnd_node,3,12,0.37,0.08
rnd_node,3,13,0.41,0.08
rnd_node,3,14,0.38,0.08
rnd_node,3,15,0.38,0.08
rnd_node,3,16,0.35,0.08
rnd_node,3,17,0.39,0.08
rnd_node,3,18,0.4,0.08
rnd_node,3,19,0.46,0.08
rnd_node,3,20,0.47,0.08
rnd_node,3,21,0.47,0.08
rnd_node,3,22,0.43,0.08
rnd_node,3,23,0.47,0.08
rnd_node,3,24,0.41,0.08
rnd_node,3,25,0.47,0.08
rnd_node,3,26,0.42,0.08
rnd_node,3,27,0.44,0.08
rnd_node,3,28,0.46,0.08
rnd_node,3,29,0.53,0.08
rnd_node,3,30,0.56,0.08
rnd_node,3,31,0.5,0.08
rnd_node,3,32,0.46,0.08
rnd_node,3,33,0.46,0.08
rnd_node,3,34,0.42,0.08
rnd_node,3,35,0.46,0.08
rnd_node,3,36,0.48,0.08
rnd_node,3,37,0.47,0.08
rnd_node,3,38,0.49,0.08
rnd_node,3,39,0.53,0.08
rnd_node,3,40,0.51,0.08
rnd_node,3,41,0.48,0.08
rnd_node,3,42,0.53,0.08
rnd_node,3,43,0.5,0.08
rnd_node,3,44,0.52,0.08
rnd_node,3,45,0.5,0.08
rnd_node,3,46,0.48,0.08
rnd_node,3,47,0.47,0.08
rnd_node,3,48,0.45,0.08
rnd_node,3,49,0.49,0.08
rnd_node,3,50,0.53,0.08
rnd_node,3,51,0.5,0.08
rnd_node,3,52,0.52,0.08
rnd_node,3,53,0.49,0.08
rnd_node,3,54,0.51,0.08
rnd_node,3,55,0.45,0.08
rnd_node,3,56,0.45,0.08
rnd_node,3,57,0.51,0.08
rnd_node,3,58,0.47,0.08
rnd_node,3,59,0.4,0.08
rnd_node,3,60,0.43,0.08
rnd_node,3,61,0.41,0.08
rnd_node,3,62,0.42,0.08
rnd_node,3,63,0.42,0.08
rnd_node,3,64,0.47,0.08
rnd_node,3,65,0.49,0.08
rnd_node,3,66,0.44,0.08
rnd_node,3,67,0.46,0.08
rnd_node,3,68,0.43,0.08
rnd_node,3,69,0.42,0.08
rnd_node,3,70,0.46,0.08
rnd_node,3,71,0.47,0.08
rnd_node,3,72,0.48,0.08
rnd_node,3,73,0.51,0.08
rnd_node,3,74,0.53,0.08
rnd_node,3,75,0.56,0.08
rnd_node,3,76,0.53,0.08
rnd_node,3,77,0.5,0.08
rnd_node,3,78,0.5,0.08
rnd_node,3,79,0.56,0.08
rnd_node,3,80,0.5,0.08
rnd_node,3,81,0.51,0.08
rnd_node,3,82,0.51,0.08
rnd_node,3,83,0.5,0.08
rnd_node,3,84,0.53,0.08
rnd_node,3,85,0.55,0.08
rnd_node,3,86,0.55,0.08
rnd_node,3,87,0.57,0.08
rnd_node,3,88,0.5,0.08
rnd_node,3,89,0.54,0.08
rnd_node,3,90,0.51,0.08
rnd_node,3,91,0.43,0.08
rnd_node,3,92,0.48,0.08
rnd_node,3,93,0.48,0.08
rnd_node,3,94,0.5,0.08
rnd_node,3,95,0.48,0.08
rnd_node,3,96,0.45,0.08
rnd_node,3,97,0.49,0.08
rnd_node,3,98,0.45,0.08
rnd_node,3,99,0.49,0.08
rnd_node,3,100,0.44,0.08
rnd_node,3,101,0.43,0.08
rnd_node,3,102,0.47,0.08
rnd_node,3,103,0.51,0.08
rnd_node,3,104,0.52,0.08
rnd_node,3,105,0.48,0.08
rnd_node,3,106,0.5,0.08
rnd_node,3,107,0.48,0.08
rnd_node,3,108,0.44,0.08
rnd_node,3,109,0.46,0.08
rnd_node,3,110,0.49,0.08
rnd_node,3,111,0.46,0.08
rnd_node,3,112,0.54,0.08
rnd_node,3,113,0.48,0.08
rnd_node,3,114,0.49,0.08
rnd_node,3,115,0.5,0.08
rnd_node,3,116,0.5,0.08
rnd_node,3,117,0.51,0.08
rnd_node,3,118,0.54,0.08
rnd_node,3,119,0.58,0.08
rnd_node,3,120,0.52,0.08
rnd_node,3,121,0.56,0.08
rnd_node,3,122,0.61,0.08
rnd_node,3,123,0.55,0.08
rnd_node,3,124,0.46,0.08
rnd_node,3,125,0.54,0.08
rnd_node,3,126,0.47,0.08
rnd_node,3,127,0.53,0.08
rnd_node,3,128,0.48,0.08
rnd_node,3,129,0.46,0.08
rnd_node,3,130,0.48,0.08
rnd_node,3,131,0.45,0.08
rnd_node,3,132,0.48,0.08
rnd_node,3,133,0.48,0.08
rnd_node,3,134,0.47,0.08
rnd_node,3,135,0.44,0.08
rnd_node,3,136,0.41,0.08
rnd_node,3,137,0.43,0.08
rnd_node,3,138,0.44,0.08
rnd_node,3,139,0.53,0.08
rnd_node,3,140,0.48,0.08
rnd_node,3,141,0.46,0.08
rnd_node,3,142,0.49,0.08
rnd_node,3,143,0.45,0.08
rnd_node,3,144,0.47,0.08
rnd_node,3,145,0.5,0.08
rnd_node,3,146,0.44,0.08
rnd_node,3,147,0.44,0.08
rnd_node,3,148,0.45,0.08
rnd_node,3,149,0.52,0.08
rnd_node,3,150,0.53,0.08
rnd_node,4,0,0.1,0.08
rnd_node,4,1,0.09,0.08
rnd_node,4,2,0.13,0.08
rnd_node,4,3,0.18,0.08
rnd_node,4,4,0.2,0.08
rnd_node,4,5,0.25,0.08
rnd_node,4,6,0.3,0.08
rnd_node,4,7,0.36,0.08
rnd_node,4,8,0.42,0.08
rnd_node,4,9,0.43,0.08
rnd_node,4,10,0.41,0.08
rnd_node,4,11,0.42,0.08
rnd_node,4,12,0.47,0.08
rnd_node,4,13,0.45,0.08
rnd_node,4,14,0.44,0.08
rnd_node,4,15,0.47,0.08
rnd_node,4,16,0.44,0.08
rnd_node,4,17,0.48,0.08
rnd_node,4,18,0.5,0.08
rnd_node,4,19,0.57,0.08
rnd_node,4,20,0.57,0.08
rnd_node,4,21,0.5,0.08
rnd_node,4,22,0.46,0.08
rnd_node,4,23,0.46,0.08
rnd_node,4,24,0.41,0.08
rnd_node,4,25,0.47,0.08
rnd_node,4,26,0.38,0.08
rnd_node,4,27,0.32,0.08
rnd_node,4,28,0.31,0.08
rnd_node,4,29,0.33,0.08
rnd_node,4,30,0.35,0.08
rnd_node,4,31,0.41,0.08
rnd_node,4,32,0.42,0.08
rnd_node,4,33,0.38,0.08
rnd_node,4,34,0.35,0.08
rnd_node,4,35,0.38,0.08
rnd_node,4,36,0.39,0.08
rnd_node,4,37,0.39,0.08
rnd_node,4,38,0.36,0.08
rnd_node,4,39,0.41,0.08
rnd_node,4,40,0.39,0.08
rnd_node,4,41,0.35,0.08
rnd_node,4,42,0.34,0.08
rnd_node,4,43,0.37,0.08
rnd_node,4,44,0.38,0.08
rnd_node,4,45,0.36,0.08
rnd_node,4,46,0.35,0.08
rnd_node,4,47,0.37,0.08
rnd_node,4,48,0.41,0.08
rnd_node,4,49,0.35,0.08
rnd_node,4,50,0.35,0.08
rnd_node,4,51,0.39,0.08
rnd_node,4,52,0.45,0.08
rnd_node,4,53,0.45,0.08
rnd_node,4,54,0.41,0.08
rnd_node,4,55,0.41,0.08
rnd_node,4,56,0.36,0.08
rnd_node,4,57,0.43,0.08
rnd_node,4,58,0.49,0.08
rnd_node,4,59,0.47,0.08
rnd_node,4,60,0.45,0.08
rnd_node,4,61,0.44,0.08
rnd_node,4,62,0.43,0.08
rnd_node,4,63,0.53,0.08
rnd_node,4,64,0.5,0.08
rnd_node,4,65,0.46,0.08
rnd_node,4,66,0.43,0.08
rnd_node,4,67,0.46,0.08
rnd_node,4,68,0.49,0.08
rnd_node,4,69,0.55,0.08
rnd_node,4,70,0.6,0.08
rnd_node,4,71,0.6,0.08
rnd_node,4,72,0.57,0.08
rnd_node,4,73,0.53,0.08
rnd_node,4,74,0.47,0.08
rnd_node,4,75,0.5,0.08
rnd_node,4,76,0.49,0.08
rnd_node,4,77,0.44,0.08
rnd_node,4,78,0.43,0.08
rnd_node,4,79,0.44,0.08
rnd_node,4,80,0.44,0.08
rnd_node,4,81,0.38,0.08
rnd_node,4,82,0.46,0.08
rnd_node,4,83,0.44,0.08
rnd_node,4,84,0.44,0.08
rnd_node,4,85,0.5,0.08
rnd_node,4,86,0.48,0.08
rnd_node,4,87,0.44,0.08
rnd_node,4,88,0.49,0.08
rnd_node,4,89,0.5,0.08
rnd_node,4,90,0.44,0.08
rnd_node,4,91,0.43,0.08
rnd_node,4,92,0.47,0.08
rnd_node,4,93,0.53,0.08
rnd_node,4,94,0.55,0.08
rnd_node,4,95,0.54,0.08
rnd_node,4,96,0.5,0.08
rnd_node,4,97,0.49,0.08
rnd_node,4,98,0.51,0.08
rnd_node,4,99,0.53,0.08
rnd_node,4,100,0.49,0.08
rnd_node,4,101,0.53,0.08
rnd_node,4,102,0.47,0.08
rnd_node,4,103,0.5,0.08
rnd_node,4,104,0.51,0.08
rnd_node,4,105,0.49,0.08
rnd_node,4,106,0.51,0.08
rnd_node,4,107,0.46,0.08
rnd_node,4,108,0.43,0.08
rnd_node,4,109,0.41,0.08
rnd_node,4,110,0.39,0.08
rnd_node,4,111,0.4,0.08
rnd_node,4,112,0.39,0.08
rnd_node,4,113,0.37,0.08
rnd_node,4,114,0.42,0.08
rnd_node,4,115,0.43,0.08
rnd_node,4,116,0.46,0.08
rnd_node,4,117,0.49,0.08
rnd_node,4,118,0.51,0.08
rnd_node,4,119,0.47,0.08
rnd_node,4,120,0.49,0.08
rnd_node,4,121,0.5,0.08
rnd_node,4,122,0.46,0.08
rnd_node,4,123,0.5,0.08
rnd_node,4,124,0.6,0.08
rnd_node,4,125,0.52,0.08
rnd_node,4,126,0.57,0.08
rnd_node,4,127,0.61,0.08
rnd_node,4,128,0.59,0.08
rnd_node,4,129,0.6,0.08
rnd_node,4,130,0.57,0.08
rnd_node,4,131,0.53,0.08
rnd_node,4,132,0.46,0.08
rnd_node,4,133,0.44,0.08
rnd_node,4,134,0.47,0.08
rnd_node,4,135,0.49,0.08
rnd_node,4,136,0.47,0.08
rnd_node,4,137,0.43,0.08
rnd_node,4,138,0.46,0.08
rnd_node,4,139,0.38,0.08
rnd_node,4,140,0.4,0.08
rnd_node,4,141,0.46,0.08
rnd_node,4,142,0.44,0.08
rnd_node,4,143,0.48,0.08
rnd_node,4,144,0.48,0.08
rnd_node,4,145,0.47,0.08
rnd_node,4,146,0.45,0.08
rnd_node,4,147,0.43,0.08
rnd_node,4,148,0.42,0.08
rnd_node,4,149,0.43,0.08
rnd_node,4,150,0.38,0.08
rnd_node,5,0,0.1,0.08
rnd_node,5,1,0.09,0.08
rnd_node,5,2,0.15,0.08
rnd_node,5,3,0.19,0.08
rnd_node,5,4,0.25,0.08
rnd_node,5,5,0.32,0.08
rnd_node,5,6,0.34,0.08
rnd_node,5,7,0.33,0.08
rnd_node,5,8,0.33,0.08
rnd_node,5,9,0.42,0.08
rnd_node,5,10,0.4,0.08
rnd_node,5,11,0.34,0.08
rnd_node,5,12,0.32,0.08
rnd_node,5,13,0.39,0.08
rnd_node,5,14,0.42,0.08
rnd_node,5,15,0.43,0.08
rnd_node,5,16,0.41,0.08
rnd_node,5,17,0.39,0.08
rnd_node,5,18,0.39,0.08
rnd_node,5,19,0.4,0.08
rnd_node,5,20,0.4,0.08
rnd_node,5,21,0.52,0.08
rnd_node,5,22,0.51,0.08
rnd_node,5,23,0.43,0.08
rnd_node,5,24,0.4,0.08
rnd_node,5,25,0.43,0.08
rnd_node,5,26,0.43,0.08
rnd_node,5,27,0.42,0.08
rnd_node,5,28,0.42,0.08
rnd_node,5,29,0.44,0.08
rnd_node,5,30,0.5,0.08
rnd_node,5,31,0.46,0.08
rnd_node,5,32,0.48,0.08
rnd_node,5,33,0.42,0.08
rnd_node,5,34,0.41,0.08
rnd_node,5,35,0.44,0.08
rnd_node,5,36,0.41,0.08
rnd_node,5,37,0.41,0.08
rnd_node,5,38,0.43,0.08
rnd_node,5,39,0.41,0.08
rnd_node,5,40,0.45,0.08
rnd_node,5,41,0.48,0.08
rnd_node,5,42,0.48,0.08
rnd_node,5,43,0.46,0.08
rnd_node,5,44,0.45,0.08
rnd_node,5,45,0.38,0.08
rnd_node,5,46,0.36,0.08
rnd_node,5,47,0.35,0.08
rnd_node,5,48,0.45,0.08
rnd_node,5,49,0.51,0.08
rnd_node,5,50,0.5,0.08
rnd_node,5,51,0.47,0.08
rnd_node,5,52,0.48,0.08
rnd_node,5,53,0.46,0.08
rnd_node,5,54,0.45,0.08
rnd_node,5,55,0.47,0.08
rnd_node,5,56,0.45,0.08
rnd_node,5,57,0.44,0.08
rnd_node,5,58,0.5,0.08
rnd_node,5,59,0.51,0.08
rnd_node,5,60,0.53,0.08
rnd_node,5,61,0.5,0.08
rnd_node,5,62,0.47,0.08
rnd_node,5,63,0.47,0.08
rnd_node,5,64,0.47,0.08
rnd_node,5,65,0.47,0.08
rnd_node,5,66,0.42,0.08
rnd_node,5,67,0.48,0.08
rnd_node,5,68,0.48,0.08
rnd_node,5,69,0.46,0.08
rnd_node,5,70,0.39,0.08
rnd_node,5,71,0.45,0.08
rnd_node,5,72,0.51,0.08
rnd_node,5,73,0.51,0.08
rnd_node,5,74,0.5,0.08
rnd_node,5,75,0.48,0.08
rnd_node,5,76,0.46,0.08
rnd_node,5,77,0.43,0.08
rnd_node,5,78,0.44,0.08
rnd_node,5,79,0.48,0.08
rnd_node,5,80,0.5,0.08
rnd_node,5,81,0.52,0.08
rnd_node,5,82,0.51,0.08
rnd_node,5,83,0.47,0.08
rnd_node,5,84,0.47,0.08
rnd_node,5,85,0.42,0.08
rnd_node,5,86,0.4,0.08
rnd_node,5,87,0.4,0.08
rnd_node,5,88,0.46,0.08
rnd_node,5,89,0.47,0.08
rnd_node,5,90,0.48,0.08
rnd_node,5,91,0.47,0.08
rnd_node,5,92,0.47,0.08
rnd_node,5,93,0.47,0.08
rnd_node,5,94,0.51,0.08
rnd_node,5,95,0.45,0.08
rnd_node,5,96,0.45,0.08
rnd_node,5,97,0.46,0.08
rnd_node,5,98,0.53,0.08
rnd_node,5,99,0.53,0.08
rnd_node,5,100,0.5,0.08
rnd_node,5,101,0.48,0.08
rnd_node,5,102,0.5,0.08
rnd_node,5,103,0.49,0.08
rnd_node,5,104,0.5,0.08
rnd_node,5,105,0.46,0.08
rnd_node,5,106,0.47,0.08
rnd_node,5,107,0.46,0.08
rnd_node,5,108,0.38,0.08
rnd_node,5,109,0.36,0.08
rnd_node,5,110,0.42,0.08
rnd_node,5,111,0.42,0.08
rnd_node,5,112,0.41,0.08
rnd_node,5,113,0.47,0.08
rnd_node,5,114,0.44,0.08
rnd_node,5,115,0.43,0.08
rnd_node,5,116,0.37,0.08
rnd_node,5,117,0.36,0.08
rnd_node,5,118,0.4,0.08
rnd_node,5,119,0.36,0.08
rnd_node,5,120,0.37,0.08
rnd_node,5,121,0.41,0.08
rnd_node,5,122,0.35,0.08
rnd_node,5,123,0.43,0.08
rnd_node,5,124,0.47,0.08
rnd_node,5,125,0.46,0.08
rnd_node,5,126,0.5,0.08
rnd_node,5,127,0.45,0.08
rnd_node,5,128,0.43,0.08
rnd_node,5,129,0.44,0.08
rnd_node,5,130,0.45,0.08
rnd_node,5,131,0.45,0.08
rnd_node,5,132,0.43,0.08
rnd_node,5,133,0.49,0.08
rnd_node,5,134,0.41,0.08
rnd_node,5,135,0.47,0.08
rnd_node,5,136,0.47,0.08
rnd_node,5,137,0.52,0.08
rnd_node,5,138,0.5,0.08
rnd_node,5,139,0.49,0.08
rnd_node,5,140,0.54,0.08
rnd_node,5,141,0.59,0.08
rnd_node,5,142,0.54,0.08
rnd_node,5,143,0.6,0.08
rnd_node,5,144,0.48,0.08
rnd_node,5,145,0.54,0.08
rnd_node,5,146,0.58,0.08
rnd_node,5,147,0.57,0.08
rnd_node,5,148,0.52,0.08
rnd_node,5,149,0.51,0.08
rnd_node,5,150,0.5,0.08
rnd_node,6,0,0.1,0.08
rnd_node,6,1,0.11,0.08
rnd_node,6,2,0.14,0.08
rnd_node,6,3,0.22,0.08
rnd_node,6,4,0.28,0.08
rnd_node,6,5,0.29,0.08
rnd_node,6,6,0.31,0.08
rnd_node,6,7,0.33,0.08
rnd_node,6,8,0.42,0.08
rnd_node,6,9,0.38,0.08
rnd_node,6,10,0.35,0.08
rnd_node,6,11,0.33,0.08
rnd_node,6,12,0.36,0.08
rnd_node,6,13,0.42,0.08
rnd_node,6,14,0.45,0.08
rnd_node,6,15,0.44,0.08
rnd_node,6,16,0.5,0.08
rnd_node,6,17,0.52,0.08
rnd_node,6,18,0.51,0.08
rnd_node,6,19,0.38,0.08
rnd_node,6,20,0.3,0.08
rnd_node,6,21,0.33,0.08
rnd_node,6,22,0.44,0.08
rnd_node,6,23,0.45,0.08
rnd_node,6,24,0.4,0.08
rnd_node,6,25,0.41,0.08
rnd_node,6,26,0.42,0.08
rnd_node,6,27,0.4,0.08
rnd_node,6,28,0.41,0.08
rnd_node,6,29,0.44,0.08
rnd_node,6,30,0.51,0.08
rnd_node,6,31,0.52,0.08
rnd_node,6,32,0.5,0.08
rnd_node,6,33,0.43,0.08
rnd_node,6,34,0.41,0.08
rnd_node,6,35,0.42,0.08
rnd_node,6,36,0.43,0.08
rnd_node,6,37,0.43,0.08
rnd_node,6,38,0.4,0.08
rnd_node,6,39,0.43,0.08
rnd_node,6,40,0.38,0.08
rnd_node,6,41,0.39,0.08
rnd_node,6,42,0.43,0.08
rnd_node,6,43,0.45,0.08
rnd_node,6,44,0.5,0.08
rnd_node,6,45,0.51,0.08
rnd_node,6,46,0.41,0.08
rnd_node,6,47,0.5,0.08
rnd_node,6,48,0.48,0.08
rnd_node,6,49,0.5,0.08
rnd_node,6,50,0.49,0.08
rnd_node,6,51,0.54,0.08
rnd_node,6,52,0.58,0.08
rnd_node,6,53,0.57,0.08
rnd_node,6,54,0.55,0.08
rnd_node,6,55,0.56,0.08
rnd_node,6,56,0.54,0.08
rnd_node,6,57,0.48,0.08
rnd_node,6,58,0.35,0.08
rnd_node,6,59,0.45,0.08
rnd_node,6,60,0.46,0.08
rnd_node,6,61,0.48,0.08
rnd_node,6,62,0.48,0.08
rnd_node,6,63,0.55,0.08
rnd_node,6,64,0.53,0.08
rnd_node,6,65,0.52,0.08
rnd_node,6,66,0.49,0.08
rnd_node,6,67,0.52,0.08
rnd_node,6,68,0.55,0.08
rnd_node,6,69,0.58,0.08
rnd_node,6,70,0.59,0.08
rnd_node,6,71,0.51,0.08
rnd_node,6,72,0.48,0.08
rnd_node,6,73,0.41,0.08
rnd_node,6,74,0.36,0.08
rnd_node,6,75,0.37,0.08
rnd_node,6,76,0.36,0.08
rnd_node,6,77,0.37,0.08
rnd_node,6,78,0.34,0.08
rnd_node,6,79,0.41,0.08
rnd_node,6,80,0.43,0.08
rnd_node,6,81,0.39,0.08
rnd_node,6,82,0.34,0.08
rnd_node,6,83,0.47,0.08
rnd_node,6,84,0.47,0.08
rnd_node,6,85,0.46,0.08
rnd_node,6,86,0.52,0.08
rnd_node,6,87,0.53,0.08
rnd_node,6,88,0.54,0.08
rnd_node,6,89,0.5,0.08
rnd_node,6,90,0.53,0.08
rnd_node,6,91,0.42,0.08
rnd_node,6,92,0.43,0.08
rnd_node,6,93,0.41,0.08
rnd_node,6,94,0.43,0.08
rnd_node,6,95,0.43,0.08
rnd_node,6,96,0.4,0.08
rnd_node,6,97,0.39,0.08
rnd_node,6,98,0.36,0.08
rnd_node,6,99,0.39,0.08
rnd_node,6,100,0.44,0.08
rnd_node,6,101,0.38,0.08
rnd_node,6,102,0.43,0.08
rnd_node,6,103,0.54,0.08
rnd_node,6,104,0.55,0.08
rnd_node,6,105,0.48,0.08
rnd_node,6,106,0.47,0.08
rnd_node,6,107,0.5,0.08
rnd_node,6,108,0.47,0.08
rnd_node,6,109,0.47,0.08
rnd_node,6,110,0.44,0.08
rnd_node,6,111,0.39,0.08
rnd_node,6,112,0.39,0.08
rnd_node,6,113,0.37,0.08
rnd_node,6,114,0.39,0.08
rnd_node,6,115,0.38,0.08
rnd_node,6,116,0.37,0.08
rnd_node,6,117,0.4,0.08
rnd_node,6,118,0.44,0.08
rnd_node,6,119,0.47,0.08
rnd_node,6,120,0.51,0.08
rnd_node,6,121,0.49,0.08
rnd_node,6,122,0.54,0.08
rnd_node,6,123,0.53,0.08
rnd_node,6,124,0.52,0.08
rnd_node,6,125,0.48,0.08
rnd_node,6,126,0.51,0.08
rnd_node,6,127,0.53,0.08
rnd_node,6,128,0.52,0.08
rnd_node,6,129,0.49,0.08
rnd_node,6,130,0.53,0.08
rnd_node,6,131,0.43,0.08
rnd_node,6,132,0.44,0.08
rnd_node,6,133,0.4,0.08
rnd_node,6,134,0.44,0.08
rnd_node,6,135,0.45,0.08
rnd_node,6,136,0.42,0.08
rnd_node,6,137,0.45,0.08
rnd_node,6,138,0.4,0.08
rnd_node,6,139,0.48,0.08
rnd_node,6,140,0.46,0.08
rnd_node,6,141,0.41,0.08
rnd_node,6,142,0.42,0.08
rnd_node,6,143,0.41,0.08
rnd_node,6,144,0.43,0.08
rnd_node,6,145,0.35,0.08
rnd_node,6,146,0.34,0.08
rnd_node,6,147,0.33,0.08
rnd_node,6,148,0.28,0.08
rnd_node,6,149,0.25,0.08
rnd_node,6,150,0.32,0.08
rnd_node,7,0,0.09,0.08
rnd_node,7,1,0.07,0.08
rnd_node,7,2,0.13,0.08
rnd_node,7,3,0.1,0.08
rnd_node,7,4,0.16,0.08
rnd_node,7,5,0.2,0.08
rnd_node,7,6,0.21,0.08
rnd_node,7,7,0.29,0.08
rnd_node,7,8,0.31,0.08
rnd_node,7,9,0.31,0.08
rnd_node,7,10,0.33,0.08
rnd_node,7,11,0.37,0.08
rnd_node,7,12,0.32,0.08
rnd_node,7,13,0.35,0.08
rnd_node,7,14,0.44,0.08
rnd_node,7,15,0.42,0.08
rnd_node,7,16,0.38,0.08
rnd_node,7,17,0.45,0.08
rnd_node,7,18,0.43,0.08
rnd_node,7,19,0.47,0.08
rnd_node,7,20,0.48,0.08
rnd_node,7,21,0.49,0.08
rnd_node,7,22,0.44,0.08
rnd_node,7,23,0.39,0.08
rnd_node,7,24,0.43,0.08
rnd_node,7,25,0.41,0.08
rnd_node,7,26,0.4,0.08
rnd_node,7,27,0.42,0.08
rnd_node,7,28,0.43,0.08
rnd_node,7,29,0.48,0.08
rnd_node,7,30,0.43,0.08
rnd_node,7,31,0.43,0.08
rnd_node,7,32,0.38,0.08
rnd_node,7,33,0.39,0.08
rnd_node,7,34,0.37,0.08
rnd_node,7,35,0.39,0.08
rnd_node,7,36,0.42,0.08
rnd_node,7,37,0.39,0.08
rnd_node,7,38,0.43,0.08
rnd_node,7,39,0.46,0.08
rnd_node,7,40,0.41,0.08
rnd_node,7,41,0.35,0.08
rnd_node,7,42,0.36,0.08
rnd_node,7,43,0.31,0.08
rnd_node,7,44,0.36,0.08
rnd_node,7,45,0.37,0.08
rnd_node,7,46,0.35,0.08
rnd_node,7,47,0.37,0.08
rnd_node,7,48,0.3,0.08
rnd_node,7,49,0.35,0.08
rnd_node,7,50,0.39,0.08
rnd_node,7,51,0.39,0.08
rnd_node,7,52,0.38,0.08
rnd_node,7,53,0.42,0.08
rnd_node,7,54,0.41,0.08
rnd_node,7,55,0.5,0.08
rnd_node,7,56,0.51,0.08
rnd_node,7,57,0.46,0.08
rnd_node,7,58,0.47,0.08
rnd_node,7,59,0.43,0.08
rnd_node,7,60,0.45,0.08
rnd_node,7,61,0.42,0.08
rnd_node,7,62,0.47,0.08
rnd_node,7,63,0.41,0.08
rnd_node,7,64,0.4,0.08
rnd_node,7,65,0.4,0.08
rnd_node,7,66,0.33,0.08
rnd_node,7,67,0.39,0.08
rnd_node,7,68,0.42,0.08
rnd_node,7,69,0.43,0.08
rnd_node,7,70,0.36,0.08
rnd_node,7,71,0.36,0.08
rnd_node,7,72,0.42,0.08
rnd_node,7,73,0.4,0.08
rnd_node,7,74,0.37,0.08
rnd_node,7,75,0.39,0.08
rnd_node,7,76,0.46,0.08
rnd_node,7,77,0.43,0.08
rnd_node,7,78,0.53,0.08
rnd_node,7,79,0.48,0.08
rnd_node,7,80,0.48,0.08
rnd_node,7,81,0.46,0.08
rnd_node,7,82,0.46,0.08
rnd_node,7,83,0.46,0.08
rnd_node,7,84,0.45,0.08
rnd_node,7,85,0.49,0.08
rnd_node,7,86,0.45,0.08
rnd_node,7,87,0.46,0.08
rnd_node,7,88,0.5,0.08
rnd_node,7,89,0.49,0.08
rnd_node,7,90,0.46,0.08
rnd_node,7,91,0.42,0.08
rnd_node,7,92,0.41,0.08
rnd_node,7,93,0.45,0.08
rnd_node,7,94,0.47,0.08
rnd_node,7,95,0.44,0.08
rnd_node,7,96,0.52,0.08
rnd_node,7,97,0.5,0.08
rnd_node,7,98,0.47,0.08
rnd_node,7,99,0.5,0.08
rnd_node,7,100,0.5,0.08
rnd_node,7,101,0.5,0.08
rnd_node,7,102,0.54,0.08
rnd_node,7,103,0.64,0.08
rnd_node,7,104,0.53,0.08
rnd_node,7,105,0.49,0.08
rnd_node,7,106,0.43,0.08
rnd_node,7,107,0.49,0.08
rnd_node,7,108,0.47,0.08
rnd_node,7,109,0.48,0.08
rnd_node,7,110,0.45,0.08
rnd_node,7,111,0.48,0.08
rnd_node,7,112,0.43,0.08
rnd_node,7,113,0.44,0.08
rnd_node,7,114,0.43,0.08
rnd_node,7,115,0.42,0.08
rnd_node,7,116,0.42,0.08
rnd_node,7,117,0.43,0.08
rnd_node,7,118,0.45,0.08
rnd_node,7,119,0.49,0.08
rnd_node,7,120,0.44,0.08
rnd_node,7,121,0.45,0.08
rnd_node,7,122,0.51,0.08
rnd_node,7,123,0.49,0.08
rnd_node,7,124,0.45,0.08
rnd_node,7,125,0.46,0.08
rnd_node,7,126,0.52,0.08
rnd_node,7,127,0.5,0.08
rnd_node,7,128,0.44,0.08
rnd_node,7,129,0.46,0.08
rnd_node,7,130,0.45,0.08
rnd_node,7,131,0.41,0.08
rnd_node,7,132,0.45,0.08
rnd_node,7,133,0.41,0.08
rnd_node,7,134,0.41,0.08
rnd_node,7,135,0.47,0.08
rnd_node,7,136,0.5,0.08
rnd_node,7,137,0.5,0.08
rnd_node,7,138,0.47,0.08
rnd_node,7,139,0.48,0.08
rnd_node,7,140,0.44,0.08
rnd_node,7,141,0.44,0.08
rnd_node,7,142,0.4,0.08
rnd_node,7,143,0.44,0.08
rnd_node,7,144,0.46,0.08
rnd_node,7,145,0.48,0.08
rnd_node,7,146,0.52,0.08
rnd_node,7,147,0.52,0.08
rnd_node,7,148,0.49,0.08
rnd_node,7,149,0.45,0.08
rnd_node,7,150,0.5,0.08
rnd_node,8,0,0.1,0.08
rnd_node,8,1,0.13,0.08
rnd_node,8,2,0.14,0.08
rnd_node,8,3,0.15,0.08
rnd_node,8,4,0.18,0.08
rnd_node,8,5,0.19,0.08
rnd_node,8,6,0.21,0.08
rnd_node,8,7,0.26,0.08
rnd_node,8,8,0.28,0.08
rnd_node,8,9,0.21,0.08
rnd_node,8,10,0.29,0.08
rnd_node,8,11,0.31,0.08
rnd_node,8,12,0.28,0.08
rnd_node,8,13,0.29,0.08
rnd_node,8,14,0.33,0.08
rnd_node,8,15,0.37,0.08
rnd_node,8,16,0.4,0.08
rnd_node,8,17,0.44,0.08
rnd_node,8,18,0.49,0.08
rnd_node,8,19,0.48,0.08
rnd_node,8,20,0.42,0.08
rnd_node,8,21,0.4,0.08
rnd_node,8,22,0.42,0.08
rnd_node,8,23,0.4,0.08
rnd_node,8,24,0.43,0.08
rnd_node,8,25,0.43,0.08
rnd_node,8,26,0.43,0.08
rnd_node,8,27,0.43,0.08
rnd_node,8,28,0.49,0.08
rnd_node,8,29,0.48,0.08
rnd_node,8,30,0.48,0.08
rnd_node,8,31,0.47,0.08
rnd_node,8,32,0.49,0.08
rnd_node,8,33,0.49,0.08
rnd_node,8,34,0.48,0.08
rnd_node,8,35,0.5,0.08
rnd_node,8,36,0.53,0.08
rnd_node,8,37,0.55,0.08
rnd_node,8,38,0.49,0.08
rnd_node,8,39,0.53,0.08
rnd_node,8,40,0.49,0.08
rnd_node,8,41,0.47,0.08
rnd_node,8,42,0.49,0.08
rnd_node,8,43,0.44,0.08
rnd_node,8,44,0.43,0.08
rnd_node,8,45,0.43,0.08
rnd_node,8,46,0.38,0.08
rnd_node,8,47,0.42,0.08
rnd_node,8,48,0.42,0.08
rnd_node,8,49,0.5,0.08
rnd_node,8,50,0.52,0.08
rnd_node,8,51,0.48,0.08
rnd_node,8,52,0.42,0.08
rnd_node,8,53,0.39,0.08
rnd_node,8,54,0.41,0.08
rnd_node,8,55,0.52,0.08
rnd_node,8,56,0.53,0.08
rnd_node,8,57,0.5,0.08
rnd_node,8,58,0.53,0.08
rnd_node,8,59,0.54,0.08
rnd_node,8,60,0.46,0.08
rnd_node,8,61,0.45,0.08
rnd_node,8,62,0.44,0.08
rnd_node,8,63,0.45,0.08
rnd_node,8,64,0.44,0.08
rnd_node,8,65,0.38,0.08
rnd_node,8,66,0.4,0.08
rnd_node,8,67,0.38,0.08
rnd_node,8,68,0.35,0.08
rnd_node,8,69,0.37,0.08
rnd_node,8,70,0.36,0.08
rnd_node,8,71,0.35,0.08
rnd_node,8,72,0.36,0.08
rnd_node,8,73,0.37,0.08
rnd_node,8,74,0.37,0.08
rnd_node,8,75,0.39,0.08
rnd_node,8,76,0.39,0.08
rnd_node,8,77,0.43,0.08
rnd_node,8,78,0.43,0.08
rnd_node,8,79,0.36,0.08
rnd_node,8,80,0.38,0.08
rnd_node,8,81,0.42,0.08
rnd_node,8,82,0.4,0.08
rnd_node,8,83,0.41,0.08
rnd_node,8,84,0.39,0.08
rnd_node,8,85,0.41,0.08
rnd_node,8,86,0.43,0.08
rnd_node,8,87,0.44,0.08
rnd_node,8,88,0.41,0.08
rnd_node,8,89,0.45,0.08
rnd_node,8,90,0.46,0.08
rnd_node,8,91,0.43,0.08
rnd_node,8,92,0.35,0.08
rnd_node,8,93,0.38,0.08
rnd_node,8,94,0.37,0.08
rnd_node,8,95,0.41,0.08
rnd_node,8,96,0.44,0.08
rnd_node,8,97,0.4,0.08
rnd_node,8,98,0.35,0.08
rnd_node,8,99,0.33,0.08
rnd_node,8,100,0.34,0.08
rnd_node,8,101,0.41,0.08
rnd_node,8,102,0.41,0.08
rnd_node,8,103,0.35,0.08
rnd_node,8,104,0.4,0.08
rnd_node,8,105,0.41,0.08
rnd_node,8,106,0.4,0.08
rnd_node,8,107,0.38,0.08
rnd_node,8,108,0.44,0.08
rnd_node,8,109,0.47,0.08
rnd_node,8,110,0.48,0.08
rnd_node,8,111,0.53,0.08
rnd_node,8,112,0.53,0.08
rnd_node,8,113,0.53,0.08
rnd_node,8,114,0.54,0.08
rnd_node,8,115,0.54,0.08
rnd_node,8,116,0.55,0.08
rnd_node,8,117,0.53,0.08
rnd_node,8,118,0.56,0.08
rnd_node,8,119,0.45,0.08
rnd_node,8,120,0.45,0.08
rnd_node,8,121,0.47,0.08
rnd_node,8,122,0.44,0.08
rnd_node,8,123,0.43,0.08
rnd_node,8,124,0.45,0.08
rnd_node,8,125,0.33,0.08
rnd_node,8,126,0.35,0.08
rnd_node,8,127,0.39,0.08
rnd_node,8,128,0.32,0.08
rnd_node,8,129,0.31,0.08
rnd_node,8,130,0.34,0.08
rnd_node,8,131,0.4,0.08
rnd_node,8,132,0.45,0.08
rnd_node,8,133,0.45,0.08
rnd_node,8,134,0.43,0.08
rnd_node,8,135,0.44,0.08
rnd_node,8,136,0.45,0.08
rnd_node,8,137,0.39,0.08
rnd_node,8,138,0.38,0.08
rnd_node,8,139,0.41,0.08
rnd_node,8,140,0.43,0.08
rnd_node,8,141,0.48,0.08
rnd_node,8,142,0.52,0.08
rnd_node,8,143,0.51,0.08
rnd_node,8,144,0.42,0.08
rnd_node,8,145,0.41,0.08
rnd_node,8,146,0.43,0.08
rnd_node,8,147,0.38,0.08
rnd_node,8,148,0.41,0.08
rnd_node,8,149,0.42,0.08
rnd_node,8,150,0.53,0.08
rnd_node,9,0,0.1,0.08
rnd_node,9,1,0.12,0.08
rnd_node,9,2,0.17,0.08
rnd_node,9,3,0.19,0.08
rnd_node,9,4,0.24,0.08
rnd_node,9,5,0.28,0.08
rnd_node,9,6,0.27,0.08
rnd_node,9,7,0.27,0.08
rnd_node,9,8,0.35,0.08
rnd_node,9,9,0.32,0.08
rnd_node,9,10,0.35,0.08
rnd_node,9,11,0.36,0.08
rnd_node,9,12,0.45,0.08
rnd_node,9,13,0.39,0.08
rnd_node,9,14,0.44,0.08
rnd_node,9,15,0.46,0.08
rnd_node,9,16,0.52,0.08
rnd_node,9,17,0.43,0.08
rnd_node,9,18,0.4,0.08
rnd_node,9,19,0.42,0.08
rnd_node,9,20,0.46,0.08
rnd_node,9,21,0.45,0.08
rnd_node,9,22,0.48,0.08
rnd_node,9,23,0.43,0.08
rnd_node,9,24,0.39,0.08
rnd_node,9,25,0.48,0.08
rnd_node,9,26,0.48,0.08
rnd_node,9,27,0.41,0.08
rnd_node,9,28,0.43,0.08
rnd_node,9,29,0.43,0.08
rnd_node,9,30,0.39,0.08
rnd_node,9,31,0.36,0.08
rnd_node,9,32,0.48,0.08
rnd_node,9,33,0.47,0.08
rnd_node,9,34,0.46,0.08
rnd_node,9,35,0.44,0.08
rnd_node,9,36,0.46,0.08
rnd_node,9,37,0.48,0.08
rnd_node,9,38,0.52,0.08
rnd_node,9,39,0.43,0.08
rnd_node,9,40,0.44,0.08
rnd_node,9,41,0.49,0.08
rnd_node,9,42,0.36,0.08
rnd_node,9,43,0.42,0.08
rnd_node,9,44,0.45,0.08
rnd_node,9,45,0.44,0.08
rnd_node,9,46,0.33,0.08
rnd_node,9,47,0.37,0.08
rnd_node,9,48,0.36,0.08
rnd_node,9,49,0.41,0.08
rnd_node,9,50,0.5,0.08
rnd_node,9,51,0.54,0.08
rnd_node,9,52,0.49,0.08
rnd_node,9,53,0.46,0.08
rnd_node,9,54,0.47,0.08
rnd_node,9,55,0.54,0.08
rnd_node,9,56,0.53,0.08
rnd_node,9,57,0.6,0.08
rnd_node,9,58,0.6,0.08
rnd_node,9,59,0.56,0.08
rnd_node,9,60,0.51,0.08
rnd_node,9,61,0.51,0.08
rnd_node,9,62,0.54,0.08
rnd_node,9,63,0.54,0.08
rnd_node,9,64,0.48,0.08
rnd_node,9,65,0.47,0.08
rnd_node,9,66,0.54,0.08
rnd_node,9,67,0.5,0.08
rnd_node,9,68,0.54,0.08
rnd_node,9,69,0.52,0.08
rnd_node,9,70,0.51,0.08
rnd_node,9,71,0.58,0.08
rnd_node,9,72,0.51,0.08
rnd_node,9,73,0.52,0.08
rnd_node,9,74,0.54,0.08
rnd_node,9,75,0.53,0.08
rnd_node,9,76,0.5,0.08
rnd_node,9,77,0.54,0.08
rnd_node,9,78,0.5,0.08
rnd_node,9,79,0.46,0.08
rnd_node,9,80,0.45,0.08
rnd_node,9,81,0.47,0.08
rnd_node,9,82,0.43,0.08
rnd_node,9,83,0.47,0.08
rnd_node,9,84,0.47,0.08
rnd_node,9,85,0.48,0.08
rnd_node,9,86,0.46,0.08
rnd_node,9,87,0.44,0.08
rnd_node,9,88,0.36,0.08
rnd_node,9,89,0.42,0.08
rnd_node,9,90,0.48,0.08
rnd_node,9,91,0.52,0.08
rnd_node,9,92,0.49,0.08
rnd_node,9,93,0.53,0.08
rnd_node,9,94,0.5,0.08
rnd_node,9,95,0.4,0.08
rnd_node,9,96,0.39,0.08
rnd_node,9,97,0.41,0.08
rnd_node,9,98,0.43,0.08
rnd_node,9,99,0.48,0.08
rnd_node,9,100,0.45,0.08
rnd_node,9,101,0.45,0.08
rnd_node,9,102,0.45,0.08
rnd_node,9,103,0.42,0.08
rnd_node,9,104,0.34,0.08
rnd_node,9,105,0.26,0.08
rnd_node,9,106,0.21,0.08
rnd_node,9,107,0.19,0.08
rnd_node,9,108,0.18,0.08
rnd_node,9,109,0.23,0.08
rnd_node,9,110,0.31,0.08
rnd_node,9,111,0.28,0.08
rnd_node,9,112,0.28,0.08
rnd_node,9,113,0.32,0.08
rnd_node,9,114,0.3,0.08
rnd_node,9,115,0.38,0.08
rnd_node,9,116,0.42,0.08
rnd_node,9,117,0.5,0.08
rnd_node,9,118,0.5,0.08
rnd_node,9,119,0.55,0.08
rnd_node,9,120,0.49,0.08
rnd_node,9,121,0.51,0.08
rnd_node,9,122,0.44,0.08
rnd_node,9,123,0.44,0.08
rnd_node,9,124,0.35,0.08
rnd_node,9,125,0.39,0.08
rnd_node,9,126,0.43,0.08
rnd_node,9,127,0.42,0.08
rnd_node,9,128,0.42,0.08
rnd_node,9,129,0.45,0.08
rnd_node,9,130,0.45,0.08
rnd_node,9,131,0.57,0.08
rnd_node,9,132,0.54,0.08
rnd_node,9,133,0.54,0.08
rnd_node,9,134,0.49,0.08
rnd_node,9,135,0.49,0.08
rnd_node,9,136,0.53,0.08
rnd_node,9,137,0.45,0.08
rnd_node,9,138,0.46,0.08
rnd_node,9,139,0.49,0.08
rnd_node,9,140,0.5,0.08
rnd_node,9,141,0.52,0.08
rnd_node,9,142,0.52,0.08
rnd_node,9,143,0.49,0.08
rnd_node,9,144,0.48,0.08
rnd_node,9,145,0.49,0.08
rnd_node,9,146,0.49,0.08
rnd_node,9,147,0.51,0.08
rnd_node,9,148,0.53,0.08
rnd_node,9,149,0.54,0.08
rnd_node,9,150,0.53,0.08
rnd_node,10,0,0.1,0.08
rnd_node,10,1,0.13,0.08
rnd_node,10,2,0.19,0.08
rnd_node,10,3,0.24,0.08
rnd_node,10,4,0.24,0.08
rnd_node,10,5,0.24,0.08
rnd_node,10,6,0.25,0.08
rnd_node,10,7,0.27,0.08
rnd_node,10,8,0.32,0.08
rnd_node,10,9,0.39,0.08
rnd_node,10,10,0.41,0.08
rnd_node,10,11,0.41,0.08
rnd_node,10,12,0.36,0.08
rnd_node,10,13,0.41,0.08
rnd_node,10,14,0.42,0.08
rnd_node,10,15,0.45,0.08
rnd_node,10,16,0.5,0.08
rnd_node,10,17,0.46,0.08
rnd_node,10,18,0.47,0.08
rnd_node,10,19,0.42,0.08
rnd_node,10,20,0.48,0.08
rnd_node,10,21,0.45,0.08
rnd_node,10,22,0.43,0.08
rnd_node,10,23,0.43,0.08
rnd_node,10,24,0.51,0.08
rnd_node,10,25,0.47,0.08
rnd_node,10,26,0.47,0.08
rnd_node,10,27,0.47,0.08
rnd_node,10,28,0.49,0.08
rnd_node,10,29,0.5,0.08
rnd_node,10,30,0.48,0.08
rnd_node,10,31,0.52,0.08
rnd_node,10,32,0.5,0.08
rnd_node,10,33,0.45,0.08
rnd_node,10,34,0.46,0.08
rnd_node,10,35,0.46,0.08
rnd_node,10,36,0.57,0.08
rnd_node,10,37,0.51,0.08
rnd_node,10,38,0.51,0.08
rnd_node,10,39,0.49,0.08
rnd_node,10,40,0.51,0.08
rnd_node,10,41,0.46,0.08
rnd_node,10,42,0.43,0.08
rnd_node,10,43,0.42,0.08
rnd_node,10,44,0.43,0.08
rnd_node,10,45,0.43,0.08
rnd_node,10,46,0.38,0.08
rnd_node,10,47,0.44,0.08
rnd_node,10,48,0.51,0.08
rnd_node,10,49,0.39,0.08
rnd_node,10,50,0.32,0.08
rnd_node,10,51,0.33,0.08
rnd_node,10,52,0.34,0.08
rnd_node,10,53,0.37,0.08
rnd_node,10,54,0.41,0.08
rnd_node,10,55,0.38,0.08
rnd_node,10,56,0.37,0.08
rnd_node,10,57,0.34,0.08
rnd_node,10,58,0.33,0.08
rnd_node,10,59,0.37,0.08
rnd_node,10,60,0.46,0.08
rnd_node,10,61,0.43,0.08
rnd_node,10,62,0.39,0.08
rnd_node,10,63,0.37,0.08
rnd_node,10,64,0.46,0.08
rnd_node,10,65,0.46,0.08
rnd_node,10,66,0.5,0.08
rnd_node,10,67,0.54,0.08
rnd_node,10,68,0.56,0.08
rnd_node,10,69,0.51,0.08
rnd_node,10,70,0.53,0.08
rnd_node,10,71,0.51,0.08
rnd_node,10,72,0.56,0.08
rnd_node,10,73,0.54,0.08
rnd_node,10,74,0.53,0.08
rnd_node,10,75,0.52,0.08
rnd_node,10,76,0.49,0.08
rnd_node,10,77,0.43,0.08
rnd_node,10,78,0.49,0.08
rnd_node,10,79,0.49,0.08
rnd_node,10,80,0.44,0.08
rnd_node,10,81,0.48,0.08
rnd_node,10,82,0.46,0.08
rnd_node,10,83,0.45,0.08
rnd_node,10,84,0.42,0.08
rnd_node,10,85,0.42,0.08
rnd_node,10,86,0.45,0.08
rnd_node,10,87,0.46,0.08
rnd_node,10,88,0.54,0.08
rnd_node,10,89,0.49,0.08
rnd_node,10,90,0.4,0.08
rnd_node,10,91,0.43,0.08
rnd_node,10,92,0.45,0.08
rnd_node,10,93,0.52,0.08
rnd_node,10,94,0.45,0.08
rnd_node,10,95,0.39,0.08
rnd_node,10,96,0.42,0.08
rnd_node,10,97,0.43,0.08
rnd_node,10,98,0.44,0.08
rnd_node,10,99,0.43,0.08
rnd_node,10,100,0.48,0.08
rnd_node,10,101,0.49,0.08
rnd_node,10,102,0.44,0.08
rnd_node,10,103,0.47,0.08
rnd_node,10,104,0.5,0.08
rnd_node,10,105,0.51,0.08
rnd_node,10,106,0.5,0.08
rnd_node,10,107,0.46,0.08
rnd_node,10,108,0.46,0.08
rnd_node,10,109,0.55,0.08
rnd_node,10,110,0.5,0.08
rnd_node,10,111,0.5,0.08
rnd_node,10,112,0.53,0.08
rnd_node,10,113,0.6,0.08
rnd_node,10,114,0.56,0.08
rnd_node,10,115,0.55,0.08
rnd_node,10,116,0.53,0.08
rnd_node,10,117,0.51,0.08
rnd_node,10,118,0.57,0.08
rnd_node,10,119,0.53,0.08
rnd_node,10,120,0.48,0.08
rnd_node,10,121,0.48,0.08
rnd_node,10,122,0.44,0.08
rnd_node,10,123,0.46,0.08
rnd_node,10,124,0.51,0.08
rnd_node,10,125,0.54,0.08
rnd_node,10,126,0.44,0.08
rnd_node,10,127,0.45,0.08
rnd_node,10,128,0.46,0.08
rnd_node,10,129,0.49,0.08
rnd_node,10,130,0.54,0.08
rnd_node,10,131,0.43,0.08
rnd_node,10,132,0.49,0.08
rnd_node,10,133,0.43,0.08
rnd_node,10,134,0.38,0.08
rnd_node,10,135,0.39,0.08
rnd_node,10,136,0.44,0.08
rnd_node,10,137,0.47,0.08
rnd_node,10,138,0.51,0.08
rnd_node,10,139,0.5,0.08
rnd_node,10,140,0.53,0.08
rnd_node,10,141,0.51,0.08
rnd_node,10,142,0.51,0.08
rnd_node,10,143,0.51,0.08
rnd_node,10,144,0.53,0.08
rnd_node,10,145,0.6,0.08
rnd_node,10,146,0.54,0.08
rnd_node,10,147,0.5,0.08
rnd_node,10,148,0.47,0.08
rnd_node,10,149,0.49,0.08
rnd_node,10,150,0.49,0.08
rnd_node,11,0,0.1,0.08
rnd_node,11,1,0.11,0.08
rnd_node,11,2,0.19,0.08
rnd_node,11,3,0.24,0.08
rnd_node,11,4,0.26,0.08
rnd_node,11,5,0.26,0.08
rnd_node,11,6,0.29,0.08
rnd_node,11,7,0.33,0.08
rnd_node,11,8,0.36,0.08
rnd_node,11,9,0.34,0.08
rnd_node,11,10,0.39,0.08
rnd_node,11,11,0.45,0.08
rnd_node,11,12,0.43,0.08
rnd_node,11,13,0.38,0.08
rnd_node,11,14,0.41,0.08
rnd_node,11,15,0.43,0.08
rnd_node,11,16,0.46,0.08
rnd_node,11,17,0.48,0.08
rnd_node,11,18,0.48,0.08
rnd_node,11,19,0.46,0.08
rnd_node,11,20,0.44,0.08
rnd_node,11,21,0.39,0.08
rnd_node,11,22,0.43,0.08
rnd_node,11,23,0.44,0.08
rnd_node,11,24,0.44,0.08
rnd_node,11,25,0.5,0.08
rnd_node,11,26,0.44,0.08
rnd_node,11,27,0.48,0.08
rnd_node,11,28,0.49,0.08
rnd_node,11,29,0.48,0.08
rnd_node,11,30,0.44,0.08
rnd_node,11,31,0.43,0.08
rnd_node,11,32,0.43,0.08
rnd_node,11,33,0.42,0.08
rnd_node,11,34,0.49,0.08
rnd_node,11,35,0.4,0.08
rnd_node,11,36,0.41,0.08
rnd_node,11,37,0.35,0.08
rnd_node,11,38,0.34,0.08
rnd_node,11,39,0.33,0.08
rnd_node,11,40,0.36,0.08
rnd_node,11,41,0.33,0.08
rnd_node,11,42,0.28,0.08
rnd_node,11,43,0.34,0.08
rnd_node,11,44,0.34,0.08
rnd_node,11,45,0.37,0.08
rnd_node,11,46,0.4,0.08
rnd_node,11,47,0.43,0.08
rnd_node,11,48,0.37,0.08
rnd_node,11,49,0.37,0.08
rnd_node,11,50,0.39,0.08
rnd_node,11,51,0.36,0.08
rnd_node,11,52,0.36,0.08
rnd_node,11,53,0.33,0.08
rnd_node,11,54,0.4,0.08
rnd_node,11,55,0.4,0.08
rnd_node,11,56,0.41,0.08
rnd_node,11,57,0.37,0.08
rnd_node,11,58,0.4,0.08
rnd_node,11,59,0.38,0.08
rnd_node,11,60,0.37,0.08
rnd_node,11,61,0.34,0.08
rnd_node,11,62,0.38,0.08
rnd_node,11,63,0.42,0.08
rnd_node,11,64,0.47,0.08
rnd_node,11,65,0.48,0.08
rnd_node,11,66,0.54,0.08
rnd_node,11,67,0.48,0.08
rnd_node,11,68,0.53,0.08
rnd_node,11,69,0.5,0.08
rnd_node,11,70,0.51,0.08
rnd_node,11,71,0.54,0.08
rnd_node,11,72,0.56,0.08
rnd_node,11,73,0.54,0.08
rnd_node,11,74,0.5,0.08
rnd_node,11,75,0.48,0.08
rnd_node,11,76,0.55,0.08
rnd_node,11,77,0.53,0.08
rnd_node,11,78,0.5,0.08
rnd_node,11,79,0.48,0.08
rnd_node,11,80,0.55,0.08
rnd_node,11,81,0.49,0.08
rnd_node,11,82,0.39,0.08
rnd_node,11,83,0.4,0.08
rnd_node,11,84,0.45,0.08
rnd_node,11,85,0.48,0.08
rnd_node,11,86,0.5,0.08
rnd_node,11,87,0.43,0.08
rnd_node,11,88,0.43,0.08
rnd_node,11,89,0.38,0.08
rnd_node,11,90,0.47,0.08
rnd_node,11,91,0.51,0.08
rnd_node,11,92,0.52,0.08
rnd_node,11,93,0.56,0.08
rnd_node,11,94,0.49,0.08
rnd_node,11,95,0.49,0.08
rnd_node,11,96,0.47,0.08
rnd_node,11,97,0.48,0.08
rnd_node,11,98,0.53,0.08
rnd_node,11,99,0.47,0.08
rnd_node,11,100,0.5,0.08
rnd_node,11,101,0.58,0.08
rnd_node,11,102,0.55,0.08
rnd_node,11,103,0.57,0.08
rnd_node,11,104,0.5,0.08
rnd_node,11,105,0.52,0.08
rnd_node,11,106,0.5,0.08
rnd_node,11,107,0.52,0.08
rnd_node,11,108,0.54,0.08
rnd_node,11,109,0.47,0.08
rnd_node,11,110,0.49,0.08
rnd_node,11,111,0.49,0.08
rnd_node,11,112,0.44,0.08
rnd_node,11,113,0.45,0.08
rnd_node,11,114,0.46,0.08
rnd_node,11,115,0.44,0.08
rnd_node,11,116,0.36,0.08
rnd_node,11,117,0.31,0.08
rnd_node,11,118,0.36,0.08
rnd_node,11,119,0.4,0.08
rnd_node,11,120,0.36,0.08
rnd_node,11,121,0.41,0.08
rnd_node,11,122,0.36,0.08
rnd_node,11,123,0.41,0.08
rnd_node,11,124,0.39,0.08
rnd_node,11,125,0.37,0.08
rnd_node,11,126,0.33,0.08
rnd_node,11,127,0.38,0.08
rnd_node,11,128,0.36,0.08
rnd_node,11,129,0.39,0.08
rnd_node,11,130,0.44,0.08
rnd_node,11,131,0.4,0.08
rnd_node,11,132,0.42,0.08
rnd_node,11,133,0.47,0.08
rnd_node,11,134,0.52,0.08
rnd_node,11,135,0.52,0.08
rnd_node,11,136,0.52,0.08
rnd_node,11,137,0.46,0.08
rnd_node,11,138,0.45,0.08
rnd_node,11,139,0.49,0.08
rnd_node,11,140,0.45,0.08
rnd_node,11,141,0.48,0.08
rnd_node,11,142,0.45,0.08
rnd_node,11,143,0.43,0.08
rnd_node,11,144,0.41,0.08
rnd_node,11,145,0.48,0.08
rnd_node,11,146,0.43,0.08
rnd_node,11,147,0.43,0.08
rnd_node,11,148,0.46,0.08
rnd_node,11,149,0.4,0.08
rnd_node,11,150,0.4,0.08
rnd_node,12,0,0.09,0.08
rnd_node,12,1,0.1,0.08
rnd_node,12,2,0.11,0.08
rnd_node,12,3,0.12,0.08
rnd_node,12,4,0.11,0.08
rnd_node,12,5,0.12,0.08
rnd_node,12,6,0.16,0.08
rnd_node,12,7,0.21,0.08
rnd_node,12,8,0.25,0.08
rnd_node,12,9,0.25,0.08
rnd_node,12,10,0.3,0.08
rnd_node,12,11,0.31,0.08
rnd_node,12,12,0.29,0.08
rnd_node,12,13,0.22,0.08
rnd_node,12,14,0.25,0.08
rnd_node,12,15,0.27,0.08
rnd_node,12,16,0.25,0.08
rnd_node,12,17,0.29,0.08
rnd_node,12,18,0.32,0.08
rnd_node,12,19,0.36,0.08
rnd_node,12,20,0.36,0.08
rnd_node,12,21,0.35,0.08
rnd_node,12,22,0.35,0.08
rnd_node,12,23,0.41,0.08
rnd_node,12,24,0.44,0.08
rnd_node,12,25,0.46,0.08
rnd_node,12,26,0.45,0.08
rnd_node,12,27,0.43,0.08
rnd_node,12,28,0.51,0.08
rnd_node,12,29,0.48,0.08
rnd_node,12,30,0.46,0.08
rnd_node,12,31,0.47,0.08
rnd_node,12,32,0.46,0.08
rnd_node,12,33,0.41,0.08
rnd_node,12,34,0.45,0.08
rnd_node,12,35,0.44,0.08
rnd_node,12,36,0.45,0.08
rnd_node,12,37,0.4,0.08
rnd_node,12,38,0.43,0.08
rnd_node,12,39,0.5,0.08
rnd_node,12,40,0.49,0.08
rnd_node,12,41,0.43,0.08
rnd_node,12,42,0.45,0.08
rnd_node,12,43,0.44,0.08
rnd_node,12,44,0.49,0.08
rnd_node,12,45,0.45,0.08
rnd_node,12,46,0.43,0.08
rnd_node,12,47,0.36,0.08
rnd_node,12,48,0.4,0.08
rnd_node,12,49,0.46,0.08
rnd_node,12,50,0.4,0.08
rnd_node,12,51,0.45,0.08
rnd_node,12,52,0.46,0.08
rnd_node,12,53,0.48,0.08
rnd_node,12,54,0.51,0.08
rnd_node,12,55,0.51,0.08
rnd_node,12,56,0.47,0.08
rnd_node,12,57,0.43,0.08
rnd_node,12,58,0.5,0.08
rnd_node,12,59,0.52,0.08
rnd_node,12,60,0.5,0.08
rnd_node,12,61,0.49,0.08
rnd_node,12,62,0.49,0.08
rnd_node,12,63,0.55,0.08
rnd_node,12,64,0.51,0.08
rnd_node,12,65,0.48,0.08
rnd_node,12,66,0.55,0.08
rnd_node,12,67,0.47,0.08
rnd_node,12,68,0.43,0.08
rnd_node,12,69,0.41,0.08
rnd_node,12,70,0.36,0.08
rnd_node,12,71,0.34,0.08
rnd_node,12,72,0.39,0.08
rnd_node,12,73,0.41,0.08
rnd_node,12,74,0.4,0.08
rnd_node,12,75,0.35,0.08
rnd_node,12,76,0.32,0.08
rnd_node,12,77,0.37,0.08
rnd_node,12,78,0.47,0.08
rnd_node,12,79,0.47,0.08
rnd_node,12,80,0.49,0.08
rnd_node,12,81,0.46,0.08
rnd_node,12,82,0.48,0.08
rnd_node,12,83,0.48,0.08
rnd_node,12,84,0.46,0.08
rnd_node,12,85,0.49,0.08
rnd_node,12,86,0.49,0.08
rnd_node,12,87,0.42,0.08
rnd_node,12,88,0.45,0.08
rnd_node,12,89,0.42,0.08
rnd_node,12,90,0.39,0.08
rnd_node,12,91,0.39,0.08
rnd_node,12,92,0.4,0.08
rnd_node,12,93,0.39,0.08
rnd_node,12,94,0.35,0.08
rnd_node,12,95,0.38,0.08
rnd_node,12,96,0.4,0.08
rnd_node,12,97,0.46,0.08
rnd_node,12,98,0.43,0.08
rnd_node,12,99,0.45,0.08
rnd_node,12,100,0.48,0.08
rnd_node,12,101,0.44,0.08
rnd_node,12,102,0.42,0.08
rnd_node,12,103,0.46,0.08
rnd_node,12,104,0.48,0.08
rnd_node,12,105,0.48,0.08
rnd_node,12,106,0.54,0.08
rnd_node,12,107,0.55,0.08
rnd_node,12,108,0.52,0.08
rnd_node,12,109,0.53,0.08
rnd_node,12,110,0.51,0.08
rnd_node,12,111,0.51,0.08
rnd_node,12,112,0.42,0.08
rnd_node,12,113,0.45,0.08
rnd_node,12,114,0.4,0.08
rnd_node,12,115,0.42,0.08
rnd_node,12,116,0.39,0.08
rnd_node,12,117,0.42,0.08
rnd_node,12,118,0.5,0.08
rnd_node,12,119,0.52,0.08
rnd_node,12,120,0.43,0.08
rnd_node,12,121,0.47,0.08
rnd_node,12,122,0.45,0.08
rnd_node,12,123,0.42,0.08
rnd_node,12,124,0.44,0.08
rnd_node,12,125,0.42,0.08
rnd_node,12,126,0.41,0.08
rnd_node,12,127,0.43,0.08
rnd_node,12,128,0.48,0.08
rnd_node,12,129,0.44,0.08
rnd_node,12,130,0.43,0.08
rnd_node,12,131,0.42,0.08
rnd_node,12,132,0.39,0.08
rnd_node,12,133,0.36,0.08
rnd_node,12,134,0.4,0.08
rnd_node,12,135,0.5,0.08
rnd_node,12,136,0.45,0.08
rnd_node,12,137,0.43,0.08
rnd_node,12,138,0.52,0.08
rnd_node,12,139,0.5,0.08
rnd_node,12,140,0.43,0.08
rnd_node,12,141,0.45,0.08
rnd_node,12,142,0.47,0.08
rnd_node,12,143,0.45,0.08
rnd_node,12,144,0.46,0.08
rnd_node,12,145,0.38,0.08
rnd_node,12,146,0.33,0.08
rnd_node,12,147,0.39,0.08
rnd_node,12,148,0.37,0.08
rnd_node,12,149,0.44,0.08
rnd_node,12,150,0.41,0.08
rnd_node,13,0,0.1,0.08
rnd_node,13,1,0.09,0.08
rnd_node,13,2,0.14,0.08
rnd_node,13,3,0.16,0.08
rnd_node,13,4,0.23,0.08
rnd_node,13,5,0.36,0.08
rnd_node,13,6,0.36,0.08
rnd_node,13,7,0.39,0.08
rnd_node,13,8,0.47,0.08
rnd_node,13,9,0.43,0.08
rnd_node,13,10,0.4,0.08
rnd_node,13,11,0.38,0.08
rnd_node,13,12,0.4,0.08
rnd_node,13,13,0.38,0.08
rnd_node,13,14,0.35,0.08
rnd_node,13,15,0.42,0.08
rnd_node,13,16,0.43,0.08
rnd_node,13,17,0.44,0.08
rnd_node,13,18,0.42,0.08
rnd_node,13,19,0.39,0.08
rnd_node,13,20,0.37,0.08
rnd_node,13,21,0.4,0.08
rnd_node,13,22,0.42,0.08
rnd_node,13,23,0.47,0.08
rnd_node,13,24,0.52,0.08
rnd_node,13,25,0.52,0.08
rnd_node,13,26,0.44,0.08
rnd_node,13,27,0.45,0.08
rnd_node,13,28,0.5,0.08
rnd_node,13,29,0.47,0.08
rnd_node,13,30,0.46,0.08
rnd_node,13,31,0.48,0.08
rnd_node,13,32,0.45,0.08
rnd_node,13,33,0.44,0.08
rnd_node,13,34,0.41,0.08
rnd_node,13,35,0.42,0.08
rnd_node,13,36,0.42,0.08
rnd_node,13,37,0.39,0.08
rnd_node,13,38,0.34,0.08
rnd_node,13,39,0.3,0.08
rnd_node,13,40,0.29,0.08
rnd_node,13,41,0.32,0.08
rnd_node,13,42,0.36,0.08
rnd_node,13,43,0.38,0.08
rnd_node,13,44,0.45,0.08
rnd_node,13,45,0.45,0.08
rnd_node,13,46,0.5,0.08
rnd_node,13,47,0.44,0.08
rnd_node,13,48,0.43,0.08
rnd_node,13,49,0.4,0.08
rnd_node,13,50,0.46,0.08
rnd_node,13,51,0.52,0.08
rnd_node,13,52,0.43,0.08
rnd_node,13,53,0.42,0.08
rnd_node,13,54,0.46,0.08
rnd_node,13,55,0.52,0.08
rnd_node,13,56,0.51,0.08
rnd_node,13,57,0.49,0.08
rnd_node,13,58,0.49,0.08
rnd_node,13,59,0.46,0.08
rnd_node,13,60,0.47,0.08
rnd_node,13,61,0.46,0.08
rnd_node,13,62,0.46,0.08
rnd_node,13,63,0.4,0.08
rnd_node,13,64,0.4,0.08
rnd_node,13,65,0.42,0.08
rnd_node,13,66,0.44,0.08
rnd_node,13,67,0.41,0.08
rnd_node,13,68,0.44,0.08
rnd_node,13,69,0.48,0.08
rnd_node,13,70,0.45,0.08
rnd_node,13,71,0.48,0.08
rnd_node,13,72,0.42,0.08
rnd_node,13,73,0.4,0.08
rnd_node,13,74,0.38,0.08
rnd_node,13,75,0.44,0.08
rnd_node,13,76,0.47,0.08
rnd_node,13,77,0.44,0.08
rnd_node,13,78,0.4,0.08
rnd_node,13,79,0.38,0.08
rnd_node,13,80,0.43,0.08
rnd_node,13,81,0.42,0.08
rnd_node,13,82,0.36,0.08
rnd_node,13,83,0.37,0.08
rnd_node,13,84,0.35,0.08
rnd_node,13,85,0.31,0.08
rnd_node,13,86,0.3,0.08
rnd_node,13,87,0.34,0.08
rnd_node,13,88,0.38,0.08
rnd_node,13,89,0.43,0.08
rnd_node,13,90,0.5,0.08
rnd_node,13,91,0.49,0.08
rnd_node,13,92,0.46,0.08
rnd_node,13,93,0.5,0.08
rnd_node,13,94,0.51,0.08
rnd_node,13,95,0.49,0.08
rnd_node,13,96,0.45,0.08
rnd_node,13,97,0.53,0.08
rnd_node,13,98,0.51,0.08
rnd_node,13,99,0.45,0.08
rnd_node,13,100,0.39,0.08
rnd_node,13,101,0.35,0.08
rnd_node,13,102,0.36,0.08
rnd_node,13,103,0.3,0.08
rnd_node,13,104,0.36,0.08
rnd_node,13,105,0.3,0.08
rnd_node,13,106,0.32,0.08
rnd_node,13,107,0.4,0.08
rnd_node,13,108,0.45,0.08
rnd_node,13,109,0.39,0.08
rnd_node,13,110,0.39,0.08
rnd_node,13,111,0.39,0.08
rnd_node,13,112,0.43,0.08
rnd_node,13,113,0.43,0.08
rnd_node,13,114,0.37,0.08
rnd_node,13,115,0.35,0.08
rnd_node,13,116,0.41,0.08
rnd_node,13,117,0.4,0.08
rnd_node,13,118,0.44,0.08
rnd_node,13,119,0.45,0.08
rnd_node,13,120,0.4,0.08
rnd_node,13,121,0.42,0.08
rnd_node,13,122,0.41,0.08
rnd_node,13,123,0.39,0.08
rnd_node,13,124,0.43,0.08
rnd_node,13,125,0.5,0.08
rnd_node,13,126,0.46,0.08
rnd_node,13,127,0.45,0.08
rnd_node,13,128,0.48,0.08
rnd_node,13,129,0.51,0.08
rnd_node,13,130,0.49,0.08
rnd_node,13,131,0.48,0.08
rnd_node,13,132,0.5,0.08
rnd_node,13,133,0.5,0.08
rnd_node,13,134,0.49,0.08
rnd_node,13,135,0.42,0.08
rnd_node,13,136,0.44,0.08
rnd_node,13,137,0.46,0.08
rnd_node,13,138,0.44,0.08
rnd_node,13,139,0.42,0.08
rnd_node,13,140,0.41,0.08
rnd_node,13,141,0.39,0.08
rnd_node,13,142,0.34,0.08
rnd_node,13,143,0.39,0.08
rnd_node,13,144,0.39,0.08
rnd_node,13,145,0.51,0.08
rnd_node,13,146,0.57,0.08
rnd_node,13,147,0.53,0.08
rnd_node,13,148,0.51,0.08
rnd_node,13,149,0.55,0.08
rnd_node,13,150,0.54,0.08
rnd_node,14,0,0.1,0.08
rnd_node,14,1,0.16,0.08
rnd_node,14,2,0.19,0.08
rnd_node,14,3,0.25,0.08
rnd_node,14,4,0.39,0.08
rnd_node,14,5,0.48,0.08
rnd_node,14,6,0.42,0.08
rnd_node,14,7,0.42,0.08
rnd_node,14,8,0.42,0.08
rnd_node,14,9,0.4,0.08
rnd_node,14,10,0.39,0.08
rnd_node,14,11,0.39,0.08
rnd_node,14,12,0.42,0.08
rnd_node,14,13,0.45,0.08
rnd_node,14,14,0.43,0.08
rnd_node,14,15,0.46,0.08
rnd_node,14,16,0.43,0.08
rnd_node,14,17,0.45,0.08
rnd_node,14,18,0.43,0.08
rnd_node,14,19,0.43,0.08
rnd_node,14,20,0.43,0.08
rnd_node,14,21,0.44,0.08
rnd_node,14,22,0.44,0.08
rnd_node,14,23,0.46,0.08
rnd_node,14,24,0.48,0.08
rnd_node,14,25,0.48,0.08
rnd_node,14,26,0.48,0.08
rnd_node,14,27,0.45,0.08
rnd_node,14,28,0.45,0.08
rnd_node,14,29,0.38,0.08
rnd_node,14,30,0.39,0.08
rnd_node,14,31,0.4,0.08
rnd_node,14,32,0.39,0.08
rnd_node,14,33,0.4,0.08
rnd_node,14,34,0.43,0.08
rnd_node,14,35,0.49,0.08
rnd_node,14,36,0.45,0.08
rnd_node,14,37,0.45,0.08
rnd_node,14,38,0.38,0.08
rnd_node,14,39,0.39,0.08
rnd_node,14,40,0.37,0.08
rnd_node,14,41,0.31,0.08
rnd_node,14,42,0.36,0.08
rnd_node,14,43,0.37,0.08
rnd_node,14,44,0.37,0.08
rnd_node,14,45,0.36,0.08
rnd_node,14,46,0.39,0.08
rnd_node,14,47,0.41,0.08
rnd_node,14,48,0.42,0.08
rnd_node,14,49,0.49,0.08
rnd_node,14,50,0.45,0.08
rnd_node,14,51,0.4,0.08
rnd_node,14,52,0.43,0.08
rnd_node,14,53,0.43,0.08
rnd_node,14,54,0.43,0.08
rnd_node,14,55,0.41,0.08
rnd_node,14,56,0.38,0.08
rnd_node,14,57,0.4,0.08
rnd_node,14,58,0.45,0.08
rnd_node,14,59,0.37,0.08
rnd_node,14,60,0.35,0.08
rnd_node,14,61,0.35,0.08
rnd_node,14,62,0.41,0.08
rnd_node,14,63,0.44,0.08
rnd_node,14,64,0.47,0.08
rnd_node,14,65,0.49,0.08
rnd_node,14,66,0.59,0.08
rnd_node,14,67,0.6,0.08
rnd_node,14,68,0.47,0.08
rnd_node,14,69,0.5,0.08
rnd_node,14,70,0.45,0.08
rnd_node,14,71,0.46,0.08
rnd_node,14,72,0.51,0.08
rnd_node,14,73,0.51,0.08
rnd_node,14,74,0.51,0.08
rnd_node,14,75,0.51,0.08
rnd_node,14,76,0.52,0.08
rnd_node,14,77,0.49,0.08
rnd_node,14,78,0.49,0.08
rnd_node,14,79,0.51,0.08
rnd_node,14,80,0.49,0.08
rnd_node,14,81,0.48,0.08
rnd_node,14,82,0.5,0.08
rnd_node,14,83,0.47,0.08
rnd_node,14,84,0.48,0.08
rnd_node,14,85,0.45,0.08
rnd_node,14,86,0.42,0.08
rnd_node,14,87,0.45,0.08
rnd_node,14,88,0.46,0.08
rnd_node,14,89,0.49,0.08
rnd_node,14,90,0.42,0.08
rnd_node,14,91,0.44,0.08
rnd_node,14,92,0.48,0.08
rnd_node,14,93,0.4,0.08
rnd_node,14,94,0.4,0.08
rnd_node,14,95,0.34,0.08
rnd_node,14,96,0.28,0.08
rnd_node,14,97,0.27,0.08
rnd_node,14,98,0.32,0.08
rnd_node,14,99,0.3,0.08
rnd_node,14,100,0.34,0.08
rnd_node,14,101,0.35,0.08
rnd_node,14,102,0.39,0.08
rnd_node,14,103,0.45,0.08
rnd_node,14,104,0.42,0.08
rnd_node,14,105,0.45,0.08
rnd_node,14,106,0.5,0.08
rnd_node,14,107,0.47,0.08
rnd_node,14,108,0.47,0.08
rnd_node,14,109,0.42,0.08
rnd_node,14,110,0.42,0.08
rnd_node,14,111,0.42,0.08
rnd_node,14,112,0.42,0.08
rnd_node,14,113,0.41,0.08
rnd_node,14,114,0.44,0.08
rnd_node,14,115,0.48,0.08
rnd_node,14,116,0.48,0.08
rnd_node,14,117,0.49,0.08
rnd_node,14,118,0.48,0.08
rnd_node,14,119,0.43,0.08
rnd_node,14,120,0.41,0.08
rnd_node,14,121,0.49,0.08
rnd_node,14,122,0.53,0.08
rnd_node,14,123,0.49,0.08
rnd_node,14,124,0.59,0.08
rnd_node,14,125,0.57,0.08
rnd_node,14,126,0.54,0.08
rnd_node,14,127,0.49,0.08
rnd_node,14,128,0.42,0.08
rnd_node,14,129,0.48,0.08
rnd_node,14,130,0.44,0.08
rnd_node,14,131,0.45,0.08
rnd_node,14,132,0.43,0.08
rnd_node,14,133,0.43,0.08
rnd_node,14,134,0.41,0.08
rnd_node,14,135,0.46,0.08
rnd_node,14,136,0.52,0.08
rnd_node,14,137,0.52,0.08
rnd_node,14,138,0.49,0.08
rnd_node,14,139,0.5,0.08
rnd_node,14,140,0.5,0.08
rnd_node,14,141,0.54,0.08
rnd_node,14,142,0.51,0.08
rnd_node,14,143,0.54,0.08
rnd_node,14,144,0.48,0.08
rnd_node,14,145,0.44,0.08
rnd_node,14,146,0.41,0.08
rnd_node,14,147,0.45,0.08
rnd_node,14,148,0.44,0.08
rnd_node,14,149,0.43,0.08
rnd_node,14,150,0.5,0.08
rnd_node,15,0,0.1,0.08
rnd_node,15,1,0.11,0.08
rnd_node,15,2,0.18,0.08
rnd_node,15,3,0.25,0.08
rnd_node,15,4,0.28,0.08
rnd_node,15,5,0.27,0.08
rnd_node,15,6,0.36,0.08
rnd_node,15,7,0.37,0.08
rnd_node,15,8,0.36,0.08
rnd_node,15,9,0.36,0.08
rnd_node,15,10,0.32,0.08
rnd_node,15,11,0.35,0.08
rnd_node,15,12,0.31,0.08
rnd_node,15,13,0.38,0.08
rnd_node,15,14,0.34,0.08
rnd_node,15,15,0.38,0.08
rnd_node,15,16,0.39,0.08
rnd_node,15,17,0.4,0.08
rnd_node,15,18,0.4,0.08
rnd_node,15,19,0.41,0.08
rnd_node,15,20,0.37,0.08
rnd_node,15,21,0.42,0.08
rnd_node,15,22,0.41,0.08
rnd_node,15,23,0.42,0.08
rnd_node,15,24,0.44,0.08
rnd_node,15,25,0.46,0.08
rnd_node,15,26,0.42,0.08
rnd_node,15,27,0.4,0.08
rnd_node,15,28,0.42,0.08
rnd_node,15,29,0.46,0.08
rnd_node,15,30,0.44,0.08
rnd_node,15,31,0.4,0.08
rnd_node,15,32,0.47,0.08
rnd_node,15,33,0.51,0.08
rnd_node,15,34,0.49,0.08
rnd_node,15,35,0.43,0.08
rnd_node,15,36,0.45,0.08
rnd_node,15,37,0.43,0.08
rnd_node,15,38,0.43,0.08
rnd_node,15,39,0.44,0.08
rnd_node,15,40,0.47,0.08
rnd_node,15,41,0.48,0.08
rnd_node,15,42,0.47,0.08
rnd_node,15,43,0.45,0.08
rnd_node,15,44,0.46,0.08
rnd_node,15,45,0.43,0.08
rnd_node,15,46,0.44,0.08
rnd_node,15,47,0.48,0.08
rnd_node,15,48,0.49,0.08
rnd_node,15,49,0.51,0.08
rnd_node,15,50,0.47,0.08
rnd_node,15,51,0.49,0.08
rnd_node,15,52,0.43,0.08
rnd_node,15,53,0.47,0.08
rnd_node,15,54,0.51,0.08
rnd_node,15,55,0.52,0.08
rnd_node,15,56,0.49,0.08
rnd_node,15,57,0.5,0.08
rnd_node,15,58,0.53,0.08
rnd_node,15,59,0.49,0.08
rnd_node,15,60,0.51,0.08
rnd_node,15,61,0.52,0.08
rnd_node,15,62,0.47,0.08
rnd_node,15,63,0.44,0.08
rnd_node,15,64,0.45,0.08
rnd_node,15,65,0.38,0.08
rnd_node,15,66,0.37,0.08
rnd_node,15,67,0.4,0.08
rnd_node,15,68,0.4,0.08
rnd_node,15,69,0.39,0.08
rnd_node,15,70,0.39,0.08
rnd_node,15,71,0.33,0.08
rnd_node,15,72,0.31,0.08
rnd_node,15,73,0.33,0.08
rnd_node,15,74,0.38,0.08
rnd_node,15,75,0.42,0.08
rnd_node,15,76,0.38,0.08
rnd_node,15,77,0.39,0.08
rnd_node,15,78,0.38,0.08
rnd_node,15,79,0.37,0.08
rnd_node,15,80,0.34,0.08
rnd_node,15,81,0.37,0.08
rnd_node,15,82,0.38,0.08
rnd_node,15,83,0.42,0.08
rnd_node,15,84,0.4,0.08
rnd_node,15,85,0.43,0.08
rnd_node,15,86,0.41,0.08
rnd_node,15,87,0.45,0.08
rnd_node,15,88,0.46,0.08
rnd_node,15,89,0.48,0.08
rnd_node,15,90,0.51,0.08
rnd_node,15,91,0.46,0.08
rnd_node,15,92,0.35,0.08
rnd_node,15,93,0.35,0.08
rnd_node,15,94,0.35,0.08
rnd_node,15,95,0.36,0.08
rnd_node,15,96,0.42,0.08
rnd_node,15,97,0.43,0.08
rnd_node,15,98,0.44,0.08
rnd_node,15,99,0.48,0.08
rnd_node,15,100,0.46,0.08
rnd_node,15,101,0.45,0.08
rnd_node,15,102,0.47,0.08
rnd_node,15,103,0.45,0.08
rnd_node,15,104,0.44,0.08
rnd_node,15,105,0.4,0.08
rnd_node,15,106,0.35,0.08
rnd_node,15,107,0.34,0.08
rnd_node,15,108,0.33,0.08
rnd_node,15,109,0.32,0.08
rnd_node,15,110,0.41,0.08
rnd_node,15,111,0.41,0.08
rnd_node,15,112,0.45,0.08
rnd_node,15,113,0.49,0.08
rnd_node,15,114,0.52,0.08
rnd_node,15,115,0.47,0.08
rnd_node,15,116,0.46,0.08
rnd_node,15,117,0.48,0.08
rnd_node,15,118,0.47,0.08
rnd_node,15,119,0.53,0.08
rnd_node,15,120,0.52,0.08
rnd_node,15,121,0.49,0.08
rnd_node,15,122,0.46,0.08
rnd_node,15,123,0.44,0.08
rnd_node,15,124,0.43,0.08
rnd_node,15,125,0.45,0.08
rnd_node,15,126,0.43,0.08
rnd_node,15,127,0.44,0.08
rnd_node,15,128,0.41,0.08
rnd_node,15,129,0.45,0.08
rnd_node,15,130,0.46,0.08
rnd_node,15,131,0.51,0.08
rnd_node,15,132,0.52,0.08
rnd_node,15,133,0.55,0.08
rnd_node,15,134,0.47,0.08
rnd_node,15,135,0.48,0.08
rnd_node,15,136,0.48,0.08
rnd_node,15,137,0.47,0.08
rnd_node,15,138,0.47,0.08
rnd_node,15,139,0.47,0.08
rnd_node,15,140,0.51,0.08
rnd_node,15,141,0.51,0.08
rnd_node,15,142,0.46,0.08
rnd_node,15,143,0.47,0.08
rnd_node,15,144,0.45,0.08
rnd_node,15,145,0.48,0.08
rnd_node,15,146,0.47,0.08
rnd_node,15,147,0.4,0.08
rnd_node,15,148,0.41,0.08
rnd_node,15,149,0.41,0.08
rnd_node,15,150,0.43,0.08
rnd_node,16,0,0.1,0.08
rnd_node,16,1,0.14,0.08
rnd_node,16,2,0.16,0.08
rnd_node,16,3,0.2,0.08
rnd_node,16,4,0.22,0.08
rnd_node,16,5,0.21,0.08
rnd_node,16,6,0.25,0.08
rnd_node,16,7,0.32,0.08
rnd_node,16,8,0.36,0.08
rnd_node,16,9,0.41,0.08
rnd_node,16,10,0.4,0.08
rnd_node,16,11,0.38,0.08
rnd_node,16,12,0.39,0.08
rnd_node,16,13,0.49,0.08
rnd_node,16,14,0.41,0.08
rnd_node,16,15,0.38,0.08
rnd_node,16,16,0.39,0.08
rnd_node,16,17,0.41,0.08
rnd_node,16,18,0.41,0.08
rnd_node,16,19,0.41,0.08
rnd_node,16,20,0.45,0.08
rnd_node,16,21,0.43,0.08
rnd_node,16,22,0.4,0.08
rnd_node,16,23,0.41,0.08
rnd_node,16,24,0.38,0.08
rnd_node,16,25,0.45,0.08
rnd_node,16,26,0.48,0.08
rnd_node,16,27,0.4,0.08
rnd_node,16,28,0.4,0.08
rnd_node,16,29,0.46,0.08
rnd_node,16,30,0.38,0.08
rnd_node,16,31,0.43,0.08
rnd_node,16,32,0.41,0.08
rnd_node,16,33,0.44,0.08
rnd_node,16,34,0.47,0.08
rnd_node,16,35,0.43,0.08
rnd_node,16,36,0.46,0.08
rnd_node,16,37,0.51,0.08
rnd_node,16,38,0.45,0.08
rnd_node,16,39,0.35,0.08
rnd_node,16,40,0.34,0.08
rnd_node,16,41,0.39,0.08
rnd_node,16,42,0.43,0.08
rnd_node,16,43,0.5,0.08
rnd_node,16,44,0.49,0.08
rnd_node,16,45,0.5,0.08
rnd_node,16,46,0.52,0.08
rnd_node,16,47,0.49,0.08
rnd_node,16,48,0.41,0.08
rnd_node,16,49,0.44,0.08
rnd_node,16,50,0.41,0.08
rnd_node,16,51,0.41,0.08
rnd_node,16,52,0.44,0.08
rnd_node,16,53,0.43,0.08
rnd_node,16,54,0.38,0.08
rnd_node,16,55,0.38,0.08
rnd_node,16,56,0.4,0.08
rnd_node,16,57,0.39,0.08
rnd_node,16,58,0.42,0.08
rnd_node,16,59,0.45,0.08
rnd_node,16,60,0.51,0.08
rnd_node,16,61,0.48,0.08
rnd_node,16,62,0.41,0.08
rnd_node,16,63,0.41,0.08
rnd_node,16,64,0.38,0.08
rnd_node,16,65,0.36,0.08
rnd_node,16,66,0.4,0.08
rnd_node,16,67,0.43,0.08
rnd_node,16,68,0.44,0.08
rnd_node,16,69,0.44,0.08
rnd_node,16,70,0.42,0.08
rnd_node,16,71,0.38,0.08
rnd_node,16,72,0.43,0.08
rnd_node,16,73,0.48,0.08
rnd_node,16,74,0.46,0.08
rnd_node,16,75,0.42,0.08
rnd_node,16,76,0.42,0.08
rnd_node,16,77,0.5,0.08
rnd_node,16,78,0.51,0.08
rnd_node,16,79,0.47,0.08
rnd_node,16,80,0.44,0.08
rnd_node,16,81,0.42,0.08
rnd_node,16,82,0.42,0.08
rnd_node,16,83,0.45,0.08
rnd_node,16,84,0.43,0.08
rnd_node,16,85,0.45,0.08
rnd_node,16,86,0.51,0.08
rnd_node,16,87,0.49,0.08
rnd_node,16,88,0.46,0.08
rnd_node,16,89,0.46,0.08
rnd_node,16,90,0.46,0.08
rnd_node,16,91,0.48,0.08
rnd_node,16,92,0.52,0.08
rnd_node,16,93,0.49,0.08
rnd_node,16,94,0.47,0.08
rnd_node,16,95,0.48,0.08
rnd_node,16,96,0.46,0.08
rnd_node,16,97,0.52,0.08
rnd_node,16,98,0.43,0.08
rnd_node,16,99,0.44,0.08
rnd_node,16,100,0.51,0.08
rnd_node,16,101,0.5,0.08
rnd_node,16,102,0.46,0.08
rnd_node,16,103,0.47,0.08
rnd_node,16,104,0.48,0.08
rnd_node,16,105,0.48,0.08
rnd_node,16,106,0.45,0.08
rnd_node,16,107,0.55,0.08
rnd_node,16,108,0.49,0.08
rnd_node,16,109,0.46,0.08
rnd_node,16,110,0.53,0.08
rnd_node,16,111,0.49,0.08
rnd_node,16,112,0.55,0.08
rnd_node,16,113,0.6,0.08
rnd_node,16,114,0.54,0.08
rnd_node,16,115,0.53,0.08
rnd_node,16,116,0.47,0.08
rnd_node,16,117,0.49,0.08
rnd_node,16,118,0.52,0.08
rnd_node,16,119,0.49,0.08
rnd_node,16,120,0.5,0.08
rnd_node,16,121,0.44,0.08
rnd_node,16,122,0.42,0.08
rnd_node,16,123,0.43,0.08
rnd_node,16,124,0.44,0.08
rnd_node,16,125,0.38,0.08
rnd_node,16,126,0.45,0.08
rnd_node,16,127,0.45,0.08
rnd_node,16,128,0.5,0.08
rnd_node,16,129,0.49,0.08
rnd_node,16,130,0.5,0.08
rnd_node,16,131,0.46,0.08
rnd_node,16,132,0.4,0.08
rnd_node,16,133,0.45,0.08
rnd_node,16,134,0.44,0.08
rnd_node,16,135,0.49,0.08
rnd_node,16,136,0.45,0.08
rnd_node,16,137,0.48,0.08
rnd_node,16,138,0.46,0.08
rnd_node,16,139,0.43,0.08
rnd_node,16,140,0.43,0.08
rnd_node,16,141,0.41,0.08
rnd_node,16,142,0.45,0.08
rnd_node,16,143,0.42,0.08
rnd_node,16,144,0.43,0.08
rnd_node,16,145,0.41,0.08
rnd_node,16,146,0.33,0.08
rnd_node,16,147,0.43,0.08
rnd_node,16,148,0.38,0.08
rnd_node,16,149,0.41,0.08
rnd_node,16,150,0.4,0.08
rnd_node,17,0,0.08,0.08
rnd_node,17,1,0.08,0.08
rnd_node,17,2,0.09,0.08
rnd_node,17,3,0.14,0.08
rnd_node,17,4,0.21,0.08
rnd_node,17,5,0.26,0.08
rnd_node,17,6,0.3,0.08
rnd_node,17,7,0.35,0.08
rnd_node,17,8,0.41,0.08
rnd_node,17,9,0.38,0.08
rnd_node,17,10,0.41,0.08
rnd_node,17,11,0.46,0.08
rnd_node,17,12,0.39,0.08
rnd_node,17,13,0.42,0.08
rnd_node,17,14,0.45,0.08
rnd_node,17,15,0.55,0.08
rnd_node,17,16,0.55,0.08
rnd_node,17,17,0.53,0.08
rnd_node,17,18,0.53,0.08
rnd_node,17,19,0.5,0.08
rnd_node,17,20,0.44,0.08
rnd_node,17,21,0.48,0.08
rnd_node,17,22,0.47,0.08
rnd_node,17,23,0.51,0.08
rnd_node,17,24,0.48,0.08
rnd_node,17,25,0.42,0.08
rnd_node,17,26,0.41,0.08
rnd_node,17,27,0.46,0.08
rnd_node,17,28,0.4,0.08
rnd_node,17,29,0.41,0.08
rnd_node,17,30,0.43,0.08
rnd_node,17,31,0.49,0.08
rnd_node,17,32,0.43,0.08
rnd_node,17,33,0.43,0.08
rnd_node,17,34,0.4,0.08
rnd_node,17,35,0.32,0.08
rnd_node,17,36,0.39,0.08
rnd_node,17,37,0.41,0.08
rnd_node,17,38,0.46,0.08
rnd_node,17,39,0.43,0.08
rnd_node,17,40,0.45,0.08
rnd_node,17,41,0.5,0.08
rnd_node,17,42,0.45,0.08
rnd_node,17,43,0.41,0.08
rnd_node,17,44,0.41,0.08
rnd_node,17,45,0.39,0.08
rnd_node,17,46,0.39,0.08
rnd_node,17,47,0.34,0.08
rnd_node,17,48,0.31,0.08
rnd_node,17,49,0.28,0.08
rnd_node,17,50,0.31,0.08
rnd_node,17,51,0.26,0.08
rnd_node,17,52,0.32,0.08
rnd_node,17,53,0.3,0.08
rnd_node,17,54,0.34,0.08
rnd_node,17,55,0.36,0.08
rnd_node,17,56,0.33,0.08
rnd_node,17,57,0.37,0.08
rnd_node,17,58,0.36,0.08
rnd_node,17,59,0.38,0.08
rnd_node,17,60,0.43,0.08
rnd_node,17,61,0.46,0.08
rnd_node,17,62,0.42,0.08
rnd_node,17,63,0.5,0.08
rnd_node,17,64,0.43,0.08
rnd_node,17,65,0.43,0.08
rnd_node,17,66,0.45,0.08
rnd_node,17,67,0.44,0.08
rnd_node,17,68,0.46,0.08
rnd_node,17,69,0.49,0.08
rnd_node,17,70,0.48,0.08
rnd_node,17,71,0.43,0.08
rnd_node,17,72,0.42,0.08
rnd_node,17,73,0.43,0.08
rnd_node,17,74,0.45,0.08
rnd_node,17,75,0.42,0.08
rnd_node,17,76,0.41,0.08
rnd_node,17,77,0.44,0.08
rnd_node,17,78,0.33,0.08
rnd_node,17,79,0.4,0.08
rnd_node,17,80,0.4,0.08
rnd_node,17,81,0.42,0.08
rnd_node,17,82,0.45,0.08
rnd_node,17,83,0.4,0.08
rnd_node,17,84,0.44,0.08
rnd_node,17,85,0.42,0.08
rnd_node,17,86,0.48,0.08
rnd_node,17,87,0.45,0.08
rnd_node,17,88,0.36,0.08
rnd_node,17,89,0.39,0.08
rnd_node,17,90,0.38,0.08
rnd_node,17,91,0.33,0.08
rnd_node,17,92,0.39,0.08
rnd_node,17,93,0.36,0.08
rnd_node,17,94,0.4,0.08
rnd_node,17,95,0.38,0.08
rnd_node,17,96,0.43,0.08
rnd_node,17,97,0.43,0.08
rnd_node,17,98,0.44,0.08
rnd_node,17,99,0.43,0.08
rnd_node,17,100,0.39,0.08
rnd_node,17,101,0.44,0.08
rnd_node,17,102,0.41,0.08
rnd_node,17,103,0.44,0.08
rnd_node,17,104,0.43,0.08
rnd_node,17,105,0.49,0.08
rnd_node,17,106,0.49,0.08
rnd_node,17,107,0.49,0.08
rnd_node,17,108,0.48,0.08
rnd_node,17,109,0.41,0.08
rnd_node,17,110,0.36,0.08
rnd_node,17,111,0.36,0.08
rnd_node,17,112,0.42,0.08
rnd_node,17,113,0.46,0.08
rnd_node,17,114,0.49,0.08
rnd_node,17,115,0.49,0.08
rnd_node,17,116,0.43,0.08
rnd_node,17,117,0.42,0.08
rnd_node,17,118,0.5,0.08
rnd_node,17,119,0.48,0.08
rnd_node,17,120,0.49,0.08
rnd_node,17,121,0.54,0.08
rnd_node,17,122,0.47,0.08
rnd_node,17,123,0.52,0.08
rnd_node,17,124,0.47,0.08
rnd_node,17,125,0.44,0.08
rnd_node,17,126,0.4,0.08
rnd_node,17,127,0.41,0.08
rnd_node,17,128,0.36,0.08
rnd_node,17,129,0.39,0.08
rnd_node,17,130,0.37,0.08
rnd_node,17,131,0.42,0.08
rnd_node,17,132,0.43,0.08
rnd_node,17,133,0.44,0.08
rnd_node,17,134,0.46,0.08
rnd_node,17,135,0.47,0.08
rnd_node,17,136,0.45,0.08
rnd_node,17,137,0.5,0.08
rnd_node,17,138,0.38,0.08
rnd_node,17,139,0.34,0.08
rnd_node,17,140,0.36,0.08
rnd_node,17,141,0.37,0.08
rnd_node,17,142,0.42,0.08
rnd_node,17,143,0.43,0.08
rnd_node,17,144,0.42,0.08
rnd_node,17,145,0.5,0.08
rnd_node,17,146,0.52,0.08
rnd_node,17,147,0.52,0.08
rnd_node,17,148,0.56,0.08
rnd_node,17,149,0.53,0.08
rnd_node,17,150,0.44,0.08
rnd_node,18,0,0.1,0.08
rnd_node,18,1,0.1,0.08
rnd_node,18,2,0.1,0.08
rnd_node,18,3,0.11,0.08
rnd_node,18,4,0.14,0.08
rnd_node,18,5,0.19,0.08
rnd_node,18,6,0.22,0.08
rnd_node,18,7,0.21,0.08
rnd_node,18,8,0.23,0.08
rnd_node,18,9,0.23,0.08
rnd_node,18,10,0.25,0.08
rnd_node,18,11,0.33,0.08
rnd_node,18,12,0.33,0.08
rnd_node,18,13,0.31,0.08
rnd_node,18,14,0.33,0.08
rnd_node,18,15,0.34,0.08
rnd_node,18,16,0.37,0.08
rnd_node,18,17,0.35,0.08
rnd_node,18,18,0.33,0.08
rnd_node,18,19,0.36,0.08
rnd_node,18,20,0.38,0.08
rnd_node,18,21,0.39,0.08
rnd_node,18,22,0.36,0.08
rnd_node,18,23,0.34,0.08
rnd_node,18,24,0.38,0.08
rnd_node,18,25,0.43,0.08
rnd_node,18,26,0.41,0.08
rnd_node,18,27,0.42,0.08
rnd_node,18,28,0.46,0.08
rnd_node,18,29,0.43,0.08
rnd_node,18,30,0.51,0.08
rnd_node,18,31,0.52,0.08
rnd_node,18,32,0.48,0.08
rnd_node,18,33,0.53,0.08
rnd_node,18,34,0.54,0.08
rnd_node,18,35,0.52,0.08
rnd_node,18,36,0.51,0.08
rnd_node,18,37,0.5,0.08
rnd_node,18,38,0.49,0.08
rnd_node,18,39,0.49,0.08
rnd_node,18,40,0.45,0.08
rnd_node,18,41,0.4,0.08
rnd_node,18,42,0.44,0.08
rnd_node,18,43,0.44,0.08
rnd_node,18,44,0.44,0.08
rnd_node,18,45,0.43,0.08
rnd_node,18,46,0.44,0.08
rnd_node,18,47,0.45,0.08
rnd_node,18,48,0.45,0.08
rnd_node,18,49,0.41,0.08
rnd_node,18,50,0.38,0.08
rnd_node,18,51,0.4,0.08
rnd_node,18,52,0.4,0.08
rnd_node,18,53,0.44,0.08
rnd_node,18,54,0.47,0.08
rnd_node,18,55,0.5,0.08
rnd_node,18,56,0.45,0.08
rnd_node,18,57,0.5,0.08
rnd_node,18,58,0.46,0.08
rnd_node,18,59,0.5,0.08
rnd_node,18,60,0.44,0.08
rnd_node,18,61,0.46,0.08
rnd_node,18,62,0.49,0.08
rnd_node,18,63,0.48,0.08
rnd_node,18,64,0.49,0.08
rnd_node,18,65,0.49,0.08
rnd_node,18,66,0.54,0.08
rnd_node,18,67,0.51,0.08
rnd_node,18,68,0.43,0.08
rnd_node,18,69,0.44,0.08
rnd_node,18,70,0.46,0.08
rnd_node,18,71,0.47,0.08
rnd_node,18,72,0.42,0.08
rnd_node,18,73,0.35,0.08
rnd_node,18,74,0.35,0.08
rnd_node,18,75,0.36,0.08
rnd_node,18,76,0.39,0.08
rnd_node,18,77,0.43,0.08
rnd_node,18,78,0.44,0.08
rnd_node,18,79,0.49,0.08
rnd_node,18,80,0.49,0.08
rnd_node,18,81,0.46,0.08
rnd_node,18,82,0.54,0.08
rnd_node,18,83,0.46,0.08
rnd_node,18,84,0.45,0.08
rnd_node,18,85,0.43,0.08
rnd_node,18,86,0.47,0.08
rnd_node,18,87,0.48,0.08
rnd_node,18,88,0.53,0.08
rnd_node,18,89,0.47,0.08
rnd_node,18,90,0.45,0.08
rnd_node,18,91,0.45,0.08
rnd_node,18,92,0.45,0.08
rnd_node,18,93,0.46,0.08
rnd_node,18,94,0.44,0.08
rnd_node,18,95,0.44,0.08
rnd_node,18,96,0.44,0.08
rnd_node,18,97,0.47,0.08
rnd_node,18,98,0.49,0.08
rnd_node,18,99,0.49,0.08
rnd_node,18,100,0.47,0.08
rnd_node,18,101,0.46,0.08
rnd_node,18,102,0.5,0.08
rnd_node,18,103,0.48,0.08
rnd_node,18,104,0.43,0.08
rnd_node,18,105,0.49,0.08
rnd_node,18,106,0.46,0.08
rnd_node,18,107,0.49,0.08
rnd_node,18,108,0.52,0.08
rnd_node,18,109,0.48,0.08
rnd_node,18,110,0.46,0.08
rnd_node,18,111,0.48,0.08
rnd_node,18,112,0.5,0.08
rnd_node,18,113,0.56,0.08
rnd_node,18,114,0.52,0.08
rnd_node,18,115,0.48,0.08
rnd_node,18,116,0.44,0.08
rnd_node,18,117,0.48,0.08
rnd_node,18,118,0.49,0.08
rnd_node,18,119,0.45,0.08
rnd_node,18,120,0.45,0.08
rnd_node,18,121,0.42,0.08
rnd_node,18,122,0.47,0.08
rnd_node,18,123,0.46,0.08
rnd_node,18,124,0.49,0.08
rnd_node,18,125,0.56,0.08
rnd_node,18,126,0.52,0.08
rnd_node,18,127,0.53,0.08
rnd_node,18,128,0.48,0.08
rnd_node,18,129,0.47,0.08
rnd_node,18,130,0.41,0.08
rnd_node,18,131,0.43,0.08
rnd_node,18,132,0.51,0.08
rnd_node,18,133,0.52,0.08
rnd_node,18,134,0.5,0.08
rnd_node,18,135,0.5,0.08
rnd_node,18,136,0.5,0.08
rnd_node,18,137,0.54,0.08
rnd_node,18,138,0.43,0.08
rnd_node,18,139,0.38,0.08
rnd_node,18,140,0.36,0.08
rnd_node,18,141,0.35,0.08
rnd_node,18,142,0.33,0.08
rnd_node,18,143,0.34,0.08
rnd_node,18,144,0.36,0.08
rnd_node,18,145,0.42,0.08
rnd_node,18,146,0.46,0.08
rnd_node,18,147,0.51,0.08
rnd_node,18,148,0.5,0.08
rnd_node,18,149,0.51,0.08
rnd_node,18,150,0.52,0.08
rnd_node,19,0,0.1,0.08
rnd_node,19,1,0.11,0.08
rnd_node,19,2,0.16,0.08
rnd_node,19,3,0.16,0.08
rnd_node,19,4,0.26,0.08
rnd_node,19,5,0.35,0.08
rnd_node,19,6,0.37,0.08
rnd_node,19,7,0.42,0.08
rnd_node,19,8,0.41,0.08
rnd_node,19,9,0.41,0.08
rnd_node,19,10,0.4,0.08
rnd_node,19,11,0.38,0.08
rnd_node,19,12,0.45,0.08
rnd_node,19,13,0.43,0.08
rnd_node,19,14,0.47,0.08
rnd_node,19,15,0.47,0.08
rnd_node,19,16,0.47,0.08
rnd_node,19,17,0.47,0.08
rnd_node,19,18,0.5,0.08
rnd_node,19,19,0.56,0.08
rnd_node,19,20,0.58,0.08
rnd_node,19,21,0.53,0.08
rnd_node,19,22,0.49,0.08
rnd_node,19,23,0.48,0.08
rnd_node,19,24,0.44,0.08
rnd_node,19,25,0.45,0.08
rnd_node,19,26,0.51,0.08
rnd_node,19,27,0.49,0.08
rnd_node,19,28,0.46,0.08
rnd_node,19,29,0.44,0.08
rnd_node,19,30,0.49,0.08
rnd_node,19,31,0.43,0.08
rnd_node,19,32,0.49,0.08
rnd_node,19,33,0.49,0.08
rnd_node,19,34,0.48,0.08
rnd_node,19,35,0.43,0.08
rnd_node,19,36,0.48,0.08
rnd_node,19,37,0.48,0.08
rnd_node,19,38,0.5,0.08
rnd_node,19,39,0.51,0.08
rnd_node,19,40,0.51,0.08
rnd_node,19,41,0.47,0.08
rnd_node,19,42,0.44,0.08
rnd_node,19,43,0.43,0.08
rnd_node,19,44,0.5,0.08
rnd_node,19,45,0.56,0.08
rnd_node,19,46,0.51,0.08
rnd_node,19,47,0.49,0.08
rnd_node,19,48,0.52,0.08
rnd_node,19,49,0.55,0.08
rnd_node,19,50,0.54,0.08
rnd_node,19,51,0.47,0.08
rnd_node,19,52,0.42,0.08
rnd_node,19,53,0.51,0.08
rnd_node,19,54,0.61,0.08
rnd_node,19,55,0.56,0.08
rnd_node,19,56,0.53,0.08
rnd_node,19,57,0.47,0.08
rnd_node,19,58,0.46,0.08
rnd_node,19,59,0.37,0.08
rnd_node,19,60,0.44,0.08
rnd_node,19,61,0.44,0.08
rnd_node,19,62,0.49,0.08
rnd_node,19,63,0.39,0.08
rnd_node,19,64,0.4,0.08
rnd_node,19,65,0.42,0.08
rnd_node,19,66,0.42,0.08
rnd_node,19,67,0.37,0.08
rnd_node,19,68,0.36,0.08
rnd_node,19,69,0.4,0.08
rnd_node,19,70,0.44,0.08
rnd_node,19,71,0.4,0.08
rnd_node,19,72,0.43,0.08
rnd_node,19,73,0.42,0.08
rnd_node,19,74,0.39,0.08
rnd_node,19,75,0.46,0.08
rnd_node,19,76,0.46,0.08
rnd_node,19,77,0.47,0.08
rnd_node,19,78,0.48,0.08
rnd_node,19,79,0.54,0.08
rnd_node,19,80,0.5,0.08
rnd_node,19,81,0.48,0.08
rnd_node,19,82,0.48,0.08
rnd_node,19,83,0.45,0.08
rnd_node,19,84,0.4,0.08
rnd_node,19,85,0.38,0.08
rnd_node,19,86,0.37,0.08
rnd_node,19,87,0.39,0.08
rnd_node,19,88,0.43,0.08
rnd_node,19,89,0.44,0.08
rnd_node,19,90,0.52,0.08
rnd_node,19,91,0.49,0.08
rnd_node,19,92,0.48,0.08
rnd_node,19,93,0.5,0.08
rnd_node,19,94,0.47,0.08
rnd_node,19,95,0.45,0.08
rnd_node,19,96,0.45,0.08
rnd_node,19,97,0.43,0.08
rnd_node,19,98,0.39,0.08
rnd_node,19,99,0.4,0.08
rnd_node,19,100,0.43,0.08
rnd_node,19,101,0.43,0.08
rnd_node,19,102,0.43,0.08
rnd_node,19,103,0.39,0.08
rnd_node,19,104,0.47,0.08
rnd_node,19,105,0.47,0.08
rnd_node,19,106,0.5,0.08
rnd_node,19,107,0.47,0.08
rnd_node,19,108,0.46,0.08
rnd_node,19,109,0.43,0.08
rnd_node,19,110,0.34,0.08
rnd_node,19,111,0.36,0.08
rnd_node,19,112,0.35,0.08
rnd_node,19,113,0.36,0.08
rnd_node,19,114,0.43,0.08
rnd_node,19,115,0.44,0.08
rnd_node,19,116,0.46,0.08
rnd_node,19,117,0.47,0.08
rnd_node,19,118,0.43,0.08
rnd_node,19,119,0.46,0.08
rnd_node,19,120,0.42,0.08
rnd_node,19,121,0.51,0.08
rnd_node,19,122,0.43,0.08
rnd_node,19,123,0.44,0.08
rnd_node,19,124,0.46,0.08
rnd_node,19,125,0.4,0.08
rnd_node,19,126,0.45,0.08
rnd_node,19,127,0.49,0.08
rnd_node,19,128,0.46,0.08
rnd_node,19,129,0.49,0.08
rnd_node,19,130,0.5,0.08
rnd_node,19,131,0.48,0.08
rnd_node,19,132,0.48,0.08
rnd_node,19,133,0.49,0.08
rnd_node,19,134,0.51,0.08
rnd_node,19,135,0.45,0.08
rnd_node,19,136,0.43,0.08
rnd_node,19,137,0.45,0.08
rnd_node,19,138,0.42,0.08
rnd_node,19,139,0.39,0.08
rnd_node,19,140,0.37,0.08
rnd_node,19,141,0.41,0.08
rnd_node,19,142,0.44,0.08
rnd_node,19,143,0.39,0.08
rnd_node,19,144,0.42,0.08
rnd_node,19,145,0.45,0.08
rnd_node,19,146,0.48,0.08
rnd_node,19,147,0.53,0.08
rnd_node,19,148,0.46,0.08
rnd_node,19,149,0.47,0.08
rnd_node,19,150,0.49,0.08
ns_node,0,0,0.09,0.02
ns_node,0,1,0.07,0.02
ns_node,0,2,0.06,0.02
ns_node,0,3,0.05,0.02
ns_node,0,4,0.05,0.02
ns_node,0,5,0.06,0.02
ns_node,0,6,0.05,0.02
ns_node,0,7,0.05,0.02
ns_node,0,8,0.02,0.02
ns_node,0,9,0.01,0.02
ns_node,0,10,0.01,0.02
ns_node,0,11,0.01,0.02
ns_node,0,12,0.01,0.02
ns_node,0,13,0.01,0.02
ns_node,0,14,0.0,0.02
ns_node,0,15,0.0,0.02
ns_node,0,16,0.0,0.02
ns_node,0,17,0.0,0.02
ns_node,0,18,0.0,0.02
ns_node,0,19,0.0,0.02
ns_node,0,20,0.0,0.02
ns_node,0,21,0.0,0.02
ns_node,0,22,0.0,0.02
ns_node,0,23,0.0,0.02
ns_node,0,24,0.0,0.02
ns_node,0,25,0.0,0.02
ns_node,0,26,0.0,0.02
ns_node,0,27,0.0,0.02
ns_node,0,28,0.0,0.02
ns_node,0,29,0.0,0.02
ns_node,0,30,0.0,0.02
ns_node,0,31,0.0,0.02
ns_node,0,32,0.0,0.02
ns_node,0,33,0.0,0.02
ns_node,0,34,0.0,0.02
ns_node,0,35,0.0,0.02
ns_node,0,36,0.0,0.02
ns_node,0,37,0.0,0.02
ns_node,0,38,0.0,0.02
ns_node,0,39,0.0,0.02
ns_node,0,40,0.0,0.02
ns_node,0,41,0.0,0.02
ns_node,0,42,0.0,0.02
ns_node,0,43,0.0,0.02
ns_node,0,44,0.0,0.02
ns_node,0,45,0.0,0.02
ns_node,0,46,0.0,0.02
ns_node,0,47,0.0,0.02
ns_node,0,48,0.0,0.02
ns_node,0,49,0.0,0.02
ns_node,0,50,0.0,0.02
ns_node,0,51,0.0,0.02
ns_node,0,52,0.0,0.02
ns_node,0,53,0.0,0.02
ns_node,0,54,0.0,0.02
ns_node,0,55,0.0,0.02
ns_node,0,56,0.0,0.02
ns_node,0,57,0.0,0.02
ns_node,0,58,0.0,0.02
ns_node,0,59,0.0,0.02
ns_node,0,60,0.0,0.02
ns_node,0,61,0.0,0.02
ns_node,0,62,0.0,0.02
ns_node,0,63,0.0,0.02
ns_node,0,64,0.0,0.02
ns_node,0,65,0.0,0.02
ns_node,0,66,0.0,0.02
ns_node,0,67,0.0,0.02
ns_node,0,68,0.0,0.02
ns_node,0,69,0.0,0.02
ns_node,0,70,0.0,0.02
ns_node,0,71,0.0,0.02
ns_node,0,72,0.0,0.02
ns_node,0,73,0.0,0.02
ns_node,0,74,0.0,0.02
ns_node,0,75,0.0,0.02
ns_node,0,76,0.0,0.02
ns_node,0,77,0.0,0.02
ns_node,0,78,0.0,0.02
ns_node,0,79,0.0,0.02
ns_node,0,80,0.0,0.02
ns_node,0,81,0.0,0.02
ns_node,0,82,0.0,0.02
ns_node,0,83,0.0,0.02
ns_node,0,84,0.0,0.02
ns_node,0,85,0.0,0.02
ns_node,0,86,0.0,0.02
ns_node,0,87,0.0,0.02
ns_node,0,88,0.0,0.02
ns_node,0,89,0.0,0.02
ns_node,0,90,0.0,0.02
ns_node,0,91,0.0,0.02
ns_node,0,92,0.0,0.02
ns_node,0,93,0.0,0.02
ns_node,0,94,0.0,0.02
ns_node,0,95,0.0,0.02
ns_node,0,96,0.0,0.02
ns_node,0,97,0.0,0.02
ns_node,0,98,0.0,0.02
ns_node,0,99,0.0,0.02
ns_node,0,100,0.0,0.02
ns_node,0,101,0.0,0.02
ns_node,0,102,0.0,0.02
ns_node,0,103,0.0,0.02
ns_node,0,104,0.0,0.02
ns_node,0,105,0.0,0.02
ns_node,0,106,0.0,0.02
ns_node,0,107,0.0,0.02
ns_node,0,108,0.0,0.02
ns_node,0,109,0.0,0.02
ns_node,0,110,0.0,0.02
ns_node,0,111,0.0,0.02
ns_node,0,112,0.0,0.02
ns_node,0,113,0.0,0.02
ns_node,0,114,0.0,0.02
ns_node,0,115,0.0,0.02
ns_node,0,116,0.0,0.02
ns_node,0,117,0.0,0.02
ns_node,0,118,0.0,0.02
ns_node,0,119,0.0,0.02
ns_node,0,120,0.0,0.02
ns_node,0,121,0.0,0.02
ns_node,0,122,0.0,0.02
ns_node,0,123,0.0,0.02
ns_node,0,124,0.0,0.02
ns_node,0,125,0.0,0.02
ns_node,0,126,0.0,0.02
ns_node,0,127,0.0,0.02
ns_node,0,128,0.0,0.02
ns_node,0,129,0.0,0.02
ns_node,0,130,0.0,0.02
ns_node,0,131,0.0,0.02
ns_node,0,132,0.0,0.02
ns_node,0,133,0.0,0.02
ns_node,0,134,0.0,0.02
ns_node,0,135,0.0,0.02
ns_node,0,136,0.0,0.02
ns_node,0,137,0.0,0.02
ns_node,0,138,0.0,0.02
ns_node,0,139,0.0,0.02
ns_node,0,140,0.0,0.02
ns_node,0,141,0.0,0.02
ns_node,0,142,0.0,0.02
ns_node,0,143,0.0,0.02
ns_node,0,144,0.0,0.02
ns_node,0,145,0.0,0.02
ns_node,0,146,0.0,0.02
ns_node,0,147,0.0,0.02
ns_node,0,148,0.0,0.02
ns_node,0,149,0.0,0.02
ns_node,0,150,0.0,0.02
ns_node,1,0,0.09,0.02
ns_node,1,1,0.05,0.02
ns_node,1,2,0.03,0.02
ns_node,1,3,0.03,0.02
ns_node,1,4,0.03,0.02
ns_node,1,5,0.02,0.02
ns_node,1,6,0.02,0.02
ns_node,1,7,0.01,0.02
ns_node,1,8,0.01,0.02
ns_node,1,9,0.01,0.02
ns_node,1,10,0.0,0.02
ns_node,1,11,0.0,0.02
ns_node,1,12,0.0,0.02
ns_node,1,13,0.0,0.02
ns_node,1,14,0.0,0.02
ns_node,1,15,0.0,0.02
ns_node,1,16,0.0,0.02
ns_node,1,17,0.0,0.02
ns_node,1,18,0.0,0.02
ns_node,1,19,0.0,0.02
ns_node,1,20,0.0,0.02
ns_node,1,21,0.0,0.02
ns_node,1,22,0.0,0.02
ns_node,1,23,0.0,0.02
ns_node,1,24,0.0,0.02
ns_node,1,25,0.0,0.02
ns_node,1,26,0.0,0.02
ns_node,1,27,0.0,0.02
ns_node,1,28,0.0,0.02
ns_node,1,29,0.0,0.02
ns_node,1,30,0.0,0.02
ns_node,1,31,0.0,0.02
ns_node,1,32,0.0,0.02
ns_node,1,33,0.0,0.02
ns_node,1,34,0.0,0.02
ns_node,1,35,0.0,0.02
ns_node,1,36,0.0,0.02
ns_node,1,37,0.0,0.02
ns_node,1,38,0.0,0.02
ns_node,1,39,0.0,0.02
ns_node,1,40,0.0,0.02
ns_node,1,41,0.0,0.02
ns_node,1,42,0.0,0.02
ns_node,1,43,0.0,0.02
ns_node,1,44,0.0,0.02
ns_node,1,45,0.0,0.02
ns_node,1,46,0.0,0.02
ns_node,1,47,0.0,0.02
ns_node,1,48,0.0,0.02
ns_node,1,49,0.0,0.02
ns_node,1,50,0.0,0.02
ns_node,1,51,0.0,0.02
ns_node,1,52,0.0,0.02
ns_node,1,53,0.0,0.02
ns_node,1,54,0.0,0.02
ns_node,1,55,0.0,0.02
ns_node,1,56,0.0,0.02
ns_node,1,57,0.0,0.02
ns_node,1,58,0.0,0.02
ns_node,1,59,0.0,0.02
ns_node,1,60,0.0,0.02
ns_node,1,61,0.0,0.02
ns_node,1,62,0.0,0.02
ns_node,1,63,0.0,0.02
ns_node,1,64,0.0,0.02
ns_node,1,65,0.0,0.02
ns_node,1,66,0.0,0.02
ns_node,1,67,0.0,0.02
ns_node,1,68,0.0,0.02
ns_node,1,69,0.0,0.02
ns_node,1,70,0.0,0.02
ns_node,1,71,0.0,0.02
ns_node,1,72,0.0,0.02
ns_node,1,73,0.0,0.02
ns_node,1,74,0.0,0.02
ns_node,1,75,0.0,0.02
ns_node,1,76,0.0,0.02
ns_node,1,77,0.0,0.02
ns_node,1,78,0.0,0.02
ns_node,1,79,0.0,0.02
ns_node,1,80,0.0,0.02
ns_node,1,81,0.0,0.02
ns_node,1,82,0.0,0.02
ns_node,1,83,0.0,0.02
ns_node,1,84,0.0,0.02
ns_node,1,85,0.0,0.02
ns_node,1,86,0.0,0.02
ns_node,1,87,0.0,0.02
ns_node,1,88,0.0,0.02
ns_node,1,89,0.0,0.02
ns_node,1,90,0.0,0.02
ns_node,1,91,0.0,0.02
ns_node,1,92,0.0,0.02
ns_node,1,93,0.0,0.02
ns_node,1,94,0.0,0.02
ns_node,1,95,0.0,0.02
ns_node,1,96,0.0,0.02
ns_node,1,97,0.0,0.02
ns_node,1,98,0.0,0.02
ns_node,1,99,0.0,0.02
ns_node,1,100,0.0,0.02
ns_node,1,101,0.0,0.02
ns_node,1,102,0.0,0.02
ns_node,1,103,0.0,0.02
ns_node,1,104,0.0,0.02
ns_node,1,105,0.0,0.02
ns_node,1,106,0.0,0.02
ns_node,1,107,0.0,0.02
ns_node,1,108,0.0,0.02
ns_node,1,109,0.0,0.02
ns_node,1,110,0.0,0.02
ns_node,1,111,0.0,0.02
ns_node,1,112,0.0,0.02
ns_node,1,113,0.0,0.02
ns_node,1,114,0.0,0.02
ns_node,1,115,0.0,0.02
ns_node,1,116,0.0,0.02
ns_node,1,117,0.0,0.02
ns_node,1,118,0.0,0.02
ns_node,1,119,0.0,0.02
ns_node,1,120,0.0,0.02
ns_node,1,121,0.0,0.02
ns_node,1,122,0.0,0.02
ns_node,1,123,0.0,0.02
ns_node,1,124,0.0,0.02
ns_node,1,125,0.0,0.02
ns_node,1,126,0.0,0.02
ns_node,1,127,0.0,0.02
ns_node,1,128,0.0,0.02
ns_node,1,129,0.0,0.02
ns_node,1,130,0.0,0.02
ns_node,1,131,0.0,0.02
ns_node,1,132,0.0,0.02
ns_node,1,133,0.0,0.02
ns_node,1,134,0.0,0.02
ns_node,1,135,0.0,0.02
ns_node,1,136,0.0,0.02
ns_node,1,137,0.0,0.02
ns_node,1,138,0.0,0.02
ns_node,1,139,0.0,0.02
ns_node,1,140,0.0,0.02
ns_node,1,141,0.0,0.02
ns_node,1,142,0.0,0.02
ns_node,1,143,0.0,0.02
ns_node,1,144,0.0,0.02
ns_node,1,145,0.0,0.02
ns_node,1,146,0.0,0.02
ns_node,1,147,0.0,0.02
ns_node,1,148,0.0,0.02
ns_node,1,149,0.0,0.02
ns_node,1,150,0.0,0.02
ns_node,2,0,0.09,0.02
ns_node,2,1,0.07,0.02
ns_node,2,2,0.06,0.02
ns_node,2,3,0.05,0.02
ns_node,2,4,0.05,0.02
ns_node,2,5,0.06,0.02
ns_node,2,6,0.05,0.02
ns_node,2,7,0.03,0.02
ns_node,2,8,0.03,0.02
ns_node,2,9,0.02,0.02
ns_node,2,10,0.02,0.02
ns_node,2,11,0.03,0.02
ns_node,2,12,0.04,0.02
ns_node,2,13,0.04,0.02
ns_node,2,14,0.02,0.02
ns_node,2,15,0.02,0.02
ns_node,2,16,0.02,0.02
ns_node,2,17,0.02,0.02
ns_node,2,18,0.02,0.02
ns_node,2,19,0.0,0.02
ns_node,2,20,0.0,0.02
ns_node,2,21,0.0,0.02
ns_node,2,22,0.0,0.02
ns_node,2,23,0.0,0.02
ns_node,2,24,0.0,0.02
ns_node,2,25,0.0,0.02
ns_node,2,26,0.0,0.02
ns_node,2,27,0.0,0.02
ns_node,2,28,0.0,0.02
ns_node,2,29,0.0,0.02
ns_node,2,30,0.0,0.02
ns_node,2,31,0.0,0.02
ns_node,2,32,0.0,0.02
ns_node,2,33,0.0,0.02
ns_node,2,34,0.0,0.02
ns_node,2,35,0.0,0.02
ns_node,2,36,0.0,0.02
ns_node,2,37,0.0,0.02
ns_node,2,38,0.0,0.02
ns_node,2,39,0.0,0.02
ns_node,2,40,0.0,0.02
ns_node,2,41,0.0,0.02
ns_node,2,42,0.0,0.02
ns_node,2,43,0.0,0.02
ns_node,2,44,0.0,0.02
ns_node,2,45,0.0,0.02
ns_node,2,46,0.0,0.02
ns_node,2,47,0.0,0.02
ns_node,2,48,0.0,0.02
ns_node,2,49,0.0,0.02
ns_node,2,50,0.0,0.02
ns_node,2,51,0.0,0.02
ns_node,2,52,0.0,0.02
ns_node,2,53,0.0,0.02
ns_node,2,54,0.0,0.02
ns_node,2,55,0.0,0.02
ns_node,2,56,0.0,0.02
ns_node,2,57,0.0,0.02
ns_node,2,58,0.0,0.02
ns_node,2,59,0.0,0.02
ns_node,2,60,0.0,0.02
ns_node,2,61,0.0,0.02
ns_node,2,62,0.0,0.02
ns_node,2,63,0.0,0.02
ns_node,2,64,0.0,0.02
ns_node,2,65,0.0,0.02
ns_node,2,66,0.0,0.02
ns_node,2,67,0.0,0.02
ns_node,2,68,0.0,0.02
ns_node,2,69,0.0,0.02
ns_node,2,70,0.0,0.02
ns_node,2,71,0.0,0.02
ns_node,2,72,0.0,0.02
ns_node,2,73,0.0,0.02
ns_node,2,74,0.0,0.02
ns_node,2,75,0.0,0.02
ns_node,2,76,0.0,0.02
ns_node,2,77,0.0,0.02
ns_node,2,78,0.0,0.02
ns_node,2,79,0.0,0.02
ns_node,2,80,0.0,0.02
ns_node,2,81,0.0,0.02
ns_node,2,82,0.0,0.02
ns_node,2,83,0.0,0.02
ns_node,2,84,0.0,0.02
ns_node,2,85,0.0,0.02
ns_node,2,86,0.0,0.02
ns_node,2,87,0.0,0.02
ns_node,2,88,0.0,0.02
ns_node,2,89,0.0,0.02
ns_node,2,90,0.0,0.02
ns_node,2,91,0.0,0.02
ns_node,2,92,0.0,0.02
ns_node,2,93,0.0,0.02
ns_node,2,94,0.0,0.02
ns_node,2,95,0.0,0.02
ns_node,2,96,0.0,0.02
ns_node,2,97,0.0,0.02
ns_node,2,98,0.0,0.02
ns_node,2,99,0.0,0.02
ns_node,2,100,0.0,0.02
ns_node,2,101,0.0,0.02
ns_node,2,102,0.0,0.02
ns_node,2,103,0.0,0.02
ns_node,2,104,0.0,0.02
ns_node,2,105,0.0,0.02
ns_node,2,106,0.0,0.02
ns_node,2,107,0.0,0.02
ns_node,2,108,0.0,0.02
ns_node,2,109,0.0,0.02
ns_node,2,110,0.0,0.02
ns_node,2,111,0.0,0.02
ns_node,2,112,0.0,0.02
ns_node,2,113,0.0,0.02
ns_node,2,114,0.0,0.02
ns_node,2,115,0.0,0.02
ns_node,2,116,0.0,0.02
ns_node,2,117,0.0,0.02
ns_node,2,118,0.0,0.02
ns_node,2,119,0.0,0.02
ns_node,2,120,0.0,0.02
ns_node,2,121,0.0,0.02
ns_node,2,122,0.0,0.02
ns_node,2,123,0.0,0.02
ns_node,2,124,0.0,0.02
ns_node,2,125,0.0,0.02
ns_node,2,126,0.0,0.02
ns_node,2,127,0.0,0.02
ns_node,2,128,0.0,0.02
ns_node,2,129,0.0,0.02
ns_node,2,130,0.0,0.02
ns_node,2,131,0.0,0.02
ns_node,2,132,0.0,0.02
ns_node,2,133,0.0,0.02
ns_node,2,134,0.0,0.02
ns_node,2,135,0.0,0.02
ns_node,2,136,0.0,0.02
ns_node,2,137,0.0,0.02
ns_node,2,138,0.0,0.02
ns_node,2,139,0.0,0.02
ns_node,2,140,0.0,0.02
ns_node,2,141,0.0,0.02
ns_node,2,142,0.0,0.02
ns_node,2,143,0.0,0.02
ns_node,2,144,0.0,0.02
ns_node,2,145,0.0,0.02
ns_node,2,146,0.0,0.02
ns_node,2,147,0.0,0.02
ns_node,2,148,0.0,0.02
ns_node,2,149,0.0,0.02
ns_node,2,150,0.0,0.02
ns_node,3,0,0.1,0.02
ns_node,3,1,0.11,0.02
ns_node,3,2,0.09,0.02
ns_node,3,3,0.09,0.02
ns_node,3,4,0.1,0.02
ns_node,3,5,0.11,0.02
ns_node,3,6,0.08,0.02
ns_node,3,7,0.07,0.02
ns_node,3,8,0.08,0.02
ns_node,3,9,0.07,0.02
ns_node,3,10,0.07,0.02
ns_node,3,11,0.06,0.02
ns_node,3,12,0.05,0.02
ns_node,3,13,0.03,0.02
ns_node,3,14,0.02,0.02
ns_node,3,15,0.01,0.02
ns_node,3,16,0.01,0.02
ns_node,3,17,0.0,0.02
ns_node,3,18,0.0,0.02
ns_node,3,19,0.0,0.02
ns_node,3,20,0.0,0.02
ns_node,3,21,0.0,0.02
ns_node,3,22,0.0,0.02
ns_node,3,23,0.0,0.02
ns_node,3,24,0.0,0.02
ns_node,3,25,0.0,0.02
ns_node,3,26,0.0,0.02
ns_node,3,27,0.0,0.02
ns_node,3,28,0.0,0.02
ns_node,3,29,0.0,0.02
ns_node,3,30,0.0,0.02
ns_node,3,31,0.0,0.02
ns_node,3,32,0.0,0.02
ns_node,3,33,0.0,0.02
ns_node,3,34,0.0,0.02
ns_node,3,35,0.0,0.02
ns_node,3,36,0.0,0.02
ns_node,3,37,0.0,0.02
ns_node,3,38,0.0,0.02
ns_node,3,39,0.0,0.02
ns_node,3,40,0.0,0.02
ns_node,3,41,0.0,0.02
ns_node,3,42,0.0,0.02
ns_node,3,43,0.0,0.02
ns_node,3,44,0.0,0.02
ns_node,3,45,0.0,0.02
ns_node,3,46,0.0,0.02
ns_node,3,47,0.0,0.02
ns_node,3,48,0.0,0.02
ns_node,3,49,0.0,0.02
ns_node,3,50,0.0,0.02
ns_node,3,51,0.0,0.02
ns_node,3,52,0.0,0.02
ns_node,3,53,0.0,0.02
ns_node,3,54,0.0,0.02
ns_node,3,55,0.0,0.02
ns_node,3,56,0.0,0.02
ns_node,3,57,0.0,0.02
ns_node,3,58,0.0,0.02
ns_node,3,59,0.0,0.02
ns_node,3,60,0.0,0.02
ns_node,3,61,0.0,0.02
ns_node,3,62,0.0,0.02
ns_node,3,63,0.0,0.02
ns_node,3,64,0.0,0.02
ns_node,3,65,0.0,0.02
ns_node,3,66,0.0,0.02
ns_node,3,67,0.0,0.02
ns_node,3,68,0.0,0.02
ns_node,3,69,0.0,0.02
ns_node,3,70,0.0,0.02
ns_node,3,71,0.0,0.02
ns_node,3,72,0.0,0.02
ns_node,3,73,0.0,0.02
ns_node,3,74,0.0,0.02
ns_node,3,75,0.0,0.02
ns_node,3,76,0.0,0.02
ns_node,3,77,0.0,0.02
ns_node,3,78,0.0,0.02
ns_node,3,79,0.0,0.02
ns_node,3,80,0.0,0.02
ns_node,3,81,0.0,0.02
ns_node,3,82,0.0,0.02
ns_node,3,83,0.0,0.02
ns_node,3,84,0.0,0.02
ns_node,3,85,0.0,0.02
ns_node,3,86,0.0,0.02
ns_node,3,87,0.0,0.02
ns_node,3,88,0.0,0.02
ns_node,3,89,0.0,0.02
ns_node,3,90,0.0,0.02
ns_node,3,91,0.0,0.02
ns_node,3,92,0.0,0.02
ns_node,3,93,0.0,0.02
ns_node,3,94,0.0,0.02
ns_node,3,95,0.0,0.02
ns_node,3,96,0.0,0.02
ns_node,3,97,0.0,0.02
ns_node,3,98,0.0,0.02
ns_node,3,99,0.0,0.02
ns_node,3,100,0.0,0.02
ns_node,3,101,0.0,0.02
ns_node,3,102,0.0,0.02
ns_node,3,103,0.0,0.02
ns_node,3,104,0.0,0.02
ns_node,3,105,0.0,0.02
ns_node,3,106,0.0,0.02
ns_node,3,107,0.0,0.02
ns_node,3,108,0.0,0.02
ns_node,3,109,0.0,0.02
ns_node,3,110,0.0,0.02
ns_node,3,111,0.0,0.02
ns_node,3,112,0.0,0.02
ns_node,3,113,0.0,0.02
ns_node,3,114,0.0,0.02
ns_node,3,115,0.0,0.02
ns_node,3,116,0.0,0.02
ns_node,3,117,0.0,0.02
ns_node,3,118,0.0,0.02
ns_node,3,119,0.0,0.02
ns_node,3,120,0.0,0.02
ns_node,3,121,0.0,0.02
ns_node,3,122,0.0,0.02
ns_node,3,123,0.0,0.02
ns_node,3,124,0.0,0.02
ns_node,3,125,0.0,0.02
ns_node,3,126,0.0,0.02
ns_node,3,127,0.0,0.02
ns_node,3,128,0.0,0.02
ns_node,3,129,0.0,0.02
ns_node,3,130,0.0,0.02
ns_node,3,131,0.0,0.02
ns_node,3,132,0.0,0.02
ns_node,3,133,0.0,0.02
ns_node,3,134,0.0,0.02
ns_node,3,135,0.0,0.02
ns_node,3,136,0.0,0.02
ns_node,3,137,0.0,0.02
ns_node,3,138,0.0,0.02
ns_node,3,139,0.0,0.02
ns_node,3,140,0.0,0.02
ns_node,3,141,0.0,0.02
ns_node,3,142,0.0,0.02
ns_node,3,143,0.0,0.02
ns_node,3,144,0.0,0.02
ns_node,3,145,0.0,0.02
ns_node,3,146,0.0,0.02
ns_node,3,147,0.0,0.02
ns_node,3,148,0.0,0.02
ns_node,3,149,0.0,0.02
ns_node,3,150,0.0,0.02
ns_node,4,0,0.09,0.02
ns_node,4,1,0.08,0.02
ns_node,4,2,0.07,0.02
ns_node,4,3,0.08,0.02
ns_node,4,4,0.07,0.02
ns_node,4,5,0.06,0.02
ns_node,4,6,0.04,0.02
ns_node,4,7,0.04,0.02
ns_node,4,8,0.03,0.02
ns_node,4,9,0.03,0.02
ns_node,4,10,0.03,0.02
ns_node,4,11,0.03,0.02
ns_node,4,12,0.03,0.02
ns_node,4,13,0.02,0.02
ns_node,4,14,0.02,0.02
ns_node,4,15,0.02,0.02
ns_node,4,16,0.02,0.02
ns_node,4,17,0.02,0.02
ns_node,4,18,0.02,0.02
ns_node,4,19,0.01,0.02
ns_node,4,20,0.0,0.02
ns_node,4,21,0.0,0.02
ns_node,4,22,0.0,0.02
ns_node,4,23,0.0,0.02
ns_node,4,24,0.0,0.02
ns_node,4,25,0.0,0.02
ns_node,4,26,0.0,0.02
ns_node,4,27,0.0,0.02
ns_node,4,28,0.0,0.02
ns_node,4,29,0.0,0.02
ns_node,4,30,0.0,0.02
ns_node,4,31,0.0,0.02
ns_node,4,32,0.0,0.02
ns_node,4,33,0.0,0.02
ns_node,4,34,0.0,0.02
ns_node,4,35,0.0,0.02
ns_node,4,36,0.0,0.02
ns_node,4,37,0.0,0.02
ns_node,4,38,0.0,0.02
ns_node,4,39,0.0,0.02
ns_node,4,40,0.0,0.02
ns_node,4,41,0.0,0.02
ns_node,4,42,0.0,0.02
ns_node,4,43,0.0,0.02
ns_node,4,44,0.0,0.02
ns_node,4,45,0.0,0.02
ns_node,4,46,0.0,0.02
ns_node,4,47,0.0,0.02
ns_node,4,48,0.0,0.02
ns_node,4,49,0.0,0.02
ns_node,4,50,0.0,0.02
ns_node,4,51,0.0,0.02
ns_node,4,52,0.0,0.02
ns_node,4,53,0.0,0.02
ns_node,4,54,0.0,0.02
ns_node,4,55,0.0,0.02
ns_node,4,56,0.0,0.02
ns_node,4,57,0.0,0.02
ns_node,4,58,0.0,0.02
ns_node,4,59,0.0,0.02
ns_node,4,60,0.0,0.02
ns_node,4,61,0.0,0.02
ns_node,4,62,0.0,0.02
ns_node,4,63,0.0,0.02
ns_node,4,64,0.0,0.02
ns_node,4,65,0.0,0.02
ns_node,4,66,0.0,0.02
ns_node,4,67,0.0,0.02
ns_node,4,68,0.0,0.02
ns_node,4,69,0.0,0.02
ns_node,4,70,0.0,0.02
ns_node,4,71,0.0,0.02
ns_node,4,72,0.0,0.02
ns_node,4,73,0.0,0.02
ns_node,4,74,0.0,0.02
ns_node,4,75,0.0,0.02
ns_node,4,76,0.0,0.02
ns_node,4,77,0.0,0.02
ns_node,4,78,0.0,0.02
ns_node,4,79,0.0,0.02
ns_node,4,80,0.0,0.02
ns_node,4,81,0.0,0.02
ns_node,4,82,0.0,0.02
ns_node,4,83,0.0,0.02
ns_node,4,84,0.0,0.02
ns_node,4,85,0.0,0.02
ns_node,4,86,0.0,0.02
ns_node,4,87,0.0,0.02
ns_node,4,88,0.0,0.02
ns_node,4,89,0.0,0.02
ns_node,4,90,0.0,0.02
ns_node,4,91,0.0,0.02
ns_node,4,92,0.0,0.02
ns_node,4,93,0.0,0.02
ns_node,4,94,0.0,0.02
ns_node,4,95,0.0,0.02
ns_node,4,96,0.0,0.02
ns_node,4,97,0.0,0.02
ns_node,4,98,0.0,0.02
ns_node,4,99,0.0,0.02
ns_node,4,100,0.0,0.02
ns_node,4,101,0.0,0.02
ns_node,4,102,0.0,0.02
ns_node,4,103,0.0,0.02
ns_node,4,104,0.0,0.02
ns_node,4,105,0.0,0.02
ns_node,4,106,0.0,0.02
ns_node,4,107,0.0,0.02
ns_node,4,108,0.0,0.02
ns_node,4,109,0.0,0.02
ns_node,4,110,0.0,0.02
ns_node,4,111,0.0,0.02
ns_node,4,112,0.0,0.02
ns_node,4,113,0.0,0.02
ns_node,4,114,0.0,0.02
ns_node,4,115,0.0,0.02
ns_node,4,116,0.0,0.02
ns_node,4,117,0.0,0.02
ns_node,4,118,0.0,0.02
ns_node,4,119,0.0,0.02
ns_node,4,120,0.0,0.02
ns_node,4,121,0.0,0.02
ns_node,4,122,0.0,0.02
ns_node,4,123,0.0,0.02
ns_node,4,124,0.0,0.02
ns_node,4,125,0.0,0.02
ns_node,4,126,0.0,0.02
ns_node,4,127,0.0,0.02
ns_node,4,128,0.0,0.02
ns_node,4,129,0.0,0.02
ns_node,4,130,0.0,0.02
ns_node,4,131,0.0,0.02
ns_node,4,132,0.0,0.02
ns_node,4,133,0.0,0.02
ns_node,4,134,0.0,0.02
ns_node,4,135,0.0,0.02
ns_node,4,136,0.0,0.02
ns_node,4,137,0.0,0.02
ns_node,4,138,0.0,0.02
ns_node,4,139,0.0,0.02
ns_node,4,140,0.0,0.02
ns_node,4,141,0.0,0.02
ns_node,4,142,0.0,0.02
ns_node,4,143,0.0,0.02
ns_node,4,144,0.0,0.02
ns_node,4,145,0.0,0.02
ns_node,4,146,0.0,0.02
ns_node,4,147,0.0,0.02
ns_node,4,148,0.0,0.02
ns_node,4,149,0.0,0.02
ns_node,4,150,0.0,0.02
ns_node,5,0,0.1,0.02
ns_node,5,1,0.08,0.02
ns_node,5,2,0.06,0.02
ns_node,5,3,0.06,0.02
ns_node,5,4,0.05,0.02
ns_node,5,5,0.05,0.02
ns_node,5,6,0.02,0.02
ns_node,5,7,0.03,0.02
ns_node,5,8,0.02,0.02
ns_node,5,9,0.03,0.02
ns_node,5,10,0.02,0.02
ns_node,5,11,0.02,0.02
ns_node,5,12,0.02,0.02
ns_node,5,13,0.02,0.02
ns_node,5,14,0.02,0.02
ns_node,5,15,0.0,0.02
ns_node,5,16,0.0,0.02
ns_node,5,17,0.0,0.02
ns_node,5,18,0.0,0.02
ns_node,5,19,0.0,0.02
ns_node,5,20,0.0,0.02
ns_node,5,21,0.0,0.02
ns_node,5,22,0.0,0.02
ns_node,5,23,0.0,0.02
ns_node,5,24,0.0,0.02
ns_node,5,25,0.0,0.02
ns_node,5,26,0.0,0.02
ns_node,5,27,0.0,0.02
ns_node,5,28,0.0,0.02
ns_node,5,29,0.0,0.02
ns_node,5,30,0.0,0.02
ns_node,5,31,0.0,0.02
ns_node,5,32,0.0,0.02
ns_node,5,33,0.0,0.02
ns_node,5,34,0.0,0.02
ns_node,5,35,0.0,0.02
ns_node,5,36,0.0,0.02
ns_node,5,37,0.0,0.02
ns_node,5,38,0.0,0.02
ns_node,5,39,0.0,0.02
ns_node,5,40,0.0,0.02
ns_node,5,41,0.0,0.02
ns_node,5,42,0.0,0.02
ns_node,5,43,0.0,0.02
ns_node,5,44,0.0,0.02
ns_node,5,45,0.0,0.02
ns_node,5,46,0.0,0.02
ns_node,5,47,0.0,0.02
ns_node,5,48,0.0,0.02
ns_node,5,49,0.0,0.02
ns_node,5,50,0.0,0.02
ns_node,5,51,0.0,0.02
ns_node,5,52,0.0,0.02
ns_node,5,53,0.0,0.02
ns_node,5,54,0.0,0.02
ns_node,5,55,0.0,0.02
ns_node,5,56,0.0,0.02
ns_node,5,57,0.0,0.02
ns_node,5,58,0.0,0.02
ns_node,5,59,0.0,0.02
ns_node,5,60,0.0,0.02
ns_node,5,61,0.0,0.02
ns_node,5,62,0.0,0.02
ns_node,5,63,0.0,0.02
ns_node,5,64,0.0,0.02
ns_node,5,65,0.0,0.02
ns_node,5,66,0.0,0.02
ns_node,5,67,0.0,0.02
ns_node,5,68,0.0,0.02
ns_node,5,69,0.0,0.02
ns_node,5,70,0.0,0.02
ns_node,5,71,0.0,0.02
ns_node,5,72,0.0,0.02
ns_node,5,73,0.0,0.02
ns_node,5,74,0.0,0.02
ns_node,5,75,0.0,0.02
ns_node,5,76,0.0,0.02
ns_node,5,77,0.0,0.02
ns_node,5,78,0.0,0.02
ns_node,5,79,0.0,0.02
ns_node,5,80,0.0,0.02
ns_node,5,81,0.0,0.02
ns_node,5,82,0.0,0.02
ns_node,5,83,0.0,0.02
ns_node,5,84,0.0,0.02
ns_node,5,85,0.0,0.02
ns_node,5,86,0.0,0.02
ns_node,5,87,0.0,0.02
ns_node,5,88,0.0,0.02
ns_node,5,89,0.0,0.02
ns_node,5,90,0.0,0.02
ns_node,5,91,0.0,0.02
ns_node,5,92,0.0,0.02
ns_node,5,93,0.0,0.02
ns_node,5,94,0.0,0.02
ns_node,5,95,0.0,0.02
ns_node,5,96,0.0,0.02
ns_node,5,97,0.0,0.02
ns_node,5,98,0.0,0.02
ns_node,5,99,0.0,0.02
ns_node,5,100,0.0,0.02
ns_node,5,101,0.0,0.02
ns_node,5,102,0.0,0.02
ns_node,5,103,0.0,0.02
ns_node,5,104,0.0,0.02
ns_node,5,105,0.0,0.02
ns_node,5,106,0.0,0.02
ns_node,5,107,0.0,0.02
ns_node,5,108,0.0,0.02
ns_node,5,109,0.0,0.02
ns_node,5,110,0.0,0.02
ns_node,5,111,0.0,0.02
ns_node,5,112,0.0,0.02
ns_node,5,113,0.0,0.02
ns_node,5,114,0.0,0.02
ns_node,5,115,0.0,0.02
ns_node,5,116,0.0,0.02
ns_node,5,117,0.0,0.02
ns_node,5,118,0.0,0.02
ns_node,5,119,0.0,0.02
ns_node,5,120,0.0,0.02
ns_node,5,121,0.0,0.02
ns_node,5,122,0.0,0.02
ns_node,5,123,0.0,0.02
ns_node,5,124,0.0,0.02
ns_node,5,125,0.0,0.02
ns_node,5,126,0.0,0.02
ns_node,5,127,0.0,0.02
ns_node,5,128,0.0,0.02
ns_node,5,129,0.0,0.02
ns_node,5,130,0.0,0.02
ns_node,5,131,0.0,0.02
ns_node,5,132,0.0,0.02
ns_node,5,133,0.0,0.02
ns_node,5,134,0.0,0.02
ns_node,5,135,0.0,0.02
ns_node,5,136,0.0,0.02
ns_node,5,137,0.0,0.02
ns_node,5,138,0.0,0.02
ns_node,5,139,0.0,0.02
ns_node,5,140,0.0,0.02
ns_node,5,141,0.0,0.02
ns_node,5,142,0.0,0.02
ns_node,5,143,0.0,0.02
ns_node,5,144,0.0,0.02
ns_node,5,145,0.0,0.02
ns_node,5,146,0.0,0.02
ns_node,5,147,0.0,0.02
ns_node,5,148,0.0,0.02
ns_node,5,149,0.0,0.02
ns_node,5,150,0.0,0.02
ns_node,6,0,0.1,0.02
ns_node,6,1,0.08,0.02
ns_node,6,2,0.06,0.02
ns_node,6,3,0.06,0.02
ns_node,6,4,0.05,0.02
ns_node,6,5,0.03,0.02
ns_node,6,6,0.03,0.02
ns_node,6,7,0.03,0.02
ns_node,6,8,0.03,0.02
ns_node,6,9,0.03,0.02
ns_node,6,10,0.04,0.02
ns_node,6,11,0.04,0.02
ns_node,6,12,0.03,0.02
ns_node,6,13,0.04,0.02
ns_node,6,14,0.04,0.02
ns_node,6,15,0.03,0.02
ns_node,6,16,0.03,0.02
ns_node,6,17,0.04,0.02
ns_node,6,18,0.05,0.02
ns_node,6,19,0.04,0.02
ns_node,6,20,0.04,0.02
ns_node,6,21,0.05,0.02
ns_node,6,22,0.03,0.02
ns_node,6,23,0.03,0.02
ns_node,6,24,0.03,0.02
ns_node,6,25,0.03,0.02
ns_node,6,26,0.05,0.02
ns_node,6,27,0.05,0.02
ns_node,6,28,0.03,0.02
ns_node,6,29,0.02,0.02
ns_node,6,30,0.02,0.02
ns_node,6,31,0.01,0.02
ns_node,6,32,0.01,0.02
ns_node,6,33,0.01,0.02
ns_node,6,34,0.01,0.02
ns_node,6,35,0.01,0.02
ns_node,6,36,0.0,0.02
ns_node,6,37,0.0,0.02
ns_node,6,38,0.0,0.02
ns_node,6,39,0.0,0.02
ns_node,6,40,0.0,0.02
ns_node,6,41,0.0,0.02
ns_node,6,42,0.0,0.02
ns_node,6,43,0.0,0.02
ns_node,6,44,0.0,0.02
ns_node,6,45,0.0,0.02
ns_node,6,46,0.0,0.02
ns_node,6,47,0.0,0.02
ns_node,6,48,0.0,0.02
ns_node,6,49,0.0,0.02
ns_node,6,50,0.0,0.02
ns_node,6,51,0.0,0.02
ns_node,6,52,0.0,0.02
ns_node,6,53,0.0,0.02
ns_node,6,54,0.0,0.02
ns_node,6,55,0.0,0.02
ns_node,6,56,0.0,0.02
ns_node,6,57,0.0,0.02
ns_node,6,58,0.0,0.02
ns_node,6,59,0.0,0.02
ns_node,6,60,0.0,0.02
ns_node,6,61,0.0,0.02
ns_node,6,62,0.0,0.02
ns_node,6,63,0.0,0.02
ns_node,6,64,0.0,0.02
ns_node,6,65,0.0,0.02
ns_node,6,66,0.0,0.02
ns_node,6,67,0.0,0.02
ns_node,6,68,0.0,0.02
ns_node,6,69,0.0,0.02
ns_node,6,70,0.0,0.02
ns_node,6,71,0.0,0.02
ns_node,6,72,0.0,0.02
ns_node,6,73,0.0,0.02
ns_node,6,74,0.0,0.02
ns_node,6,75,0.0,0.02
ns_node,6,76,0.0,0.02
ns_node,6,77,0.0,0.02
ns_node,6,78,0.0,0.02
ns_node,6,79,0.0,0.02
ns_node,6,80,0.0,0.02
ns_node,6,81,0.0,0.02
ns_node,6,82,0.0,0.02
ns_node,6,83,0.0,0.02
ns_node,6,84,0.0,0.02
ns_node,6,85,0.0,0.02
ns_node,6,86,0.0,0.02
ns_node,6,87,0.0,0.02
ns_node,6,88,0.0,0.02
ns_node,6,89,0.0,0.02
ns_node,6,90,0.0,0.02
ns_node,6,91,0.0,0.02
ns_node,6,92,0.0,0.02
ns_node,6,93,0.0,0.02
ns_node,6,94,0.0,0.02
ns_node,6,95,0.0,0.02
ns_node,6,96,0.0,0.02
ns_node,6,97,0.0,0.02
ns_node,6,98,0.0,0.02
ns_node,6,99,0.0,0.02
ns_node,6,100,0.0,0.02
ns_node,6,101,0.0,0.02
ns_node,6,102,0.0,0.02
ns_node,6,103,0.0,0.02
ns_node,6,104,0.0,0.02
ns_node,6,105,0.0,0.02
ns_node,6,106,0.0,0.02
ns_node,6,107,0.0,0.02
ns_node,6,108,0.0,0.02
ns_node,6,109,0.0,0.02
ns_node,6,110,0.0,0.02
ns_node,6,111,0.0,0.02
ns_node,6,112,0.0,0.02
ns_node,6,113,0.0,0.02
ns_node,6,114,0.0,0.02
ns_node,6,115,0.0,0.02
ns_node,6,116,0.0,0.02
ns_node,6,117,0.0,0.02
ns_node,6,118,0.0,0.02
ns_node,6,119,0.0,0.02
ns_node,6,120,0.0,0.02
ns_node,6,121,0.0,0.02
ns_node,6,122,0.0,0.02
ns_node,6,123,0.0,0.02
ns_node,6,124,0.0,0.02
ns_node,6,125,0.0,0.02
ns_node,6,126,0.0,0.02
ns_node,6,127,0.0,0.02
ns_node,6,128,0.0,0.02
ns_node,6,129,0.0,0.02
ns_node,6,130,0.0,0.02
ns_node,6,131,0.0,0.02
ns_node,6,132,0.0,0.02
ns_node,6,133,0.0,0.02
ns_node,6,134,0.0,0.02
ns_node,6,135,0.0,0.02
ns_node,6,136,0.0,0.02
ns_node,6,137,0.0,0.02
ns_node,6,138,0.0,0.02
ns_node,6,139,0.0,0.02
ns_node,6,140,0.0,0.02
ns_node,6,141,0.0,0.02
ns_node,6,142,0.0,0.02
ns_node,6,143,0.0,0.02
ns_node,6,144,0.0,0.02
ns_node,6,145,0.0,0.02
ns_node,6,146,0.0,0.02
ns_node,6,147,0.0,0.02
ns_node,6,148,0.0,0.02
ns_node,6,149,0.0,0.02
ns_node,6,150,0.0,0.02
ns_node,7,0,0.1,0.02
ns_node,7,1,0.05,0.02
ns_node,7,2,0.05,0.02
ns_node,7,3,0.05,0.02
ns_node,7,4,0.05,0.02
ns_node,7,5,0.05,0.02
ns_node,7,6,0.04,0.02
ns_node,7,7,0.03,0.02
ns_node,7,8,0.03,0.02
ns_node,7,9,0.04,0.02
ns_node,7,10,0.03,0.02
ns_node,7,11,0.04,0.02
ns_node,7,12,0.04,0.02
ns_node,7,13,0.03,0.02
ns_node,7,14,0.03,0.02
ns_node,7,15,0.03,0.02
ns_node,7,16,0.03,0.02
ns_node,7,17,0.02,0.02
ns_node,7,18,0.03,0.02
ns_node,7,19,0.04,0.02
ns_node,7,20,0.03,0.02
ns_node,7,21,0.03,0.02
ns_node,7,22,0.02,0.02
ns_node,7,23,0.02,0.02
ns_node,7,24,0.01,0.02
ns_node,7,25,0.0,0.02
ns_node,7,26,0.0,0.02
ns_node,7,27,0.0,0.02
ns_node,7,28,0.0,0.02
ns_node,7,29,0.0,0.02
ns_node,7,30,0.0,0.02
ns_node,7,31,0.0,0.02
ns_node,7,32,0.0,0.02
ns_node,7,33,0.0,0.02
ns_node,7,34,0.0,0.02
ns_node,7,35,0.0,0.02
ns_node,7,36,0.0,0.02
ns_node,7,37,0.0,0.02
ns_node,7,38,0.0,0.02
ns_node,7,39,0.0,0.02
ns_node,7,40,0.0,0.02
ns_node,7,41,0.0,0.02
ns_node,7,42,0.0,0.02
ns_node,7,43,0.0,0.02
ns_node,7,44,0.0,0.02
ns_node,7,45,0.0,0.02
ns_node,7,46,0.0,0.02
ns_node,7,47,0.0,0.02
ns_node,7,48,0.0,0.02
ns_node,7,49,0.0,0.02
ns_node,7,50,0.0,0.02
ns_node,7,51,0.0,0.02
ns_node,7,52,0.0,0.02
ns_node,7,53,0.0,0.02
ns_node,7,54,0.0,0.02
ns_node,7,55,0.0,0.02
ns_node,7,56,0.0,0.02
ns_node,7,57,0.0,0.02
ns_node,7,58,0.0,0.02
ns_node,7,59,0.0,0.02
ns_node,7,60,0.0,0.02
ns_node,7,61,0.0,0.02
ns_node,7,62,0.0,0.02
ns_node,7,63,0.0,0.02
ns_node,7,64,0.0,0.02
ns_node,7,65,0.0,0.02
ns_node,7,66,0.0,0.02
ns_node,7,67,0.0,0.02
ns_node,7,68,0.0,0.02
ns_node,7,69,0.0,0.02
ns_node,7,70,0.0,0.02
ns_node,7,71,0.0,0.02
ns_node,7,72,0.0,0.02
ns_node,7,73,0.0,0.02
ns_node,7,74,0.0,0.02
ns_node,7,75,0.0,0.02
ns_node,7,76,0.0,0.02
ns_node,7,77,0.0,0.02
ns_node,7,78,0.0,0.02
ns_node,7,79,0.0,0.02
ns_node,7,80,0.0,0.02
ns_node,7,81,0.0,0.02
ns_node,7,82,0.0,0.02
ns_node,7,83,0.0,0.02
ns_node,7,84,0.0,0.02
ns_node,7,85,0.0,0.02
ns_node,7,86,0.0,0.02
ns_node,7,87,0.0,0.02
ns_node,7,88,0.0,0.02
ns_node,7,89,0.0,0.02
ns_node,7,90,0.0,0.02
ns_node,7,91,0.0,0.02
ns_node,7,92,0.0,0.02
ns_node,7,93,0.0,0.02
ns_node,7,94,0.0,0.02
ns_node,7,95,0.0,0.02
ns_node,7,96,0.0,0.02
ns_node,7,97,0.0,0.02
ns_node,7,98,0.0,0.02
ns_node,7,99,0.0,0.02
ns_node,7,100,0.0,0.02
ns_node,7,101,0.0,0.02
ns_node,7,102,0.0,0.02
ns_node,7,103,0.0,0.02
ns_node,7,104,0.0,0.02
ns_node,7,105,0.0,0.02
ns_node,7,106,0.0,0.02
ns_node,7,107,0.0,0.02
ns_node,7,108,0.0,0.02
ns_node,7,109,0.0,0.02
ns_node,7,110,0.0,0.02
ns_node,7,111,0.0,0.02
ns_node,7,112,0.0,0.02
ns_node,7,113,0.0,0.02
ns_node,7,114,0.0,0.02
ns_node,7,115,0.0,0.02
ns_node,7,116,0.0,0.02
ns_node,7,117,0.0,0.02
ns_node,7,118,0.0,0.02
ns_node,7,119,0.0,0.02
ns_node,7,120,0.0,0.02
ns_node,7,121,0.0,0.02
ns_node,7,122,0.0,0.02
ns_node,7,123,0.0,0.02
ns_node,7,124,0.0,0.02
ns_node,7,125,0.0,0.02
ns_node,7,126,0.0,0.02
ns_node,7,127,0.0,0.02
ns_node,7,128,0.0,0.02
ns_node,7,129,0.0,0.02
ns_node,7,130,0.0,0.02
ns_node,7,131,0.0,0.02
ns_node,7,132,0.0,0.02
ns_node,7,133,0.0,0.02
ns_node,7,134,0.0,0.02
ns_node,7,135,0.0,0.02
ns_node,7,136,0.0,0.02
ns_node,7,137,0.0,0.02
ns_node,7,138,0.0,0.02
ns_node,7,139,0.0,0.02
ns_node,7,140,0.0,0.02
ns_node,7,141,0.0,0.02
ns_node,7,142,0.0,0.02
ns_node,7,143,0.0,0.02
ns_node,7,144,0.0,0.02
ns_node,7,145,0.0,0.02
ns_node,7,146,0.0,0.02
ns_node,7,147,0.0,0.02
ns_node,7,148,0.0,0.02
ns_node,7,149,0.0,0.02
ns_node,7,150,0.0,0.02
ns_node,8,0,0.1,0.02
ns_node,8,1,0.08,0.02
ns_node,8,2,0.07,0.02
ns_node,8,3,0.03,0.02
ns_node,8,4,0.02,0.02
ns_node,8,5,0.02,0.02
ns_node,8,6,0.02,0.02
ns_node,8,7,0.03,0.02
ns_node,8,8,0.03,0.02
ns_node,8,9,0.02,0.02
ns_node,8,10,0.02,0.02
ns_node,8,11,0.02,0.02
ns_node,8,12,0.01,0.02
ns_node,8,13,0.01,0.02
ns_node,8,14,0.0,0.02
ns_node,8,15,0.0,0.02
ns_node,8,16,0.0,0.02
ns_node,8,17,0.0,0.02
ns_node,8,18,0.0,0.02
ns_node,8,19,0.0,0.02
ns_node,8,20,0.0,0.02
ns_node,8,21,0.0,0.02
ns_node,8,22,0.0,0.02
ns_node,8,23,0.0,0.02
ns_node,8,24,0.0,0.02
ns_node,8,25,0.0,0.02
ns_node,8,26,0.0,0.02
ns_node,8,27,0.0,0.02
ns_node,8,28,0.0,0.02
ns_node,8,29,0.0,0.02
ns_node,8,30,0.0,0.02
ns_node,8,31,0.0,0.02
ns_node,8,32,0.0,0.02
ns_node,8,33,0.0,0.02
ns_node,8,34,0.0,0.02
ns_node,8,35,0.0,0.02
ns_node,8,36,0.0,0.02
ns_node,8,37,0.0,0.02
ns_node,8,38,0.0,0.02
ns_node,8,39,0.0,0.02
ns_node,8,40,0.0,0.02
ns_node,8,41,0.0,0.02
ns_node,8,42,0.0,0.02
ns_node,8,43,0.0,0.02
ns_node,8,44,0.0,0.02
ns_node,8,45,0.0,0.02
ns_node,8,46,0.0,0.02
ns_node,8,47,0.0,0.02
ns_node,8,48,0.0,0.02
ns_node,8,49,0.0,0.02
ns_node,8,50,0.0,0.02
ns_node,8,51,0.0,0.02
ns_node,8,52,0.0,0.02
ns_node,8,53,0.0,0.02
ns_node,8,54,0.0,0.02
ns_node,8,55,0.0,0.02
ns_node,8,56,0.0,0.02
ns_node,8,57,0.0,0.02
ns_node,8,58,0.0,0.02
ns_node,8,59,0.0,0.02
ns_node,8,60,0.0,0.02
ns_node,8,61,0.0,0.02
ns_node,8,62,0.0,0.02
ns_node,8,63,0.0,0.02
ns_node,8,64,0.0,0.02
ns_node,8,65,0.0,0.02
ns_node,8,66,0.0,0.02
ns_node,8,67,0.0,0.02
ns_node,8,68,0.0,0.02
ns_node,8,69,0.0,0.02
ns_node,8,70,0.0,0.02
ns_node,8,71,0.0,0.02
ns_node,8,72,0.0,0.02
ns_node,8,73,0.0,0.02
ns_node,8,74,0.0,0.02
ns_node,8,75,0.0,0.02
ns_node,8,76,0.0,0.02
ns_node,8,77,0.0,0.02
ns_node,8,78,0.0,0.02
ns_node,8,79,0.0,0.02
ns_node,8,80,0.0,0.02
ns_node,8,81,0.0,0.02
ns_node,8,82,0.0,0.02
ns_node,8,83,0.0,0.02
ns_node,8,84,0.0,0.02
ns_node,8,85,0.0,0.02
ns_node,8,86,0.0,0.02
ns_node,8,87,0.0,0.02
ns_node,8,88,0.0,0.02
ns_node,8,89,0.0,0.02
ns_node,8,90,0.0,0.02
ns_node,8,91,0.0,0.02
ns_node,8,92,0.0,0.02
ns_node,8,93,0.0,0.02
ns_node,8,94,0.0,0.02
ns_node,8,95,0.0,0.02
ns_node,8,96,0.0,0.02
ns_node,8,97,0.0,0.02
ns_node,8,98,0.0,0.02
ns_node,8,99,0.0,0.02
ns_node,8,100,0.0,0.02
ns_node,8,101,0.0,0.02
ns_node,8,102,0.0,0.02
ns_node,8,103,0.0,0.02
ns_node,8,104,0.0,0.02
ns_node,8,105,0.0,0.02
ns_node,8,106,0.0,0.02
ns_node,8,107,0.0,0.02
ns_node,8,108,0.0,0.02
ns_node,8,109,0.0,0.02
ns_node,8,110,0.0,0.02
ns_node,8,111,0.0,0.02
ns_node,8,112,0.0,0.02
ns_node,8,113,0.0,0.02
ns_node,8,114,0.0,0.02
ns_node,8,115,0.0,0.02
ns_node,8,116,0.0,0.02
ns_node,8,117,0.0,0.02
ns_node,8,118,0.0,0.02
ns_node,8,119,0.0,0.02
ns_node,8,120,0.0,0.02
ns_node,8,121,0.0,0.02
ns_node,8,122,0.0,0.02
ns_node,8,123,0.0,0.02
ns_node,8,124,0.0,0.02
ns_node,8,125,0.0,0.02
ns_node,8,126,0.0,0.02
ns_node,8,127,0.0,0.02
ns_node,8,128,0.0,0.02
ns_node,8,129,0.0,0.02
ns_node,8,130,0.0,0.02
ns_node,8,131,0.0,0.02
ns_node,8,132,0.0,0.02
ns_node,8,133,0.0,0.02
ns_node,8,134,0.0,0.02
ns_node,8,135,0.0,0.02
ns_node,8,136,0.0,0.02
ns_node,8,137,0.0,0.02
ns_node,8,138,0.0,0.02
ns_node,8,139,0.0,0.02
ns_node,8,140,0.0,0.02
ns_node,8,141,0.0,0.02
ns_node,8,142,0.0,0.02
ns_node,8,143,0.0,0.02
ns_node,8,144,0.0,0.02
ns_node,8,145,0.0,0.02
ns_node,8,146,0.0,0.02
ns_node,8,147,0.0,0.02
ns_node,8,148,0.0,0.02
ns_node,8,149,0.0,0.02
ns_node,8,150,0.0,0.02
ns_node,9,0,0.1,0.02
ns_node,9,1,0.07,0.02
ns_node,9,2,0.07,0.02
ns_node,9,3,0.09,0.02
ns_node,9,4,0.1,0.02
ns_node,9,5,0.06,0.02
ns_node,9,6,0.05,0.02
ns_node,9,7,0.04,0.02
ns_node,9,8,0.04,0.02
ns_node,9,9,0.04,0.02
ns_node,9,10,0.02,0.02
ns_node,9,11,0.02,0.02
ns_node,9,12,0.03,0.02
ns_node,9,13,0.04,0.02
ns_node,9,14,0.04,0.02
ns_node,9,15,0.01,0.02
ns_node,9,16,0.01,0.02
ns_node,9,17,0.01,0.02
ns_node,9,18,0.0,0.02
ns_node,9,19,0.0,0.02
ns_node,9,20,0.0,0.02
ns_node,9,21,0.0,0.02
ns_node,9,22,0.0,0.02
ns_node,9,23,0.0,0.02
ns_node,9,24,0.0,0.02
ns_node,9,25,0.0,0.02
ns_node,9,26,0.0,0.02
ns_node,9,27,0.0,0.02
ns_node,9,28,0.0,0.02
ns_node,9,29,0.0,0.02
ns_node,9,30,0.0,0.02
ns_node,9,31,0.0,0.02
ns_node,9,32,0.0,0.02
ns_node,9,33,0.0,0.02
ns_node,9,34,0.0,0.02
ns_node,9,35,0.0,0.02
ns_node,9,36,0.0,0.02
ns_node,9,37,0.0,0.02
ns_node,9,38,0.0,0.02
ns_node,9,39,0.0,0.02
ns_node,9,40,0.0,0.02
ns_node,9,41,0.0,0.02
ns_node,9,42,0.0,0.02
ns_node,9,43,0.0,0.02
ns_node,9,44,0.0,0.02
ns_node,9,45,0.0,0.02
ns_node,9,46,0.0,0.02
ns_node,9,47,0.0,0.02
ns_node,9,48,0.0,0.02
ns_node,9,49,0.0,0.02
ns_node,9,50,0.0,0.02
ns_node,9,51,0.0,0.02
ns_node,9,52,0.0,0.02
ns_node,9,53,0.0,0.02
ns_node,9,54,0.0,0.02
ns_node,9,55,0.0,0.02
ns_node,9,56,0.0,0.02
ns_node,9,57,0.0,0.02
ns_node,9,58,0.0,0.02
ns_node,9,59,0.0,0.02
ns_node,9,60,0.0,0.02
ns_node,9,61,0.0,0.02
ns_node,9,62,0.0,0.02
ns_node,9,63,0.0,0.02
ns_node,9,64,0.0,0.02
ns_node,9,65,0.0,0.02
ns_node,9,66,0.0,0.02
ns_node,9,67,0.0,0.02
ns_node,9,68,0.0,0.02
ns_node,9,69,0.0,0.02
ns_node,9,70,0.0,0.02
ns_node,9,71,0.0,0.02
ns_node,9,72,0.0,0.02
ns_node,9,73,0.0,0.02
ns_node,9,74,0.0,0.02
ns_node,9,75,0.0,0.02
ns_node,9,76,0.0,0.02
ns_node,9,77,0.0,0.02
ns_node,9,78,0.0,0.02
ns_node,9,79,0.0,0.02
ns_node,9,80,0.0,0.02
ns_node,9,81,0.0,0.02
ns_node,9,82,0.0,0.02
ns_node,9,83,0.0,0.02
ns_node,9,84,0.0,0.02
ns_node,9,85,0.0,0.02
ns_node,9,86,0.0,0.02
ns_node,9,87,0.0,0.02
ns_node,9,88,0.0,0.02
ns_node,9,89,0.0,0.02
ns_node,9,90,0.0,0.02
ns_node,9,91,0.0,0.02
ns_node,9,92,0.0,0.02
ns_node,9,93,0.0,0.02
ns_node,9,94,0.0,0.02
ns_node,9,95,0.0,0.02
ns_node,9,96,0.0,0.02
ns_node,9,97,0.0,0.02
ns_node,9,98,0.0,0.02
ns_node,9,99,0.0,0.02
ns_node,9,100,0.0,0.02
ns_node,9,101,0.0,0.02
ns_node,9,102,0.0,0.02
ns_node,9,103,0.0,0.02
ns_node,9,104,0.0,0.02
ns_node,9,105,0.0,0.02
ns_node,9,106,0.0,0.02
ns_node,9,107,0.0,0.02
ns_node,9,108,0.0,0.02
ns_node,9,109,0.0,0.02
ns_node,9,110,0.0,0.02
ns_node,9,111,0.0,0.02
ns_node,9,112,0.0,0.02
ns_node,9,113,0.0,0.02
ns_node,9,114,0.0,0.02
ns_node,9,115,0.0,0.02
ns_node,9,116,0.0,0.02
ns_node,9,117,0.0,0.02
ns_node,9,118,0.0,0.02
ns_node,9,119,0.0,0.02
ns_node,9,120,0.0,0.02
ns_node,9,121,0.0,0.02
ns_node,9,122,0.0,0.02
ns_node,9,123,0.0,0.02
ns_node,9,124,0.0,0.02
ns_node,9,125,0.0,0.02
ns_node,9,126,0.0,0.02
ns_node,9,127,0.0,0.02
ns_node,9,128,0.0,0.02
ns_node,9,129,0.0,0.02
ns_node,9,130,0.0,0.02
ns_node,9,131,0.0,0.02
ns_node,9,132,0.0,0.02
ns_node,9,133,0.0,0.02
ns_node,9,134,0.0,0.02
ns_node,9,135,0.0,0.02
ns_node,9,136,0.0,0.02
ns_node,9,137,0.0,0.02
ns_node,9,138,0.0,0.02
ns_node,9,139,0.0,0.02
ns_node,9,140,0.0,0.02
ns_node,9,141,0.0,0.02
ns_node,9,142,0.0,0.02
ns_node,9,143,0.0,0.02
ns_node,9,144,0.0,0.02
ns_node,9,145,0.0,0.02
ns_node,9,146,0.0,0.02
ns_node,9,147,0.0,0.02
ns_node,9,148,0.0,0.02
ns_node,9,149,0.0,0.02
ns_node,9,150,0.0,0.02
ns_node,10,0,0.09,0.02
ns_node,10,1,0.08,0.02
ns_node,10,2,0.09,0.02
ns_node,10,3,0.04,0.02
ns_node,10,4,0.04,0.02
ns_node,10,5,0.04,0.02
ns_node,10,6,0.02,0.02
ns_node,10,7,0.02,0.02
ns_node,10,8,0.03,0.02
ns_node,10,9,0.03,0.02
ns_node,10,10,0.03,0.02
ns_node,10,11,0.03,0.02
ns_node,10,12,0.03,0.02
ns_node,10,13,0.04,0.02
ns_node,10,14,0.03,0.02
ns_node,10,15,0.01,0.02
ns_node,10,16,0.01,0.02
ns_node,10,17,0.0,0.02
ns_node,10,18,0.0,0.02
ns_node,10,19,0.0,0.02
ns_node,10,20,0.0,0.02
ns_node,10,21,0.0,0.02
ns_node,10,22,0.0,0.02
ns_node,10,23,0.0,0.02
ns_node,10,24,0.0,0.02
ns_node,10,25,0.0,0.02
ns_node,10,26,0.0,0.02
ns_node,10,27,0.0,0.02
ns_node,10,28,0.0,0.02
ns_node,10,29,0.0,0.02
ns_node,10,30,0.0,0.02
ns_node,10,31,0.0,0.02
ns_node,10,32,0.0,0.02
ns_node,10,33,0.0,0.02
ns_node,10,34,0.0,0.02
ns_node,10,35,0.0,0.02
ns_node,10,36,0.0,0.02
ns_node,10,37,0.0,0.02
ns_node,10,38,0.0,0.02
ns_node,10,39,0.0,0.02
ns_node,10,40,0.0,0.02
ns_node,10,41,0.0,0.02
ns_node,10,42,0.0,0.02
ns_node,10,43,0.0,0.02
ns_node,10,44,0.0,0.02
ns_node,10,45,0.0,0.02
ns_node,10,46,0.0,0.02
ns_node,10,47,0.0,0.02
ns_node,10,48,0.0,0.02
ns_node,10,49,0.0,0.02
ns_node,10,50,0.0,0.02
ns_node,10,51,0.0,0.02
ns_node,10,52,0.0,0.02
ns_node,10,53,0.0,0.02
ns_node,10,54,0.0,0.02
ns_node,10,55,0.0,0.02
ns_node,10,56,0.0,0.02
ns_node,10,57,0.0,0.02
ns_node,10,58,0.0,0.02
ns_node,10,59,0.0,0.02
ns_node,10,60,0.0,0.02
ns_node,10,61,0.0,0.02
ns_node,10,62,0.0,0.02
ns_node,10,63,0.0,0.02
ns_node,10,64,0.0,0.02
ns_node,10,65,0.0,0.02
ns_node,10,66,0.0,0.02
ns_node,10,67,0.0,0.02
ns_node,10,68,0.0,0.02
ns_node,10,69,0.0,0.02
ns_node,10,70,0.0,0.02
ns_node,10,71,0.0,0.02
ns_node,10,72,0.0,0.02
ns_node,10,73,0.0,0.02
ns_node,10,74,0.0,0.02
ns_node,10,75,0.0,0.02
ns_node,10,76,0.0,0.02
ns_node,10,77,0.0,0.02
ns_node,10,78,0.0,0.02
ns_node,10,79,0.0,0.02
ns_node,10,80,0.0,0.02
ns_node,10,81,0.0,0.02
ns_node,10,82,0.0,0.02
ns_node,10,83,0.0,0.02
ns_node,10,84,0.0,0.02
ns_node,10,85,0.0,0.02
ns_node,10,86,0.0,0.02
ns_node,10,87,0.0,0.02
ns_node,10,88,0.0,0.02
ns_node,10,89,0.0,0.02
ns_node,10,90,0.0,0.02
ns_node,10,91,0.0,0.02
ns_node,10,92,0.0,0.02
ns_node,10,93,0.0,0.02
ns_node,10,94,0.0,0.02
ns_node,10,95,0.0,0.02
ns_node,10,96,0.0,0.02
ns_node,10,97,0.0,0.02
ns_node,10,98,0.0,0.02
ns_node,10,99,0.0,0.02
ns_node,10,100,0.0,0.02
ns_node,10,101,0.0,0.02
ns_node,10,102,0.0,0.02
ns_node,10,103,0.0,0.02
ns_node,10,104,0.0,0.02
ns_node,10,105,0.0,0.02
ns_node,10,106,0.0,0.02
ns_node,10,107,0.0,0.02
ns_node,10,108,0.0,0.02
ns_node,10,109,0.0,0.02
ns_node,10,110,0.0,0.02
ns_node,10,111,0.0,0.02
ns_node,10,112,0.0,0.02
ns_node,10,113,0.0,0.02
ns_node,10,114,0.0,0.02
ns_node,10,115,0.0,0.02
ns_node,10,116,0.0,0.02
ns_node,10,117,0.0,0.02
ns_node,10,118,0.0,0.02
ns_node,10,119,0.0,0.02
ns_node,10,120,0.0,0.02
ns_node,10,121,0.0,0.02
ns_node,10,122,0.0,0.02
ns_node,10,123,0.0,0.02
ns_node,10,124,0.0,0.02
ns_node,10,125,0.0,0.02
ns_node,10,126,0.0,0.02
ns_node,10,127,0.0,0.02
ns_node,10,128,0.0,0.02
ns_node,10,129,0.0,0.02
ns_node,10,130,0.0,0.02
ns_node,10,131,0.0,0.02
ns_node,10,132,0.0,0.02
ns_node,10,133,0.0,0.02
ns_node,10,134,0.0,0.02
ns_node,10,135,0.0,0.02
ns_node,10,136,0.0,0.02
ns_node,10,137,0.0,0.02
ns_node,10,138,0.0,0.02
ns_node,10,139,0.0,0.02
ns_node,10,140,0.0,0.02
ns_node,10,141,0.0,0.02
ns_node,10,142,0.0,0.02
ns_node,10,143,0.0,0.02
ns_node,10,144,0.0,0.02
ns_node,10,145,0.0,0.02
ns_node,10,146,0.0,0.02
ns_node,10,147,0.0,0.02
ns_node,10,148,0.0,0.02
ns_node,10,149,0.0,0.02
ns_node,10,150,0.0,0.02
ns_node,11,0,0.1,0.02
ns_node,11,1,0.06,0.02
ns_node,11,2,0.05,0.02
ns_node,11,3,0.04,0.02
ns_node,11,4,0.02,0.02
ns_node,11,5,0.01,0.02
ns_node,11,6,0.01,0.02
ns_node,11,7,0.01,0.02
ns_node,11,8,0.01,0.02
ns_node,11,9,0.0,0.02
ns_node,11,10,0.0,0.02
ns_node,11,11,0.0,0.02
ns_node,11,12,0.0,0.02
ns_node,11,13,0.0,0.02
ns_node,11,14,0.0,0.02
ns_node,11,15,0.0,0.02
ns_node,11,16,0.0,0.02
ns_node,11,17,0.0,0.02
ns_node,11,18,0.0,0.02
ns_node,11,19,0.0,0.02
ns_node,11,20,0.0,0.02
ns_node,11,21,0.0,0.02
ns_node,11,22,0.0,0.02
ns_node,11,23,0.0,0.02
ns_node,11,24,0.0,0.02
ns_node,11,25,0.0,0.02
ns_node,11,26,0.0,0.02
ns_node,11,27,0.0,0.02
ns_node,11,28,0.0,0.02
ns_node,11,29,0.0,0.02
ns_node,11,30,0.0,0.02
ns_node,11,31,0.0,0.02
ns_node,11,32,0.0,0.02
ns_node,11,33,0.0,0.02
ns_node,11,34,0.0,0.02
ns_node,11,35,0.0,0.02
ns_node,11,36,0.0,0.02
ns_node,11,37,0.0,0.02
ns_node,11,38,0.0,0.02
ns_node,11,39,0.0,0.02
ns_node,11,40,0.0,0.02
ns_node,11,41,0.0,0.02
ns_node,11,42,0.0,0.02
ns_node,11,43,0.0,0.02
ns_node,11,44,0.0,0.02
ns_node,11,45,0.0,0.02
ns_node,11,46,0.0,0.02
ns_node,11,47,0.0,0.02
ns_node,11,48,0.0,0.02
ns_node,11,49,0.0,0.02
ns_node,11,50,0.0,0.02
ns_node,11,51,0.0,0.02
ns_node,11,52,0.0,0.02
ns_node,11,53,0.0,0.02
ns_node,11,54,0.0,0.02
ns_node,11,55,0.0,0.02
ns_node,11,56,0.0,0.02
ns_node,11,57,0.0,0.02
ns_node,11,58,0.0,0.02
ns_node,11,59,0.0,0.02
ns_node,11,60,0.0,0.02
ns_node,11,61,0.0,0.02
ns_node,11,62,0.0,0.02
ns_node,11,63,0.0,0.02
ns_node,11,64,0.0,0.02
ns_node,11,65,0.0,0.02
ns_node,11,66,0.0,0.02
ns_node,11,67,0.0,0.02
ns_node,11,68,0.0,0.02
ns_node,11,69,0.0,0.02
ns_node,11,70,0.0,0.02
ns_node,11,71,0.0,0.02
ns_node,11,72,0.0,0.02
ns_node,11,73,0.0,0.02
ns_node,11,74,0.0,0.02
ns_node,11,75,0.0,0.02
ns_node,11,76,0.0,0.02
ns_node,11,77,0.0,0.02
ns_node,11,78,0.0,0.02
ns_node,11,79,0.0,0.02
ns_node,11,80,0.0,0.02
ns_node,11,81,0.0,0.02
ns_node,11,82,0.0,0.02
ns_node,11,83,0.0,0.02
ns_node,11,84,0.0,0.02
ns_node,11,85,0.0,0.02
ns_node,11,86,0.0,0.02
ns_node,11,87,0.0,0.02
ns_node,11,88,0.0,0.02
ns_node,11,89,0.0,0.02
ns_node,11,90,0.0,0.02
ns_node,11,91,0.0,0.02
ns_node,11,92,0.0,0.02
ns_node,11,93,0.0,0.02
ns_node,11,94,0.0,0.02
ns_node,11,95,0.0,0.02
ns_node,11,96,0.0,0.02
ns_node,11,97,0.0,0.02
ns_node,11,98,0.0,0.02
ns_node,11,99,0.0,0.02
ns_node,11,100,0.0,0.02
ns_node,11,101,0.0,0.02
ns_node,11,102,0.0,0.02
ns_node,11,103,0.0,0.02
ns_node,11,104,0.0,0.02
ns_node,11,105,0.0,0.02
ns_node,11,106,0.0,0.02
ns_node,11,107,0.0,0.02
ns_node,11,108,0.0,0.02
ns_node,11,109,0.0,0.02
ns_node,11,110,0.0,0.02
ns_node,11,111,0.0,0.02
ns_node,11,112,0.0,0.02
ns_node,11,113,0.0,0.02
ns_node,11,114,0.0,0.02
ns_node,11,115,0.0,0.02
ns_node,11,116,0.0,0.02
ns_node,11,117,0.0,0.02
ns_node,11,118,0.0,0.02
ns_node,11,119,0.0,0.02
ns_node,11,120,0.0,0.02
ns_node,11,121,0.0,0.02
ns_node,11,122,0.0,0.02
ns_node,11,123,0.0,0.02
ns_node,11,124,0.0,0.02
ns_node,11,125,0.0,0.02
ns_node,11,126,0.0,0.02
ns_node,11,127,0.0,0.02
ns_node,11,128,0.0,0.02
ns_node,11,129,0.0,0.02
ns_node,11,130,0.0,0.02
ns_node,11,131,0.0,0.02
ns_node,11,132,0.0,0.02
ns_node,11,133,0.0,0.02
ns_node,11,134,0.0,0.02
ns_node,11,135,0.0,0.02
ns_node,11,136,0.0,0.02
ns_node,11,137,0.0,0.02
ns_node,11,138,0.0,0.02
ns_node,11,139,0.0,0.02
ns_node,11,140,0.0,0.02
ns_node,11,141,0.0,0.02
ns_node,11,142,0.0,0.02
ns_node,11,143,0.0,0.02
ns_node,11,144,0.0,0.02
ns_node,11,145,0.0,0.02
ns_node,11,146,0.0,0.02
ns_node,11,147,0.0,0.02
ns_node,11,148,0.0,0.02
ns_node,11,149,0.0,0.02
ns_node,11,150,0.0,0.02
ns_node,12,0,0.1,0.02
ns_node,12,1,0.1,0.02
ns_node,12,2,0.09,0.02
ns_node,12,3,0.06,0.02
ns_node,12,4,0.04,0.02
ns_node,12,5,0.05,0.02
ns_node,12,6,0.03,0.02
ns_node,12,7,0.03,0.02
ns_node,12,8,0.03,0.02
ns_node,12,9,0.03,0.02
ns_node,12,10,0.03,0.02
ns_node,12,11,0.02,0.02
ns_node,12,12,0.02,0.02
ns_node,12,13,0.02,0.02
ns_node,12,14,0.02,0.02
ns_node,12,15,0.02,0.02
ns_node,12,16,0.03,0.02
ns_node,12,17,0.03,0.02
ns_node,12,18,0.03,0.02
ns_node,12,19,0.01,0.02
ns_node,12,20,0.0,0.02
ns_node,12,21,0.0,0.02
ns_node,12,22,0.0,0.02
ns_node,12,23,0.0,0.02
ns_node,12,24,0.0,0.02
ns_node,12,25,0.0,0.02
ns_node,12,26,0.0,0.02
ns_node,12,27,0.0,0.02
ns_node,12,28,0.0,0.02
ns_node,12,29,0.0,0.02
ns_node,12,30,0.0,0.02
ns_node,12,31,0.0,0.02
ns_node,12,32,0.0,0.02
ns_node,12,33,0.0,0.02
ns_node,12,34,0.0,0.02
ns_node,12,35,0.0,0.02
ns_node,12,36,0.0,0.02
ns_node,12,37,0.0,0.02
ns_node,12,38,0.0,0.02
ns_node,12,39,0.0,0.02
ns_node,12,40,0.0,0.02
ns_node,12,41,0.0,0.02
ns_node,12,42,0.0,0.02
ns_node,12,43,0.0,0.02
ns_node,12,44,0.0,0.02
ns_node,12,45,0.0,0.02
ns_node,12,46,0.0,0.02
ns_node,12,47,0.0,0.02
ns_node,12,48,0.0,0.02
ns_node,12,49,0.0,0.02
ns_node,12,50,0.0,0.02
ns_node,12,51,0.0,0.02
ns_node,12,52,0.0,0.02
ns_node,12,53,0.0,0.02
ns_node,12,54,0.0,0.02
ns_node,12,55,0.0,0.02
ns_node,12,56,0.0,0.02
ns_node,12,57,0.0,0.02
ns_node,12,58,0.0,0.02
ns_node,12,59,0.0,0.02
ns_node,12,60,0.0,0.02
ns_node,12,61,0.0,0.02
ns_node,12,62,0.0,0.02
ns_node,12,63,0.0,0.02
ns_node,12,64,0.0,0.02
ns_node,12,65,0.0,0.02
ns_node,12,66,0.0,0.02
ns_node,12,67,0.0,0.02
ns_node,12,68,0.0,0.02
ns_node,12,69,0.0,0.02
ns_node,12,70,0.0,0.02
ns_node,12,71,0.0,0.02
ns_node,12,72,0.0,0.02
ns_node,12,73,0.0,0.02
ns_node,12,74,0.0,0.02
ns_node,12,75,0.0,0.02
ns_node,12,76,0.0,0.02
ns_node,12,77,0.0,0.02
ns_node,12,78,0.0,0.02
ns_node,12,79,0.0,0.02
ns_node,12,80,0.0,0.02
ns_node,12,81,0.0,0.02
ns_node,12,82,0.0,0.02
ns_node,12,83,0.0,0.02
ns_node,12,84,0.0,0.02
ns_node,12,85,0.0,0.02
ns_node,12,86,0.0,0.02
ns_node,12,87,0.0,0.02
ns_node,12,88,0.0,0.02
ns_node,12,89,0.0,0.02
ns_node,12,90,0.0,0.02
ns_node,12,91,0.0,0.02
ns_node,12,92,0.0,0.02
ns_node,12,93,0.0,0.02
ns_node,12,94,0.0,0.02
ns_node,12,95,0.0,0.02
ns_node,12,96,0.0,0.02
ns_node,12,97,0.0,0.02
ns_node,12,98,0.0,0.02
ns_node,12,99,0.0,0.02
ns_node,12,100,0.0,0.02
ns_node,12,101,0.0,0.02
ns_node,12,102,0.0,0.02
ns_node,12,103,0.0,0.02
ns_node,12,104,0.0,0.02
ns_node,12,105,0.0,0.02
ns_node,12,106,0.0,0.02
ns_node,12,107,0.0,0.02
ns_node,12,108,0.0,0.02
ns_node,12,109,0.0,0.02
ns_node,12,110,0.0,0.02
ns_node,12,111,0.0,0.02
ns_node,12,112,0.0,0.02
ns_node,12,113,0.0,0.02
ns_node,12,114,0.0,0.02
ns_node,12,115,0.0,0.02
ns_node,12,116,0.0,0.02
ns_node,12,117,0.0,0.02
ns_node,12,118,0.0,0.02
ns_node,12,119,0.0,0.02
ns_node,12,120,0.0,0.02
ns_node,12,121,0.0,0.02
ns_node,12,122,0.0,0.02
ns_node,12,123,0.0,0.02
ns_node,12,124,0.0,0.02
ns_node,12,125,0.0,0.02
ns_node,12,126,0.0,0.02
ns_node,12,127,0.0,0.02
ns_node,12,128,0.0,0.02
ns_node,12,129,0.0,0.02
ns_node,12,130,0.0,0.02
ns_node,12,131,0.0,0.02
ns_node,12,132,0.0,0.02
ns_node,12,133,0.0,0.02
ns_node,12,134,0.0,0.02
ns_node,12,135,0.0,0.02
ns_node,12,136,0.0,0.02
ns_node,12,137,0.0,0.02
ns_node,12,138,0.0,0.02
ns_node,12,139,0.0,0.02
ns_node,12,140,0.0,0.02
ns_node,12,141,0.0,0.02
ns_node,12,142,0.0,0.02
ns_node,12,143,0.0,0.02
ns_node,12,144,0.0,0.02
ns_node,12,145,0.0,0.02
ns_node,12,146,0.0,0.02
ns_node,12,147,0.0,0.02
ns_node,12,148,0.0,0.02
ns_node,12,149,0.0,0.02
ns_node,12,150,0.0,0.02
ns_node,13,0,0.1,0.02
ns_node,13,1,0.07,0.02
ns_node,13,2,0.07,0.02
ns_node,13,3,0.07,0.02
ns_node,13,4,0.1,0.02
ns_node,13,5,0.1,0.02
ns_node,13,6,0.11,0.02
ns_node,13,7,0.11,0.02
ns_node,13,8,0.08,0.02
ns_node,13,9,0.08,0.02
ns_node,13,10,0.05,0.02
ns_node,13,11,0.05,0.02
ns_node,13,12,0.05,0.02
ns_node,13,13,0.05,0.02
ns_node,13,14,0.04,0.02
ns_node,13,15,0.03,0.02
ns_node,13,16,0.02,0.02
ns_node,13,17,0.02,0.02
ns_node,13,18,0.02,0.02
ns_node,13,19,0.0,0.02
ns_node,13,20,0.0,0.02
ns_node,13,21,0.0,0.02
ns_node,13,22,0.0,0.02
ns_node,13,23,0.0,0.02
ns_node,13,24,0.0,0.02
ns_node,13,25,0.0,0.02
ns_node,13,26,0.0,0.02
ns_node,13,27,0.0,0.02
ns_node,13,28,0.0,0.02
ns_node,13,29,0.0,0.02
ns_node,13,30,0.0,0.02
ns_node,13,31,0.0,0.02
ns_node,13,32,0.0,0.02
ns_node,13,33,0.0,0.02
ns_node,13,34,0.0,0.02
ns_node,13,35,0.0,0.02
ns_node,13,36,0.0,0.02
ns_node,13,37,0.0,0.02
ns_node,13,38,0.0,0.02
ns_node,13,39,0.0,0.02
ns_node,13,40,0.0,0.02
ns_node,13,41,0.0,0.02
ns_node,13,42,0.0,0.02
ns_node,13,43,0.0,0.02
ns_node,13,44,0.0,0.02
ns_node,13,45,0.0,0.02
ns_node,13,46,0.0,0.02
ns_node,13,47,0.0,0.02
ns_node,13,48,0.0,0.02
ns_node,13,49,0.0,0.02
ns_node,13,50,0.0,0.02
ns_node,13,51,0.0,0.02
ns_node,13,52,0.0,0.02
ns_node,13,53,0.0,0.02
ns_node,13,54,0.0,0.02
ns_node,13,55,0.0,0.02
ns_node,13,56,0.0,0.02
ns_node,13,57,0.0,0.02
ns_node,13,58,0.0,0.02
ns_node,13,59,0.0,0.02
ns_node,13,60,0.0,0.02
ns_node,13,61,0.0,0.02
ns_node,13,62,0.0,0.02
ns_node,13,63,0.0,0.02
ns_node,13,64,0.0,0.02
ns_node,13,65,0.0,0.02
ns_node,13,66,0.0,0.02
ns_node,13,67,0.0,0.02
ns_node,13,68,0.0,0.02
ns_node,13,69,0.0,0.02
ns_node,13,70,0.0,0.02
ns_node,13,71,0.0,0.02
ns_node,13,72,0.0,0.02
ns_node,13,73,0.0,0.02
ns_node,13,74,0.0,0.02
ns_node,13,75,0.0,0.02
ns_node,13,76,0.0,0.02
ns_node,13,77,0.0,0.02
ns_node,13,78,0.0,0.02
ns_node,13,79,0.0,0.02
ns_node,13,80,0.0,0.02
ns_node,13,81,0.0,0.02
ns_node,13,82,0.0,0.02
ns_node,13,83,0.0,0.02
ns_node,13,84,0.0,0.02
ns_node,13,85,0.0,0.02
ns_node,13,86,0.0,0.02
ns_node,13,87,0.0,0.02
ns_node,13,88,0.0,0.02
ns_node,13,89,0.0,0.02
ns_node,13,90,0.0,0.02
ns_node,13,91,0.0,0.02
ns_node,13,92,0.0,0.02
ns_node,13,93,0.0,0.02
ns_node,13,94,0.0,0.02
ns_node,13,95,0.0,0.02
ns_node,13,96,0.0,0.02
ns_node,13,97,0.0,0.02
ns_node,13,98,0.0,0.02
ns_node,13,99,0.0,0.02
ns_node,13,100,0.0,0.02
ns_node,13,101,0.0,0.02
ns_node,13,102,0.0,0.02
ns_node,13,103,0.0,0.02
ns_node,13,104,0.0,0.02
ns_node,13,105,0.0,0.02
ns_node,13,106,0.0,0.02
ns_node,13,107,0.0,0.02
ns_node,13,108,0.0,0.02
ns_node,13,109,0.0,0.02
ns_node,13,110,0.0,0.02
ns_node,13,111,0.0,0.02
ns_node,13,112,0.0,0.02
ns_node,13,113,0.0,0.02
ns_node,13,114,0.0,0.02
ns_node,13,115,0.0,0.02
ns_node,13,116,0.0,0.02
ns_node,13,117,0.0,0.02
ns_node,13,118,0.0,0.02
ns_node,13,119,0.0,0.02
ns_node,13,120,0.0,0.02
ns_node,13,121,0.0,0.02
ns_node,13,122,0.0,0.02
ns_node,13,123,0.0,0.02
ns_node,13,124,0.0,0.02
ns_node,13,125,0.0,0.02
ns_node,13,126,0.0,0.02
ns_node,13,127,0.0,0.02
ns_node,13,128,0.0,0.02
ns_node,13,129,0.0,0.02
ns_node,13,130,0.0,0.02
ns_node,13,131,0.0,0.02
ns_node,13,132,0.0,0.02
ns_node,13,133,0.0,0.02
ns_node,13,134,0.0,0.02
ns_node,13,135,0.0,0.02
ns_node,13,136,0.0,0.02
ns_node,13,137,0.0,0.02
ns_node,13,138,0.0,0.02
ns_node,13,139,0.0,0.02
ns_node,13,140,0.0,0.02
ns_node,13,141,0.0,0.02
ns_node,13,142,0.0,0.02
ns_node,13,143,0.0,0.02
ns_node,13,144,0.0,0.02
ns_node,13,145,0.0,0.02
ns_node,13,146,0.0,0.02
ns_node,13,147,0.0,0.02
ns_node,13,148,0.0,0.02
ns_node,13,149,0.0,0.02
ns_node,13,150,0.0,0.02
ns_node,14,0,0.09,0.02
ns_node,14,1,0.06,0.02
ns_node,14,2,0.05,0.02
ns_node,14,3,0.04,0.02
ns_node,14,4,0.04,0.02
ns_node,14,5,0.04,0.02
ns_node,14,6,0.03,0.02
ns_node,14,7,0.04,0.02
ns_node,14,8,0.05,0.02
ns_node,14,9,0.06,0.02
ns_node,14,10,0.04,0.02
ns_node,14,11,0.04,0.02
ns_node,14,12,0.03,0.02
ns_node,14,13,0.02,0.02
ns_node,14,14,0.02,0.02
ns_node,14,15,0.01,0.02
ns_node,14,16,0.01,0.02
ns_node,14,17,0.01,0.02
ns_node,14,18,0.0,0.02
ns_node,14,19,0.0,0.02
ns_node,14,20,0.0,0.02
ns_node,14,21,0.0,0.02
ns_node,14,22,0.0,0.02
ns_node,14,23,0.0,0.02
ns_node,14,24,0.0,0.02
ns_node,14,25,0.0,0.02
ns_node,14,26,0.0,0.02
ns_node,14,27,0.0,0.02
ns_node,14,28,0.0,0.02
ns_node,14,29,0.0,0.02
ns_node,14,30,0.0,0.02
ns_node,14,31,0.0,0.02
ns_node,14,32,0.0,0.02
ns_node,14,33,0.0,0.02
ns_node,14,34,0.0,0.02
ns_node,14,35,0.0,0.02
ns_node,14,36,0.0,0.02
ns_node,14,37,0.0,0.02
ns_node,14,38,0.0,0.02
ns_node,14,39,0.0,0.02
ns_node,14,40,0.0,0.02
ns_node,14,41,0.0,0.02
ns_node,14,42,0.0,0.02
ns_node,14,43,0.0,0.02
ns_node,14,44,0.0,0.02
ns_node,14,45,0.0,0.02
ns_node,14,46,0.0,0.02
ns_node,14,47,0.0,0.02
ns_node,14,48,0.0,0.02
ns_node,14,49,0.0,0.02
ns_node,14,50,0.0,0.02
ns_node,14,51,0.0,0.02
ns_node,14,52,0.0,0.02
ns_node,14,53,0.0,0.02
ns_node,14,54,0.0,0.02
ns_node,14,55,0.0,0.02
ns_node,14,56,0.0,0.02
ns_node,14,57,0.0,0.02
ns_node,14,58,0.0,0.02
ns_node,14,59,0.0,0.02
ns_node,14,60,0.0,0.02
ns_node,14,61,0.0,0.02
ns_node,14,62,0.0,0.02
ns_node,14,63,0.0,0.02
ns_node,14,64,0.0,0.02
ns_node,14,65,0.0,0.02
ns_node,14,66,0.0,0.02
ns_node,14,67,0.0,0.02
ns_node,14,68,0.0,0.02
ns_node,14,69,0.0,0.02
ns_node,14,70,0.0,0.02
ns_node,14,71,0.0,0.02
ns_node,14,72,0.0,0.02
ns_node,14,73,0.0,0.02
ns_node,14,74,0.0,0.02
ns_node,14,75,0.0,0.02
ns_node,14,76,0.0,0.02
ns_node,14,77,0.0,0.02
ns_node,14,78,0.0,0.02
ns_node,14,79,0.0,0.02
ns_node,14,80,0.0,0.02
ns_node,14,81,0.0,0.02
ns_node,14,82,0.0,0.02
ns_node,14,83,0.0,0.02
ns_node,14,84,0.0,0.02
ns_node,14,85,0.0,0.02
ns_node,14,86,0.0,0.02
ns_node,14,87,0.0,0.02
ns_node,14,88,0.0,0.02
ns_node,14,89,0.0,0.02
ns_node,14,90,0.0,0.02
ns_node,14,91,0.0,0.02
ns_node,14,92,0.0,0.02
ns_node,14,93,0.0,0.02
ns_node,14,94,0.0,0.02
ns_node,14,95,0.0,0.02
ns_node,14,96,0.0,0.02
ns_node,14,97,0.0,0.02
ns_node,14,98,0.0,0.02
ns_node,14,99,0.0,0.02
ns_node,14,100,0.0,0.02
ns_node,14,101,0.0,0.02
ns_node,14,102,0.0,0.02
ns_node,14,103,0.0,0.02
ns_node,14,104,0.0,0.02
ns_node,14,105,0.0,0.02
ns_node,14,106,0.0,0.02
ns_node,14,107,0.0,0.02
ns_node,14,108,0.0,0.02
ns_node,14,109,0.0,0.02
ns_node,14,110,0.0,0.02
ns_node,14,111,0.0,0.02
ns_node,14,112,0.0,0.02
ns_node,14,113,0.0,0.02
ns_node,14,114,0.0,0.02
ns_node,14,115,0.0,0.02
ns_node,14,116,0.0,0.02
ns_node,14,117,0.0,0.02
ns_node,14,118,0.0,0.02
ns_node,14,119,0.0,0.02
ns_node,14,120,0.0,0.02
ns_node,14,121,0.0,0.02
ns_node,14,122,0.0,0.02
ns_node,14,123,0.0,0.02
ns_node,14,124,0.0,0.02
ns_node,14,125,0.0,0.02
ns_node,14,126,0.0,0.02
ns_node,14,127,0.0,0.02
ns_node,14,128,0.0,0.02
ns_node,14,129,0.0,0.02
ns_node,14,130,0.0,0.02
ns_node,14,131,0.0,0.02
ns_node,14,132,0.0,0.02
ns_node,14,133,0.0,0.02
ns_node,14,134,0.0,0.02
ns_node,14,135,0.0,0.02
ns_node,14,136,0.0,0.02
ns_node,14,137,0.0,0.02
ns_node,14,138,0.0,0.02
ns_node,14,139,0.0,0.02
ns_node,14,140,0.0,0.02
ns_node,14,141,0.0,0.02
ns_node,14,142,0.0,0.02
ns_node,14,143,0.0,0.02
ns_node,14,144,0.0,0.02
ns_node,14,145,0.0,0.02
ns_node,14,146,0.0,0.02
ns_node,14,147,0.0,0.02
ns_node,14,148,0.0,0.02
ns_node,14,149,0.0,0.02
ns_node,14,150,0.0,0.02
ns_node,15,0,0.09,0.02
ns_node,15,1,0.08,0.02
ns_node,15,2,0.05,0.02
ns_node,15,3,0.03,0.02
ns_node,15,4,0.03,0.02
ns_node,15,5,0.04,0.02
ns_node,15,6,0.04,0.02
ns_node,15,7,0.04,0.02
ns_node,15,8,0.03,0.02
ns_node,15,9,0.02,0.02
ns_node,15,10,0.01,0.02
ns_node,15,11,0.01,0.02
ns_node,15,12,0.01,0.02
ns_node,15,13,0.01,0.02
ns_node,15,14,0.01,0.02
ns_node,15,15,0.0,0.02
ns_node,15,16,0.0,0.02
ns_node,15,17,0.0,0.02
ns_node,15,18,0.0,0.02
ns_node,15,19,0.0,0.02
ns_node,15,20,0.0,0.02
ns_node,15,21,0.0,0.02
ns_node,15,22,0.0,0.02
ns_node,15,23,0.0,0.02
ns_node,15,24,0.0,0.02
ns_node,15,25,0.0,0.02
ns_node,15,26,0.0,0.02
ns_node,15,27,0.0,0.02
ns_node,15,28,0.0,0.02
ns_node,15,29,0.0,0.02
ns_node,15,30,0.0,0.02
ns_node,15,31,0.0,0.02
ns_node,15,32,0.0,0.02
ns_node,15,33,0.0,0.02
ns_node,15,34,0.0,0.02
ns_node,15,35,0.0,0.02
ns_node,15,36,0.0,0.02
ns_node,15,37,0.0,0.02
ns_node,15,38,0.0,0.02
ns_node,15,39,0.0,0.02
ns_node,15,40,0.0,0.02
ns_node,15,41,0.0,0.02
ns_node,15,42,0.0,0.02
ns_node,15,43,0.0,0.02
ns_node,15,44,0.0,0.02
ns_node,15,45,0.0,0.02
ns_node,15,46,0.0,0.02
ns_node,15,47,0.0,0.02
ns_node,15,48,0.0,0.02
ns_node,15,49,0.0,0.02
ns_node,15,50,0.0,0.02
ns_node,15,51,0.0,0.02
ns_node,15,52,0.0,0.02
ns_node,15,53,0.0,0.02
ns_node,15,54,0.0,0.02
ns_node,15,55,0.0,0.02
ns_node,15,56,0.0,0.02
ns_node,15,57,0.0,0.02
ns_node,15,58,0.0,0.02
ns_node,15,59,0.0,0.02
ns_node,15,60,0.0,0.02
ns_node,15,61,0.0,0.02
ns_node,15,62,0.0,0.02
ns_node,15,63,0.0,0.02
ns_node,15,64,0.0,0.02
ns_node,15,65,0.0,0.02
ns_node,15,66,0.0,0.02
ns_node,15,67,0.0,0.02
ns_node,15,68,0.0,0.02
ns_node,15,69,0.0,0.02
ns_node,15,70,0.0,0.02
ns_node,15,71,0.0,0.02
ns_node,15,72,0.0,0.02
ns_node,15,73,0.0,0.02
ns_node,15,74,0.0,0.02
ns_node,15,75,0.0,0.02
ns_node,15,76,0.0,0.02
ns_node,15,77,0.0,0.02
ns_node,15,78,0.0,0.02
ns_node,15,79,0.0,0.02
ns_node,15,80,0.0,0.02
ns_node,15,81,0.0,0.02
ns_node,15,82,0.0,0.02
ns_node,15,83,0.0,0.02
ns_node,15,84,0.0,0.02
ns_node,15,85,0.0,0.02
ns_node,15,86,0.0,0.02
ns_node,15,87,0.0,0.02
ns_node,15,88,0.0,0.02
ns_node,15,89,0.0,0.02
ns_node,15,90,0.0,0.02
ns_node,15,91,0.0,0.02
ns_node,15,92,0.0,0.02
ns_node,15,93,0.0,0.02
ns_node,15,94,0.0,0.02
ns_node,15,95,0.0,0.02
ns_node,15,96,0.0,0.02
ns_node,15,97,0.0,0.02
ns_node,15,98,0.0,0.02
ns_node,15,99,0.0,0.02
ns_node,15,100,0.0,0.02
ns_node,15,101,0.0,0.02
ns_node,15,102,0.0,0.02
ns_node,15,103,0.0,0.02
ns_node,15,104,0.0,0.02
ns_node,15,105,0.0,0.02
ns_node,15,106,0.0,0.02
ns_node,15,107,0.0,0.02
ns_node,15,108,0.0,0.02
ns_node,15,109,0.0,0.02
ns_node,15,110,0.0,0.02
ns_node,15,111,0.0,0.02
ns_node,15,112,0.0,0.02
ns_node,15,113,0.0,0.02
ns_node,15,114,0.0,0.02
ns_node,15,115,0.0,0.02
ns_node,15,116,0.0,0.02
ns_node,15,117,0.0,0.02
ns_node,15,118,0.0,0.02
ns_node,15,119,0.0,0.02
ns_node,15,120,0.0,0.02
ns_node,15,121,0.0,0.02
ns_node,15,122,0.0,0.02
ns_node,15,123,0.0,0.02
ns_node,15,124,0.0,0.02
ns_node,15,125,0.0,0.02
ns_node,15,126,0.0,0.02
ns_node,15,127,0.0,0.02
ns_node,15,128,0.0,0.02
ns_node,15,129,0.0,0.02
ns_node,15,130,0.0,0.02
ns_node,15,131,0.0,0.02
ns_node,15,132,0.0,0.02
ns_node,15,133,0.0,0.02
ns_node,15,134,0.0,0.02
ns_node,15,135,0.0,0.02
ns_node,15,136,0.0,0.02
ns_node,15,137,0.0,0.02
ns_node,15,138,0.0,0.02
ns_node,15,139,0.0,0.02
ns_node,15,140,0.0,0.02
ns_node,15,141,0.0,0.02
ns_node,15,142,0.0,0.02
ns_node,15,143,0.0,0.02
ns_node,15,144,0.0,0.02
ns_node,15,145,0.0,0.02
ns_node,15,146,0.0,0.02
ns_node,15,147,0.0,0.02
ns_node,15,148,0.0,0.02
ns_node,15,149,0.0,0.02
ns_node,15,150,0.0,0.02
ns_node,16,0,0.1,0.02
ns_node,16,1,0.1,0.02
ns_node,16,2,0.1,0.02
ns_node,16,3,0.07,0.02
ns_node,16,4,0.09,0.02
ns_node,16,5,0.07,0.02
ns_node,16,6,0.05,0.02
ns_node,16,7,0.05,0.02
ns_node,16,8,0.05,0.02
ns_node,16,9,0.04,0.02
ns_node,16,10,0.05,0.02
ns_node,16,11,0.04,0.02
ns_node,16,12,0.02,0.02
ns_node,16,13,0.01,0.02
ns_node,16,14,0.01,0.02
ns_node,16,15,0.01,0.02
ns_node,16,16,0.01,0.02
ns_node,16,17,0.0,0.02
ns_node,16,18,0.0,0.02
ns_node,16,19,0.0,0.02
ns_node,16,20,0.0,0.02
ns_node,16,21,0.0,0.02
ns_node,16,22,0.0,0.02
ns_node,16,23,0.0,0.02
ns_node,16,24,0.0,0.02
ns_node,16,25,0.0,0.02
ns_node,16,26,0.0,0.02
ns_node,16,27,0.0,0.02
ns_node,16,28,0.0,0.02
ns_node,16,29,0.0,0.02
ns_node,16,30,0.0,0.02
ns_node,16,31,0.0,0.02
ns_node,16,32,0.0,0.02
ns_node,16,33,0.0,0.02
ns_node,16,34,0.0,0.02
ns_node,16,35,0.0,0.02
ns_node,16,36,0.0,0.02
ns_node,16,37,0.0,0.02
ns_node,16,38,0.0,0.02
ns_node,16,39,0.0,0.02
ns_node,16,40,0.0,0.02
ns_node,16,41,0.0,0.02
ns_node,16,42,0.0,0.02
ns_node,16,43,0.0,0.02
ns_node,16,44,0.0,0.02
ns_node,16,45,0.0,0.02
ns_node,16,46,0.0,0.02
ns_node,16,47,0.0,0.02
ns_node,16,48,0.0,0.02
ns_node,16,49,0.0,0.02
ns_node,16,50,0.0,0.02
ns_node,16,51,0.0,0.02
ns_node,16,52,0.0,0.02
ns_node,16,53,0.0,0.02
ns_node,16,54,0.0,0.02
ns_node,16,55,0.0,0.02
ns_node,16,56,0.0,0.02
ns_node,16,57,0.0,0.02
ns_node,16,58,0.0,0.02
ns_node,16,59,0.0,0.02
ns_node,16,60,0.0,0.02
ns_node,16,61,0.0,0.02
ns_node,16,62,0.0,0.02
ns_node,16,63,0.0,0.02
ns_node,16,64,0.0,0.02
ns_node,16,65,0.0,0.02
ns_node,16,66,0.0,0.02
ns_node,16,67,0.0,0.02
ns_node,16,68,0.0,0.02
ns_node,16,69,0.0,0.02
ns_node,16,70,0.0,0.02
ns_node,16,71,0.0,0.02
ns_node,16,72,0.0,0.02
ns_node,16,73,0.0,0.02
ns_node,16,74,0.0,0.02
ns_node,16,75,0.0,0.02
ns_node,16,76,0.0,0.02
ns_node,16,77,0.0,0.02
ns_node,16,78,0.0,0.02
ns_node,16,79,0.0,0.02
ns_node,16,80,0.0,0.02
ns_node,16,81,0.0,0.02
ns_node,16,82,0.0,0.02
ns_node,16,83,0.0,0.02
ns_node,16,84,0.0,0.02
ns_node,16,85,0.0,0.02
ns_node,16,86,0.0,0.02
ns_node,16,87,0.0,0.02
ns_node,16,88,0.0,0.02
ns_node,16,89,0.0,0.02
ns_node,16,90,0.0,0.02
ns_node,16,91,0.0,0.02
ns_node,16,92,0.0,0.02
ns_node,16,93,0.0,0.02
ns_node,16,94,0.0,0.02
ns_node,16,95,0.0,0.02
ns_node,16,96,0.0,0.02
ns_node,16,97,0.0,0.02
ns_node,16,98,0.0,0.02
ns_node,16,99,0.0,0.02
ns_node,16,100,0.0,0.02
ns_node,16,101,0.0,0.02
ns_node,16,102,0.0,0.02
ns_node,16,103,0.0,0.02
ns_node,16,104,0.0,0.02
ns_node,16,105,0.0,0.02
ns_node,16,106,0.0,0.02
ns_node,16,107,0.0,0.02
ns_node,16,108,0.0,0.02
ns_node,16,109,0.0,0.02
ns_node,16,110,0.0,0.02
ns_node,16,111,0.0,0.02
ns_node,16,112,0.0,0.02
ns_node,16,113,0.0,0.02
ns_node,16,114,0.0,0.02
ns_node,16,115,0.0,0.02
ns_node,16,116,0.0,0.02
ns_node,16,117,0.0,0.02
ns_node,16,118,0.0,0.02
ns_node,16,119,0.0,0.02
ns_node,16,120,0.0,0.02
ns_node,16,121,0.0,0.02
ns_node,16,122,0.0,0.02
ns_node,16,123,0.0,0.02
ns_node,16,124,0.0,0.02
ns_node,16,125,0.0,0.02
ns_node,16,126,0.0,0.02
ns_node,16,127,0.0,0.02
ns_node,16,128,0.0,0.02
ns_node,16,129,0.0,0.02
ns_node,16,130,0.0,0.02
ns_node,16,131,0.0,0.02
ns_node,16,132,0.0,0.02
ns_node,16,133,0.0,0.02
ns_node,16,134,0.0,0.02
ns_node,16,135,0.0,0.02
ns_node,16,136,0.0,0.02
ns_node,16,137,0.0,0.02
ns_node,16,138,0.0,0.02
ns_node,16,139,0.0,0.02
ns_node,16,140,0.0,0.02
ns_node,16,141,0.0,0.02
ns_node,16,142,0.0,0.02
ns_node,16,143,0.0,0.02
ns_node,16,144,0.0,0.02
ns_node,16,145,0.0,0.02
ns_node,16,146,0.0,0.02
ns_node,16,147,0.0,0.02
ns_node,16,148,0.0,0.02
ns_node,16,149,0.0,0.02
ns_node,16,150,0.0,0.02
ns_node,17,0,0.1,0.02
ns_node,17,1,0.08,0.02
ns_node,17,2,0.07,0.02
ns_node,17,3,0.07,0.02
ns_node,17,4,0.07,0.02
ns_node,17,5,0.05,0.02
ns_node,17,6,0.03,0.02
ns_node,17,7,0.03,0.02
ns_node,17,8,0.03,0.02
ns_node,17,9,0.03,0.02
ns_node,17,10,0.03,0.02
ns_node,17,11,0.02,0.02
ns_node,17,12,0.02,0.02
ns_node,17,13,0.02,0.02
ns_node,17,14,0.02,0.02
ns_node,17,15,0.02,0.02
ns_node,17,16,0.01,0.02
ns_node,17,17,0.01,0.02
ns_node,17,18,0.0,0.02
ns_node,17,19,0.0,0.02
ns_node,17,20,0.0,0.02
ns_node,17,21,0.0,0.02
ns_node,17,22,0.0,0.02
ns_node,17,23,0.0,0.02
ns_node,17,24,0.0,0.02
ns_node,17,25,0.0,0.02
ns_node,17,26,0.0,0.02
ns_node,17,27,0.0,0.02
ns_node,17,28,0.0,0.02
ns_node,17,29,0.0,0.02
ns_node,17,30,0.0,0.02
ns_node,17,31,0.0,0.02
ns_node,17,32,0.0,0.02
ns_node,17,33,0.0,0.02
ns_node,17,34,0.0,0.02
ns_node,17,35,0.0,0.02
ns_node,17,36,0.0,0.02
ns_node,17,37,0.0,0.02
ns_node,17,38,0.0,0.02
ns_node,17,39,0.0,0.02
ns_node,17,40,0.0,0.02
ns_node,17,41,0.0,0.02
ns_node,17,42,0.0,0.02
ns_node,17,43,0.0,0.02
ns_node,17,44,0.0,0.02
ns_node,17,45,0.0,0.02
ns_node,17,46,0.0,0.02
ns_node,17,47,0.0,0.02
ns_node,17,48,0.0,0.02
ns_node,17,49,0.0,0.02
ns_node,17,50,0.0,0.02
ns_node,17,51,0.0,0.02
ns_node,17,52,0.0,0.02
ns_node,17,53,0.0,0.02
ns_node,17,54,0.0,0.02
ns_node,17,55,0.0,0.02
ns_node,17,56,0.0,0.02
ns_node,17,57,0.0,0.02
ns_node,17,58,0.0,0.02
ns_node,17,59,0.0,0.02
ns_node,17,60,0.0,0.02
ns_node,17,61,0.0,0.02
ns_node,17,62,0.0,0.02
ns_node,17,63,0.0,0.02
ns_node,17,64,0.0,0.02
ns_node,17,65,0.0,0.02
ns_node,17,66,0.0,0.02
ns_node,17,67,0.0,0.02
ns_node,17,68,0.0,0.02
ns_node,17,69,0.0,0.02
ns_node,17,70,0.0,0.02
ns_node,17,71,0.0,0.02
ns_node,17,72,0.0,0.02
ns_node,17,73,0.0,0.02
ns_node,17,74,0.0,0.02
ns_node,17,75,0.0,0.02
ns_node,17,76,0.0,0.02
ns_node,17,77,0.0,0.02
ns_node,17,78,0.0,0.02
ns_node,17,79,0.0,0.02
ns_node,17,80,0.0,0.02
ns_node,17,81,0.0,0.02
ns_node,17,82,0.0,0.02
ns_node,17,83,0.0,0.02
ns_node,17,84,0.0,0.02
ns_node,17,85,0.0,0.02
ns_node,17,86,0.0,0.02
ns_node,17,87,0.0,0.02
ns_node,17,88,0.0,0.02
ns_node,17,89,0.0,0.02
ns_node,17,90,0.0,0.02
ns_node,17,91,0.0,0.02
ns_node,17,92,0.0,0.02
ns_node,17,93,0.0,0.02
ns_node,17,94,0.0,0.02
ns_node,17,95,0.0,0.02
ns_node,17,96,0.0,0.02
ns_node,17,97,0.0,0.02
ns_node,17,98,0.0,0.02
ns_node,17,99,0.0,0.02
ns_node,17,100,0.0,0.02
ns_node,17,101,0.0,0.02
ns_node,17,102,0.0,0.02
ns_node,17,103,0.0,0.02
ns_node,17,104,0.0,0.02
ns_node,17,105,0.0,0.02
ns_node,17,106,0.0,0.02
ns_node,17,107,0.0,0.02
ns_node,17,108,0.0,0.02
ns_node,17,109,0.0,0.02
ns_node,17,110,0.0,0.02
ns_node,17,111,0.0,0.02
ns_node,17,112,0.0,0.02
ns_node,17,113,0.0,0.02
ns_node,17,114,0.0,0.02
ns_node,17,115,0.0,0.02
ns_node,17,116,0.0,0.02
ns_node,17,117,0.0,0.02
ns_node,17,118,0.0,0.02
ns_node,17,119,0.0,0.02
ns_node,17,120,0.0,0.02
ns_node,17,121,0.0,0.02
ns_node,17,122,0.0,0.02
ns_node,17,123,0.0,0.02
ns_node,17,124,0.0,0.02
ns_node,17,125,0.0,0.02
ns_node,17,126,0.0,0.02
ns_node,17,127,0.0,0.02
ns_node,17,128,0.0,0.02
ns_node,17,129,0.0,0.02
ns_node,17,130,0.0,0.02
ns_node,17,131,0.0,0.02
ns_node,17,132,0.0,0.02
ns_node,17,133,0.0,0.02
ns_node,17,134,0.0,0.02
ns_node,17,135,0.0,0.02
ns_node,17,136,0.0,0.02
ns_node,17,137,0.0,0.02
ns_node,17,138,0.0,0.02
ns_node,17,139,0.0,0.02
ns_node,17,140,0.0,0.02
ns_node,17,141,0.0,0.02
ns_node,17,142,0.0,0.02
ns_node,17,143,0.0,0.02
ns_node,17,144,0.0,0.02
ns_node,17,145,0.0,0.02
ns_node,17,146,0.0,0.02
ns_node,17,147,0.0,0.02
ns_node,17,148,0.0,0.02
ns_node,17,149,0.0,0.02
ns_node,17,150,0.0,0.02
ns_node,18,0,0.1,0.02
ns_node,18,1,0.07,0.02
ns_node,18,2,0.07,0.02
ns_node,18,3,0.07,0.02
ns_node,18,4,0.06,0.02
ns_node,18,5,0.04,0.02
ns_node,18,6,0.03,0.02
ns_node,18,7,0.03,0.02
ns_node,18,8,0.01,0.02
ns_node,18,9,0.0,0.02
ns_node,18,10,0.0,0.02
ns_node,18,11,0.0,0.02
ns_node,18,12,0.0,0.02
ns_node,18,13,0.0,0.02
ns_node,18,14,0.0,0.02
ns_node,18,15,0.0,0.02
ns_node,18,16,0.0,0.02
ns_node,18,17,0.0,0.02
ns_node,18,18,0.0,0.02
ns_node,18,19,0.0,0.02
ns_node,18,20,0.0,0.02
ns_node,18,21,0.0,0.02
ns_node,18,22,0.0,0.02
ns_node,18,23,0.0,0.02
ns_node,18,24,0.0,0.02
ns_node,18,25,0.0,0.02
ns_node,18,26,0.0,0.02
ns_node,18,27,0.0,0.02
ns_node,18,28,0.0,0.02
ns_node,18,29,0.0,0.02
ns_node,18,30,0.0,0.02
ns_node,18,31,0.0,0.02
ns_node,18,32,0.0,0.02
ns_node,18,33,0.0,0.02
ns_node,18,34,0.0,0.02
ns_node,18,35,0.0,0.02
ns_node,18,36,0.0,0.02
ns_node,18,37,0.0,0.02
ns_node,18,38,0.0,0.02
ns_node,18,39,0.0,0.02
ns_node,18,40,0.0,0.02
ns_node,18,41,0.0,0.02
ns_node,18,42,0.0,0.02
ns_node,18,43,0.0,0.02
ns_node,18,44,0.0,0.02
ns_node,18,45,0.0,0.02
ns_node,18,46,0.0,0.02
ns_node,18,47,0.0,0.02
ns_node,18,48,0.0,0.02
ns_node,18,49,0.0,0.02
ns_node,18,50,0.0,0.02
ns_node,18,51,0.0,0.02
ns_node,18,52,0.0,0.02
ns_node,18,53,0.0,0.02
ns_node,18,54,0.0,0.02
ns_node,18,55,0.0,0.02
ns_node,18,56,0.0,0.02
ns_node,18,57,0.0,0.02
ns_node,18,58,0.0,0.02
ns_node,18,59,0.0,0.02
ns_node,18,60,0.0,0.02
ns_node,18,61,0.0,0.02
ns_node,18,62,0.0,0.02
ns_node,18,63,0.0,0.02
ns_node,18,64,0.0,0.02
ns_node,18,65,0.0,0.02
ns_node,18,66,0.0,0.02
ns_node,18,67,0.0,0.02
ns_node,18,68,0.0,0.02
ns_node,18,69,0.0,0.02
ns_node,18,70,0.0,0.02
ns_node,18,71,0.0,0.02
ns_node,18,72,0.0,0.02
ns_node,18,73,0.0,0.02
ns_node,18,74,0.0,0.02
ns_node,18,75,0.0,0.02
ns_node,18,76,0.0,0.02
ns_node,18,77,0.0,0.02
ns_node,18,78,0.0,0.02
ns_node,18,79,0.0,0.02
ns_node,18,80,0.0,0.02
ns_node,18,81,0.0,0.02
ns_node,18,82,0.0,0.02
ns_node,18,83,0.0,0.02
ns_node,18,84,0.0,0.02
ns_node,18,85,0.0,0.02
ns_node,18,86,0.0,0.02
ns_node,18,87,0.0,0.02
ns_node,18,88,0.0,0.02
ns_node,18,89,0.0,0.02
ns_node,18,90,0.0,0.02
ns_node,18,91,0.0,0.02
ns_node,18,92,0.0,0.02
ns_node,18,93,0.0,0.02
ns_node,18,94,0.0,0.02
ns_node,18,95,0.0,0.02
ns_node,18,96,0.0,0.02
ns_node,18,97,0.0,0.02
ns_node,18,98,0.0,0.02
ns_node,18,99,0.0,0.02
ns_node,18,100,0.0,0.02
ns_node,18,101,0.0,0.02
ns_node,18,102,0.0,0.02
ns_node,18,103,0.0,0.02
ns_node,18,104,0.0,0.02
ns_node,18,105,0.0,0.02
ns_node,18,106,0.0,0.02
ns_node,18,107,0.0,0.02
ns_node,18,108,0.0,0.02
ns_node,18,109,0.0,0.02
ns_node,18,110,0.0,0.02
ns_node,18,111,0.0,0.02
ns_node,18,112,0.0,0.02
ns_node,18,113,0.0,0.02
ns_node,18,114,0.0,0.02
ns_node,18,115,0.0,0.02
ns_node,18,116,0.0,0.02
ns_node,18,117,0.0,0.02
ns_node,18,118,0.0,0.02
ns_node,18,119,0.0,0.02
ns_node,18,120,0.0,0.02
ns_node,18,121,0.0,0.02
ns_node,18,122,0.0,0.02
ns_node,18,123,0.0,0.02
ns_node,18,124,0.0,0.02
ns_node,18,125,0.0,0.02
ns_node,18,126,0.0,0.02
ns_node,18,127,0.0,0.02
ns_node,18,128,0.0,0.02
ns_node,18,129,0.0,0.02
ns_node,18,130,0.0,0.02
ns_node,18,131,0.0,0.02
ns_node,18,132,0.0,0.02
ns_node,18,133,0.0,0.02
ns_node,18,134,0.0,0.02
ns_node,18,135,0.0,0.02
ns_node,18,136,0.0,0.02
ns_node,18,137,0.0,0.02
ns_node,18,138,0.0,0.02
ns_node,18,139,0.0,0.02
ns_node,18,140,0.0,0.02
ns_node,18,141,0.0,0.02
ns_node,18,142,0.0,0.02
ns_node,18,143,0.0,0.02
ns_node,18,144,0.0,0.02
ns_node,18,145,0.0,0.02
ns_node,18,146,0.0,0.02
ns_node,18,147,0.0,0.02
ns_node,18,148,0.0,0.02
ns_node,18,149,0.0,0.02
ns_node,18,150,0.0,0.02
ns_node,19,0,0.1,0.02
ns_node,19,1,0.08,0.02
ns_node,19,2,0.06,0.02
ns_node,19,3,0.05,0.02
ns_node,19,4,0.05,0.02
ns_node,19,5,0.06,0.02
ns_node,19,6,0.05,0.02
ns_node,19,7,0.05,0.02
ns_node,19,8,0.0,0.02
ns_node,19,9,0.0,0.02
ns_node,19,10,0.0,0.02
ns_node,19,11,0.0,0.02
ns_node,19,12,0.0,0.02
ns_node,19,13,0.0,0.02
ns_node,19,14,0.0,0.02
ns_node,19,15,0.0,0.02
ns_node,19,16,0.0,0.02
ns_node,19,17,0.0,0.02
ns_node,19,18,0.0,0.02
ns_node,19,19,0.0,0.02
ns_node,19,20,0.0,0.02
ns_node,19,21,0.0,0.02
ns_node,19,22,0.0,0.02
ns_node,19,23,0.0,0.02
ns_node,19,24,0.0,0.02
ns_node,19,25,0.0,0.02
ns_node,19,26,0.0,0.02
ns_node,19,27,0.0,0.02
ns_node,19,28,0.0,0.02
ns_node,19,29,0.0,0.02
ns_node,19,30,0.0,0.02
ns_node,19,31,0.0,0.02
ns_node,19,32,0.0,0.02
ns_node,19,33,0.0,0.02
ns_node,19,34,0.0,0.02
ns_node,19,35,0.0,0.02
ns_node,19,36,0.0,0.02
ns_node,19,37,0.0,0.02
ns_node,19,38,0.0,0.02
ns_node,19,39,0.0,0.02
ns_node,19,40,0.0,0.02
ns_node,19,41,0.0,0.02
ns_node,19,42,0.0,0.02
ns_node,19,43,0.0,0.02
ns_node,19,44,0.0,0.02
ns_node,19,45,0.0,0.02
ns_node,19,46,0.0,0.02
ns_node,19,47,0.0,0.02
ns_node,19,48,0.0,0.02
ns_node,19,49,0.0,0.02
ns_node,19,50,0.0,0.02
ns_node,19,51,0.0,0.02
ns_node,19,52,0.0,0.02
ns_node,19,53,0.0,0.02
ns_node,19,54,0.0,0.02
ns_node,19,55,0.0,0.02
ns_node,19,56,0.0,0.02
ns_node,19,57,0.0,0.02
ns_node,19,58,0.0,0.02
ns_node,19,59,0.0,0.02
ns_node,19,60,0.0,0.02
ns_node,19,61,0.0,0.02
ns_node,19,62,0.0,0.02
ns_node,19,63,0.0,0.02
ns_node,19,64,0.0,0.02
ns_node,19,65,0.0,0.02
ns_node,19,66,0.0,0.02
ns_node,19,67,0.0,0.02
ns_node,19,68,0.0,0.02
ns_node,19,69,0.0,0.02
ns_node,19,70,0.0,0.02
ns_node,19,71,0.0,0.02
ns_node,19,72,0.0,0.02
ns_node,19,73,0.0,0.02
ns_node,19,74,0.0,0.02
ns_node,19,75,0.0,0.02
ns_node,19,76,0.0,0.02
ns_node,19,77,0.0,0.02
ns_node,19,78,0.0,0.02
ns_node,19,79,0.0,0.02
ns_node,19,80,0.0,0.02
ns_node,19,81,0.0,0.02
ns_node,19,82,0.0,0.02
ns_node,19,83,0.0,0.02
ns_node,19,84,0.0,0.02
ns_node,19,85,0.0,0.02
ns_node,19,86,0.0,0.02
ns_node,19,87,0.0,0.02
ns_node,19,88,0.0,0.02
ns_node,19,89,0.0,0.02
ns_node,19,90,0.0,0.02
ns_node,19,91,0.0,0.02
ns_node,19,92,0.0,0.02
ns_node,19,93,0.0,0.02
ns_node,19,94,0.0,0.02
ns_node,19,95,0.0,0.02
ns_node,19,96,0.0,0.02
ns_node,19,97,0.0,0.02
ns_node,19,98,0.0,0.02
ns_node,19,99,0.0,0.02
ns_node,19,100,0.0,0.02
ns_node,19,101,0.0,0.02
ns_node,19,102,0.0,0.02
ns_node,19,103,0.0,0.02
ns_node,19,104,0.0,0.02
ns_node,19,105,0.0,0.02
ns_node,19,106,0.0,0.02
ns_node,19,107,0.0,0.02
ns_node,19,108,0.0,0.02
ns_node,19,109,0.0,0.02
ns_node,19,110,0.0,0.02
ns_node,19,111,0.0,0.02
ns_node,19,112,0.0,0.02
ns_node,19,113,0.0,0.02
ns_node,19,114,0.0,0.02
ns_node,19,115,0.0,0.02
ns_node,19,116,0.0,0.02
ns_node,19,117,0.0,0.02
ns_node,19,118,0.0,0.02
ns_node,19,119,0.0,0.02
ns_node,19,120,0.0,0.02
ns_node,19,121,0.0,0.02
ns_node,19,122,0.0,0.02
ns_node,19,123,0.0,0.02
ns_node,19,124,0.0,0.02
ns_node,19,125,0.0,0.02
ns_node,19,126,0.0,0.02
ns_node,19,127,0.0,0.02
ns_node,19,128,0.0,0.02
ns_node,19,129,0.0,0.02
ns_node,19,130,0.0,0.02
ns_node,19,131,0.0,0.02
ns_node,19,132,0.0,0.02
ns_node,19,133,0.0,0.02
ns_node,19,134,0.0,0.02
ns_node,19,135,0.0,0.02
ns_node,19,136,0.0,0.02
ns_node,19,137,0.0,0.02
ns_node,19,138,0.0,0.02
ns_node,19,139,0.0,0.02
ns_node,19,140,0.0,0.02
ns_node,19,141,0.0,0.02
ns_node,19,142,0.0,0.02
ns_node,19,143,0.0,0.02
ns_node,19,144,0.0,0.02
ns_node,19,145,0.0,0.02
ns_node,19,146,0.0,0.02
ns_node,19,147,0.0,0.02
ns_node,19,148,0.0,0.02
ns_node,19,149,0.0,0.02
ns_node,19,150,0.0,0.02
ns_node,0,0,0.09,0.04
ns_node,0,1,0.07,0.04
ns_node,0,2,0.07,0.04
ns_node,0,3,0.07,0.04
ns_node,0,4,0.05,0.04
ns_node,0,5,0.06,0.04
ns_node,0,6,0.04,0.04
ns_node,0,7,0.04,0.04
ns_node,0,8,0.02,0.04
ns_node,0,9,0.03,0.04
ns_node,0,10,0.03,0.04
ns_node,0,11,0.04,0.04
ns_node,0,12,0.05,0.04
ns_node,0,13,0.05,0.04
ns_node,0,14,0.03,0.04
ns_node,0,15,0.02,0.04
ns_node,0,16,0.02,0.04
ns_node,0,17,0.0,0.04
ns_node,0,18,0.0,0.04
ns_node,0,19,0.0,0.04
ns_node,0,20,0.0,0.04
ns_node,0,21,0.0,0.04
ns_node,0,22,0.0,0.04
ns_node,0,23,0.0,0.04
ns_node,0,24,0.0,0.04
ns_node,0,25,0.0,0.04
ns_node,0,26,0.0,0.04
ns_node,0,27,0.0,0.04
ns_node,0,28,0.0,0.04
ns_node,0,29,0.0,0.04
ns_node,0,30,0.0,0.04
ns_node,0,31,0.0,0.04
ns_node,0,32,0.0,0.04
ns_node,0,33,0.0,0.04
ns_node,0,34,0.0,0.04
ns_node,0,35,0.0,0.04
ns_node,0,36,0.0,0.04
ns_node,0,37,0.0,0.04
ns_node,0,38,0.0,0.04
ns_node,0,39,0.0,0.04
ns_node,0,40,0.0,0.04
ns_node,0,41,0.0,0.04
ns_node,0,42,0.0,0.04
ns_node,0,43,0.0,0.04
ns_node,0,44,0.0,0.04
ns_node,0,45,0.0,0.04
ns_node,0,46,0.0,0.04
ns_node,0,47,0.0,0.04
ns_node,0,48,0.0,0.04
ns_node,0,49,0.0,0.04
ns_node,0,50,0.0,0.04
ns_node,0,51,0.0,0.04
ns_node,0,52,0.0,0.04
ns_node,0,53,0.0,0.04
ns_node,0,54,0.0,0.04
ns_node,0,55,0.0,0.04
ns_node,0,56,0.0,0.04
ns_node,0,57,0.0,0.04
ns_node,0,58,0.0,0.04
ns_node,0,59,0.0,0.04
ns_node,0,60,0.0,0.04
ns_node,0,61,0.0,0.04
ns_node,0,62,0.0,0.04
ns_node,0,63,0.0,0.04
ns_node,0,64,0.0,0.04
ns_node,0,65,0.0,0.04
ns_node,0,66,0.0,0.04
ns_node,0,67,0.0,0.04
ns_node,0,68,0.0,0.04
ns_node,0,69,0.0,0.04
ns_node,0,70,0.0,0.04
ns_node,0,71,0.0,0.04
ns_node,0,72,0.0,0.04
ns_node,0,73,0.0,0.04
ns_node,0,74,0.0,0.04
ns_node,0,75,0.0,0.04
ns_node,0,76,0.0,0.04
ns_node,0,77,0.0,0.04
ns_node,0,78,0.0,0.04
ns_node,0,79,0.0,0.04
ns_node,0,80,0.0,0.04
ns_node,0,81,0.0,0.04
ns_node,0,82,0.0,0.04
ns_node,0,83,0.0,0.04
ns_node,0,84,0.0,0.04
ns_node,0,85,0.0,0.04
ns_node,0,86,0.0,0.04
ns_node,0,87,0.0,0.04
ns_node,0,88,0.0,0.04
ns_node,0,89,0.0,0.04
ns_node,0,90,0.0,0.04
ns_node,0,91,0.0,0.04
ns_node,0,92,0.0,0.04
ns_node,0,93,0.0,0.04
ns_node,0,94,0.0,0.04
ns_node,0,95,0.0,0.04
ns_node,0,96,0.0,0.04
ns_node,0,97,0.0,0.04
ns_node,0,98,0.0,0.04
ns_node,0,99,0.0,0.04
ns_node,0,100,0.0,0.04
ns_node,0,101,0.0,0.04
ns_node,0,102,0.0,0.04
ns_node,0,103,0.0,0.04
ns_node,0,104,0.0,0.04
ns_node,0,105,0.0,0.04
ns_node,0,106,0.0,0.04
ns_node,0,107,0.0,0.04
ns_node,0,108,0.0,0.04
ns_node,0,109,0.0,0.04
ns_node,0,110,0.0,0.04
ns_node,0,111,0.0,0.04
ns_node,0,112,0.0,0.04
ns_node,0,113,0.0,0.04
ns_node,0,114,0.0,0.04
ns_node,0,115,0.0,0.04
ns_node,0,116,0.0,0.04
ns_node,0,117,0.0,0.04
ns_node,0,118,0.0,0.04
ns_node,0,119,0.0,0.04
ns_node,0,120,0.0,0.04
ns_node,0,121,0.0,0.04
ns_node,0,122,0.0,0.04
ns_node,0,123,0.0,0.04
ns_node,0,124,0.0,0.04
ns_node,0,125,0.0,0.04
ns_node,0,126,0.0,0.04
ns_node,0,127,0.0,0.04
ns_node,0,128,0.0,0.04
ns_node,0,129,0.0,0.04
ns_node,0,130,0.0,0.04
ns_node,0,131,0.0,0.04
ns_node,0,132,0.0,0.04
ns_node,0,133,0.0,0.04
ns_node,0,134,0.0,0.04
ns_node,0,135,0.0,0.04
ns_node,0,136,0.0,0.04
ns_node,0,137,0.0,0.04
ns_node,0,138,0.0,0.04
ns_node,0,139,0.0,0.04
ns_node,0,140,0.0,0.04
ns_node,0,141,0.0,0.04
ns_node,0,142,0.0,0.04
ns_node,0,143,0.0,0.04
ns_node,0,144,0.0,0.04
ns_node,0,145,0.0,0.04
ns_node,0,146,0.0,0.04
ns_node,0,147,0.0,0.04
ns_node,0,148,0.0,0.04
ns_node,0,149,0.0,0.04
ns_node,0,150,0.0,0.04
ns_node,1,0,0.09,0.04
ns_node,1,1,0.06,0.04
ns_node,1,2,0.04,0.04
ns_node,1,3,0.04,0.04
ns_node,1,4,0.04,0.04
ns_node,1,5,0.03,0.04
ns_node,1,6,0.02,0.04
ns_node,1,7,0.03,0.04
ns_node,1,8,0.04,0.04
ns_node,1,9,0.04,0.04
ns_node,1,10,0.03,0.04
ns_node,1,11,0.02,0.04
ns_node,1,12,0.02,0.04
ns_node,1,13,0.04,0.04
ns_node,1,14,0.06,0.04
ns_node,1,15,0.04,0.04
ns_node,1,16,0.03,0.04
ns_node,1,17,0.03,0.04
ns_node,1,18,0.05,0.04
ns_node,1,19,0.06,0.04
ns_node,1,20,0.04,0.04
ns_node,1,21,0.04,0.04
ns_node,1,22,0.03,0.04
ns_node,1,23,0.01,0.04
ns_node,1,24,0.02,0.04
ns_node,1,25,0.02,0.04
ns_node,1,26,0.02,0.04
ns_node,1,27,0.03,0.04
ns_node,1,28,0.03,0.04
ns_node,1,29,0.03,0.04
ns_node,1,30,0.02,0.04
ns_node,1,31,0.02,0.04
ns_node,1,32,0.01,0.04
ns_node,1,33,0.01,0.04
ns_node,1,34,0.01,0.04
ns_node,1,35,0.0,0.04
ns_node,1,36,0.0,0.04
ns_node,1,37,0.0,0.04
ns_node,1,38,0.0,0.04
ns_node,1,39,0.0,0.04
ns_node,1,40,0.0,0.04
ns_node,1,41,0.0,0.04
ns_node,1,42,0.0,0.04
ns_node,1,43,0.0,0.04
ns_node,1,44,0.0,0.04
ns_node,1,45,0.0,0.04
ns_node,1,46,0.0,0.04
ns_node,1,47,0.0,0.04
ns_node,1,48,0.0,0.04
ns_node,1,49,0.0,0.04
ns_node,1,50,0.0,0.04
ns_node,1,51,0.0,0.04
ns_node,1,52,0.0,0.04
ns_node,1,53,0.0,0.04
ns_node,1,54,0.0,0.04
ns_node,1,55,0.0,0.04
ns_node,1,56,0.0,0.04
ns_node,1,57,0.0,0.04
ns_node,1,58,0.0,0.04
ns_node,1,59,0.0,0.04
ns_node,1,60,0.0,0.04
ns_node,1,61,0.0,0.04
ns_node,1,62,0.0,0.04
ns_node,1,63,0.0,0.04
ns_node,1,64,0.0,0.04
ns_node,1,65,0.0,0.04
ns_node,1,66,0.0,0.04
ns_node,1,67,0.0,0.04
ns_node,1,68,0.0,0.04
ns_node,1,69,0.0,0.04
ns_node,1,70,0.0,0.04
ns_node,1,71,0.0,0.04
ns_node,1,72,0.0,0.04
ns_node,1,73,0.0,0.04
ns_node,1,74,0.0,0.04
ns_node,1,75,0.0,0.04
ns_node,1,76,0.0,0.04
ns_node,1,77,0.0,0.04
ns_node,1,78,0.0,0.04
ns_node,1,79,0.0,0.04
ns_node,1,80,0.0,0.04
ns_node,1,81,0.0,0.04
ns_node,1,82,0.0,0.04
ns_node,1,83,0.0,0.04
ns_node,1,84,0.0,0.04
ns_node,1,85,0.0,0.04
ns_node,1,86,0.0,0.04
ns_node,1,87,0.0,0.04
ns_node,1,88,0.0,0.04
ns_node,1,89,0.0,0.04
ns_node,1,90,0.0,0.04
ns_node,1,91,0.0,0.04
ns_node,1,92,0.0,0.04
ns_node,1,93,0.0,0.04
ns_node,1,94,0.0,0.04
ns_node,1,95,0.0,0.04
ns_node,1,96,0.0,0.04
ns_node,1,97,0.0,0.04
ns_node,1,98,0.0,0.04
ns_node,1,99,0.0,0.04
ns_node,1,100,0.0,0.04
ns_node,1,101,0.0,0.04
ns_node,1,102,0.0,0.04
ns_node,1,103,0.0,0.04
ns_node,1,104,0.0,0.04
ns_node,1,105,0.0,0.04
ns_node,1,106,0.0,0.04
ns_node,1,107,0.0,0.04
ns_node,1,108,0.0,0.04
ns_node,1,109,0.0,0.04
ns_node,1,110,0.0,0.04
ns_node,1,111,0.0,0.04
ns_node,1,112,0.0,0.04
ns_node,1,113,0.0,0.04
ns_node,1,114,0.0,0.04
ns_node,1,115,0.0,0.04
ns_node,1,116,0.0,0.04
ns_node,1,117,0.0,0.04
ns_node,1,118,0.0,0.04
ns_node,1,119,0.0,0.04
ns_node,1,120,0.0,0.04
ns_node,1,121,0.0,0.04
ns_node,1,122,0.0,0.04
ns_node,1,123,0.0,0.04
ns_node,1,124,0.0,0.04
ns_node,1,125,0.0,0.04
ns_node,1,126,0.0,0.04
ns_node,1,127,0.0,0.04
ns_node,1,128,0.0,0.04
ns_node,1,129,0.0,0.04
ns_node,1,130,0.0,0.04
ns_node,1,131,0.0,0.04
ns_node,1,132,0.0,0.04
ns_node,1,133,0.0,0.04
ns_node,1,134,0.0,0.04
ns_node,1,135,0.0,0.04
ns_node,1,136,0.0,0.04
ns_node,1,137,0.0,0.04
ns_node,1,138,0.0,0.04
ns_node,1,139,0.0,0.04
ns_node,1,140,0.0,0.04
ns_node,1,141,0.0,0.04
ns_node,1,142,0.0,0.04
ns_node,1,143,0.0,0.04
ns_node,1,144,0.0,0.04
ns_node,1,145,0.0,0.04
ns_node,1,146,0.0,0.04
ns_node,1,147,0.0,0.04
ns_node,1,148,0.0,0.04
ns_node,1,149,0.0,0.04
ns_node,1,150,0.0,0.04
ns_node,2,0,0.09,0.04
ns_node,2,1,0.08,0.04
ns_node,2,2,0.1,0.04
ns_node,2,3,0.1,0.04
ns_node,2,4,0.12,0.04
ns_node,2,5,0.11,0.04
ns_node,2,6,0.11,0.04
ns_node,2,7,0.13,0.04
ns_node,2,8,0.09,0.04
ns_node,2,9,0.12,0.04
ns_node,2,10,0.12,0.04
ns_node,2,11,0.14,0.04
ns_node,2,12,0.15,0.04
ns_node,2,13,0.13,0.04
ns_node,2,14,0.12,0.04
ns_node,2,15,0.1,0.04
ns_node,2,16,0.06,0.04
ns_node,2,17,0.05,0.04
ns_node,2,18,0.04,0.04
ns_node,2,19,0.02,0.04
ns_node,2,20,0.02,0.04
ns_node,2,21,0.02,0.04
ns_node,2,22,0.02,0.04
ns_node,2,23,0.0,0.04
ns_node,2,24,0.0,0.04
ns_node,2,25,0.0,0.04
ns_node,2,26,0.0,0.04
ns_node,2,27,0.0,0.04
ns_node,2,28,0.0,0.04
ns_node,2,29,0.0,0.04
ns_node,2,30,0.0,0.04
ns_node,2,31,0.0,0.04
ns_node,2,32,0.0,0.04
ns_node,2,33,0.0,0.04
ns_node,2,34,0.0,0.04
ns_node,2,35,0.0,0.04
ns_node,2,36,0.0,0.04
ns_node,2,37,0.0,0.04
ns_node,2,38,0.0,0.04
ns_node,2,39,0.0,0.04
ns_node,2,40,0.0,0.04
ns_node,2,41,0.0,0.04
ns_node,2,42,0.0,0.04
ns_node,2,43,0.0,0.04
ns_node,2,44,0.0,0.04
ns_node,2,45,0.0,0.04
ns_node,2,46,0.0,0.04
ns_node,2,47,0.0,0.04
ns_node,2,48,0.0,0.04
ns_node,2,49,0.0,0.04
ns_node,2,50,0.0,0.04
ns_node,2,51,0.0,0.04
ns_node,2,52,0.0,0.04
ns_node,2,53,0.0,0.04
ns_node,2,54,0.0,0.04
ns_node,2,55,0.0,0.04
ns_node,2,56,0.0,0.04
ns_node,2,57,0.0,0.04
ns_node,2,58,0.0,0.04
ns_node,2,59,0.0,0.04
ns_node,2,60,0.0,0.04
ns_node,2,61,0.0,0.04
ns_node,2,62,0.0,0.04
ns_node,2,63,0.0,0.04
ns_node,2,64,0.0,0.04
ns_node,2,65,0.0,0.04
ns_node,2,66,0.0,0.04
ns_node,2,67,0.0,0.04
ns_node,2,68,0.0,0.04
ns_node,2,69,0.0,0.04
ns_node,2,70,0.0,0.04
ns_node,2,71,0.0,0.04
ns_node,2,72,0.0,0.04
ns_node,2,73,0.0,0.04
ns_node,2,74,0.0,0.04
ns_node,2,75,0.0,0.04
ns_node,2,76,0.0,0.04
ns_node,2,77,0.0,0.04
ns_node,2,78,0.0,0.04
ns_node,2,79,0.0,0.04
ns_node,2,80,0.0,0.04
ns_node,2,81,0.0,0.04
ns_node,2,82,0.0,0.04
ns_node,2,83,0.0,0.04
ns_node,2,84,0.0,0.04
ns_node,2,85,0.0,0.04
ns_node,2,86,0.0,0.04
ns_node,2,87,0.0,0.04
ns_node,2,88,0.0,0.04
ns_node,2,89,0.0,0.04
ns_node,2,90,0.0,0.04
ns_node,2,91,0.0,0.04
ns_node,2,92,0.0,0.04
ns_node,2,93,0.0,0.04
ns_node,2,94,0.0,0.04
ns_node,2,95,0.0,0.04
ns_node,2,96,0.0,0.04
ns_node,2,97,0.0,0.04
ns_node,2,98,0.0,0.04
ns_node,2,99,0.0,0.04
ns_node,2,100,0.0,0.04
ns_node,2,101,0.0,0.04
ns_node,2,102,0.0,0.04
ns_node,2,103,0.0,0.04
ns_node,2,104,0.0,0.04
ns_node,2,105,0.0,0.04
ns_node,2,106,0.0,0.04
ns_node,2,107,0.0,0.04
ns_node,2,108,0.0,0.04
ns_node,2,109,0.0,0.04
ns_node,2,110,0.0,0.04
ns_node,2,111,0.0,0.04
ns_node,2,112,0.0,0.04
ns_node,2,113,0.0,0.04
ns_node,2,114,0.0,0.04
ns_node,2,115,0.0,0.04
ns_node,2,116,0.0,0.04
ns_node,2,117,0.0,0.04
ns_node,2,118,0.0,0.04
ns_node,2,119,0.0,0.04
ns_node,2,120,0.0,0.04
ns_node,2,121,0.0,0.04
ns_node,2,122,0.0,0.04
ns_node,2,123,0.0,0.04
ns_node,2,124,0.0,0.04
ns_node,2,125,0.0,0.04
ns_node,2,126,0.0,0.04
ns_node,2,127,0.0,0.04
ns_node,2,128,0.0,0.04
ns_node,2,129,0.0,0.04
ns_node,2,130,0.0,0.04
ns_node,2,131,0.0,0.04
ns_node,2,132,0.0,0.04
ns_node,2,133,0.0,0.04
ns_node,2,134,0.0,0.04
ns_node,2,135,0.0,0.04
ns_node,2,136,0.0,0.04
ns_node,2,137,0.0,0.04
ns_node,2,138,0.0,0.04
ns_node,2,139,0.0,0.04
ns_node,2,140,0.0,0.04
ns_node,2,141,0.0,0.04
ns_node,2,142,0.0,0.04
ns_node,2,143,0.0,0.04
ns_node,2,144,0.0,0.04
ns_node,2,145,0.0,0.04
ns_node,2,146,0.0,0.04
ns_node,2,147,0.0,0.04
ns_node,2,148,0.0,0.04
ns_node,2,149,0.0,0.04
ns_node,2,150,0.0,0.04
ns_node,3,0,0.1,0.04
ns_node,3,1,0.11,0.04
ns_node,3,2,0.09,0.04
ns_node,3,3,0.09,0.04
ns_node,3,4,0.1,0.04
ns_node,3,5,0.11,0.04
ns_node,3,6,0.09,0.04
ns_node,3,7,0.08,0.04
ns_node,3,8,0.11,0.04
ns_node,3,9,0.09,0.04
ns_node,3,10,0.07,0.04
ns_node,3,11,0.05,0.04
ns_node,3,12,0.03,0.04
ns_node,3,13,0.02,0.04
ns_node,3,14,0.01,0.04
ns_node,3,15,0.0,0.04
ns_node,3,16,0.0,0.04
ns_node,3,17,0.0,0.04
ns_node,3,18,0.0,0.04
ns_node,3,19,0.0,0.04
ns_node,3,20,0.0,0.04
ns_node,3,21,0.0,0.04
ns_node,3,22,0.0,0.04
ns_node,3,23,0.0,0.04
ns_node,3,24,0.0,0.04
ns_node,3,25,0.0,0.04
ns_node,3,26,0.0,0.04
ns_node,3,27,0.0,0.04
ns_node,3,28,0.0,0.04
ns_node,3,29,0.0,0.04
ns_node,3,30,0.0,0.04
ns_node,3,31,0.0,0.04
ns_node,3,32,0.0,0.04
ns_node,3,33,0.0,0.04
ns_node,3,34,0.0,0.04
ns_node,3,35,0.0,0.04
ns_node,3,36,0.0,0.04
ns_node,3,37,0.0,0.04
ns_node,3,38,0.0,0.04
ns_node,3,39,0.0,0.04
ns_node,3,40,0.0,0.04
ns_node,3,41,0.0,0.04
ns_node,3,42,0.0,0.04
ns_node,3,43,0.0,0.04
ns_node,3,44,0.0,0.04
ns_node,3,45,0.0,0.04
ns_node,3,46,0.0,0.04
ns_node,3,47,0.0,0.04
ns_node,3,48,0.0,0.04
ns_node,3,49,0.0,0.04
ns_node,3,50,0.0,0.04
ns_node,3,51,0.0,0.04
ns_node,3,52,0.0,0.04
ns_node,3,53,0.0,0.04
ns_node,3,54,0.0,0.04
ns_node,3,55,0.0,0.04
ns_node,3,56,0.0,0.04
ns_node,3,57,0.0,0.04
ns_node,3,58,0.0,0.04
ns_node,3,59,0.0,0.04
ns_node,3,60,0.0,0.04
ns_node,3,61,0.0,0.04
ns_node,3,62,0.0,0.04
ns_node,3,63,0.0,0.04
ns_node,3,64,0.0,0.04
ns_node,3,65,0.0,0.04
ns_node,3,66,0.0,0.04
ns_node,3,67,0.0,0.04
ns_node,3,68,0.0,0.04
ns_node,3,69,0.0,0.04
ns_node,3,70,0.0,0.04
ns_node,3,71,0.0,0.04
ns_node,3,72,0.0,0.04
ns_node,3,73,0.0,0.04
ns_node,3,74,0.0,0.04
ns_node,3,75,0.0,0.04
ns_node,3,76,0.0,0.04
ns_node,3,77,0.0,0.04
ns_node,3,78,0.0,0.04
ns_node,3,79,0.0,0.04
ns_node,3,80,0.0,0.04
ns_node,3,81,0.0,0.04
ns_node,3,82,0.0,0.04
ns_node,3,83,0.0,0.04
ns_node,3,84,0.0,0.04
ns_node,3,85,0.0,0.04
ns_node,3,86,0.0,0.04
ns_node,3,87,0.0,0.04
ns_node,3,88,0.0,0.04
ns_node,3,89,0.0,0.04
ns_node,3,90,0.0,0.04
ns_node,3,91,0.0,0.04
ns_node,3,92,0.0,0.04
ns_node,3,93,0.0,0.04
ns_node,3,94,0.0,0.04
ns_node,3,95,0.0,0.04
ns_node,3,96,0.0,0.04
ns_node,3,97,0.0,0.04
ns_node,3,98,0.0,0.04
ns_node,3,99,0.0,0.04
ns_node,3,100,0.0,0.04
ns_node,3,101,0.0,0.04
ns_node,3,102,0.0,0.04
ns_node,3,103,0.0,0.04
ns_node,3,104,0.0,0.04
ns_node,3,105,0.0,0.04
ns_node,3,106,0.0,0.04
ns_node,3,107,0.0,0.04
ns_node,3,108,0.0,0.04
ns_node,3,109,0.0,0.04
ns_node,3,110,0.0,0.04
ns_node,3,111,0.0,0.04
ns_node,3,112,0.0,0.04
ns_node,3,113,0.0,0.04
ns_node,3,114,0.0,0.04
ns_node,3,115,0.0,0.04
ns_node,3,116,0.0,0.04
ns_node,3,117,0.0,0.04
ns_node,3,118,0.0,0.04
ns_node,3,119,0.0,0.04
ns_node,3,120,0.0,0.04
ns_node,3,121,0.0,0.04
ns_node,3,122,0.0,0.04
ns_node,3,123,0.0,0.04
ns_node,3,124,0.0,0.04
ns_node,3,125,0.0,0.04
ns_node,3,126,0.0,0.04
ns_node,3,127,0.0,0.04
ns_node,3,128,0.0,0.04
ns_node,3,129,0.0,0.04
ns_node,3,130,0.0,0.04
ns_node,3,131,0.0,0.04
ns_node,3,132,0.0,0.04
ns_node,3,133,0.0,0.04
ns_node,3,134,0.0,0.04
ns_node,3,135,0.0,0.04
ns_node,3,136,0.0,0.04
ns_node,3,137,0.0,0.04
ns_node,3,138,0.0,0.04
ns_node,3,139,0.0,0.04
ns_node,3,140,0.0,0.04
ns_node,3,141,0.0,0.04
ns_node,3,142,0.0,0.04
ns_node,3,143,0.0,0.04
ns_node,3,144,0.0,0.04
ns_node,3,145,0.0,0.04
ns_node,3,146,0.0,0.04
ns_node,3,147,0.0,0.04
ns_node,3,148,0.0,0.04
ns_node,3,149,0.0,0.04
ns_node,3,150,0.0,0.04
ns_node,4,0,0.09,0.04
ns_node,4,1,0.09,0.04
ns_node,4,2,0.07,0.04
ns_node,4,3,0.09,0.04
ns_node,4,4,0.06,0.04
ns_node,4,5,0.07,0.04
ns_node,4,6,0.07,0.04
ns_node,4,7,0.07,0.04
ns_node,4,8,0.08,0.04
ns_node,4,9,0.05,0.04
ns_node,4,10,0.06,0.04
ns_node,4,11,0.06,0.04
ns_node,4,12,0.02,0.04
ns_node,4,13,0.02,0.04
ns_node,4,14,0.05,0.04
ns_node,4,15,0.06,0.04
ns_node,4,16,0.05,0.04
ns_node,4,17,0.05,0.04
ns_node,4,18,0.04,0.04
ns_node,4,19,0.02,0.04
ns_node,4,20,0.03,0.04
ns_node,4,21,0.05,0.04
ns_node,4,22,0.05,0.04
ns_node,4,23,0.04,0.04
ns_node,4,24,0.04,0.04
ns_node,4,25,0.04,0.04
ns_node,4,26,0.03,0.04
ns_node,4,27,0.03,0.04
ns_node,4,28,0.01,0.04
ns_node,4,29,0.0,0.04
ns_node,4,30,0.0,0.04
ns_node,4,31,0.0,0.04
ns_node,4,32,0.0,0.04
ns_node,4,33,0.0,0.04
ns_node,4,34,0.0,0.04
ns_node,4,35,0.0,0.04
ns_node,4,36,0.0,0.04
ns_node,4,37,0.0,0.04
ns_node,4,38,0.0,0.04
ns_node,4,39,0.0,0.04
ns_node,4,40,0.0,0.04
ns_node,4,41,0.0,0.04
ns_node,4,42,0.0,0.04
ns_node,4,43,0.0,0.04
ns_node,4,44,0.0,0.04
ns_node,4,45,0.0,0.04
ns_node,4,46,0.0,0.04
ns_node,4,47,0.0,0.04
ns_node,4,48,0.0,0.04
ns_node,4,49,0.0,0.04
ns_node,4,50,0.0,0.04
ns_node,4,51,0.0,0.04
ns_node,4,52,0.0,0.04
ns_node,4,53,0.0,0.04
ns_node,4,54,0.0,0.04
ns_node,4,55,0.0,0.04
ns_node,4,56,0.0,0.04
ns_node,4,57,0.0,0.04
ns_node,4,58,0.0,0.04
ns_node,4,59,0.0,0.04
ns_node,4,60,0.0,0.04
ns_node,4,61,0.0,0.04
ns_node,4,62,0.0,0.04
ns_node,4,63,0.0,0.04
ns_node,4,64,0.0,0.04
ns_node,4,65,0.0,0.04
ns_node,4,66,0.0,0.04
ns_node,4,67,0.0,0.04
ns_node,4,68,0.0,0.04
ns_node,4,69,0.0,0.04
ns_node,4,70,0.0,0.04
ns_node,4,71,0.0,0.04
ns_node,4,72,0.0,0.04
ns_node,4,73,0.0,0.04
ns_node,4,74,0.0,0.04
ns_node,4,75,0.0,0.04
ns_node,4,76,0.0,0.04
ns_node,4,77,0.0,0.04
ns_node,4,78,0.0,0.04
ns_node,4,79,0.0,0.04
ns_node,4,80,0.0,0.04
ns_node,4,81,0.0,0.04
ns_node,4,82,0.0,0.04
ns_node,4,83,0.0,0.04
ns_node,4,84,0.0,0.04
ns_node,4,85,0.0,0.04
ns_node,4,86,0.0,0.04
ns_node,4,87,0.0,0.04
ns_node,4,88,0.0,0.04
ns_node,4,89,0.0,0.04
ns_node,4,90,0.0,0.04
ns_node,4,91,0.0,0.04
ns_node,4,92,0.0,0.04
ns_node,4,93,0.0,0.04
ns_node,4,94,0.0,0.04
ns_node,4,95,0.0,0.04
ns_node,4,96,0.0,0.04
ns_node,4,97,0.0,0.04
ns_node,4,98,0.0,0.04
ns_node,4,99,0.0,0.04
ns_node,4,100,0.0,0.04
ns_node,4,101,0.0,0.04
ns_node,4,102,0.0,0.04
ns_node,4,103,0.0,0.04
ns_node,4,104,0.0,0.04
ns_node,4,105,0.0,0.04
ns_node,4,106,0.0,0.04
ns_node,4,107,0.0,0.04
ns_node,4,108,0.0,0.04
ns_node,4,109,0.0,0.04
ns_node,4,110,0.0,0.04
ns_node,4,111,0.0,0.04
ns_node,4,112,0.0,0.04
ns_node,4,113,0.0,0.04
ns_node,4,114,0.0,0.04
ns_node,4,115,0.0,0.04
ns_node,4,116,0.0,0.04
ns_node,4,117,0.0,0.04
ns_node,4,118,0.0,0.04
ns_node,4,119,0.0,0.04
ns_node,4,120,0.0,0.04
ns_node,4,121,0.0,0.04
ns_node,4,122,0.0,0.04
ns_node,4,123,0.0,0.04
ns_node,4,124,0.0,0.04
ns_node,4,125,0.0,0.04
ns_node,4,126,0.0,0.04
ns_node,4,127,0.0,0.04
ns_node,4,128,0.0,0.04
ns_node,4,129,0.0,0.04
ns_node,4,130,0.0,0.04
ns_node,4,131,0.0,0.04
ns_node,4,132,0.0,0.04
ns_node,4,133,0.0,0.04
ns_node,4,134,0.0,0.04
ns_node,4,135,0.0,0.04
ns_node,4,136,0.0,0.04
ns_node,4,137,0.0,0.04
ns_node,4,138,0.0,0.04
ns_node,4,139,0.0,0.04
ns_node,4,140,0.0,0.04
ns_node,4,141,0.0,0.04
ns_node,4,142,0.0,0.04
ns_node,4,143,0.0,0.04
ns_node,4,144,0.0,0.04
ns_node,4,145,0.0,0.04
ns_node,4,146,0.0,0.04
ns_node,4,147,0.0,0.04
ns_node,4,148,0.0,0.04
ns_node,4,149,0.0,0.04
ns_node,4,150,0.0,0.04
ns_node,5,0,0.1,0.04
ns_node,5,1,0.08,0.04
ns_node,5,2,0.09,0.04
ns_node,5,3,0.11,0.04
ns_node,5,4,0.1,0.04
ns_node,5,5,0.12,0.04
ns_node,5,6,0.11,0.04
ns_node,5,7,0.11,0.04
ns_node,5,8,0.15,0.04
ns_node,5,9,0.12,0.04
ns_node,5,10,0.12,0.04
ns_node,5,11,0.13,0.04
ns_node,5,12,0.12,0.04
ns_node,5,13,0.08,0.04
ns_node,5,14,0.06,0.04
ns_node,5,15,0.07,0.04
ns_node,5,16,0.06,0.04
ns_node,5,17,0.07,0.04
ns_node,5,18,0.08,0.04
ns_node,5,19,0.1,0.04
ns_node,5,20,0.11,0.04
ns_node,5,21,0.09,0.04
ns_node,5,22,0.09,0.04
ns_node,5,23,0.06,0.04
ns_node,5,24,0.07,0.04
ns_node,5,25,0.05,0.04
ns_node,5,26,0.04,0.04
ns_node,5,27,0.03,0.04
ns_node,5,28,0.03,0.04
ns_node,5,29,0.02,0.04
ns_node,5,30,0.02,0.04
ns_node,5,31,0.03,0.04
ns_node,5,32,0.02,0.04
ns_node,5,33,0.04,0.04
ns_node,5,34,0.04,0.04
ns_node,5,35,0.03,0.04
ns_node,5,36,0.04,0.04
ns_node,5,37,0.02,0.04
ns_node,5,38,0.03,0.04
ns_node,5,39,0.05,0.04
ns_node,5,40,0.05,0.04
ns_node,5,41,0.05,0.04
ns_node,5,42,0.06,0.04
ns_node,5,43,0.06,0.04
ns_node,5,44,0.07,0.04
ns_node,5,45,0.07,0.04
ns_node,5,46,0.08,0.04
ns_node,5,47,0.06,0.04
ns_node,5,48,0.07,0.04
ns_node,5,49,0.07,0.04
ns_node,5,50,0.04,0.04
ns_node,5,51,0.05,0.04
ns_node,5,52,0.08,0.04
ns_node,5,53,0.08,0.04
ns_node,5,54,0.12,0.04
ns_node,5,55,0.11,0.04
ns_node,5,56,0.13,0.04
ns_node,5,57,0.15,0.04
ns_node,5,58,0.15,0.04
ns_node,5,59,0.16,0.04
ns_node,5,60,0.15,0.04
ns_node,5,61,0.19,0.04
ns_node,5,62,0.16,0.04
ns_node,5,63,0.15,0.04
ns_node,5,64,0.15,0.04
ns_node,5,65,0.13,0.04
ns_node,5,66,0.11,0.04
ns_node,5,67,0.09,0.04
ns_node,5,68,0.09,0.04
ns_node,5,69,0.09,0.04
ns_node,5,70,0.12,0.04
ns_node,5,71,0.16,0.04
ns_node,5,72,0.11,0.04
ns_node,5,73,0.11,0.04
ns_node,5,74,0.11,0.04
ns_node,5,75,0.09,0.04
ns_node,5,76,0.09,0.04
ns_node,5,77,0.08,0.04
ns_node,5,78,0.08,0.04
ns_node,5,79,0.07,0.04
ns_node,5,80,0.07,0.04
ns_node,5,81,0.07,0.04
ns_node,5,82,0.06,0.04
ns_node,5,83,0.06,0.04
ns_node,5,84,0.06,0.04
ns_node,5,85,0.07,0.04
ns_node,5,86,0.06,0.04
ns_node,5,87,0.06,0.04
ns_node,5,88,0.05,0.04
ns_node,5,89,0.08,0.04
ns_node,5,90,0.09,0.04
ns_node,5,91,0.09,0.04
ns_node,5,92,0.1,0.04
ns_node,5,93,0.1,0.04
ns_node,5,94,0.09,0.04
ns_node,5,95,0.09,0.04
ns_node,5,96,0.1,0.04
ns_node,5,97,0.13,0.04
ns_node,5,98,0.1,0.04
ns_node,5,99,0.08,0.04
ns_node,5,100,0.09,0.04
ns_node,5,101,0.11,0.04
ns_node,5,102,0.08,0.04
ns_node,5,103,0.07,0.04
ns_node,5,104,0.05,0.04
ns_node,5,105,0.05,0.04
ns_node,5,106,0.04,0.04
ns_node,5,107,0.04,0.04
ns_node,5,108,0.03,0.04
ns_node,5,109,0.02,0.04
ns_node,5,110,0.02,0.04
ns_node,5,111,0.02,0.04
ns_node,5,112,0.02,0.04
ns_node,5,113,0.01,0.04
ns_node,5,114,0.01,0.04
ns_node,5,115,0.01,0.04
ns_node,5,116,0.01,0.04
ns_node,5,117,0.01,0.04
ns_node,5,118,0.01,0.04
ns_node,5,119,0.0,0.04
ns_node,5,120,0.0,0.04
ns_node,5,121,0.0,0.04
ns_node,5,122,0.0,0.04
ns_node,5,123,0.0,0.04
ns_node,5,124,0.0,0.04
ns_node,5,125,0.0,0.04
ns_node,5,126,0.0,0.04
ns_node,5,127,0.0,0.04
ns_node,5,128,0.0,0.04
ns_node,5,129,0.0,0.04
ns_node,5,130,0.0,0.04
ns_node,5,131,0.0,0.04
ns_node,5,132,0.0,0.04
ns_node,5,133,0.0,0.04
ns_node,5,134,0.0,0.04
ns_node,5,135,0.0,0.04
ns_node,5,136,0.0,0.04
ns_node,5,137,0.0,0.04
ns_node,5,138,0.0,0.04
ns_node,5,139,0.0,0.04
ns_node,5,140,0.0,0.04
ns_node,5,141,0.0,0.04
ns_node,5,142,0.0,0.04
ns_node,5,143,0.0,0.04
ns_node,5,144,0.0,0.04
ns_node,5,145,0.0,0.04
ns_node,5,146,0.0,0.04
ns_node,5,147,0.0,0.04
ns_node,5,148,0.0,0.04
ns_node,5,149,0.0,0.04
ns_node,5,150,0.0,0.04
ns_node,6,0,0.1,0.04
ns_node,6,1,0.08,0.04
ns_node,6,2,0.07,0.04
ns_node,6,3,0.06,0.04
ns_node,6,4,0.06,0.04
ns_node,6,5,0.07,0.04
ns_node,6,6,0.08,0.04
ns_node,6,7,0.08,0.04
ns_node,6,8,0.07,0.04
ns_node,6,9,0.07,0.04
ns_node,6,10,0.07,0.04
ns_node,6,11,0.06,0.04
ns_node,6,12,0.08,0.04
ns_node,6,13,0.07,0.04
ns_node,6,14,0.07,0.04
ns_node,6,15,0.05,0.04
ns_node,6,16,0.04,0.04
ns_node,6,17,0.01,0.04
ns_node,6,18,0.01,0.04
ns_node,6,19,0.02,0.04
ns_node,6,20,0.02,0.04
ns_node,6,21,0.02,0.04
ns_node,6,22,0.01,0.04
ns_node,6,23,0.01,0.04
ns_node,6,24,0.01,0.04
ns_node,6,25,0.0,0.04
ns_node,6,26,0.0,0.04
ns_node,6,27,0.0,0.04
ns_node,6,28,0.0,0.04
ns_node,6,29,0.0,0.04
ns_node,6,30,0.0,0.04
ns_node,6,31,0.0,0.04
ns_node,6,32,0.0,0.04
ns_node,6,33,0.0,0.04
ns_node,6,34,0.0,0.04
ns_node,6,35,0.0,0.04
ns_node,6,36,0.0,0.04
ns_node,6,37,0.0,0.04
ns_node,6,38,0.0,0.04
ns_node,6,39,0.0,0.04
ns_node,6,40,0.0,0.04
ns_node,6,41,0.0,0.04
ns_node,6,42,0.0,0.04
ns_node,6,43,0.0,0.04
ns_node,6,44,0.0,0.04
ns_node,6,45,0.0,0.04
ns_node,6,46,0.0,0.04
ns_node,6,47,0.0,0.04
ns_node,6,48,0.0,0.04
ns_node,6,49,0.0,0.04
ns_node,6,50,0.0,0.04
ns_node,6,51,0.0,0.04
ns_node,6,52,0.0,0.04
ns_node,6,53,0.0,0.04
ns_node,6,54,0.0,0.04
ns_node,6,55,0.0,0.04
ns_node,6,56,0.0,0.04
ns_node,6,57,0.0,0.04
ns_node,6,58,0.0,0.04
ns_node,6,59,0.0,0.04
ns_node,6,60,0.0,0.04
ns_node,6,61,0.0,0.04
ns_node,6,62,0.0,0.04
ns_node,6,63,0.0,0.04
ns_node,6,64,0.0,0.04
ns_node,6,65,0.0,0.04
ns_node,6,66,0.0,0.04
ns_node,6,67,0.0,0.04
ns_node,6,68,0.0,0.04
ns_node,6,69,0.0,0.04
ns_node,6,70,0.0,0.04
ns_node,6,71,0.0,0.04
ns_node,6,72,0.0,0.04
ns_node,6,73,0.0,0.04
ns_node,6,74,0.0,0.04
ns_node,6,75,0.0,0.04
ns_node,6,76,0.0,0.04
ns_node,6,77,0.0,0.04
ns_node,6,78,0.0,0.04
ns_node,6,79,0.0,0.04
ns_node,6,80,0.0,0.04
ns_node,6,81,0.0,0.04
ns_node,6,82,0.0,0.04
ns_node,6,83,0.0,0.04
ns_node,6,84,0.0,0.04
ns_node,6,85,0.0,0.04
ns_node,6,86,0.0,0.04
ns_node,6,87,0.0,0.04
ns_node,6,88,0.0,0.04
ns_node,6,89,0.0,0.04
ns_node,6,90,0.0,0.04
ns_node,6,91,0.0,0.04
ns_node,6,92,0.0,0.04
ns_node,6,93,0.0,0.04
ns_node,6,94,0.0,0.04
ns_node,6,95,0.0,0.04
ns_node,6,96,0.0,0.04
ns_node,6,97,0.0,0.04
ns_node,6,98,0.0,0.04
ns_node,6,99,0.0,0.04
ns_node,6,100,0.0,0.04
ns_node,6,101,0.0,0.04
ns_node,6,102,0.0,0.04
ns_node,6,103,0.0,0.04
ns_node,6,104,0.0,0.04
ns_node,6,105,0.0,0.04
ns_node,6,106,0.0,0.04
ns_node,6,107,0.0,0.04
ns_node,6,108,0.0,0.04
ns_node,6,109,0.0,0.04
ns_node,6,110,0.0,0.04
ns_node,6,111,0.0,0.04
ns_node,6,112,0.0,0.04
ns_node,6,113,0.0,0.04
ns_node,6,114,0.0,0.04
ns_node,6,115,0.0,0.04
ns_node,6,116,0.0,0.04
ns_node,6,117,0.0,0.04
ns_node,6,118,0.0,0.04
ns_node,6,119,0.0,0.04
ns_node,6,120,0.0,0.04
ns_node,6,121,0.0,0.04
ns_node,6,122,0.0,0.04
ns_node,6,123,0.0,0.04
ns_node,6,124,0.0,0.04
ns_node,6,125,0.0,0.04
ns_node,6,126,0.0,0.04
ns_node,6,127,0.0,0.04
ns_node,6,128,0.0,0.04
ns_node,6,129,0.0,0.04
ns_node,6,130,0.0,0.04
ns_node,6,131,0.0,0.04
ns_node,6,132,0.0,0.04
ns_node,6,133,0.0,0.04
ns_node,6,134,0.0,0.04
ns_node,6,135,0.0,0.04
ns_node,6,136,0.0,0.04
ns_node,6,137,0.0,0.04
ns_node,6,138,0.0,0.04
ns_node,6,139,0.0,0.04
ns_node,6,140,0.0,0.04
ns_node,6,141,0.0,0.04
ns_node,6,142,0.0,0.04
ns_node,6,143,0.0,0.04
ns_node,6,144,0.0,0.04
ns_node,6,145,0.0,0.04
ns_node,6,146,0.0,0.04
ns_node,6,147,0.0,0.04
ns_node,6,148,0.0,0.04
ns_node,6,149,0.0,0.04
ns_node,6,150,0.0,0.04
ns_node,7,0,0.1,0.04
ns_node,7,1,0.06,0.04
ns_node,7,2,0.05,0.04
ns_node,7,3,0.07,0.04
ns_node,7,4,0.06,0.04
ns_node,7,5,0.05,0.04
ns_node,7,6,0.06,0.04
ns_node,7,7,0.05,0.04
ns_node,7,8,0.05,0.04
ns_node,7,9,0.06,0.04
ns_node,7,10,0.03,0.04
ns_node,7,11,0.03,0.04
ns_node,7,12,0.03,0.04
ns_node,7,13,0.02,0.04
ns_node,7,14,0.01,0.04
ns_node,7,15,0.01,0.04
ns_node,7,16,0.02,0.04
ns_node,7,17,0.02,0.04
ns_node,7,18,0.02,0.04
ns_node,7,19,0.03,0.04
ns_node,7,20,0.04,0.04
ns_node,7,21,0.03,0.04
ns_node,7,22,0.01,0.04
ns_node,7,23,0.01,0.04
ns_node,7,24,0.01,0.04
ns_node,7,25,0.01,0.04
ns_node,7,26,0.01,0.04
ns_node,7,27,0.02,0.04
ns_node,7,28,0.02,0.04
ns_node,7,29,0.02,0.04
ns_node,7,30,0.02,0.04
ns_node,7,31,0.01,0.04
ns_node,7,32,0.02,0.04
ns_node,7,33,0.01,0.04
ns_node,7,34,0.01,0.04
ns_node,7,35,0.01,0.04
ns_node,7,36,0.01,0.04
ns_node,7,37,0.01,0.04
ns_node,7,38,0.01,0.04
ns_node,7,39,0.01,0.04
ns_node,7,40,0.01,0.04
ns_node,7,41,0.0,0.04
ns_node,7,42,0.0,0.04
ns_node,7,43,0.0,0.04
ns_node,7,44,0.0,0.04
ns_node,7,45,0.0,0.04
ns_node,7,46,0.0,0.04
ns_node,7,47,0.0,0.04
ns_node,7,48,0.0,0.04
ns_node,7,49,0.0,0.04
ns_node,7,50,0.0,0.04
ns_node,7,51,0.0,0.04
ns_node,7,52,0.0,0.04
ns_node,7,53,0.0,0.04
ns_node,7,54,0.0,0.04
ns_node,7,55,0.0,0.04
ns_node,7,56,0.0,0.04
ns_node,7,57,0.0,0.04
ns_node,7,58,0.0,0.04
ns_node,7,59,0.0,0.04
ns_node,7,60,0.0,0.04
ns_node,7,61,0.0,0.04
ns_node,7,62,0.0,0.04
ns_node,7,63,0.0,0.04
ns_node,7,64,0.0,0.04
ns_node,7,65,0.0,0.04
ns_node,7,66,0.0,0.04
ns_node,7,67,0.0,0.04
ns_node,7,68,0.0,0.04
ns_node,7,69,0.0,0.04
ns_node,7,70,0.0,0.04
ns_node,7,71,0.0,0.04
ns_node,7,72,0.0,0.04
ns_node,7,73,0.0,0.04
ns_node,7,74,0.0,0.04
ns_node,7,75,0.0,0.04
ns_node,7,76,0.0,0.04
ns_node,7,77,0.0,0.04
ns_node,7,78,0.0,0.04
ns_node,7,79,0.0,0.04
ns_node,7,80,0.0,0.04
ns_node,7,81,0.0,0.04
ns_node,7,82,0.0,0.04
ns_node,7,83,0.0,0.04
ns_node,7,84,0.0,0.04
ns_node,7,85,0.0,0.04
ns_node,7,86,0.0,0.04
ns_node,7,87,0.0,0.04
ns_node,7,88,0.0,0.04
ns_node,7,89,0.0,0.04
ns_node,7,90,0.0,0.04
ns_node,7,91,0.0,0.04
ns_node,7,92,0.0,0.04
ns_node,7,93,0.0,0.04
ns_node,7,94,0.0,0.04
ns_node,7,95,0.0,0.04
ns_node,7,96,0.0,0.04
ns_node,7,97,0.0,0.04
ns_node,7,98,0.0,0.04
ns_node,7,99,0.0,0.04
ns_node,7,100,0.0,0.04
ns_node,7,101,0.0,0.04
ns_node,7,102,0.0,0.04
ns_node,7,103,0.0,0.04
ns_node,7,104,0.0,0.04
ns_node,7,105,0.0,0.04
ns_node,7,106,0.0,0.04
ns_node,7,107,0.0,0.04
ns_node,7,108,0.0,0.04
ns_node,7,109,0.0,0.04
ns_node,7,110,0.0,0.04
ns_node,7,111,0.0,0.04
ns_node,7,112,0.0,0.04
ns_node,7,113,0.0,0.04
ns_node,7,114,0.0,0.04
ns_node,7,115,0.0,0.04
ns_node,7,116,0.0,0.04
ns_node,7,117,0.0,0.04
ns_node,7,118,0.0,0.04
ns_node,7,119,0.0,0.04
ns_node,7,120,0.0,0.04
ns_node,7,121,0.0,0.04
ns_node,7,122,0.0,0.04
ns_node,7,123,0.0,0.04
ns_node,7,124,0.0,0.04
ns_node,7,125,0.0,0.04
ns_node,7,126,0.0,0.04
ns_node,7,127,0.0,0.04
ns_node,7,128,0.0,0.04
ns_node,7,129,0.0,0.04
ns_node,7,130,0.0,0.04
ns_node,7,131,0.0,0.04
ns_node,7,132,0.0,0.04
ns_node,7,133,0.0,0.04
ns_node,7,134,0.0,0.04
ns_node,7,135,0.0,0.04
ns_node,7,136,0.0,0.04
ns_node,7,137,0.0,0.04
ns_node,7,138,0.0,0.04
ns_node,7,139,0.0,0.04
ns_node,7,140,0.0,0.04
ns_node,7,141,0.0,0.04
ns_node,7,142,0.0,0.04
ns_node,7,143,0.0,0.04
ns_node,7,144,0.0,0.04
ns_node,7,145,0.0,0.04
ns_node,7,146,0.0,0.04
ns_node,7,147,0.0,0.04
ns_node,7,148,0.0,0.04
ns_node,7,149,0.0,0.04
ns_node,7,150,0.0,0.04
ns_node,8,0,0.1,0.04
ns_node,8,1,0.1,0.04
ns_node,8,2,0.1,0.04
ns_node,8,3,0.1,0.04
ns_node,8,4,0.1,0.04
ns_node,8,5,0.13,0.04
ns_node,8,6,0.12,0.04
ns_node,8,7,0.1,0.04
ns_node,8,8,0.1,0.04
ns_node,8,9,0.09,0.04
ns_node,8,10,0.07,0.04
ns_node,8,11,0.09,0.04
ns_node,8,12,0.09,0.04
ns_node,8,13,0.08,0.04
ns_node,8,14,0.06,0.04
ns_node,8,15,0.05,0.04
ns_node,8,16,0.06,0.04
ns_node,8,17,0.05,0.04
ns_node,8,18,0.05,0.04
ns_node,8,19,0.08,0.04
ns_node,8,20,0.09,0.04
ns_node,8,21,0.08,0.04
ns_node,8,22,0.07,0.04
ns_node,8,23,0.07,0.04
ns_node,8,24,0.05,0.04
ns_node,8,25,0.06,0.04
ns_node,8,26,0.04,0.04
ns_node,8,27,0.02,0.04
ns_node,8,28,0.01,0.04
ns_node,8,29,0.0,0.04
ns_node,8,30,0.0,0.04
ns_node,8,31,0.0,0.04
ns_node,8,32,0.0,0.04
ns_node,8,33,0.0,0.04
ns_node,8,34,0.0,0.04
ns_node,8,35,0.0,0.04
ns_node,8,36,0.0,0.04
ns_node,8,37,0.0,0.04
ns_node,8,38,0.0,0.04
ns_node,8,39,0.0,0.04
ns_node,8,40,0.0,0.04
ns_node,8,41,0.0,0.04
ns_node,8,42,0.0,0.04
ns_node,8,43,0.0,0.04
ns_node,8,44,0.0,0.04
ns_node,8,45,0.0,0.04
ns_node,8,46,0.0,0.04
ns_node,8,47,0.0,0.04
ns_node,8,48,0.0,0.04
ns_node,8,49,0.0,0.04
ns_node,8,50,0.0,0.04
ns_node,8,51,0.0,0.04
ns_node,8,52,0.0,0.04
ns_node,8,53,0.0,0.04
ns_node,8,54,0.0,0.04
ns_node,8,55,0.0,0.04
ns_node,8,56,0.0,0.04
ns_node,8,57,0.0,0.04
ns_node,8,58,0.0,0.04
ns_node,8,59,0.0,0.04
ns_node,8,60,0.0,0.04
ns_node,8,61,0.0,0.04
ns_node,8,62,0.0,0.04
ns_node,8,63,0.0,0.04
ns_node,8,64,0.0,0.04
ns_node,8,65,0.0,0.04
ns_node,8,66,0.0,0.04
ns_node,8,67,0.0,0.04
ns_node,8,68,0.0,0.04
ns_node,8,69,0.0,0.04
ns_node,8,70,0.0,0.04
ns_node,8,71,0.0,0.04
ns_node,8,72,0.0,0.04
ns_node,8,73,0.0,0.04
ns_node,8,74,0.0,0.04
ns_node,8,75,0.0,0.04
ns_node,8,76,0.0,0.04
ns_node,8,77,0.0,0.04
ns_node,8,78,0.0,0.04
ns_node,8,79,0.0,0.04
ns_node,8,80,0.0,0.04
ns_node,8,81,0.0,0.04
ns_node,8,82,0.0,0.04
ns_node,8,83,0.0,0.04
ns_node,8,84,0.0,0.04
ns_node,8,85,0.0,0.04
ns_node,8,86,0.0,0.04
ns_node,8,87,0.0,0.04
ns_node,8,88,0.0,0.04
ns_node,8,89,0.0,0.04
ns_node,8,90,0.0,0.04
ns_node,8,91,0.0,0.04
ns_node,8,92,0.0,0.04
ns_node,8,93,0.0,0.04
ns_node,8,94,0.0,0.04
ns_node,8,95,0.0,0.04
ns_node,8,96,0.0,0.04
ns_node,8,97,0.0,0.04
ns_node,8,98,0.0,0.04
ns_node,8,99,0.0,0.04
ns_node,8,100,0.0,0.04
ns_node,8,101,0.0,0.04
ns_node,8,102,0.0,0.04
ns_node,8,103,0.0,0.04
ns_node,8,104,0.0,0.04
ns_node,8,105,0.0,0.04
ns_node,8,106,0.0,0.04
ns_node,8,107,0.0,0.04
ns_node,8,108,0.0,0.04
ns_node,8,109,0.0,0.04
ns_node,8,110,0.0,0.04
ns_node,8,111,0.0,0.04
ns_node,8,112,0.0,0.04
ns_node,8,113,0.0,0.04
ns_node,8,114,0.0,0.04
ns_node,8,115,0.0,0.04
ns_node,8,116,0.0,0.04
ns_node,8,117,0.0,0.04
ns_node,8,118,0.0,0.04
ns_node,8,119,0.0,0.04
ns_node,8,120,0.0,0.04
ns_node,8,121,0.0,0.04
ns_node,8,122,0.0,0.04
ns_node,8,123,0.0,0.04
ns_node,8,124,0.0,0.04
ns_node,8,125,0.0,0.04
ns_node,8,126,0.0,0.04
ns_node,8,127,0.0,0.04
ns_node,8,128,0.0,0.04
ns_node,8,129,0.0,0.04
ns_node,8,130,0.0,0.04
ns_node,8,131,0.0,0.04
ns_node,8,132,0.0,0.04
ns_node,8,133,0.0,0.04
ns_node,8,134,0.0,0.04
ns_node,8,135,0.0,0.04
ns_node,8,136,0.0,0.04
ns_node,8,137,0.0,0.04
ns_node,8,138,0.0,0.04
ns_node,8,139,0.0,0.04
ns_node,8,140,0.0,0.04
ns_node,8,141,0.0,0.04
ns_node,8,142,0.0,0.04
ns_node,8,143,0.0,0.04
ns_node,8,144,0.0,0.04
ns_node,8,145,0.0,0.04
ns_node,8,146,0.0,0.04
ns_node,8,147,0.0,0.04
ns_node,8,148,0.0,0.04
ns_node,8,149,0.0,0.04
ns_node,8,150,0.0,0.04
ns_node,9,0,0.1,0.04
ns_node,9,1,0.07,0.04
ns_node,9,2,0.07,0.04
ns_node,9,3,0.1,0.04
ns_node,9,4,0.12,0.04
ns_node,9,5,0.1,0.04
ns_node,9,6,0.07,0.04
ns_node,9,7,0.09,0.04
ns_node,9,8,0.09,0.04
ns_node,9,9,0.07,0.04
ns_node,9,10,0.07,0.04
ns_node,9,11,0.08,0.04
ns_node,9,12,0.07,0.04
ns_node,9,13,0.07,0.04
ns_node,9,14,0.06,0.04
ns_node,9,15,0.07,0.04
ns_node,9,16,0.06,0.04
ns_node,9,17,0.08,0.04
ns_node,9,18,0.06,0.04
ns_node,9,19,0.07,0.04
ns_node,9,20,0.08,0.04
ns_node,9,21,0.1,0.04
ns_node,9,22,0.08,0.04
ns_node,9,23,0.06,0.04
ns_node,9,24,0.05,0.04
ns_node,9,25,0.03,0.04
ns_node,9,26,0.03,0.04
ns_node,9,27,0.03,0.04
ns_node,9,28,0.05,0.04
ns_node,9,29,0.05,0.04
ns_node,9,30,0.05,0.04
ns_node,9,31,0.05,0.04
ns_node,9,32,0.05,0.04
ns_node,9,33,0.05,0.04
ns_node,9,34,0.05,0.04
ns_node,9,35,0.04,0.04
ns_node,9,36,0.03,0.04
ns_node,9,37,0.04,0.04
ns_node,9,38,0.05,0.04
ns_node,9,39,0.03,0.04
ns_node,9,40,0.05,0.04
ns_node,9,41,0.04,0.04
ns_node,9,42,0.05,0.04
ns_node,9,43,0.05,0.04
ns_node,9,44,0.07,0.04
ns_node,9,45,0.05,0.04
ns_node,9,46,0.05,0.04
ns_node,9,47,0.05,0.04
ns_node,9,48,0.04,0.04
ns_node,9,49,0.04,0.04
ns_node,9,50,0.03,0.04
ns_node,9,51,0.04,0.04
ns_node,9,52,0.02,0.04
ns_node,9,53,0.02,0.04
ns_node,9,54,0.02,0.04
ns_node,9,55,0.03,0.04
ns_node,9,56,0.04,0.04
ns_node,9,57,0.04,0.04
ns_node,9,58,0.03,0.04
ns_node,9,59,0.03,0.04
ns_node,9,60,0.02,0.04
ns_node,9,61,0.02,0.04
ns_node,9,62,0.01,0.04
ns_node,9,63,0.01,0.04
ns_node,9,64,0.01,0.04
ns_node,9,65,0.01,0.04
ns_node,9,66,0.01,0.04
ns_node,9,67,0.01,0.04
ns_node,9,68,0.01,0.04
ns_node,9,69,0.02,0.04
ns_node,9,70,0.03,0.04
ns_node,9,71,0.01,0.04
ns_node,9,72,0.0,0.04
ns_node,9,73,0.0,0.04
ns_node,9,74,0.0,0.04
ns_node,9,75,0.0,0.04
ns_node,9,76,0.0,0.04
ns_node,9,77,0.0,0.04
ns_node,9,78,0.0,0.04
ns_node,9,79,0.0,0.04
ns_node,9,80,0.0,0.04
ns_node,9,81,0.0,0.04
ns_node,9,82,0.0,0.04
ns_node,9,83,0.0,0.04
ns_node,9,84,0.0,0.04
ns_node,9,85,0.0,0.04
ns_node,9,86,0.0,0.04
ns_node,9,87,0.0,0.04
ns_node,9,88,0.0,0.04
ns_node,9,89,0.0,0.04
ns_node,9,90,0.0,0.04
ns_node,9,91,0.0,0.04
ns_node,9,92,0.0,0.04
ns_node,9,93,0.0,0.04
ns_node,9,94,0.0,0.04
ns_node,9,95,0.0,0.04
ns_node,9,96,0.0,0.04
ns_node,9,97,0.0,0.04
ns_node,9,98,0.0,0.04
ns_node,9,99,0.0,0.04
ns_node,9,100,0.0,0.04
ns_node,9,101,0.0,0.04
ns_node,9,102,0.0,0.04
ns_node,9,103,0.0,0.04
ns_node,9,104,0.0,0.04
ns_node,9,105,0.0,0.04
ns_node,9,106,0.0,0.04
ns_node,9,107,0.0,0.04
ns_node,9,108,0.0,0.04
ns_node,9,109,0.0,0.04
ns_node,9,110,0.0,0.04
ns_node,9,111,0.0,0.04
ns_node,9,112,0.0,0.04
ns_node,9,113,0.0,0.04
ns_node,9,114,0.0,0.04
ns_node,9,115,0.0,0.04
ns_node,9,116,0.0,0.04
ns_node,9,117,0.0,0.04
ns_node,9,118,0.0,0.04
ns_node,9,119,0.0,0.04
ns_node,9,120,0.0,0.04
ns_node,9,121,0.0,0.04
ns_node,9,122,0.0,0.04
ns_node,9,123,0.0,0.04
ns_node,9,124,0.0,0.04
ns_node,9,125,0.0,0.04
ns_node,9,126,0.0,0.04
ns_node,9,127,0.0,0.04
ns_node,9,128,0.0,0.04
ns_node,9,129,0.0,0.04
ns_node,9,130,0.0,0.04
ns_node,9,131,0.0,0.04
ns_node,9,132,0.0,0.04
ns_node,9,133,0.0,0.04
ns_node,9,134,0.0,0.04
ns_node,9,135,0.0,0.04
ns_node,9,136,0.0,0.04
ns_node,9,137,0.0,0.04
ns_node,9,138,0.0,0.04
ns_node,9,139,0.0,0.04
ns_node,9,140,0.0,0.04
ns_node,9,141,0.0,0.04
ns_node,9,142,0.0,0.04
ns_node,9,143,0.0,0.04
ns_node,9,144,0.0,0.04
ns_node,9,145,0.0,0.04
ns_node,9,146,0.0,0.04
ns_node,9,147,0.0,0.04
ns_node,9,148,0.0,0.04
ns_node,9,149,0.0,0.04
ns_node,9,150,0.0,0.04
ns_node,10,0,0.09,0.04
ns_node,10,1,0.08,0.04
ns_node,10,2,0.09,0.04
ns_node,10,3,0.05,0.04
ns_node,10,4,0.03,0.04
ns_node,10,5,0.04,0.04
ns_node,10,6,0.04,0.04
ns_node,10,7,0.04,0.04
ns_node,10,8,0.04,0.04
ns_node,10,9,0.03,0.04
ns_node,10,10,0.03,0.04
ns_node,10,11,0.02,0.04
ns_node,10,12,0.01,0.04
ns_node,10,13,0.02,0.04
ns_node,10,14,0.02,0.04
ns_node,10,15,0.02,0.04
ns_node,10,16,0.02,0.04
ns_node,10,17,0.01,0.04
ns_node,10,18,0.01,0.04
ns_node,10,19,0.01,0.04
ns_node,10,20,0.01,0.04
ns_node,10,21,0.03,0.04
ns_node,10,22,0.03,0.04
ns_node,10,23,0.03,0.04
ns_node,10,24,0.04,0.04
ns_node,10,25,0.05,0.04
ns_node,10,26,0.05,0.04
ns_node,10,27,0.06,0.04
ns_node,10,28,0.05,0.04
ns_node,10,29,0.05,0.04
ns_node,10,30,0.04,0.04
ns_node,10,31,0.04,0.04
ns_node,10,32,0.05,0.04
ns_node,10,33,0.04,0.04
ns_node,10,34,0.04,0.04
ns_node,10,35,0.04,0.04
ns_node,10,36,0.02,0.04
ns_node,10,37,0.0,0.04
ns_node,10,38,0.0,0.04
ns_node,10,39,0.0,0.04
ns_node,10,40,0.0,0.04
ns_node,10,41,0.0,0.04
ns_node,10,42,0.0,0.04
ns_node,10,43,0.0,0.04
ns_node,10,44,0.0,0.04
ns_node,10,45,0.0,0.04
ns_node,10,46,0.0,0.04
ns_node,10,47,0.0,0.04
ns_node,10,48,0.0,0.04
ns_node,10,49,0.0,0.04
ns_node,10,50,0.0,0.04
ns_node,10,51,0.0,0.04
ns_node,10,52,0.0,0.04
ns_node,10,53,0.0,0.04
ns_node,10,54,0.0,0.04
ns_node,10,55,0.0,0.04
ns_node,10,56,0.0,0.04
ns_node,10,57,0.0,0.04
ns_node,10,58,0.0,0.04
ns_node,10,59,0.0,0.04
ns_node,10,60,0.0,0.04
ns_node,10,61,0.0,0.04
ns_node,10,62,0.0,0.04
ns_node,10,63,0.0,0.04
ns_node,10,64,0.0,0.04
ns_node,10,65,0.0,0.04
ns_node,10,66,0.0,0.04
ns_node,10,67,0.0,0.04
ns_node,10,68,0.0,0.04
ns_node,10,69,0.0,0.04
ns_node,10,70,0.0,0.04
ns_node,10,71,0.0,0.04
ns_node,10,72,0.0,0.04
ns_node,10,73,0.0,0.04
ns_node,10,74,0.0,0.04
ns_node,10,75,0.0,0.04
ns_node,10,76,0.0,0.04
ns_node,10,77,0.0,0.04
ns_node,10,78,0.0,0.04
ns_node,10,79,0.0,0.04
ns_node,10,80,0.0,0.04
ns_node,10,81,0.0,0.04
ns_node,10,82,0.0,0.04
ns_node,10,83,0.0,0.04
ns_node,10,84,0.0,0.04
ns_node,10,85,0.0,0.04
ns_node,10,86,0.0,0.04
ns_node,10,87,0.0,0.04
ns_node,10,88,0.0,0.04
ns_node,10,89,0.0,0.04
ns_node,10,90,0.0,0.04
ns_node,10,91,0.0,0.04
ns_node,10,92,0.0,0.04
ns_node,10,93,0.0,0.04
ns_node,10,94,0.0,0.04
ns_node,10,95,0.0,0.04
ns_node,10,96,0.0,0.04
ns_node,10,97,0.0,0.04
ns_node,10,98,0.0,0.04
ns_node,10,99,0.0,0.04
ns_node,10,100,0.0,0.04
ns_node,10,101,0.0,0.04
ns_node,10,102,0.0,0.04
ns_node,10,103,0.0,0.04
ns_node,10,104,0.0,0.04
ns_node,10,105,0.0,0.04
ns_node,10,106,0.0,0.04
ns_node,10,107,0.0,0.04
ns_node,10,108,0.0,0.04
ns_node,10,109,0.0,0.04
ns_node,10,110,0.0,0.04
ns_node,10,111,0.0,0.04
ns_node,10,112,0.0,0.04
ns_node,10,113,0.0,0.04
ns_node,10,114,0.0,0.04
ns_node,10,115,0.0,0.04
ns_node,10,116,0.0,0.04
ns_node,10,117,0.0,0.04
ns_node,10,118,0.0,0.04
ns_node,10,119,0.0,0.04
ns_node,10,120,0.0,0.04
ns_node,10,121,0.0,0.04
ns_node,10,122,0.0,0.04
ns_node,10,123,0.0,0.04
ns_node,10,124,0.0,0.04
ns_node,10,125,0.0,0.04
ns_node,10,126,0.0,0.04
ns_node,10,127,0.0,0.04
ns_node,10,128,0.0,0.04
ns_node,10,129,0.0,0.04
ns_node,10,130,0.0,0.04
ns_node,10,131,0.0,0.04
ns_node,10,132,0.0,0.04
ns_node,10,133,0.0,0.04
ns_node,10,134,0.0,0.04
ns_node,10,135,0.0,0.04
ns_node,10,136,0.0,0.04
ns_node,10,137,0.0,0.04
ns_node,10,138,0.0,0.04
ns_node,10,139,0.0,0.04
ns_node,10,140,0.0,0.04
ns_node,10,141,0.0,0.04
ns_node,10,142,0.0,0.04
ns_node,10,143,0.0,0.04
ns_node,10,144,0.0,0.04
ns_node,10,145,0.0,0.04
ns_node,10,146,0.0,0.04
ns_node,10,147,0.0,0.04
ns_node,10,148,0.0,0.04
ns_node,10,149,0.0,0.04
ns_node,10,150,0.0,0.04
ns_node,11,0,0.1,0.04
ns_node,11,1,0.06,0.04
ns_node,11,2,0.06,0.04
ns_node,11,3,0.05,0.04
ns_node,11,4,0.06,0.04
ns_node,11,5,0.05,0.04
ns_node,11,6,0.04,0.04
ns_node,11,7,0.03,0.04
ns_node,11,8,0.04,0.04
ns_node,11,9,0.04,0.04
ns_node,11,10,0.03,0.04
ns_node,11,11,0.04,0.04
ns_node,11,12,0.04,0.04
ns_node,11,13,0.05,0.04
ns_node,11,14,0.03,0.04
ns_node,11,15,0.05,0.04
ns_node,11,16,0.02,0.04
ns_node,11,17,0.02,0.04
ns_node,11,18,0.02,0.04
ns_node,11,19,0.02,0.04
ns_node,11,20,0.02,0.04
ns_node,11,21,0.02,0.04
ns_node,11,22,0.01,0.04
ns_node,11,23,0.01,0.04
ns_node,11,24,0.01,0.04
ns_node,11,25,0.02,0.04
ns_node,11,26,0.02,0.04
ns_node,11,27,0.01,0.04
ns_node,11,28,0.0,0.04
ns_node,11,29,0.0,0.04
ns_node,11,30,0.0,0.04
ns_node,11,31,0.0,0.04
ns_node,11,32,0.0,0.04
ns_node,11,33,0.0,0.04
ns_node,11,34,0.0,0.04
ns_node,11,35,0.0,0.04
ns_node,11,36,0.0,0.04
ns_node,11,37,0.0,0.04
ns_node,11,38,0.0,0.04
ns_node,11,39,0.0,0.04
ns_node,11,40,0.0,0.04
ns_node,11,41,0.0,0.04
ns_node,11,42,0.0,0.04
ns_node,11,43,0.0,0.04
ns_node,11,44,0.0,0.04
ns_node,11,45,0.0,0.04
ns_node,11,46,0.0,0.04
ns_node,11,47,0.0,0.04
ns_node,11,48,0.0,0.04
ns_node,11,49,0.0,0.04
ns_node,11,50,0.0,0.04
ns_node,11,51,0.0,0.04
ns_node,11,52,0.0,0.04
ns_node,11,53,0.0,0.04
ns_node,11,54,0.0,0.04
ns_node,11,55,0.0,0.04
ns_node,11,56,0.0,0.04
ns_node,11,57,0.0,0.04
ns_node,11,58,0.0,0.04
ns_node,11,59,0.0,0.04
ns_node,11,60,0.0,0.04
ns_node,11,61,0.0,0.04
ns_node,11,62,0.0,0.04
ns_node,11,63,0.0,0.04
ns_node,11,64,0.0,0.04
ns_node,11,65,0.0,0.04
ns_node,11,66,0.0,0.04
ns_node,11,67,0.0,0.04
ns_node,11,68,0.0,0.04
ns_node,11,69,0.0,0.04
ns_node,11,70,0.0,0.04
ns_node,11,71,0.0,0.04
ns_node,11,72,0.0,0.04
ns_node,11,73,0.0,0.04
ns_node,11,74,0.0,0.04
ns_node,11,75,0.0,0.04
ns_node,11,76,0.0,0.04
ns_node,11,77,0.0,0.04
ns_node,11,78,0.0,0.04
ns_node,11,79,0.0,0.04
ns_node,11,80,0.0,0.04
ns_node,11,81,0.0,0.04
ns_node,11,82,0.0,0.04
ns_node,11,83,0.0,0.04
ns_node,11,84,0.0,0.04
ns_node,11,85,0.0,0.04
ns_node,11,86,0.0,0.04
ns_node,11,87,0.0,0.04
ns_node,11,88,0.0,0.04
ns_node,11,89,0.0,0.04
ns_node,11,90,0.0,0.04
ns_node,11,91,0.0,0.04
ns_node,11,92,0.0,0.04
ns_node,11,93,0.0,0.04
ns_node,11,94,0.0,0.04
ns_node,11,95,0.0,0.04
ns_node,11,96,0.0,0.04
ns_node,11,97,0.0,0.04
ns_node,11,98,0.0,0.04
ns_node,11,99,0.0,0.04
ns_node,11,100,0.0,0.04
ns_node,11,101,0.0,0.04
ns_node,11,102,0.0,0.04
ns_node,11,103,0.0,0.04
ns_node,11,104,0.0,0.04
ns_node,11,105,0.0,0.04
ns_node,11,106,0.0,0.04
ns_node,11,107,0.0,0.04
ns_node,11,108,0.0,0.04
ns_node,11,109,0.0,0.04
ns_node,11,110,0.0,0.04
ns_node,11,111,0.0,0.04
ns_node,11,112,0.0,0.04
ns_node,11,113,0.0,0.04
ns_node,11,114,0.0,0.04
ns_node,11,115,0.0,0.04
ns_node,11,116,0.0,0.04
ns_node,11,117,0.0,0.04
ns_node,11,118,0.0,0.04
ns_node,11,119,0.0,0.04
ns_node,11,120,0.0,0.04
ns_node,11,121,0.0,0.04
ns_node,11,122,0.0,0.04
ns_node,11,123,0.0,0.04
ns_node,11,124,0.0,0.04
ns_node,11,125,0.0,0.04
ns_node,11,126,0.0,0.04
ns_node,11,127,0.0,0.04
ns_node,11,128,0.0,0.04
ns_node,11,129,0.0,0.04
ns_node,11,130,0.0,0.04
ns_node,11,131,0.0,0.04
ns_node,11,132,0.0,0.04
ns_node,11,133,0.0,0.04
ns_node,11,134,0.0,0.04
ns_node,11,135,0.0,0.04
ns_node,11,136,0.0,0.04
ns_node,11,137,0.0,0.04
ns_node,11,138,0.0,0.04
ns_node,11,139,0.0,0.04
ns_node,11,140,0.0,0.04
ns_node,11,141,0.0,0.04
ns_node,11,142,0.0,0.04
ns_node,11,143,0.0,0.04
ns_node,11,144,0.0,0.04
ns_node,11,145,0.0,0.04
ns_node,11,146,0.0,0.04
ns_node,11,147,0.0,0.04
ns_node,11,148,0.0,0.04
ns_node,11,149,0.0,0.04
ns_node,11,150,0.0,0.04
ns_node,12,0,0.1,0.04
ns_node,12,1,0.1,0.04
ns_node,12,2,0.09,0.04
ns_node,12,3,0.08,0.04
ns_node,12,4,0.09,0.04
ns_node,12,5,0.11,0.04
ns_node,12,6,0.11,0.04
ns_node,12,7,0.09,0.04
ns_node,12,8,0.1,0.04
ns_node,12,9,0.06,0.04
ns_node,12,10,0.06,0.04
ns_node,12,11,0.05,0.04
ns_node,12,12,0.03,0.04
ns_node,12,13,0.03,0.04
ns_node,12,14,0.02,0.04
ns_node,12,15,0.01,0.04
ns_node,12,16,0.02,0.04
ns_node,12,17,0.03,0.04
ns_node,12,18,0.04,0.04
ns_node,12,19,0.03,0.04
ns_node,12,20,0.03,0.04
ns_node,12,21,0.01,0.04
ns_node,12,22,0.01,0.04
ns_node,12,23,0.01,0.04
ns_node,12,24,0.01,0.04
ns_node,12,25,0.0,0.04
ns_node,12,26,0.0,0.04
ns_node,12,27,0.0,0.04
ns_node,12,28,0.0,0.04
ns_node,12,29,0.0,0.04
ns_node,12,30,0.0,0.04
ns_node,12,31,0.0,0.04
ns_node,12,32,0.0,0.04
ns_node,12,33,0.0,0.04
ns_node,12,34,0.0,0.04
ns_node,12,35,0.0,0.04
ns_node,12,36,0.0,0.04
ns_node,12,37,0.0,0.04
ns_node,12,38,0.0,0.04
ns_node,12,39,0.0,0.04
ns_node,12,40,0.0,0.04
ns_node,12,41,0.0,0.04
ns_node,12,42,0.0,0.04
ns_node,12,43,0.0,0.04
ns_node,12,44,0.0,0.04
ns_node,12,45,0.0,0.04
ns_node,12,46,0.0,0.04
ns_node,12,47,0.0,0.04
ns_node,12,48,0.0,0.04
ns_node,12,49,0.0,0.04
ns_node,12,50,0.0,0.04
ns_node,12,51,0.0,0.04
ns_node,12,52,0.0,0.04
ns_node,12,53,0.0,0.04
ns_node,12,54,0.0,0.04
ns_node,12,55,0.0,0.04
ns_node,12,56,0.0,0.04
ns_node,12,57,0.0,0.04
ns_node,12,58,0.0,0.04
ns_node,12,59,0.0,0.04
ns_node,12,60,0.0,0.04
ns_node,12,61,0.0,0.04
ns_node,12,62,0.0,0.04
ns_node,12,63,0.0,0.04
ns_node,12,64,0.0,0.04
ns_node,12,65,0.0,0.04
ns_node,12,66,0.0,0.04
ns_node,12,67,0.0,0.04
ns_node,12,68,0.0,0.04
ns_node,12,69,0.0,0.04
ns_node,12,70,0.0,0.04
ns_node,12,71,0.0,0.04
ns_node,12,72,0.0,0.04
ns_node,12,73,0.0,0.04
ns_node,12,74,0.0,0.04
ns_node,12,75,0.0,0.04
ns_node,12,76,0.0,0.04
ns_node,12,77,0.0,0.04
ns_node,12,78,0.0,0.04
ns_node,12,79,0.0,0.04
ns_node,12,80,0.0,0.04
ns_node,12,81,0.0,0.04
ns_node,12,82,0.0,0.04
ns_node,12,83,0.0,0.04
ns_node,12,84,0.0,0.04
ns_node,12,85,0.0,0.04
ns_node,12,86,0.0,0.04
ns_node,12,87,0.0,0.04
ns_node,12,88,0.0,0.04
ns_node,12,89,0.0,0.04
ns_node,12,90,0.0,0.04
ns_node,12,91,0.0,0.04
ns_node,12,92,0.0,0.04
ns_node,12,93,0.0,0.04
ns_node,12,94,0.0,0.04
ns_node,12,95,0.0,0.04
ns_node,12,96,0.0,0.04
ns_node,12,97,0.0,0.04
ns_node,12,98,0.0,0.04
ns_node,12,99,0.0,0.04
ns_node,12,100,0.0,0.04
ns_node,12,101,0.0,0.04
ns_node,12,102,0.0,0.04
ns_node,12,103,0.0,0.04
ns_node,12,104,0.0,0.04
ns_node,12,105,0.0,0.04
ns_node,12,106,0.0,0.04
ns_node,12,107,0.0,0.04
ns_node,12,108,0.0,0.04
ns_node,12,109,0.0,0.04
ns_node,12,110,0.0,0.04
ns_node,12,111,0.0,0.04
ns_node,12,112,0.0,0.04
ns_node,12,113,0.0,0.04
ns_node,12,114,0.0,0.04
ns_node,12,115,0.0,0.04
ns_node,12,116,0.0,0.04
ns_node,12,117,0.0,0.04
ns_node,12,118,0.0,0.04
ns_node,12,119,0.0,0.04
ns_node,12,120,0.0,0.04
ns_node,12,121,0.0,0.04
ns_node,12,122,0.0,0.04
ns_node,12,123,0.0,0.04
ns_node,12,124,0.0,0.04
ns_node,12,125,0.0,0.04
ns_node,12,126,0.0,0.04
ns_node,12,127,0.0,0.04
ns_node,12,128,0.0,0.04
ns_node,12,129,0.0,0.04
ns_node,12,130,0.0,0.04
ns_node,12,131,0.0,0.04
ns_node,12,132,0.0,0.04
ns_node,12,133,0.0,0.04
ns_node,12,134,0.0,0.04
ns_node,12,135,0.0,0.04
ns_node,12,136,0.0,0.04
ns_node,12,137,0.0,0.04
ns_node,12,138,0.0,0.04
ns_node,12,139,0.0,0.04
ns_node,12,140,0.0,0.04
ns_node,12,141,0.0,0.04
ns_node,12,142,0.0,0.04
ns_node,12,143,0.0,0.04
ns_node,12,144,0.0,0.04
ns_node,12,145,0.0,0.04
ns_node,12,146,0.0,0.04
ns_node,12,147,0.0,0.04
ns_node,12,148,0.0,0.04
ns_node,12,149,0.0,0.04
ns_node,12,150,0.0,0.04
ns_node,13,0,0.1,0.04
ns_node,13,1,0.08,0.04
ns_node,13,2,0.08,0.04
ns_node,13,3,0.1,0.04
ns_node,13,4,0.1,0.04
ns_node,13,5,0.1,0.04
ns_node,13,6,0.09,0.04
ns_node,13,7,0.1,0.04
ns_node,13,8,0.08,0.04
ns_node,13,9,0.08,0.04
ns_node,13,10,0.11,0.04
ns_node,13,11,0.11,0.04
ns_node,13,12,0.11,0.04
ns_node,13,13,0.08,0.04
ns_node,13,14,0.07,0.04
ns_node,13,15,0.05,0.04
ns_node,13,16,0.04,0.04
ns_node,13,17,0.04,0.04
ns_node,13,18,0.03,0.04
ns_node,13,19,0.02,0.04
ns_node,13,20,0.01,0.04
ns_node,13,21,0.01,0.04
ns_node,13,22,0.01,0.04
ns_node,13,23,0.01,0.04
ns_node,13,24,0.01,0.04
ns_node,13,25,0.0,0.04
ns_node,13,26,0.0,0.04
ns_node,13,27,0.0,0.04
ns_node,13,28,0.0,0.04
ns_node,13,29,0.0,0.04
ns_node,13,30,0.0,0.04
ns_node,13,31,0.0,0.04
ns_node,13,32,0.0,0.04
ns_node,13,33,0.0,0.04
ns_node,13,34,0.0,0.04
ns_node,13,35,0.0,0.04
ns_node,13,36,0.0,0.04
ns_node,13,37,0.0,0.04
ns_node,13,38,0.0,0.04
ns_node,13,39,0.0,0.04
ns_node,13,40,0.0,0.04
ns_node,13,41,0.0,0.04
ns_node,13,42,0.0,0.04
ns_node,13,43,0.0,0.04
ns_node,13,44,0.0,0.04
ns_node,13,45,0.0,0.04
ns_node,13,46,0.0,0.04
ns_node,13,47,0.0,0.04
ns_node,13,48,0.0,0.04
ns_node,13,49,0.0,0.04
ns_node,13,50,0.0,0.04
ns_node,13,51,0.0,0.04
ns_node,13,52,0.0,0.04
ns_node,13,53,0.0,0.04
ns_node,13,54,0.0,0.04
ns_node,13,55,0.0,0.04
ns_node,13,56,0.0,0.04
ns_node,13,57,0.0,0.04
ns_node,13,58,0.0,0.04
ns_node,13,59,0.0,0.04
ns_node,13,60,0.0,0.04
ns_node,13,61,0.0,0.04
ns_node,13,62,0.0,0.04
ns_node,13,63,0.0,0.04
ns_node,13,64,0.0,0.04
ns_node,13,65,0.0,0.04
ns_node,13,66,0.0,0.04
ns_node,13,67,0.0,0.04
ns_node,13,68,0.0,0.04
ns_node,13,69,0.0,0.04
ns_node,13,70,0.0,0.04
ns_node,13,71,0.0,0.04
ns_node,13,72,0.0,0.04
ns_node,13,73,0.0,0.04
ns_node,13,74,0.0,0.04
ns_node,13,75,0.0,0.04
ns_node,13,76,0.0,0.04
ns_node,13,77,0.0,0.04
ns_node,13,78,0.0,0.04
ns_node,13,79,0.0,0.04
ns_node,13,80,0.0,0.04
ns_node,13,81,0.0,0.04
ns_node,13,82,0.0,0.04
ns_node,13,83,0.0,0.04
ns_node,13,84,0.0,0.04
ns_node,13,85,0.0,0.04
ns_node,13,86,0.0,0.04
ns_node,13,87,0.0,0.04
ns_node,13,88,0.0,0.04
ns_node,13,89,0.0,0.04
ns_node,13,90,0.0,0.04
ns_node,13,91,0.0,0.04
ns_node,13,92,0.0,0.04
ns_node,13,93,0.0,0.04
ns_node,13,94,0.0,0.04
ns_node,13,95,0.0,0.04
ns_node,13,96,0.0,0.04
ns_node,13,97,0.0,0.04
ns_node,13,98,0.0,0.04
ns_node,13,99,0.0,0.04
ns_node,13,100,0.0,0.04
ns_node,13,101,0.0,0.04
ns_node,13,102,0.0,0.04
ns_node,13,103,0.0,0.04
ns_node,13,104,0.0,0.04
ns_node,13,105,0.0,0.04
ns_node,13,106,0.0,0.04
ns_node,13,107,0.0,0.04
ns_node,13,108,0.0,0.04
ns_node,13,109,0.0,0.04
ns_node,13,110,0.0,0.04
ns_node,13,111,0.0,0.04
ns_node,13,112,0.0,0.04
ns_node,13,113,0.0,0.04
ns_node,13,114,0.0,0.04
ns_node,13,115,0.0,0.04
ns_node,13,116,0.0,0.04
ns_node,13,117,0.0,0.04
ns_node,13,118,0.0,0.04
ns_node,13,119,0.0,0.04
ns_node,13,120,0.0,0.04
ns_node,13,121,0.0,0.04
ns_node,13,122,0.0,0.04
ns_node,13,123,0.0,0.04
ns_node,13,124,0.0,0.04
ns_node,13,125,0.0,0.04
ns_node,13,126,0.0,0.04
ns_node,13,127,0.0,0.04
ns_node,13,128,0.0,0.04
ns_node,13,129,0.0,0.04
ns_node,13,130,0.0,0.04
ns_node,13,131,0.0,0.04
ns_node,13,132,0.0,0.04
ns_node,13,133,0.0,0.04
ns_node,13,134,0.0,0.04
ns_node,13,135,0.0,0.04
ns_node,13,136,0.0,0.04
ns_node,13,137,0.0,0.04
ns_node,13,138,0.0,0.04
ns_node,13,139,0.0,0.04
ns_node,13,140,0.0,0.04
ns_node,13,141,0.0,0.04
ns_node,13,142,0.0,0.04
ns_node,13,143,0.0,0.04
ns_node,13,144,0.0,0.04
ns_node,13,145,0.0,0.04
ns_node,13,146,0.0,0.04
ns_node,13,147,0.0,0.04
ns_node,13,148,0.0,0.04
ns_node,13,149,0.0,0.04
ns_node,13,150,0.0,0.04
ns_node,14,0,0.09,0.04
ns_node,14,1,0.09,0.04
ns_node,14,2,0.12,0.04
ns_node,14,3,0.11,0.04
ns_node,14,4,0.13,0.04
ns_node,14,5,0.11,0.04
ns_node,14,6,0.11,0.04
ns_node,14,7,0.12,0.04
ns_node,14,8,0.11,0.04
ns_node,14,9,0.12,0.04
ns_node,14,10,0.11,0.04
ns_node,14,11,0.12,0.04
ns_node,14,12,0.1,0.04
ns_node,14,13,0.1,0.04
ns_node,14,14,0.11,0.04
ns_node,14,15,0.08,0.04
ns_node,14,16,0.08,0.04
ns_node,14,17,0.09,0.04
ns_node,14,18,0.05,0.04
ns_node,14,19,0.03,0.04
ns_node,14,20,0.03,0.04
ns_node,14,21,0.03,0.04
ns_node,14,22,0.02,0.04
ns_node,14,23,0.02,0.04
ns_node,14,24,0.02,0.04
ns_node,14,25,0.02,0.04
ns_node,14,26,0.03,0.04
ns_node,14,27,0.03,0.04
ns_node,14,28,0.02,0.04
ns_node,14,29,0.01,0.04
ns_node,14,30,0.01,0.04
ns_node,14,31,0.01,0.04
ns_node,14,32,0.01,0.04
ns_node,14,33,0.0,0.04
ns_node,14,34,0.0,0.04
ns_node,14,35,0.0,0.04
ns_node,14,36,0.0,0.04
ns_node,14,37,0.0,0.04
ns_node,14,38,0.0,0.04
ns_node,14,39,0.0,0.04
ns_node,14,40,0.0,0.04
ns_node,14,41,0.0,0.04
ns_node,14,42,0.0,0.04
ns_node,14,43,0.0,0.04
ns_node,14,44,0.0,0.04
ns_node,14,45,0.0,0.04
ns_node,14,46,0.0,0.04
ns_node,14,47,0.0,0.04
ns_node,14,48,0.0,0.04
ns_node,14,49,0.0,0.04
ns_node,14,50,0.0,0.04
ns_node,14,51,0.0,0.04
ns_node,14,52,0.0,0.04
ns_node,14,53,0.0,0.04
ns_node,14,54,0.0,0.04
ns_node,14,55,0.0,0.04
ns_node,14,56,0.0,0.04
ns_node,14,57,0.0,0.04
ns_node,14,58,0.0,0.04
ns_node,14,59,0.0,0.04
ns_node,14,60,0.0,0.04
ns_node,14,61,0.0,0.04
ns_node,14,62,0.0,0.04
ns_node,14,63,0.0,0.04
ns_node,14,64,0.0,0.04
ns_node,14,65,0.0,0.04
ns_node,14,66,0.0,0.04
ns_node,14,67,0.0,0.04
ns_node,14,68,0.0,0.04
ns_node,14,69,0.0,0.04
ns_node,14,70,0.0,0.04
ns_node,14,71,0.0,0.04
ns_node,14,72,0.0,0.04
ns_node,14,73,0.0,0.04
ns_node,14,74,0.0,0.04
ns_node,14,75,0.0,0.04
ns_node,14,76,0.0,0.04
ns_node,14,77,0.0,0.04
ns_node,14,78,0.0,0.04
ns_node,14,79,0.0,0.04
ns_node,14,80,0.0,0.04
ns_node,14,81,0.0,0.04
ns_node,14,82,0.0,0.04
ns_node,14,83,0.0,0.04
ns_node,14,84,0.0,0.04
ns_node,14,85,0.0,0.04
ns_node,14,86,0.0,0.04
ns_node,14,87,0.0,0.04
ns_node,14,88,0.0,0.04
ns_node,14,89,0.0,0.04
ns_node,14,90,0.0,0.04
ns_node,14,91,0.0,0.04
ns_node,14,92,0.0,0.04
ns_node,14,93,0.0,0.04
ns_node,14,94,0.0,0.04
ns_node,14,95,0.0,0.04
ns_node,14,96,0.0,0.04
ns_node,14,97,0.0,0.04
ns_node,14,98,0.0,0.04
ns_node,14,99,0.0,0.04
ns_node,14,100,0.0,0.04
ns_node,14,101,0.0,0.04
ns_node,14,102,0.0,0.04
ns_node,14,103,0.0,0.04
ns_node,14,104,0.0,0.04
ns_node,14,105,0.0,0.04
ns_node,14,106,0.0,0.04
ns_node,14,107,0.0,0.04
ns_node,14,108,0.0,0.04
ns_node,14,109,0.0,0.04
ns_node,14,110,0.0,0.04
ns_node,14,111,0.0,0.04
ns_node,14,112,0.0,0.04
ns_node,14,113,0.0,0.04
ns_node,14,114,0.0,0.04
ns_node,14,115,0.0,0.04
ns_node,14,116,0.0,0.04
ns_node,14,117,0.0,0.04
ns_node,14,118,0.0,0.04
ns_node,14,119,0.0,0.04
ns_node,14,120,0.0,0.04
ns_node,14,121,0.0,0.04
ns_node,14,122,0.0,0.04
ns_node,14,123,0.0,0.04
ns_node,14,124,0.0,0.04
ns_node,14,125,0.0,0.04
ns_node,14,126,0.0,0.04
ns_node,14,127,0.0,0.04
ns_node,14,128,0.0,0.04
ns_node,14,129,0.0,0.04
ns_node,14,130,0.0,0.04
ns_node,14,131,0.0,0.04
ns_node,14,132,0.0,0.04
ns_node,14,133,0.0,0.04
ns_node,14,134,0.0,0.04
ns_node,14,135,0.0,0.04
ns_node,14,136,0.0,0.04
ns_node,14,137,0.0,0.04
ns_node,14,138,0.0,0.04
ns_node,14,139,0.0,0.04
ns_node,14,140,0.0,0.04
ns_node,14,141,0.0,0.04
ns_node,14,142,0.0,0.04
ns_node,14,143,0.0,0.04
ns_node,14,144,0.0,0.04
ns_node,14,145,0.0,0.04
ns_node,14,146,0.0,0.04
ns_node,14,147,0.0,0.04
ns_node,14,148,0.0,0.04
ns_node,14,149,0.0,0.04
ns_node,14,150,0.0,0.04
ns_node,15,0,0.09,0.04
ns_node,15,1,0.08,0.04
ns_node,15,2,0.05,0.04
ns_node,15,3,0.03,0.04
ns_node,15,4,0.03,0.04
ns_node,15,5,0.04,0.04
ns_node,15,6,0.04,0.04
ns_node,15,7,0.04,0.04
ns_node,15,8,0.03,0.04
ns_node,15,9,0.02,0.04
ns_node,15,10,0.02,0.04
ns_node,15,11,0.04,0.04
ns_node,15,12,0.04,0.04
ns_node,15,13,0.04,0.04
ns_node,15,14,0.04,0.04
ns_node,15,15,0.04,0.04
ns_node,15,16,0.05,0.04
ns_node,15,17,0.05,0.04
ns_node,15,18,0.05,0.04
ns_node,15,19,0.06,0.04
ns_node,15,20,0.09,0.04
ns_node,15,21,0.1,0.04
ns_node,15,22,0.12,0.04
ns_node,15,23,0.09,0.04
ns_node,15,24,0.08,0.04
ns_node,15,25,0.09,0.04
ns_node,15,26,0.1,0.04
ns_node,15,27,0.11,0.04
ns_node,15,28,0.11,0.04
ns_node,15,29,0.1,0.04
ns_node,15,30,0.1,0.04
ns_node,15,31,0.1,0.04
ns_node,15,32,0.09,0.04
ns_node,15,33,0.09,0.04
ns_node,15,34,0.11,0.04
ns_node,15,35,0.13,0.04
ns_node,15,36,0.12,0.04
ns_node,15,37,0.11,0.04
ns_node,15,38,0.07,0.04
ns_node,15,39,0.09,0.04
ns_node,15,40,0.07,0.04
ns_node,15,41,0.09,0.04
ns_node,15,42,0.1,0.04
ns_node,15,43,0.08,0.04
ns_node,15,44,0.08,0.04
ns_node,15,45,0.1,0.04
ns_node,15,46,0.09,0.04
ns_node,15,47,0.11,0.04
ns_node,15,48,0.11,0.04
ns_node,15,49,0.13,0.04
ns_node,15,50,0.11,0.04
ns_node,15,51,0.1,0.04
ns_node,15,52,0.1,0.04
ns_node,15,53,0.11,0.04
ns_node,15,54,0.1,0.04
ns_node,15,55,0.09,0.04
ns_node,15,56,0.1,0.04
ns_node,15,57,0.07,0.04
ns_node,15,58,0.06,0.04
ns_node,15,59,0.07,0.04
ns_node,15,60,0.06,0.04
ns_node,15,61,0.05,0.04
ns_node,15,62,0.05,0.04
ns_node,15,63,0.06,0.04
ns_node,15,64,0.05,0.04
ns_node,15,65,0.06,0.04
ns_node,15,66,0.04,0.04
ns_node,15,67,0.03,0.04
ns_node,15,68,0.02,0.04
ns_node,15,69,0.03,0.04
ns_node,15,70,0.03,0.04
ns_node,15,71,0.03,0.04
ns_node,15,72,0.04,0.04
ns_node,15,73,0.02,0.04
ns_node,15,74,0.02,0.04
ns_node,15,75,0.02,0.04
ns_node,15,76,0.03,0.04
ns_node,15,77,0.03,0.04
ns_node,15,78,0.02,0.04
ns_node,15,79,0.02,0.04
ns_node,15,80,0.02,0.04
ns_node,15,81,0.02,0.04
ns_node,15,82,0.02,0.04
ns_node,15,83,0.01,0.04
ns_node,15,84,0.01,0.04
ns_node,15,85,0.01,0.04
ns_node,15,86,0.01,0.04
ns_node,15,87,0.01,0.04
ns_node,15,88,0.0,0.04
ns_node,15,89,0.0,0.04
ns_node,15,90,0.0,0.04
ns_node,15,91,0.0,0.04
ns_node,15,92,0.0,0.04
ns_node,15,93,0.0,0.04
ns_node,15,94,0.0,0.04
ns_node,15,95,0.0,0.04
ns_node,15,96,0.0,0.04
ns_node,15,97,0.0,0.04
ns_node,15,98,0.0,0.04
ns_node,15,99,0.0,0.04
ns_node,15,100,0.0,0.04
ns_node,15,101,0.0,0.04
ns_node,15,102,0.0,0.04
ns_node,15,103,0.0,0.04
ns_node,15,104,0.0,0.04
ns_node,15,105,0.0,0.04
ns_node,15,106,0.0,0.04
ns_node,15,107,0.0,0.04
ns_node,15,108,0.0,0.04
ns_node,15,109,0.0,0.04
ns_node,15,110,0.0,0.04
ns_node,15,111,0.0,0.04
ns_node,15,112,0.0,0.04
ns_node,15,113,0.0,0.04
ns_node,15,114,0.0,0.04
ns_node,15,115,0.0,0.04
ns_node,15,116,0.0,0.04
ns_node,15,117,0.0,0.04
ns_node,15,118,0.0,0.04
ns_node,15,119,0.0,0.04
ns_node,15,120,0.0,0.04
ns_node,15,121,0.0,0.04
ns_node,15,122,0.0,0.04
ns_node,15,123,0.0,0.04
ns_node,15,124,0.0,0.04
ns_node,15,125,0.0,0.04
ns_node,15,126,0.0,0.04
ns_node,15,127,0.0,0.04
ns_node,15,128,0.0,0.04
ns_node,15,129,0.0,0.04
ns_node,15,130,0.0,0.04
ns_node,15,131,0.0,0.04
ns_node,15,132,0.0,0.04
ns_node,15,133,0.0,0.04
ns_node,15,134,0.0,0.04
ns_node,15,135,0.0,0.04
ns_node,15,136,0.0,0.04
ns_node,15,137,0.0,0.04
ns_node,15,138,0.0,0.04
ns_node,15,139,0.0,0.04
ns_node,15,140,0.0,0.04
ns_node,15,141,0.0,0.04
ns_node,15,142,0.0,0.04
ns_node,15,143,0.0,0.04
ns_node,15,144,0.0,0.04
ns_node,15,145,0.0,0.04
ns_node,15,146,0.0,0.04
ns_node,15,147,0.0,0.04
ns_node,15,148,0.0,0.04
ns_node,15,149,0.0,0.04
ns_node,15,150,0.0,0.04
ns_node,16,0,0.1,0.04
ns_node,16,1,0.12,0.04
ns_node,16,2,0.12,0.04
ns_node,16,3,0.09,0.04
ns_node,16,4,0.11,0.04
ns_node,16,5,0.07,0.04
ns_node,16,6,0.08,0.04
ns_node,16,7,0.1,0.04
ns_node,16,8,0.1,0.04
ns_node,16,9,0.08,0.04
ns_node,16,10,0.08,0.04
ns_node,16,11,0.06,0.04
ns_node,16,12,0.09,0.04
ns_node,16,13,0.05,0.04
ns_node,16,14,0.05,0.04
ns_node,16,15,0.05,0.04
ns_node,16,16,0.09,0.04
ns_node,16,17,0.08,0.04
ns_node,16,18,0.08,0.04
ns_node,16,19,0.05,0.04
ns_node,16,20,0.05,0.04
ns_node,16,21,0.06,0.04
ns_node,16,22,0.07,0.04
ns_node,16,23,0.06,0.04
ns_node,16,24,0.04,0.04
ns_node,16,25,0.02,0.04
ns_node,16,26,0.02,0.04
ns_node,16,27,0.02,0.04
ns_node,16,28,0.01,0.04
ns_node,16,29,0.02,0.04
ns_node,16,30,0.02,0.04
ns_node,16,31,0.01,0.04
ns_node,16,32,0.02,0.04
ns_node,16,33,0.02,0.04
ns_node,16,34,0.01,0.04
ns_node,16,35,0.01,0.04
ns_node,16,36,0.01,0.04
ns_node,16,37,0.01,0.04
ns_node,16,38,0.01,0.04
ns_node,16,39,0.02,0.04
ns_node,16,40,0.01,0.04
ns_node,16,41,0.02,0.04
ns_node,16,42,0.03,0.04
ns_node,16,43,0.03,0.04
ns_node,16,44,0.03,0.04
ns_node,16,45,0.03,0.04
ns_node,16,46,0.03,0.04
ns_node,16,47,0.04,0.04
ns_node,16,48,0.04,0.04
ns_node,16,49,0.04,0.04
ns_node,16,50,0.05,0.04
ns_node,16,51,0.06,0.04
ns_node,16,52,0.07,0.04
ns_node,16,53,0.08,0.04
ns_node,16,54,0.05,0.04
ns_node,16,55,0.06,0.04
ns_node,16,56,0.07,0.04
ns_node,16,57,0.05,0.04
ns_node,16,58,0.04,0.04
ns_node,16,59,0.05,0.04
ns_node,16,60,0.05,0.04
ns_node,16,61,0.03,0.04
ns_node,16,62,0.03,0.04
ns_node,16,63,0.02,0.04
ns_node,16,64,0.02,0.04
ns_node,16,65,0.03,0.04
ns_node,16,66,0.03,0.04
ns_node,16,67,0.03,0.04
ns_node,16,68,0.03,0.04
ns_node,16,69,0.03,0.04
ns_node,16,70,0.02,0.04
ns_node,16,71,0.01,0.04
ns_node,16,72,0.01,0.04
ns_node,16,73,0.02,0.04
ns_node,16,74,0.02,0.04
ns_node,16,75,0.02,0.04
ns_node,16,76,0.02,0.04
ns_node,16,77,0.02,0.04
ns_node,16,78,0.02,0.04
ns_node,16,79,0.03,0.04
ns_node,16,80,0.03,0.04
ns_node,16,81,0.03,0.04
ns_node,16,82,0.03,0.04
ns_node,16,83,0.02,0.04
ns_node,16,84,0.02,0.04
ns_node,16,85,0.02,0.04
ns_node,16,86,0.02,0.04
ns_node,16,87,0.0,0.04
ns_node,16,88,0.0,0.04
ns_node,16,89,0.0,0.04
ns_node,16,90,0.0,0.04
ns_node,16,91,0.0,0.04
ns_node,16,92,0.0,0.04
ns_node,16,93,0.0,0.04
ns_node,16,94,0.0,0.04
ns_node,16,95,0.0,0.04
ns_node,16,96,0.0,0.04
ns_node,16,97,0.0,0.04
ns_node,16,98,0.0,0.04
ns_node,16,99,0.0,0.04
ns_node,16,100,0.0,0.04
ns_node,16,101,0.0,0.04
ns_node,16,102,0.0,0.04
ns_node,16,103,0.0,0.04
ns_node,16,104,0.0,0.04
ns_node,16,105,0.0,0.04
ns_node,16,106,0.0,0.04
ns_node,16,107,0.0,0.04
ns_node,16,108,0.0,0.04
ns_node,16,109,0.0,0.04
ns_node,16,110,0.0,0.04
ns_node,16,111,0.0,0.04
ns_node,16,112,0.0,0.04
ns_node,16,113,0.0,0.04
ns_node,16,114,0.0,0.04
ns_node,16,115,0.0,0.04
ns_node,16,116,0.0,0.04
ns_node,16,117,0.0,0.04
ns_node,16,118,0.0,0.04
ns_node,16,119,0.0,0.04
ns_node,16,120,0.0,0.04
ns_node,16,121,0.0,0.04
ns_node,16,122,0.0,0.04
ns_node,16,123,0.0,0.04
ns_node,16,124,0.0,0.04
ns_node,16,125,0.0,0.04
ns_node,16,126,0.0,0.04
ns_node,16,127,0.0,0.04
ns_node,16,128,0.0,0.04
ns_node,16,129,0.0,0.04
ns_node,16,130,0.0,0.04
ns_node,16,131,0.0,0.04
ns_node,16,132,0.0,0.04
ns_node,16,133,0.0,0.04
ns_node,16,134,0.0,0.04
ns_node,16,135,0.0,0.04
ns_node,16,136,0.0,0.04
ns_node,16,137,0.0,0.04
ns_node,16,138,0.0,0.04
ns_node,16,139,0.0,0.04
ns_node,16,140,0.0,0.04
ns_node,16,141,0.0,0.04
ns_node,16,142,0.0,0.04
ns_node,16,143,0.0,0.04
ns_node,16,144,0.0,0.04
ns_node,16,145,0.0,0.04
ns_node,16,146,0.0,0.04
ns_node,16,147,0.0,0.04
ns_node,16,148,0.0,0.04
ns_node,16,149,0.0,0.04
ns_node,16,150,0.0,0.04
ns_node,17,0,0.1,0.04
ns_node,17,1,0.08,0.04
ns_node,17,2,0.07,0.04
ns_node,17,3,0.09,0.04
ns_node,17,4,0.09,0.04
ns_node,17,5,0.06,0.04
ns_node,17,6,0.06,0.04
ns_node,17,7,0.05,0.04
ns_node,17,8,0.06,0.04
ns_node,17,9,0.07,0.04
ns_node,17,10,0.06,0.04
ns_node,17,11,0.06,0.04
ns_node,17,12,0.05,0.04
ns_node,17,13,0.05,0.04
ns_node,17,14,0.04,0.04
ns_node,17,15,0.04,0.04
ns_node,17,16,0.05,0.04
ns_node,17,17,0.05,0.04
ns_node,17,18,0.05,0.04
ns_node,17,19,0.05,0.04
ns_node,17,20,0.04,0.04
ns_node,17,21,0.04,0.04
ns_node,17,22,0.05,0.04
ns_node,17,23,0.05,0.04
ns_node,17,24,0.05,0.04
ns_node,17,25,0.04,0.04
ns_node,17,26,0.02,0.04
ns_node,17,27,0.02,0.04
ns_node,17,28,0.02,0.04
ns_node,17,29,0.02,0.04
ns_node,17,30,0.01,0.04
ns_node,17,31,0.01,0.04
ns_node,17,32,0.01,0.04
ns_node,17,33,0.01,0.04
ns_node,17,34,0.01,0.04
ns_node,17,35,0.01,0.04
ns_node,17,36,0.0,0.04
ns_node,17,37,0.0,0.04
ns_node,17,38,0.0,0.04
ns_node,17,39,0.0,0.04
ns_node,17,40,0.0,0.04
ns_node,17,41,0.0,0.04
ns_node,17,42,0.0,0.04
ns_node,17,43,0.0,0.04
ns_node,17,44,0.0,0.04
ns_node,17,45,0.0,0.04
ns_node,17,46,0.0,0.04
ns_node,17,47,0.0,0.04
ns_node,17,48,0.0,0.04
ns_node,17,49,0.0,0.04
ns_node,17,50,0.0,0.04
ns_node,17,51,0.0,0.04
ns_node,17,52,0.0,0.04
ns_node,17,53,0.0,0.04
ns_node,17,54,0.0,0.04
ns_node,17,55,0.0,0.04
ns_node,17,56,0.0,0.04
ns_node,17,57,0.0,0.04
ns_node,17,58,0.0,0.04
ns_node,17,59,0.0,0.04
ns_node,17,60,0.0,0.04
ns_node,17,61,0.0,0.04
ns_node,17,62,0.0,0.04
ns_node,17,63,0.0,0.04
ns_node,17,64,0.0,0.04
ns_node,17,65,0.0,0.04
ns_node,17,66,0.0,0.04
ns_node,17,67,0.0,0.04
ns_node,17,68,0.0,0.04
ns_node,17,69,0.0,0.04
ns_node,17,70,0.0,0.04
ns_node,17,71,0.0,0.04
ns_node,17,72,0.0,0.04
ns_node,17,73,0.0,0.04
ns_node,17,74,0.0,0.04
ns_node,17,75,0.0,0.04
ns_node,17,76,0.0,0.04
ns_node,17,77,0.0,0.04
ns_node,17,78,0.0,0.04
ns_node,17,79,0.0,0.04
ns_node,17,80,0.0,0.04
ns_node,17,81,0.0,0.04
ns_node,17,82,0.0,0.04
ns_node,17,83,0.0,0.04
ns_node,17,84,0.0,0.04
ns_node,17,85,0.0,0.04
ns_node,17,86,0.0,0.04
ns_node,17,87,0.0,0.04
ns_node,17,88,0.0,0.04
ns_node,17,89,0.0,0.04
ns_node,17,90,0.0,0.04
ns_node,17,91,0.0,0.04
ns_node,17,92,0.0,0.04
ns_node,17,93,0.0,0.04
ns_node,17,94,0.0,0.04
ns_node,17,95,0.0,0.04
ns_node,17,96,0.0,0.04
ns_node,17,97,0.0,0.04
ns_node,17,98,0.0,0.04
ns_node,17,99,0.0,0.04
ns_node,17,100,0.0,0.04
ns_node,17,101,0.0,0.04
ns_node,17,102,0.0,0.04
ns_node,17,103,0.0,0.04
ns_node,17,104,0.0,0.04
ns_node,17,105,0.0,0.04
ns_node,17,106,0.0,0.04
ns_node,17,107,0.0,0.04
ns_node,17,108,0.0,0.04
ns_node,17,109,0.0,0.04
ns_node,17,110,0.0,0.04
ns_node,17,111,0.0,0.04
ns_node,17,112,0.0,0.04
ns_node,17,113,0.0,0.04
ns_node,17,114,0.0,0.04
ns_node,17,115,0.0,0.04
ns_node,17,116,0.0,0.04
ns_node,17,117,0.0,0.04
ns_node,17,118,0.0,0.04
ns_node,17,119,0.0,0.04
ns_node,17,120,0.0,0.04
ns_node,17,121,0.0,0.04
ns_node,17,122,0.0,0.04
ns_node,17,123,0.0,0.04
ns_node,17,124,0.0,0.04
ns_node,17,125,0.0,0.04
ns_node,17,126,0.0,0.04
ns_node,17,127,0.0,0.04
ns_node,17,128,0.0,0.04
ns_node,17,129,0.0,0.04
ns_node,17,130,0.0,0.04
ns_node,17,131,0.0,0.04
ns_node,17,132,0.0,0.04
ns_node,17,133,0.0,0.04
ns_node,17,134,0.0,0.04
ns_node,17,135,0.0,0.04
ns_node,17,136,0.0,0.04
ns_node,17,137,0.0,0.04
ns_node,17,138,0.0,0.04
ns_node,17,139,0.0,0.04
ns_node,17,140,0.0,0.04
ns_node,17,141,0.0,0.04
ns_node,17,142,0.0,0.04
ns_node,17,143,0.0,0.04
ns_node,17,144,0.0,0.04
ns_node,17,145,0.0,0.04
ns_node,17,146,0.0,0.04
ns_node,17,147,0.0,0.04
ns_node,17,148,0.0,0.04
ns_node,17,149,0.0,0.04
ns_node,17,150,0.0,0.04
ns_node,18,0,0.1,0.04
ns_node,18,1,0.07,0.04
ns_node,18,2,0.07,0.04
ns_node,18,3,0.08,0.04
ns_node,18,4,0.07,0.04
ns_node,18,5,0.08,0.04
ns_node,18,6,0.11,0.04
ns_node,18,7,0.11,0.04
ns_node,18,8,0.14,0.04
ns_node,18,9,0.12,0.04
ns_node,18,10,0.1,0.04
ns_node,18,11,0.11,0.04
ns_node,18,12,0.09,0.04
ns_node,18,13,0.07,0.04
ns_node,18,14,0.07,0.04
ns_node,18,15,0.11,0.04
ns_node,18,16,0.08,0.04
ns_node,18,17,0.07,0.04
ns_node,18,18,0.06,0.04
ns_node,18,19,0.05,0.04
ns_node,18,20,0.07,0.04
ns_node,18,21,0.07,0.04
ns_node,18,22,0.07,0.04
ns_node,18,23,0.06,0.04
ns_node,18,24,0.08,0.04
ns_node,18,25,0.1,0.04
ns_node,18,26,0.1,0.04
ns_node,18,27,0.11,0.04
ns_node,18,28,0.1,0.04
ns_node,18,29,0.1,0.04
ns_node,18,30,0.11,0.04
ns_node,18,31,0.12,0.04
ns_node,18,32,0.1,0.04
ns_node,18,33,0.1,0.04
ns_node,18,34,0.1,0.04
ns_node,18,35,0.09,0.04
ns_node,18,36,0.1,0.04
ns_node,18,37,0.13,0.04
ns_node,18,38,0.12,0.04
ns_node,18,39,0.09,0.04
ns_node,18,40,0.09,0.04
ns_node,18,41,0.07,0.04
ns_node,18,42,0.06,0.04
ns_node,18,43,0.05,0.04
ns_node,18,44,0.03,0.04
ns_node,18,45,0.03,0.04
ns_node,18,46,0.06,0.04
ns_node,18,47,0.05,0.04
ns_node,18,48,0.04,0.04
ns_node,18,49,0.04,0.04
ns_node,18,50,0.04,0.04
ns_node,18,51,0.04,0.04
ns_node,18,52,0.04,0.04
ns_node,18,53,0.02,0.04
ns_node,18,54,0.02,0.04
ns_node,18,55,0.03,0.04
ns_node,18,56,0.03,0.04
ns_node,18,57,0.04,0.04
ns_node,18,58,0.02,0.04
ns_node,18,59,0.01,0.04
ns_node,18,60,0.01,0.04
ns_node,18,61,0.01,0.04
ns_node,18,62,0.01,0.04
ns_node,18,63,0.01,0.04
ns_node,18,64,0.01,0.04
ns_node,18,65,0.01,0.04
ns_node,18,66,0.0,0.04
ns_node,18,67,0.0,0.04
ns_node,18,68,0.0,0.04
ns_node,18,69,0.0,0.04
ns_node,18,70,0.0,0.04
ns_node,18,71,0.0,0.04
ns_node,18,72,0.0,0.04
ns_node,18,73,0.0,0.04
ns_node,18,74,0.0,0.04
ns_node,18,75,0.0,0.04
ns_node,18,76,0.0,0.04
ns_node,18,77,0.0,0.04
ns_node,18,78,0.0,0.04
ns_node,18,79,0.0,0.04
ns_node,18,80,0.0,0.04
ns_node,18,81,0.0,0.04
ns_node,18,82,0.0,0.04
ns_node,18,83,0.0,0.04
ns_node,18,84,0.0,0.04
ns_node,18,85,0.0,0.04
ns_node,18,86,0.0,0.04
ns_node,18,87,0.0,0.04
ns_node,18,88,0.0,0.04
ns_node,18,89,0.0,0.04
ns_node,18,90,0.0,0.04
ns_node,18,91,0.0,0.04
ns_node,18,92,0.0,0.04
ns_node,18,93,0.0,0.04
ns_node,18,94,0.0,0.04
ns_node,18,95,0.0,0.04
ns_node,18,96,0.0,0.04
ns_node,18,97,0.0,0.04
ns_node,18,98,0.0,0.04
ns_node,18,99,0.0,0.04
ns_node,18,100,0.0,0.04
ns_node,18,101,0.0,0.04
ns_node,18,102,0.0,0.04
ns_node,18,103,0.0,0.04
ns_node,18,104,0.0,0.04
ns_node,18,105,0.0,0.04
ns_node,18,106,0.0,0.04
ns_node,18,107,0.0,0.04
ns_node,18,108,0.0,0.04
ns_node,18,109,0.0,0.04
ns_node,18,110,0.0,0.04
ns_node,18,111,0.0,0.04
ns_node,18,112,0.0,0.04
ns_node,18,113,0.0,0.04
ns_node,18,114,0.0,0.04
ns_node,18,115,0.0,0.04
ns_node,18,116,0.0,0.04
ns_node,18,117,0.0,0.04
ns_node,18,118,0.0,0.04
ns_node,18,119,0.0,0.04
ns_node,18,120,0.0,0.04
ns_node,18,121,0.0,0.04
ns_node,18,122,0.0,0.04
ns_node,18,123,0.0,0.04
ns_node,18,124,0.0,0.04
ns_node,18,125,0.0,0.04
ns_node,18,126,0.0,0.04
ns_node,18,127,0.0,0.04
ns_node,18,128,0.0,0.04
ns_node,18,129,0.0,0.04
ns_node,18,130,0.0,0.04
ns_node,18,131,0.0,0.04
ns_node,18,132,0.0,0.04
ns_node,18,133,0.0,0.04
ns_node,18,134,0.0,0.04
ns_node,18,135,0.0,0.04
ns_node,18,136,0.0,0.04
ns_node,18,137,0.0,0.04
ns_node,18,138,0.0,0.04
ns_node,18,139,0.0,0.04
ns_node,18,140,0.0,0.04
ns_node,18,141,0.0,0.04
ns_node,18,142,0.0,0.04
ns_node,18,143,0.0,0.04
ns_node,18,144,0.0,0.04
ns_node,18,145,0.0,0.04
ns_node,18,146,0.0,0.04
ns_node,18,147,0.0,0.04
ns_node,18,148,0.0,0.04
ns_node,18,149,0.0,0.04
ns_node,18,150,0.0,0.04
ns_node,19,0,0.1,0.04
ns_node,19,1,0.1,0.04
ns_node,19,2,0.09,0.04
ns_node,19,3,0.1,0.04
ns_node,19,4,0.08,0.04
ns_node,19,5,0.08,0.04
ns_node,19,6,0.08,0.04
ns_node,19,7,0.08,0.04
ns_node,19,8,0.08,0.04
ns_node,19,9,0.09,0.04
ns_node,19,10,0.1,0.04
ns_node,19,11,0.1,0.04
ns_node,19,12,0.1,0.04
ns_node,19,13,0.12,0.04
ns_node,19,14,0.12,0.04
ns_node,19,15,0.1,0.04
ns_node,19,16,0.13,0.04
ns_node,19,17,0.12,0.04
ns_node,19,18,0.12,0.04
ns_node,19,19,0.12,0.04
ns_node,19,20,0.09,0.04
ns_node,19,21,0.09,0.04
ns_node,19,22,0.08,0.04
ns_node,19,23,0.07,0.04
ns_node,19,24,0.06,0.04
ns_node,19,25,0.04,0.04
ns_node,19,26,0.03,0.04
ns_node,19,27,0.04,0.04
ns_node,19,28,0.03,0.04
ns_node,19,29,0.03,0.04
ns_node,19,30,0.04,0.04
ns_node,19,31,0.03,0.04
ns_node,19,32,0.04,0.04
ns_node,19,33,0.04,0.04
ns_node,19,34,0.02,0.04
ns_node,19,35,0.02,0.04
ns_node,19,36,0.02,0.04
ns_node,19,37,0.02,0.04
ns_node,19,38,0.02,0.04
ns_node,19,39,0.03,0.04
ns_node,19,40,0.02,0.04
ns_node,19,41,0.01,0.04
ns_node,19,42,0.01,0.04
ns_node,19,43,0.01,0.04
ns_node,19,44,0.01,0.04
ns_node,19,45,0.01,0.04
ns_node,19,46,0.0,0.04
ns_node,19,47,0.0,0.04
ns_node,19,48,0.0,0.04
ns_node,19,49,0.0,0.04
ns_node,19,50,0.0,0.04
ns_node,19,51,0.0,0.04
ns_node,19,52,0.0,0.04
ns_node,19,53,0.0,0.04
ns_node,19,54,0.0,0.04
ns_node,19,55,0.0,0.04
ns_node,19,56,0.0,0.04
ns_node,19,57,0.0,0.04
ns_node,19,58,0.0,0.04
ns_node,19,59,0.0,0.04
ns_node,19,60,0.0,0.04
ns_node,19,61,0.0,0.04
ns_node,19,62,0.0,0.04
ns_node,19,63,0.0,0.04
ns_node,19,64,0.0,0.04
ns_node,19,65,0.0,0.04
ns_node,19,66,0.0,0.04
ns_node,19,67,0.0,0.04
ns_node,19,68,0.0,0.04
ns_node,19,69,0.0,0.04
ns_node,19,70,0.0,0.04
ns_node,19,71,0.0,0.04
ns_node,19,72,0.0,0.04
ns_node,19,73,0.0,0.04
ns_node,19,74,0.0,0.04
ns_node,19,75,0.0,0.04
ns_node,19,76,0.0,0.04
ns_node,19,77,0.0,0.04
ns_node,19,78,0.0,0.04
ns_node,19,79,0.0,0.04
ns_node,19,80,0.0,0.04
ns_node,19,81,0.0,0.04
ns_node,19,82,0.0,0.04
ns_node,19,83,0.0,0.04
ns_node,19,84,0.0,0.04
ns_node,19,85,0.0,0.04
ns_node,19,86,0.0,0.04
ns_node,19,87,0.0,0.04
ns_node,19,88,0.0,0.04
ns_node,19,89,0.0,0.04
ns_node,19,90,0.0,0.04
ns_node,19,91,0.0,0.04
ns_node,19,92,0.0,0.04
ns_node,19,93,0.0,0.04
ns_node,19,94,0.0,0.04
ns_node,19,95,0.0,0.04
ns_node,19,96,0.0,0.04
ns_node,19,97,0.0,0.04
ns_node,19,98,0.0,0.04
ns_node,19,99,0.0,0.04
ns_node,19,100,0.0,0.04
ns_node,19,101,0.0,0.04
ns_node,19,102,0.0,0.04
ns_node,19,103,0.0,0.04
ns_node,19,104,0.0,0.04
ns_node,19,105,0.0,0.04
ns_node,19,106,0.0,0.04
ns_node,19,107,0.0,0.04
ns_node,19,108,0.0,0.04
ns_node,19,109,0.0,0.04
ns_node,19,110,0.0,0.04
ns_node,19,111,0.0,0.04
ns_node,19,112,0.0,0.04
ns_node,19,113,0.0,0.04
ns_node,19,114,0.0,0.04
ns_node,19,115,0.0,0.04
ns_node,19,116,0.0,0.04
ns_node,19,117,0.0,0.04
ns_node,19,118,0.0,0.04
ns_node,19,119,0.0,0.04
ns_node,19,120,0.0,0.04
ns_node,19,121,0.0,0.04
ns_node,19,122,0.0,0.04
ns_node,19,123,0.0,0.04
ns_node,19,124,0.0,0.04
ns_node,19,125,0.0,0.04
ns_node,19,126,0.0,0.04
ns_node,19,127,0.0,0.04
ns_node,19,128,0.0,0.04
ns_node,19,129,0.0,0.04
ns_node,19,130,0.0,0.04
ns_node,19,131,0.0,0.04
ns_node,19,132,0.0,0.04
ns_node,19,133,0.0,0.04
ns_node,19,134,0.0,0.04
ns_node,19,135,0.0,0.04
ns_node,19,136,0.0,0.04
ns_node,19,137,0.0,0.04
ns_node,19,138,0.0,0.04
ns_node,19,139,0.0,0.04
ns_node,19,140,0.0,0.04
ns_node,19,141,0.0,0.04
ns_node,19,142,0.0,0.04
ns_node,19,143,0.0,0.04
ns_node,19,144,0.0,0.04
ns_node,19,145,0.0,0.04
ns_node,19,146,0.0,0.04
ns_node,19,147,0.0,0.04
ns_node,19,148,0.0,0.04
ns_node,19,149,0.0,0.04
ns_node,19,150,0.0,0.04
ns_node,0,0,0.09,0.08
ns_node,0,1,0.09,0.08
ns_node,0,2,0.12,0.08
ns_node,0,3,0.14,0.08
ns_node,0,4,0.18,0.08
ns_node,0,5,0.23,0.08
ns_node,0,6,0.29,0.08
ns_node,0,7,0.28,0.08
ns_node,0,8,0.3,0.08
ns_node,0,9,0.3,0.08
ns_node,0,10,0.24,0.08
ns_node,0,11,0.23,0.08
ns_node,0,12,0.24,0.08
ns_node,0,13,0.28,0.08
ns_node,0,14,0.3,0.08
ns_node,0,15,0.25,0.08
ns_node,0,16,0.24,0.08
ns_node,0,17,0.31,0.08
ns_node,0,18,0.3,0.08
ns_node,0,19,0.31,0.08
ns_node,0,20,0.29,0.08
ns_node,0,21,0.3,0.08
ns_node,0,22,0.29,0.08
ns_node,0,23,0.3,0.08
ns_node,0,24,0.31,0.08
ns_node,0,25,0.32,0.08
ns_node,0,26,0.32,0.08
ns_node,0,27,0.38,0.08
ns_node,0,28,0.34,0.08
ns_node,0,29,0.32,0.08
ns_node,0,30,0.29,0.08
ns_node,0,31,0.31,0.08
ns_node,0,32,0.27,0.08
ns_node,0,33,0.27,0.08
ns_node,0,34,0.29,0.08
ns_node,0,35,0.34,0.08
ns_node,0,36,0.31,0.08
ns_node,0,37,0.33,0.08
ns_node,0,38,0.37,0.08
ns_node,0,39,0.34,0.08
ns_node,0,40,0.34,0.08
ns_node,0,41,0.31,0.08
ns_node,0,42,0.31,0.08
ns_node,0,43,0.31,0.08
ns_node,0,44,0.34,0.08
ns_node,0,45,0.33,0.08
ns_node,0,46,0.3,0.08
ns_node,0,47,0.29,0.08
ns_node,0,48,0.32,0.08
ns_node,0,49,0.3,0.08
ns_node,0,50,0.3,0.08
ns_node,0,51,0.3,0.08
ns_node,0,52,0.3,0.08
ns_node,0,53,0.3,0.08
ns_node,0,54,0.35,0.08
ns_node,0,55,0.35,0.08
ns_node,0,56,0.34,0.08
ns_node,0,57,0.34,0.08
ns_node,0,58,0.37,0.08
ns_node,0,59,0.34,0.08
ns_node,0,60,0.34,0.08
ns_node,0,61,0.34,0.08
ns_node,0,62,0.3,0.08
ns_node,0,63,0.34,0.08
ns_node,0,64,0.29,0.08
ns_node,0,65,0.28,0.08
ns_node,0,66,0.29,0.08
ns_node,0,67,0.23,0.08
ns_node,0,68,0.24,0.08
ns_node,0,69,0.29,0.08
ns_node,0,70,0.26,0.08
ns_node,0,71,0.23,0.08
ns_node,0,72,0.27,0.08
ns_node,0,73,0.28,0.08
ns_node,0,74,0.32,0.08
ns_node,0,75,0.32,0.08
ns_node,0,76,0.29,0.08
ns_node,0,77,0.25,0.08
ns_node,0,78,0.22,0.08
ns_node,0,79,0.21,0.08
ns_node,0,80,0.23,0.08
ns_node,0,81,0.22,0.08
ns_node,0,82,0.19,0.08
ns_node,0,83,0.18,0.08
ns_node,0,84,0.18,0.08
ns_node,0,85,0.18,0.08
ns_node,0,86,0.2,0.08
ns_node,0,87,0.25,0.08
ns_node,0,88,0.23,0.08
ns_node,0,89,0.25,0.08
ns_node,0,90,0.2,0.08
ns_node,0,91,0.24,0.08
ns_node,0,92,0.27,0.08
ns_node,0,93,0.28,0.08
ns_node,0,94,0.29,0.08
ns_node,0,95,0.31,0.08
ns_node,0,96,0.28,0.08
ns_node,0,97,0.28,0.08
ns_node,0,98,0.37,0.08
ns_node,0,99,0.4,0.08
ns_node,0,100,0.38,0.08
ns_node,0,101,0.44,0.08
ns_node,0,102,0.4,0.08
ns_node,0,103,0.42,0.08
ns_node,0,104,0.37,0.08
ns_node,0,105,0.36,0.08
ns_node,0,106,0.35,0.08
ns_node,0,107,0.33,0.08
ns_node,0,108,0.39,0.08
ns_node,0,109,0.36,0.08
ns_node,0,110,0.32,0.08
ns_node,0,111,0.36,0.08
ns_node,0,112,0.38,0.08
ns_node,0,113,0.4,0.08
ns_node,0,114,0.42,0.08
ns_node,0,115,0.38,0.08
ns_node,0,116,0.33,0.08
ns_node,0,117,0.32,0.08
ns_node,0,118,0.35,0.08
ns_node,0,119,0.37,0.08
ns_node,0,120,0.33,0.08
ns_node,0,121,0.37,0.08
ns_node,0,122,0.38,0.08
ns_node,0,123,0.41,0.08
ns_node,0,124,0.38,0.08
ns_node,0,125,0.37,0.08
ns_node,0,126,0.34,0.08
ns_node,0,127,0.35,0.08
ns_node,0,128,0.39,0.08
ns_node,0,129,0.37,0.08
ns_node,0,130,0.35,0.08
ns_node,0,131,0.34,0.08
ns_node,0,132,0.31,0.08
ns_node,0,133,0.24,0.08
ns_node,0,134,0.24,0.08
ns_node,0,135,0.25,0.08
ns_node,0,136,0.24,0.08
ns_node,0,137,0.25,0.08
ns_node,0,138,0.21,0.08
ns_node,0,139,0.23,0.08
ns_node,0,140,0.27,0.08
ns_node,0,141,0.27,0.08
ns_node,0,142,0.22,0.08
ns_node,0,143,0.27,0.08
ns_node,0,144,0.31,0.08
ns_node,0,145,0.32,0.08
ns_node,0,146,0.34,0.08
ns_node,0,147,0.34,0.08
ns_node,0,148,0.36,0.08
ns_node,0,149,0.3,0.08
ns_node,0,150,0.28,0.08
ns_node,1,0,0.09,0.08
ns_node,1,1,0.08,0.08
ns_node,1,2,0.06,0.08
ns_node,1,3,0.06,0.08
ns_node,1,4,0.06,0.08
ns_node,1,5,0.09,0.08
ns_node,1,6,0.08,0.08
ns_node,1,7,0.09,0.08
ns_node,1,8,0.1,0.08
ns_node,1,9,0.1,0.08
ns_node,1,10,0.09,0.08
ns_node,1,11,0.13,0.08
ns_node,1,12,0.12,0.08
ns_node,1,13,0.13,0.08
ns_node,1,14,0.16,0.08
ns_node,1,15,0.18,0.08
ns_node,1,16,0.21,0.08
ns_node,1,17,0.28,0.08
ns_node,1,18,0.24,0.08
ns_node,1,19,0.32,0.08
ns_node,1,20,0.34,0.08
ns_node,1,21,0.32,0.08
ns_node,1,22,0.3,0.08
ns_node,1,23,0.23,0.08
ns_node,1,24,0.25,0.08
ns_node,1,25,0.28,0.08
ns_node,1,26,0.28,0.08
ns_node,1,27,0.31,0.08
ns_node,1,28,0.32,0.08
ns_node,1,29,0.29,0.08
ns_node,1,30,0.28,0.08
ns_node,1,31,0.32,0.08
ns_node,1,32,0.37,0.08
ns_node,1,33,0.38,0.08
ns_node,1,34,0.39,0.08
ns_node,1,35,0.4,0.08
ns_node,1,36,0.35,0.08
ns_node,1,37,0.33,0.08
ns_node,1,38,0.31,0.08
ns_node,1,39,0.35,0.08
ns_node,1,40,0.39,0.08
ns_node,1,41,0.4,0.08
ns_node,1,42,0.35,0.08
ns_node,1,43,0.33,0.08
ns_node,1,44,0.29,0.08
ns_node,1,45,0.25,0.08
ns_node,1,46,0.26,0.08
ns_node,1,47,0.29,0.08
ns_node,1,48,0.27,0.08
ns_node,1,49,0.24,0.08
ns_node,1,50,0.28,0.08
ns_node,1,51,0.29,0.08
ns_node,1,52,0.32,0.08
ns_node,1,53,0.27,0.08
ns_node,1,54,0.29,0.08
ns_node,1,55,0.32,0.08
ns_node,1,56,0.4,0.08
ns_node,1,57,0.36,0.08
ns_node,1,58,0.32,0.08
ns_node,1,59,0.29,0.08
ns_node,1,60,0.27,0.08
ns_node,1,61,0.28,0.08
ns_node,1,62,0.27,0.08
ns_node,1,63,0.28,0.08
ns_node,1,64,0.29,0.08
ns_node,1,65,0.31,0.08
ns_node,1,66,0.3,0.08
ns_node,1,67,0.36,0.08
ns_node,1,68,0.36,0.08
ns_node,1,69,0.3,0.08
ns_node,1,70,0.31,0.08
ns_node,1,71,0.3,0.08
ns_node,1,72,0.28,0.08
ns_node,1,73,0.3,0.08
ns_node,1,74,0.23,0.08
ns_node,1,75,0.26,0.08
ns_node,1,76,0.29,0.08
ns_node,1,77,0.3,0.08
ns_node,1,78,0.29,0.08
ns_node,1,79,0.23,0.08
ns_node,1,80,0.28,0.08
ns_node,1,81,0.26,0.08
ns_node,1,82,0.29,0.08
ns_node,1,83,0.27,0.08
ns_node,1,84,0.31,0.08
ns_node,1,85,0.3,0.08
ns_node,1,86,0.28,0.08
ns_node,1,87,0.3,0.08
ns_node,1,88,0.32,0.08
ns_node,1,89,0.38,0.08
ns_node,1,90,0.43,0.08
ns_node,1,91,0.45,0.08
ns_node,1,92,0.4,0.08
ns_node,1,93,0.39,0.08
ns_node,1,94,0.4,0.08
ns_node,1,95,0.37,0.08
ns_node,1,96,0.39,0.08
ns_node,1,97,0.35,0.08
ns_node,1,98,0.36,0.08
ns_node,1,99,0.41,0.08
ns_node,1,100,0.42,0.08
ns_node,1,101,0.41,0.08
ns_node,1,102,0.41,0.08
ns_node,1,103,0.4,0.08
ns_node,1,104,0.42,0.08
ns_node,1,105,0.41,0.08
ns_node,1,106,0.44,0.08
ns_node,1,107,0.36,0.08
ns_node,1,108,0.39,0.08
ns_node,1,109,0.36,0.08
ns_node,1,110,0.36,0.08
ns_node,1,111,0.35,0.08
ns_node,1,112,0.31,0.08
ns_node,1,113,0.27,0.08
ns_node,1,114,0.27,0.08
ns_node,1,115,0.28,0.08
ns_node,1,116,0.25,0.08
ns_node,1,117,0.23,0.08
ns_node,1,118,0.28,0.08
ns_node,1,119,0.26,0.08
ns_node,1,120,0.27,0.08
ns_node,1,121,0.3,0.08
ns_node,1,122,0.28,0.08
ns_node,1,123,0.25,0.08
ns_node,1,124,0.25,0.08
ns_node,1,125,0.24,0.08
ns_node,1,126,0.29,0.08
ns_node,1,127,0.3,0.08
ns_node,1,128,0.31,0.08
ns_node,1,129,0.3,0.08
ns_node,1,130,0.29,0.08
ns_node,1,131,0.26,0.08
ns_node,1,132,0.21,0.08
ns_node,1,133,0.21,0.08
ns_node,1,134,0.23,0.08
ns_node,1,135,0.23,0.08
ns_node,1,136,0.22,0.08
ns_node,1,137,0.22,0.08
ns_node,1,138,0.28,0.08
ns_node,1,139,0.3,0.08
ns_node,1,140,0.3,0.08
ns_node,1,141,0.27,0.08
ns_node,1,142,0.29,0.08
ns_node,1,143,0.31,0.08
ns_node,1,144,0.37,0.08
ns_node,1,145,0.34,0.08
ns_node,1,146,0.38,0.08
ns_node,1,147,0.37,0.08
ns_node,1,148,0.33,0.08
ns_node,1,149,0.3,0.08
ns_node,1,150,0.32,0.08
ns_node,2,0,0.09,0.08
ns_node,2,1,0.09,0.08
ns_node,2,2,0.13,0.08
ns_node,2,3,0.14,0.08
ns_node,2,4,0.17,0.08
ns_node,2,5,0.19,0.08
ns_node,2,6,0.23,0.08
ns_node,2,7,0.15,0.08
ns_node,2,8,0.19,0.08
ns_node,2,9,0.18,0.08
ns_node,2,10,0.19,0.08
ns_node,2,11,0.18,0.08
ns_node,2,12,0.14,0.08
ns_node,2,13,0.16,0.08
ns_node,2,14,0.18,0.08
ns_node,2,15,0.2,0.08
ns_node,2,16,0.21,0.08
ns_node,2,17,0.21,0.08
ns_node,2,18,0.23,0.08
ns_node,2,19,0.24,0.08
ns_node,2,20,0.23,0.08
ns_node,2,21,0.27,0.08
ns_node,2,22,0.32,0.08
ns_node,2,23,0.31,0.08
ns_node,2,24,0.3,0.08
ns_node,2,25,0.27,0.08
ns_node,2,26,0.28,0.08
ns_node,2,27,0.27,0.08
ns_node,2,28,0.29,0.08
ns_node,2,29,0.24,0.08
ns_node,2,30,0.3,0.08
ns_node,2,31,0.33,0.08
ns_node,2,32,0.35,0.08
ns_node,2,33,0.35,0.08
ns_node,2,34,0.27,0.08
ns_node,2,35,0.32,0.08
ns_node,2,36,0.31,0.08
ns_node,2,37,0.29,0.08
ns_node,2,38,0.31,0.08
ns_node,2,39,0.3,0.08
ns_node,2,40,0.27,0.08
ns_node,2,41,0.3,0.08
ns_node,2,42,0.25,0.08
ns_node,2,43,0.2,0.08
ns_node,2,44,0.22,0.08
ns_node,2,45,0.22,0.08
ns_node,2,46,0.17,0.08
ns_node,2,47,0.14,0.08
ns_node,2,48,0.17,0.08
ns_node,2,49,0.17,0.08
ns_node,2,50,0.15,0.08
ns_node,2,51,0.15,0.08
ns_node,2,52,0.19,0.08
ns_node,2,53,0.22,0.08
ns_node,2,54,0.29,0.08
ns_node,2,55,0.32,0.08
ns_node,2,56,0.33,0.08
ns_node,2,57,0.36,0.08
ns_node,2,58,0.32,0.08
ns_node,2,59,0.35,0.08
ns_node,2,60,0.38,0.08
ns_node,2,61,0.42,0.08
ns_node,2,62,0.44,0.08
ns_node,2,63,0.41,0.08
ns_node,2,64,0.38,0.08
ns_node,2,65,0.38,0.08
ns_node,2,66,0.37,0.08
ns_node,2,67,0.37,0.08
ns_node,2,68,0.38,0.08
ns_node,2,69,0.36,0.08
ns_node,2,70,0.39,0.08
ns_node,2,71,0.38,0.08
ns_node,2,72,0.4,0.08
ns_node,2,73,0.34,0.08
ns_node,2,74,0.32,0.08
ns_node,2,75,0.32,0.08
ns_node,2,76,0.36,0.08
ns_node,2,77,0.35,0.08
ns_node,2,78,0.3,0.08
ns_node,2,79,0.27,0.08
ns_node,2,80,0.32,0.08
ns_node,2,81,0.3,0.08
ns_node,2,82,0.3,0.08
ns_node,2,83,0.27,0.08
ns_node,2,84,0.32,0.08
ns_node,2,85,0.32,0.08
ns_node,2,86,0.33,0.08
ns_node,2,87,0.33,0.08
ns_node,2,88,0.31,0.08
ns_node,2,89,0.3,0.08
ns_node,2,90,0.33,0.08
ns_node,2,91,0.31,0.08
ns_node,2,92,0.32,0.08
ns_node,2,93,0.32,0.08
ns_node,2,94,0.32,0.08
ns_node,2,95,0.28,0.08
ns_node,2,96,0.27,0.08
ns_node,2,97,0.2,0.08
ns_node,2,98,0.24,0.08
ns_node,2,99,0.23,0.08
ns_node,2,100,0.23,0.08
ns_node,2,101,0.25,0.08
ns_node,2,102,0.27,0.08
ns_node,2,103,0.24,0.08
ns_node,2,104,0.25,0.08
ns_node,2,105,0.23,0.08
ns_node,2,106,0.26,0.08
ns_node,2,107,0.24,0.08
ns_node,2,108,0.3,0.08
ns_node,2,109,0.29,0.08
ns_node,2,110,0.31,0.08
ns_node,2,111,0.35,0.08
ns_node,2,112,0.35,0.08
ns_node,2,113,0.34,0.08
ns_node,2,114,0.34,0.08
ns_node,2,115,0.32,0.08
ns_node,2,116,0.28,0.08
ns_node,2,117,0.28,0.08
ns_node,2,118,0.27,0.08
ns_node,2,119,0.32,0.08
ns_node,2,120,0.3,0.08
ns_node,2,121,0.25,0.08
ns_node,2,122,0.26,0.08
ns_node,2,123,0.27,0.08
ns_node,2,124,0.3,0.08
ns_node,2,125,0.29,0.08
ns_node,2,126,0.24,0.08
ns_node,2,127,0.27,0.08
ns_node,2,128,0.33,0.08
ns_node,2,129,0.27,0.08
ns_node,2,130,0.29,0.08
ns_node,2,131,0.33,0.08
ns_node,2,132,0.37,0.08
ns_node,2,133,0.38,0.08
ns_node,2,134,0.37,0.08
ns_node,2,135,0.35,0.08
ns_node,2,136,0.36,0.08
ns_node,2,137,0.32,0.08
ns_node,2,138,0.38,0.08
ns_node,2,139,0.35,0.08
ns_node,2,140,0.36,0.08
ns_node,2,141,0.37,0.08
ns_node,2,142,0.4,0.08
ns_node,2,143,0.33,0.08
ns_node,2,144,0.32,0.08
ns_node,2,145,0.34,0.08
ns_node,2,146,0.26,0.08
ns_node,2,147,0.31,0.08
ns_node,2,148,0.36,0.08
ns_node,2,149,0.37,0.08
ns_node,2,150,0.34,0.08
ns_node,3,0,0.1,0.08
ns_node,3,1,0.13,0.08
ns_node,3,2,0.12,0.08
ns_node,3,3,0.16,0.08
ns_node,3,4,0.15,0.08
ns_node,3,5,0.13,0.08
ns_node,3,6,0.1,0.08
ns_node,3,7,0.12,0.08
ns_node,3,8,0.18,0.08
ns_node,3,9,0.21,0.08
ns_node,3,10,0.24,0.08
ns_node,3,11,0.28,0.08
ns_node,3,12,0.22,0.08
ns_node,3,13,0.27,0.08
ns_node,3,14,0.24,0.08
ns_node,3,15,0.24,0.08
ns_node,3,16,0.28,0.08
ns_node,3,17,0.3,0.08
ns_node,3,18,0.36,0.08
ns_node,3,19,0.33,0.08
ns_node,3,20,0.34,0.08
ns_node,3,21,0.41,0.08
ns_node,3,22,0.37,0.08
ns_node,3,23,0.35,0.08
ns_node,3,24,0.34,0.08
ns_node,3,25,0.3,0.08
ns_node,3,26,0.35,0.08
ns_node,3,27,0.41,0.08
ns_node,3,28,0.46,0.08
ns_node,3,29,0.42,0.08
ns_node,3,30,0.38,0.08
ns_node,3,31,0.4,0.08
ns_node,3,32,0.36,0.08
ns_node,3,33,0.34,0.08
ns_node,3,34,0.28,0.08
ns_node,3,35,0.33,0.08
ns_node,3,36,0.26,0.08
ns_node,3,37,0.29,0.08
ns_node,3,38,0.26,0.08
ns_node,3,39,0.3,0.08
ns_node,3,40,0.33,0.08
ns_node,3,41,0.31,0.08
ns_node,3,42,0.38,0.08
ns_node,3,43,0.37,0.08
ns_node,3,44,0.32,0.08
ns_node,3,45,0.35,0.08
ns_node,3,46,0.34,0.08
ns_node,3,47,0.31,0.08
ns_node,3,48,0.32,0.08
ns_node,3,49,0.41,0.08
ns_node,3,50,0.41,0.08
ns_node,3,51,0.4,0.08
ns_node,3,52,0.37,0.08
ns_node,3,53,0.47,0.08
ns_node,3,54,0.51,0.08
ns_node,3,55,0.47,0.08
ns_node,3,56,0.41,0.08
ns_node,3,57,0.38,0.08
ns_node,3,58,0.34,0.08
ns_node,3,59,0.35,0.08
ns_node,3,60,0.36,0.08
ns_node,3,61,0.38,0.08
ns_node,3,62,0.4,0.08
ns_node,3,63,0.39,0.08
ns_node,3,64,0.37,0.08
ns_node,3,65,0.32,0.08
ns_node,3,66,0.31,0.08
ns_node,3,67,0.32,0.08
ns_node,3,68,0.29,0.08
ns_node,3,69,0.3,0.08
ns_node,3,70,0.35,0.08
ns_node,3,71,0.35,0.08
ns_node,3,72,0.35,0.08
ns_node,3,73,0.4,0.08
ns_node,3,74,0.4,0.08
ns_node,3,75,0.37,0.08
ns_node,3,76,0.38,0.08
ns_node,3,77,0.34,0.08
ns_node,3,78,0.32,0.08
ns_node,3,79,0.29,0.08
ns_node,3,80,0.32,0.08
ns_node,3,81,0.31,0.08
ns_node,3,82,0.31,0.08
ns_node,3,83,0.28,0.08
ns_node,3,84,0.3,0.08
ns_node,3,85,0.34,0.08
ns_node,3,86,0.35,0.08
ns_node,3,87,0.35,0.08
ns_node,3,88,0.38,0.08
ns_node,3,89,0.35,0.08
ns_node,3,90,0.35,0.08
ns_node,3,91,0.34,0.08
ns_node,3,92,0.37,0.08
ns_node,3,93,0.36,0.08
ns_node,3,94,0.37,0.08
ns_node,3,95,0.32,0.08
ns_node,3,96,0.28,0.08
ns_node,3,97,0.27,0.08
ns_node,3,98,0.25,0.08
ns_node,3,99,0.23,0.08
ns_node,3,100,0.25,0.08
ns_node,3,101,0.3,0.08
ns_node,3,102,0.22,0.08
ns_node,3,103,0.25,0.08
ns_node,3,104,0.25,0.08
ns_node,3,105,0.25,0.08
ns_node,3,106,0.27,0.08
ns_node,3,107,0.32,0.08
ns_node,3,108,0.32,0.08
ns_node,3,109,0.3,0.08
ns_node,3,110,0.29,0.08
ns_node,3,111,0.28,0.08
ns_node,3,112,0.24,0.08
ns_node,3,113,0.24,0.08
ns_node,3,114,0.21,0.08
ns_node,3,115,0.25,0.08
ns_node,3,116,0.23,0.08
ns_node,3,117,0.27,0.08
ns_node,3,118,0.26,0.08
ns_node,3,119,0.31,0.08
ns_node,3,120,0.25,0.08
ns_node,3,121,0.25,0.08
ns_node,3,122,0.23,0.08
ns_node,3,123,0.23,0.08
ns_node,3,124,0.23,0.08
ns_node,3,125,0.27,0.08
ns_node,3,126,0.31,0.08
ns_node,3,127,0.29,0.08
ns_node,3,128,0.3,0.08
ns_node,3,129,0.34,0.08
ns_node,3,130,0.34,0.08
ns_node,3,131,0.29,0.08
ns_node,3,132,0.27,0.08
ns_node,3,133,0.25,0.08
ns_node,3,134,0.25,0.08
ns_node,3,135,0.25,0.08
ns_node,3,136,0.25,0.08
ns_node,3,137,0.27,0.08
ns_node,3,138,0.3,0.08
ns_node,3,139,0.31,0.08
ns_node,3,140,0.31,0.08
ns_node,3,141,0.31,0.08
ns_node,3,142,0.31,0.08
ns_node,3,143,0.28,0.08
ns_node,3,144,0.29,0.08
ns_node,3,145,0.31,0.08
ns_node,3,146,0.29,0.08
ns_node,3,147,0.26,0.08
ns_node,3,148,0.3,0.08
ns_node,3,149,0.33,0.08
ns_node,3,150,0.33,0.08
ns_node,4,0,0.09,0.08
ns_node,4,1,0.09,0.08
ns_node,4,2,0.08,0.08
ns_node,4,3,0.12,0.08
ns_node,4,4,0.17,0.08
ns_node,4,5,0.16,0.08
ns_node,4,6,0.18,0.08
ns_node,4,7,0.17,0.08
ns_node,4,8,0.2,0.08
ns_node,4,9,0.24,0.08
ns_node,4,10,0.21,0.08
ns_node,4,11,0.2,0.08
ns_node,4,12,0.24,0.08
ns_node,4,13,0.25,0.08
ns_node,4,14,0.25,0.08
ns_node,4,15,0.25,0.08
ns_node,4,16,0.28,0.08
ns_node,4,17,0.26,0.08
ns_node,4,18,0.24,0.08
ns_node,4,19,0.27,0.08
ns_node,4,20,0.25,0.08
ns_node,4,21,0.26,0.08
ns_node,4,22,0.27,0.08
ns_node,4,23,0.28,0.08
ns_node,4,24,0.32,0.08
ns_node,4,25,0.32,0.08
ns_node,4,26,0.31,0.08
ns_node,4,27,0.32,0.08
ns_node,4,28,0.4,0.08
ns_node,4,29,0.4,0.08
ns_node,4,30,0.43,0.08
ns_node,4,31,0.46,0.08
ns_node,4,32,0.46,0.08
ns_node,4,33,0.49,0.08
ns_node,4,34,0.46,0.08
ns_node,4,35,0.47,0.08
ns_node,4,36,0.46,0.08
ns_node,4,37,0.42,0.08
ns_node,4,38,0.43,0.08
ns_node,4,39,0.38,0.08
ns_node,4,40,0.35,0.08
ns_node,4,41,0.33,0.08
ns_node,4,42,0.32,0.08
ns_node,4,43,0.33,0.08
ns_node,4,44,0.33,0.08
ns_node,4,45,0.32,0.08
ns_node,4,46,0.29,0.08
ns_node,4,47,0.29,0.08
ns_node,4,48,0.31,0.08
ns_node,4,49,0.3,0.08
ns_node,4,50,0.28,0.08
ns_node,4,51,0.26,0.08
ns_node,4,52,0.2,0.08
ns_node,4,53,0.22,0.08
ns_node,4,54,0.23,0.08
ns_node,4,55,0.24,0.08
ns_node,4,56,0.26,0.08
ns_node,4,57,0.31,0.08
ns_node,4,58,0.29,0.08
ns_node,4,59,0.28,0.08
ns_node,4,60,0.27,0.08
ns_node,4,61,0.21,0.08
ns_node,4,62,0.23,0.08
ns_node,4,63,0.2,0.08
ns_node,4,64,0.23,0.08
ns_node,4,65,0.31,0.08
ns_node,4,66,0.25,0.08
ns_node,4,67,0.3,0.08
ns_node,4,68,0.3,0.08
ns_node,4,69,0.26,0.08
ns_node,4,70,0.26,0.08
ns_node,4,71,0.3,0.08
ns_node,4,72,0.25,0.08
ns_node,4,73,0.27,0.08
ns_node,4,74,0.21,0.08
ns_node,4,75,0.23,0.08
ns_node,4,76,0.27,0.08
ns_node,4,77,0.3,0.08
ns_node,4,78,0.28,0.08
ns_node,4,79,0.28,0.08
ns_node,4,80,0.23,0.08
ns_node,4,81,0.22,0.08
ns_node,4,82,0.28,0.08
ns_node,4,83,0.21,0.08
ns_node,4,84,0.2,0.08
ns_node,4,85,0.21,0.08
ns_node,4,86,0.19,0.08
ns_node,4,87,0.26,0.08
ns_node,4,88,0.23,0.08
ns_node,4,89,0.27,0.08
ns_node,4,90,0.27,0.08
ns_node,4,91,0.23,0.08
ns_node,4,92,0.24,0.08
ns_node,4,93,0.24,0.08
ns_node,4,94,0.25,0.08
ns_node,4,95,0.24,0.08
ns_node,4,96,0.29,0.08
ns_node,4,97,0.28,0.08
ns_node,4,98,0.31,0.08
ns_node,4,99,0.33,0.08
ns_node,4,100,0.36,0.08
ns_node,4,101,0.36,0.08
ns_node,4,102,0.34,0.08
ns_node,4,103,0.4,0.08
ns_node,4,104,0.32,0.08
ns_node,4,105,0.4,0.08
ns_node,4,106,0.42,0.08
ns_node,4,107,0.35,0.08
ns_node,4,108,0.33,0.08
ns_node,4,109,0.29,0.08
ns_node,4,110,0.32,0.08
ns_node,4,111,0.35,0.08
ns_node,4,112,0.36,0.08
ns_node,4,113,0.31,0.08
ns_node,4,114,0.37,0.08
ns_node,4,115,0.38,0.08
ns_node,4,116,0.37,0.08
ns_node,4,117,0.36,0.08
ns_node,4,118,0.37,0.08
ns_node,4,119,0.34,0.08
ns_node,4,120,0.34,0.08
ns_node,4,121,0.26,0.08
ns_node,4,122,0.28,0.08
ns_node,4,123,0.33,0.08
ns_node,4,124,0.35,0.08
ns_node,4,125,0.31,0.08
ns_node,4,126,0.32,0.08
ns_node,4,127,0.35,0.08
ns_node,4,128,0.32,0.08
ns_node,4,129,0.33,0.08
ns_node,4,130,0.35,0.08
ns_node,4,131,0.4,0.08
ns_node,4,132,0.37,0.08
ns_node,4,133,0.35,0.08
ns_node,4,134,0.39,0.08
ns_node,4,135,0.29,0.08
ns_node,4,136,0.3,0.08
ns_node,4,137,0.3,0.08
ns_node,4,138,0.33,0.08
ns_node,4,139,0.37,0.08
ns_node,4,140,0.41,0.08
ns_node,4,141,0.41,0.08
ns_node,4,142,0.34,0.08
ns_node,4,143,0.34,0.08
ns_node,4,144,0.3,0.08
ns_node,4,145,0.27,0.08
ns_node,4,146,0.22,0.08
ns_node,4,147,0.19,0.08
ns_node,4,148,0.19,0.08
ns_node,4,149,0.2,0.08
ns_node,4,150,0.23,0.08
ns_node,5,0,0.1,0.08
ns_node,5,1,0.08,0.08
ns_node,5,2,0.11,0.08
ns_node,5,3,0.15,0.08
ns_node,5,4,0.19,0.08
ns_node,5,5,0.18,0.08
ns_node,5,6,0.18,0.08
ns_node,5,7,0.18,0.08
ns_node,5,8,0.22,0.08
ns_node,5,9,0.23,0.08
ns_node,5,10,0.22,0.08
ns_node,5,11,0.2,0.08
ns_node,5,12,0.23,0.08
ns_node,5,13,0.28,0.08
ns_node,5,14,0.31,0.08
ns_node,5,15,0.25,0.08
ns_node,5,16,0.23,0.08
ns_node,5,17,0.23,0.08
ns_node,5,18,0.29,0.08
ns_node,5,19,0.28,0.08
ns_node,5,20,0.3,0.08
ns_node,5,21,0.22,0.08
ns_node,5,22,0.25,0.08
ns_node,5,23,0.27,0.08
ns_node,5,24,0.27,0.08
ns_node,5,25,0.31,0.08
ns_node,5,26,0.29,0.08
ns_node,5,27,0.29,0.08
ns_node,5,28,0.24,0.08
ns_node,5,29,0.24,0.08
ns_node,5,30,0.23,0.08
ns_node,5,31,0.22,0.08
ns_node,5,32,0.23,0.08
ns_node,5,33,0.25,0.08
ns_node,5,34,0.25,0.08
ns_node,5,35,0.27,0.08
ns_node,5,36,0.26,0.08
ns_node,5,37,0.29,0.08
ns_node,5,38,0.29,0.08
ns_node,5,39,0.26,0.08
ns_node,5,40,0.27,0.08
ns_node,5,41,0.26,0.08
ns_node,5,42,0.28,0.08
ns_node,5,43,0.32,0.08
ns_node,5,44,0.31,0.08
ns_node,5,45,0.37,0.08
ns_node,5,46,0.4,0.08
ns_node,5,47,0.43,0.08
ns_node,5,48,0.41,0.08
ns_node,5,49,0.46,0.08
ns_node,5,50,0.41,0.08
ns_node,5,51,0.36,0.08
ns_node,5,52,0.35,0.08
ns_node,5,53,0.37,0.08
ns_node,5,54,0.4,0.08
ns_node,5,55,0.31,0.08
ns_node,5,56,0.23,0.08
ns_node,5,57,0.28,0.08
ns_node,5,58,0.26,0.08
ns_node,5,59,0.25,0.08
ns_node,5,60,0.26,0.08
ns_node,5,61,0.21,0.08
ns_node,5,62,0.21,0.08
ns_node,5,63,0.28,0.08
ns_node,5,64,0.29,0.08
ns_node,5,65,0.31,0.08
ns_node,5,66,0.38,0.08
ns_node,5,67,0.34,0.08
ns_node,5,68,0.32,0.08
ns_node,5,69,0.26,0.08
ns_node,5,70,0.28,0.08
ns_node,5,71,0.34,0.08
ns_node,5,72,0.32,0.08
ns_node,5,73,0.39,0.08
ns_node,5,74,0.45,0.08
ns_node,5,75,0.47,0.08
ns_node,5,76,0.5,0.08
ns_node,5,77,0.44,0.08
ns_node,5,78,0.4,0.08
ns_node,5,79,0.35,0.08
ns_node,5,80,0.36,0.08
ns_node,5,81,0.34,0.08
ns_node,5,82,0.39,0.08
ns_node,5,83,0.37,0.08
ns_node,5,84,0.33,0.08
ns_node,5,85,0.35,0.08
ns_node,5,86,0.37,0.08
ns_node,5,87,0.38,0.08
ns_node,5,88,0.39,0.08
ns_node,5,89,0.39,0.08
ns_node,5,90,0.38,0.08
ns_node,5,91,0.36,0.08
ns_node,5,92,0.36,0.08
ns_node,5,93,0.32,0.08
ns_node,5,94,0.34,0.08
ns_node,5,95,0.37,0.08
ns_node,5,96,0.4,0.08
ns_node,5,97,0.37,0.08
ns_node,5,98,0.39,0.08
ns_node,5,99,0.4,0.08
ns_node,5,100,0.39,0.08
ns_node,5,101,0.34,0.08
ns_node,5,102,0.35,0.08
ns_node,5,103,0.31,0.08
ns_node,5,104,0.26,0.08
ns_node,5,105,0.29,0.08
ns_node,5,106,0.33,0.08
ns_node,5,107,0.33,0.08
ns_node,5,108,0.3,0.08
ns_node,5,109,0.3,0.08
ns_node,5,110,0.29,0.08
ns_node,5,111,0.26,0.08
ns_node,5,112,0.28,0.08
ns_node,5,113,0.28,0.08
ns_node,5,114,0.26,0.08
ns_node,5,115,0.26,0.08
ns_node,5,116,0.2,0.08
ns_node,5,117,0.2,0.08
ns_node,5,118,0.24,0.08
ns_node,5,119,0.22,0.08
ns_node,5,120,0.21,0.08
ns_node,5,121,0.22,0.08
ns_node,5,122,0.22,0.08
ns_node,5,123,0.22,0.08
ns_node,5,124,0.23,0.08
ns_node,5,125,0.21,0.08
ns_node,5,126,0.23,0.08
ns_node,5,127,0.29,0.08
ns_node,5,128,0.27,0.08
ns_node,5,129,0.3,0.08
ns_node,5,130,0.28,0.08
ns_node,5,131,0.3,0.08
ns_node,5,132,0.28,0.08
ns_node,5,133,0.28,0.08
ns_node,5,134,0.28,0.08
ns_node,5,135,0.28,0.08
ns_node,5,136,0.28,0.08
ns_node,5,137,0.28,0.08
ns_node,5,138,0.31,0.08
ns_node,5,139,0.33,0.08
ns_node,5,140,0.31,0.08
ns_node,5,141,0.3,0.08
ns_node,5,142,0.25,0.08
ns_node,5,143,0.29,0.08
ns_node,5,144,0.27,0.08
ns_node,5,145,0.27,0.08
ns_node,5,146,0.26,0.08
ns_node,5,147,0.29,0.08
ns_node,5,148,0.31,0.08
ns_node,5,149,0.34,0.08
ns_node,5,150,0.32,0.08
ns_node,6,0,0.1,0.08
ns_node,6,1,0.12,0.08
ns_node,6,2,0.14,0.08
ns_node,6,3,0.19,0.08
ns_node,6,4,0.19,0.08
ns_node,6,5,0.22,0.08
ns_node,6,6,0.22,0.08
ns_node,6,7,0.25,0.08
ns_node,6,8,0.22,0.08
ns_node,6,9,0.25,0.08
ns_node,6,10,0.25,0.08
ns_node,6,11,0.26,0.08
ns_node,6,12,0.25,0.08
ns_node,6,13,0.28,0.08
ns_node,6,14,0.3,0.08
ns_node,6,15,0.33,0.08
ns_node,6,16,0.29,0.08
ns_node,6,17,0.3,0.08
ns_node,6,18,0.33,0.08
ns_node,6,19,0.3,0.08
ns_node,6,20,0.3,0.08
ns_node,6,21,0.31,0.08
ns_node,6,22,0.3,0.08
ns_node,6,23,0.3,0.08
ns_node,6,24,0.3,0.08
ns_node,6,25,0.33,0.08
ns_node,6,26,0.37,0.08
ns_node,6,27,0.3,0.08
ns_node,6,28,0.29,0.08
ns_node,6,29,0.25,0.08
ns_node,6,30,0.3,0.08
ns_node,6,31,0.33,0.08
ns_node,6,32,0.37,0.08
ns_node,6,33,0.35,0.08
ns_node,6,34,0.34,0.08
ns_node,6,35,0.37,0.08
ns_node,6,36,0.37,0.08
ns_node,6,37,0.41,0.08
ns_node,6,38,0.36,0.08
ns_node,6,39,0.33,0.08
ns_node,6,40,0.29,0.08
ns_node,6,41,0.28,0.08
ns_node,6,42,0.28,0.08
ns_node,6,43,0.26,0.08
ns_node,6,44,0.28,0.08
ns_node,6,45,0.28,0.08
ns_node,6,46,0.29,0.08
ns_node,6,47,0.31,0.08
ns_node,6,48,0.34,0.08
ns_node,6,49,0.33,0.08
ns_node,6,50,0.34,0.08
ns_node,6,51,0.26,0.08
ns_node,6,52,0.24,0.08
ns_node,6,53,0.23,0.08
ns_node,6,54,0.23,0.08
ns_node,6,55,0.26,0.08
ns_node,6,56,0.28,0.08
ns_node,6,57,0.26,0.08
ns_node,6,58,0.24,0.08
ns_node,6,59,0.24,0.08
ns_node,6,60,0.26,0.08
ns_node,6,61,0.27,0.08
ns_node,6,62,0.27,0.08
ns_node,6,63,0.34,0.08
ns_node,6,64,0.36,0.08
ns_node,6,65,0.38,0.08
ns_node,6,66,0.35,0.08
ns_node,6,67,0.29,0.08
ns_node,6,68,0.39,0.08
ns_node,6,69,0.45,0.08
ns_node,6,70,0.41,0.08
ns_node,6,71,0.34,0.08
ns_node,6,72,0.38,0.08
ns_node,6,73,0.37,0.08
ns_node,6,74,0.32,0.08
ns_node,6,75,0.33,0.08
ns_node,6,76,0.31,0.08
ns_node,6,77,0.3,0.08
ns_node,6,78,0.27,0.08
ns_node,6,79,0.28,0.08
ns_node,6,80,0.27,0.08
ns_node,6,81,0.31,0.08
ns_node,6,82,0.32,0.08
ns_node,6,83,0.27,0.08
ns_node,6,84,0.25,0.08
ns_node,6,85,0.31,0.08
ns_node,6,86,0.35,0.08
ns_node,6,87,0.37,0.08
ns_node,6,88,0.34,0.08
ns_node,6,89,0.32,0.08
ns_node,6,90,0.31,0.08
ns_node,6,91,0.34,0.08
ns_node,6,92,0.34,0.08
ns_node,6,93,0.34,0.08
ns_node,6,94,0.36,0.08
ns_node,6,95,0.37,0.08
ns_node,6,96,0.39,0.08
ns_node,6,97,0.44,0.08
ns_node,6,98,0.38,0.08
ns_node,6,99,0.37,0.08
ns_node,6,100,0.32,0.08
ns_node,6,101,0.34,0.08
ns_node,6,102,0.35,0.08
ns_node,6,103,0.35,0.08
ns_node,6,104,0.36,0.08
ns_node,6,105,0.35,0.08
ns_node,6,106,0.36,0.08
ns_node,6,107,0.3,0.08
ns_node,6,108,0.31,0.08
ns_node,6,109,0.33,0.08
ns_node,6,110,0.31,0.08
ns_node,6,111,0.29,0.08
ns_node,6,112,0.28,0.08
ns_node,6,113,0.24,0.08
ns_node,6,114,0.24,0.08
ns_node,6,115,0.24,0.08
ns_node,6,116,0.26,0.08
ns_node,6,117,0.22,0.08
ns_node,6,118,0.2,0.08
ns_node,6,119,0.21,0.08
ns_node,6,120,0.21,0.08
ns_node,6,121,0.27,0.08
ns_node,6,122,0.3,0.08
ns_node,6,123,0.3,0.08
ns_node,6,124,0.27,0.08
ns_node,6,125,0.33,0.08
ns_node,6,126,0.34,0.08
ns_node,6,127,0.32,0.08
ns_node,6,128,0.37,0.08
ns_node,6,129,0.33,0.08
ns_node,6,130,0.28,0.08
ns_node,6,131,0.27,0.08
ns_node,6,132,0.28,0.08
ns_node,6,133,0.23,0.08
ns_node,6,134,0.28,0.08
ns_node,6,135,0.27,0.08
ns_node,6,136,0.21,0.08
ns_node,6,137,0.22,0.08
ns_node,6,138,0.24,0.08
ns_node,6,139,0.25,0.08
ns_node,6,140,0.27,0.08
ns_node,6,141,0.25,0.08
ns_node,6,142,0.28,0.08
ns_node,6,143,0.3,0.08
ns_node,6,144,0.28,0.08
ns_node,6,145,0.29,0.08
ns_node,6,146,0.34,0.08
ns_node,6,147,0.32,0.08
ns_node,6,148,0.3,0.08
ns_node,6,149,0.26,0.08
ns_node,6,150,0.23,0.08
ns_node,7,0,0.1,0.08
ns_node,7,1,0.08,0.08
ns_node,7,2,0.06,0.08
ns_node,7,3,0.08,0.08
ns_node,7,4,0.07,0.08
ns_node,7,5,0.05,0.08
ns_node,7,6,0.05,0.08
ns_node,7,7,0.05,0.08
ns_node,7,8,0.08,0.08
ns_node,7,9,0.09,0.08
ns_node,7,10,0.12,0.08
ns_node,7,11,0.12,0.08
ns_node,7,12,0.11,0.08
ns_node,7,13,0.1,0.08
ns_node,7,14,0.1,0.08
ns_node,7,15,0.17,0.08
ns_node,7,16,0.14,0.08
ns_node,7,17,0.16,0.08
ns_node,7,18,0.18,0.08
ns_node,7,19,0.16,0.08
ns_node,7,20,0.18,0.08
ns_node,7,21,0.17,0.08
ns_node,7,22,0.16,0.08
ns_node,7,23,0.21,0.08
ns_node,7,24,0.21,0.08
ns_node,7,25,0.25,0.08
ns_node,7,26,0.29,0.08
ns_node,7,27,0.32,0.08
ns_node,7,28,0.31,0.08
ns_node,7,29,0.32,0.08
ns_node,7,30,0.33,0.08
ns_node,7,31,0.37,0.08
ns_node,7,32,0.31,0.08
ns_node,7,33,0.29,0.08
ns_node,7,34,0.34,0.08
ns_node,7,35,0.36,0.08
ns_node,7,36,0.36,0.08
ns_node,7,37,0.33,0.08
ns_node,7,38,0.28,0.08
ns_node,7,39,0.27,0.08
ns_node,7,40,0.25,0.08
ns_node,7,41,0.31,0.08
ns_node,7,42,0.27,0.08
ns_node,7,43,0.27,0.08
ns_node,7,44,0.34,0.08
ns_node,7,45,0.37,0.08
ns_node,7,46,0.42,0.08
ns_node,7,47,0.38,0.08
ns_node,7,48,0.34,0.08
ns_node,7,49,0.36,0.08
ns_node,7,50,0.29,0.08
ns_node,7,51,0.26,0.08
ns_node,7,52,0.27,0.08
ns_node,7,53,0.28,0.08
ns_node,7,54,0.33,0.08
ns_node,7,55,0.34,0.08
ns_node,7,56,0.29,0.08
ns_node,7,57,0.33,0.08
ns_node,7,58,0.29,0.08
ns_node,7,59,0.31,0.08
ns_node,7,60,0.33,0.08
ns_node,7,61,0.28,0.08
ns_node,7,62,0.27,0.08
ns_node,7,63,0.31,0.08
ns_node,7,64,0.35,0.08
ns_node,7,65,0.34,0.08
ns_node,7,66,0.37,0.08
ns_node,7,67,0.35,0.08
ns_node,7,68,0.37,0.08
ns_node,7,69,0.34,0.08
ns_node,7,70,0.36,0.08
ns_node,7,71,0.37,0.08
ns_node,7,72,0.31,0.08
ns_node,7,73,0.38,0.08
ns_node,7,74,0.44,0.08
ns_node,7,75,0.42,0.08
ns_node,7,76,0.4,0.08
ns_node,7,77,0.43,0.08
ns_node,7,78,0.39,0.08
ns_node,7,79,0.41,0.08
ns_node,7,80,0.4,0.08
ns_node,7,81,0.36,0.08
ns_node,7,82,0.42,0.08
ns_node,7,83,0.38,0.08
ns_node,7,84,0.35,0.08
ns_node,7,85,0.41,0.08
ns_node,7,86,0.38,0.08
ns_node,7,87,0.4,0.08
ns_node,7,88,0.35,0.08
ns_node,7,89,0.36,0.08
ns_node,7,90,0.39,0.08
ns_node,7,91,0.36,0.08
ns_node,7,92,0.3,0.08
ns_node,7,93,0.32,0.08
ns_node,7,94,0.3,0.08
ns_node,7,95,0.29,0.08
ns_node,7,96,0.27,0.08
ns_node,7,97,0.3,0.08
ns_node,7,98,0.31,0.08
ns_node,7,99,0.31,0.08
ns_node,7,100,0.34,0.08
ns_node,7,101,0.33,0.08
ns_node,7,102,0.29,0.08
ns_node,7,103,0.28,0.08
ns_node,7,104,0.25,0.08
ns_node,7,105,0.21,0.08
ns_node,7,106,0.24,0.08
ns_node,7,107,0.24,0.08
ns_node,7,108,0.24,0.08
ns_node,7,109,0.24,0.08
ns_node,7,110,0.22,0.08
ns_node,7,111,0.29,0.08
ns_node,7,112,0.3,0.08
ns_node,7,113,0.34,0.08
ns_node,7,114,0.35,0.08
ns_node,7,115,0.37,0.08
ns_node,7,116,0.35,0.08
ns_node,7,117,0.37,0.08
ns_node,7,118,0.37,0.08
ns_node,7,119,0.41,0.08
ns_node,7,120,0.48,0.08
ns_node,7,121,0.42,0.08
ns_node,7,122,0.4,0.08
ns_node,7,123,0.41,0.08
ns_node,7,124,0.37,0.08
ns_node,7,125,0.35,0.08
ns_node,7,126,0.44,0.08
ns_node,7,127,0.4,0.08
ns_node,7,128,0.37,0.08
ns_node,7,129,0.39,0.08
ns_node,7,130,0.42,0.08
ns_node,7,131,0.39,0.08
ns_node,7,132,0.42,0.08
ns_node,7,133,0.41,0.08
ns_node,7,134,0.42,0.08
ns_node,7,135,0.45,0.08
ns_node,7,136,0.45,0.08
ns_node,7,137,0.41,0.08
ns_node,7,138,0.37,0.08
ns_node,7,139,0.32,0.08
ns_node,7,140,0.32,0.08
ns_node,7,141,0.32,0.08
ns_node,7,142,0.27,0.08
ns_node,7,143,0.31,0.08
ns_node,7,144,0.32,0.08
ns_node,7,145,0.4,0.08
ns_node,7,146,0.4,0.08
ns_node,7,147,0.41,0.08
ns_node,7,148,0.38,0.08
ns_node,7,149,0.32,0.08
ns_node,7,150,0.33,0.08
ns_node,8,0,0.1,0.08
ns_node,8,1,0.12,0.08
ns_node,8,2,0.12,0.08
ns_node,8,3,0.12,0.08
ns_node,8,4,0.1,0.08
ns_node,8,5,0.09,0.08
ns_node,8,6,0.11,0.08
ns_node,8,7,0.1,0.08
ns_node,8,8,0.09,0.08
ns_node,8,9,0.08,0.08
ns_node,8,10,0.07,0.08
ns_node,8,11,0.05,0.08
ns_node,8,12,0.07,0.08
ns_node,8,13,0.06,0.08
ns_node,8,14,0.06,0.08
ns_node,8,15,0.09,0.08
ns_node,8,16,0.08,0.08
ns_node,8,17,0.09,0.08
ns_node,8,18,0.1,0.08
ns_node,8,19,0.13,0.08
ns_node,8,20,0.12,0.08
ns_node,8,21,0.1,0.08
ns_node,8,22,0.09,0.08
ns_node,8,23,0.09,0.08
ns_node,8,24,0.09,0.08
ns_node,8,25,0.15,0.08
ns_node,8,26,0.14,0.08
ns_node,8,27,0.15,0.08
ns_node,8,28,0.16,0.08
ns_node,8,29,0.13,0.08
ns_node,8,30,0.13,0.08
ns_node,8,31,0.12,0.08
ns_node,8,32,0.08,0.08
ns_node,8,33,0.06,0.08
ns_node,8,34,0.05,0.08
ns_node,8,35,0.05,0.08
ns_node,8,36,0.06,0.08
ns_node,8,37,0.09,0.08
ns_node,8,38,0.11,0.08
ns_node,8,39,0.13,0.08
ns_node,8,40,0.16,0.08
ns_node,8,41,0.18,0.08
ns_node,8,42,0.14,0.08
ns_node,8,43,0.14,0.08
ns_node,8,44,0.16,0.08
ns_node,8,45,0.16,0.08
ns_node,8,46,0.16,0.08
ns_node,8,47,0.17,0.08
ns_node,8,48,0.14,0.08
ns_node,8,49,0.15,0.08
ns_node,8,50,0.16,0.08
ns_node,8,51,0.17,0.08
ns_node,8,52,0.17,0.08
ns_node,8,53,0.15,0.08
ns_node,8,54,0.14,0.08
ns_node,8,55,0.13,0.08
ns_node,8,56,0.17,0.08
ns_node,8,57,0.16,0.08
ns_node,8,58,0.21,0.08
ns_node,8,59,0.21,0.08
ns_node,8,60,0.23,0.08
ns_node,8,61,0.24,0.08
ns_node,8,62,0.26,0.08
ns_node,8,63,0.21,0.08
ns_node,8,64,0.18,0.08
ns_node,8,65,0.19,0.08
ns_node,8,66,0.23,0.08
ns_node,8,67,0.21,0.08
ns_node,8,68,0.18,0.08
ns_node,8,69,0.21,0.08
ns_node,8,70,0.2,0.08
ns_node,8,71,0.16,0.08
ns_node,8,72,0.14,0.08
ns_node,8,73,0.18,0.08
ns_node,8,74,0.22,0.08
ns_node,8,75,0.27,0.08
ns_node,8,76,0.23,0.08
ns_node,8,77,0.21,0.08
ns_node,8,78,0.14,0.08
ns_node,8,79,0.16,0.08
ns_node,8,80,0.2,0.08
ns_node,8,81,0.25,0.08
ns_node,8,82,0.21,0.08
ns_node,8,83,0.22,0.08
ns_node,8,84,0.25,0.08
ns_node,8,85,0.27,0.08
ns_node,8,86,0.24,0.08
ns_node,8,87,0.26,0.08
ns_node,8,88,0.25,0.08
ns_node,8,89,0.28,0.08
ns_node,8,90,0.31,0.08
ns_node,8,91,0.31,0.08
ns_node,8,92,0.3,0.08
ns_node,8,93,0.3,0.08
ns_node,8,94,0.29,0.08
ns_node,8,95,0.26,0.08
ns_node,8,96,0.22,0.08
ns_node,8,97,0.22,0.08
ns_node,8,98,0.22,0.08
ns_node,8,99,0.22,0.08
ns_node,8,100,0.29,0.08
ns_node,8,101,0.27,0.08
ns_node,8,102,0.26,0.08
ns_node,8,103,0.27,0.08
ns_node,8,104,0.26,0.08
ns_node,8,105,0.28,0.08
ns_node,8,106,0.28,0.08
ns_node,8,107,0.34,0.08
ns_node,8,108,0.36,0.08
ns_node,8,109,0.37,0.08
ns_node,8,110,0.35,0.08
ns_node,8,111,0.34,0.08
ns_node,8,112,0.3,0.08
ns_node,8,113,0.31,0.08
ns_node,8,114,0.33,0.08
ns_node,8,115,0.32,0.08
ns_node,8,116,0.32,0.08
ns_node,8,117,0.3,0.08
ns_node,8,118,0.32,0.08
ns_node,8,119,0.35,0.08
ns_node,8,120,0.41,0.08
ns_node,8,121,0.43,0.08
ns_node,8,122,0.47,0.08
ns_node,8,123,0.49,0.08
ns_node,8,124,0.4,0.08
ns_node,8,125,0.38,0.08
ns_node,8,126,0.32,0.08
ns_node,8,127,0.3,0.08
ns_node,8,128,0.3,0.08
ns_node,8,129,0.31,0.08
ns_node,8,130,0.26,0.08
ns_node,8,131,0.21,0.08
ns_node,8,132,0.23,0.08
ns_node,8,133,0.25,0.08
ns_node,8,134,0.24,0.08
ns_node,8,135,0.29,0.08
ns_node,8,136,0.28,0.08
ns_node,8,137,0.33,0.08
ns_node,8,138,0.34,0.08
ns_node,8,139,0.32,0.08
ns_node,8,140,0.35,0.08
ns_node,8,141,0.32,0.08
ns_node,8,142,0.28,0.08
ns_node,8,143,0.26,0.08
ns_node,8,144,0.26,0.08
ns_node,8,145,0.29,0.08
ns_node,8,146,0.32,0.08
ns_node,8,147,0.32,0.08
ns_node,8,148,0.34,0.08
ns_node,8,149,0.36,0.08
ns_node,8,150,0.36,0.08
ns_node,9,0,0.1,0.08
ns_node,9,1,0.09,0.08
ns_node,9,2,0.1,0.08
ns_node,9,3,0.12,0.08
ns_node,9,4,0.09,0.08
ns_node,9,5,0.09,0.08
ns_node,9,6,0.12,0.08
ns_node,9,7,0.12,0.08
ns_node,9,8,0.14,0.08
ns_node,9,9,0.14,0.08
ns_node,9,10,0.16,0.08
ns_node,9,11,0.19,0.08
ns_node,9,12,0.22,0.08
ns_node,9,13,0.19,0.08
ns_node,9,14,0.21,0.08
ns_node,9,15,0.16,0.08
ns_node,9,16,0.16,0.08
ns_node,9,17,0.15,0.08
ns_node,9,18,0.12,0.08
ns_node,9,19,0.16,0.08
ns_node,9,20,0.16,0.08
ns_node,9,21,0.15,0.08
ns_node,9,22,0.17,0.08
ns_node,9,23,0.22,0.08
ns_node,9,24,0.19,0.08
ns_node,9,25,0.15,0.08
ns_node,9,26,0.17,0.08
ns_node,9,27,0.13,0.08
ns_node,9,28,0.13,0.08
ns_node,9,29,0.2,0.08
ns_node,9,30,0.2,0.08
ns_node,9,31,0.21,0.08
ns_node,9,32,0.22,0.08
ns_node,9,33,0.2,0.08
ns_node,9,34,0.22,0.08
ns_node,9,35,0.22,0.08
ns_node,9,36,0.26,0.08
ns_node,9,37,0.26,0.08
ns_node,9,38,0.29,0.08
ns_node,9,39,0.3,0.08
ns_node,9,40,0.3,0.08
ns_node,9,41,0.25,0.08
ns_node,9,42,0.25,0.08
ns_node,9,43,0.31,0.08
ns_node,9,44,0.26,0.08
ns_node,9,45,0.21,0.08
ns_node,9,46,0.25,0.08
ns_node,9,47,0.32,0.08
ns_node,9,48,0.36,0.08
ns_node,9,49,0.38,0.08
ns_node,9,50,0.36,0.08
ns_node,9,51,0.37,0.08
ns_node,9,52,0.36,0.08
ns_node,9,53,0.36,0.08
ns_node,9,54,0.37,0.08
ns_node,9,55,0.29,0.08
ns_node,9,56,0.26,0.08
ns_node,9,57,0.32,0.08
ns_node,9,58,0.32,0.08
ns_node,9,59,0.29,0.08
ns_node,9,60,0.27,0.08
ns_node,9,61,0.3,0.08
ns_node,9,62,0.26,0.08
ns_node,9,63,0.26,0.08
ns_node,9,64,0.23,0.08
ns_node,9,65,0.25,0.08
ns_node,9,66,0.25,0.08
ns_node,9,67,0.25,0.08
ns_node,9,68,0.22,0.08
ns_node,9,69,0.24,0.08
ns_node,9,70,0.27,0.08
ns_node,9,71,0.27,0.08
ns_node,9,72,0.32,0.08
ns_node,9,73,0.31,0.08
ns_node,9,74,0.38,0.08
ns_node,9,75,0.36,0.08
ns_node,9,76,0.34,0.08
ns_node,9,77,0.28,0.08
ns_node,9,78,0.31,0.08
ns_node,9,79,0.3,0.08
ns_node,9,80,0.29,0.08
ns_node,9,81,0.28,0.08
ns_node,9,82,0.3,0.08
ns_node,9,83,0.3,0.08
ns_node,9,84,0.35,0.08
ns_node,9,85,0.39,0.08
ns_node,9,86,0.4,0.08
ns_node,9,87,0.44,0.08
ns_node,9,88,0.39,0.08
ns_node,9,89,0.37,0.08
ns_node,9,90,0.37,0.08
ns_node,9,91,0.32,0.08
ns_node,9,92,0.36,0.08
ns_node,9,93,0.36,0.08
ns_node,9,94,0.34,0.08
ns_node,9,95,0.38,0.08
ns_node,9,96,0.41,0.08
ns_node,9,97,0.45,0.08
ns_node,9,98,0.38,0.08
ns_node,9,99,0.35,0.08
ns_node,9,100,0.36,0.08
ns_node,9,101,0.33,0.08
ns_node,9,102,0.41,0.08
ns_node,9,103,0.38,0.08
ns_node,9,104,0.37,0.08
ns_node,9,105,0.31,0.08
ns_node,9,106,0.31,0.08
ns_node,9,107,0.38,0.08
ns_node,9,108,0.36,0.08
ns_node,9,109,0.41,0.08
ns_node,9,110,0.4,0.08
ns_node,9,111,0.37,0.08
ns_node,9,112,0.33,0.08
ns_node,9,113,0.36,0.08
ns_node,9,114,0.35,0.08
ns_node,9,115,0.32,0.08
ns_node,9,116,0.35,0.08
ns_node,9,117,0.32,0.08
ns_node,9,118,0.33,0.08
ns_node,9,119,0.35,0.08
ns_node,9,120,0.3,0.08
ns_node,9,121,0.27,0.08
ns_node,9,122,0.28,0.08
ns_node,9,123,0.26,0.08
ns_node,9,124,0.27,0.08
ns_node,9,125,0.33,0.08
ns_node,9,126,0.28,0.08
ns_node,9,127,0.26,0.08
ns_node,9,128,0.31,0.08
ns_node,9,129,0.31,0.08
ns_node,9,130,0.29,0.08
ns_node,9,131,0.24,0.08
ns_node,9,132,0.22,0.08
ns_node,9,133,0.24,0.08
ns_node,9,134,0.24,0.08
ns_node,9,135,0.24,0.08
ns_node,9,136,0.21,0.08
ns_node,9,137,0.23,0.08
ns_node,9,138,0.27,0.08
ns_node,9,139,0.21,0.08
ns_node,9,140,0.25,0.08
ns_node,9,141,0.23,0.08
ns_node,9,142,0.31,0.08
ns_node,9,143,0.31,0.08
ns_node,9,144,0.33,0.08
ns_node,9,145,0.32,0.08
ns_node,9,146,0.33,0.08
ns_node,9,147,0.32,0.08
ns_node,9,148,0.3,0.08
ns_node,9,149,0.31,0.08
ns_node,9,150,0.31,0.08
ns_node,10,0,0.09,0.08
ns_node,10,1,0.09,0.08
ns_node,10,2,0.11,0.08
ns_node,10,3,0.1,0.08
ns_node,10,4,0.13,0.08
ns_node,10,5,0.11,0.08
ns_node,10,6,0.12,0.08
ns_node,10,7,0.09,0.08
ns_node,10,8,0.19,0.08
ns_node,10,9,0.2,0.08
ns_node,10,10,0.23,0.08
ns_node,10,11,0.24,0.08
ns_node,10,12,0.21,0.08
ns_node,10,13,0.29,0.08
ns_node,10,14,0.32,0.08
ns_node,10,15,0.27,0.08
ns_node,10,16,0.29,0.08
ns_node,10,17,0.29,0.08
ns_node,10,18,0.29,0.08
ns_node,10,19,0.29,0.08
ns_node,10,20,0.34,0.08
ns_node,10,21,0.37,0.08
ns_node,10,22,0.34,0.08
ns_node,10,23,0.29,0.08
ns_node,10,24,0.31,0.08
ns_node,10,25,0.36,0.08
ns_node,10,26,0.36,0.08
ns_node,10,27,0.34,0.08
ns_node,10,28,0.34,0.08
ns_node,10,29,0.35,0.08
ns_node,10,30,0.32,0.08
ns_node,10,31,0.3,0.08
ns_node,10,32,0.3,0.08
ns_node,10,33,0.33,0.08
ns_node,10,34,0.31,0.08
ns_node,10,35,0.29,0.08
ns_node,10,36,0.31,0.08
ns_node,10,37,0.31,0.08
ns_node,10,38,0.31,0.08
ns_node,10,39,0.29,0.08
ns_node,10,40,0.26,0.08
ns_node,10,41,0.27,0.08
ns_node,10,42,0.28,0.08
ns_node,10,43,0.3,0.08
ns_node,10,44,0.29,0.08
ns_node,10,45,0.32,0.08
ns_node,10,46,0.33,0.08
ns_node,10,47,0.35,0.08
ns_node,10,48,0.38,0.08
ns_node,10,49,0.44,0.08
ns_node,10,50,0.4,0.08
ns_node,10,51,0.4,0.08
ns_node,10,52,0.41,0.08
ns_node,10,53,0.36,0.08
ns_node,10,54,0.38,0.08
ns_node,10,55,0.43,0.08
ns_node,10,56,0.36,0.08
ns_node,10,57,0.37,0.08
ns_node,10,58,0.4,0.08
ns_node,10,59,0.4,0.08
ns_node,10,60,0.42,0.08
ns_node,10,61,0.4,0.08
ns_node,10,62,0.41,0.08
ns_node,10,63,0.43,0.08
ns_node,10,64,0.4,0.08
ns_node,10,65,0.41,0.08
ns_node,10,66,0.42,0.08
ns_node,10,67,0.41,0.08
ns_node,10,68,0.35,0.08
ns_node,10,69,0.36,0.08
ns_node,10,70,0.36,0.08
ns_node,10,71,0.36,0.08
ns_node,10,72,0.31,0.08
ns_node,10,73,0.37,0.08
ns_node,10,74,0.3,0.08
ns_node,10,75,0.32,0.08
ns_node,10,76,0.35,0.08
ns_node,10,77,0.37,0.08
ns_node,10,78,0.33,0.08
ns_node,10,79,0.38,0.08
ns_node,10,80,0.36,0.08
ns_node,10,81,0.41,0.08
ns_node,10,82,0.38,0.08
ns_node,10,83,0.37,0.08
ns_node,10,84,0.28,0.08
ns_node,10,85,0.27,0.08
ns_node,10,86,0.19,0.08
ns_node,10,87,0.19,0.08
ns_node,10,88,0.21,0.08
ns_node,10,89,0.21,0.08
ns_node,10,90,0.27,0.08
ns_node,10,91,0.31,0.08
ns_node,10,92,0.33,0.08
ns_node,10,93,0.37,0.08
ns_node,10,94,0.33,0.08
ns_node,10,95,0.36,0.08
ns_node,10,96,0.41,0.08
ns_node,10,97,0.39,0.08
ns_node,10,98,0.39,0.08
ns_node,10,99,0.44,0.08
ns_node,10,100,0.51,0.08
ns_node,10,101,0.5,0.08
ns_node,10,102,0.51,0.08
ns_node,10,103,0.46,0.08
ns_node,10,104,0.45,0.08
ns_node,10,105,0.37,0.08
ns_node,10,106,0.36,0.08
ns_node,10,107,0.35,0.08
ns_node,10,108,0.33,0.08
ns_node,10,109,0.31,0.08
ns_node,10,110,0.29,0.08
ns_node,10,111,0.26,0.08
ns_node,10,112,0.23,0.08
ns_node,10,113,0.22,0.08
ns_node,10,114,0.24,0.08
ns_node,10,115,0.22,0.08
ns_node,10,116,0.25,0.08
ns_node,10,117,0.26,0.08
ns_node,10,118,0.26,0.08
ns_node,10,119,0.19,0.08
ns_node,10,120,0.19,0.08
ns_node,10,121,0.19,0.08
ns_node,10,122,0.2,0.08
ns_node,10,123,0.17,0.08
ns_node,10,124,0.16,0.08
ns_node,10,125,0.14,0.08
ns_node,10,126,0.19,0.08
ns_node,10,127,0.18,0.08
ns_node,10,128,0.17,0.08
ns_node,10,129,0.15,0.08
ns_node,10,130,0.19,0.08
ns_node,10,131,0.22,0.08
ns_node,10,132,0.18,0.08
ns_node,10,133,0.2,0.08
ns_node,10,134,0.23,0.08
ns_node,10,135,0.23,0.08
ns_node,10,136,0.28,0.08
ns_node,10,137,0.29,0.08
ns_node,10,138,0.3,0.08
ns_node,10,139,0.3,0.08
ns_node,10,140,0.22,0.08
ns_node,10,141,0.26,0.08
ns_node,10,142,0.29,0.08
ns_node,10,143,0.26,0.08
ns_node,10,144,0.24,0.08
ns_node,10,145,0.25,0.08
ns_node,10,146,0.28,0.08
ns_node,10,147,0.26,0.08
ns_node,10,148,0.26,0.08
ns_node,10,149,0.32,0.08
ns_node,10,150,0.33,0.08
ns_node,11,0,0.1,0.08
ns_node,11,1,0.08,0.08
ns_node,11,2,0.11,0.08
ns_node,11,3,0.14,0.08
ns_node,11,4,0.15,0.08
ns_node,11,5,0.2,0.08
ns_node,11,6,0.2,0.08
ns_node,11,7,0.19,0.08
ns_node,11,8,0.15,0.08
ns_node,11,9,0.13,0.08
ns_node,11,10,0.15,0.08
ns_node,11,11,0.16,0.08
ns_node,11,12,0.18,0.08
ns_node,11,13,0.21,0.08
ns_node,11,14,0.24,0.08
ns_node,11,15,0.24,0.08
ns_node,11,16,0.21,0.08
ns_node,11,17,0.18,0.08
ns_node,11,18,0.25,0.08
ns_node,11,19,0.28,0.08
ns_node,11,20,0.3,0.08
ns_node,11,21,0.32,0.08
ns_node,11,22,0.34,0.08
ns_node,11,23,0.37,0.08
ns_node,11,24,0.35,0.08
ns_node,11,25,0.35,0.08
ns_node,11,26,0.36,0.08
ns_node,11,27,0.38,0.08
ns_node,11,28,0.36,0.08
ns_node,11,29,0.38,0.08
ns_node,11,30,0.41,0.08
ns_node,11,31,0.41,0.08
ns_node,11,32,0.38,0.08
ns_node,11,33,0.35,0.08
ns_node,11,34,0.37,0.08
ns_node,11,35,0.35,0.08
ns_node,11,36,0.39,0.08
ns_node,11,37,0.38,0.08
ns_node,11,38,0.39,0.08
ns_node,11,39,0.42,0.08
ns_node,11,40,0.4,0.08
ns_node,11,41,0.47,0.08
ns_node,11,42,0.48,0.08
ns_node,11,43,0.41,0.08
ns_node,11,44,0.44,0.08
ns_node,11,45,0.41,0.08
ns_node,11,46,0.36,0.08
ns_node,11,47,0.32,0.08
ns_node,11,48,0.31,0.08
ns_node,11,49,0.35,0.08
ns_node,11,50,0.32,0.08
ns_node,11,51,0.3,0.08
ns_node,11,52,0.23,0.08
ns_node,11,53,0.27,0.08
ns_node,11,54,0.31,0.08
ns_node,11,55,0.27,0.08
ns_node,11,56,0.29,0.08
ns_node,11,57,0.27,0.08
ns_node,11,58,0.28,0.08
ns_node,11,59,0.28,0.08
ns_node,11,60,0.3,0.08
ns_node,11,61,0.29,0.08
ns_node,11,62,0.36,0.08
ns_node,11,63,0.38,0.08
ns_node,11,64,0.41,0.08
ns_node,11,65,0.36,0.08
ns_node,11,66,0.38,0.08
ns_node,11,67,0.36,0.08
ns_node,11,68,0.36,0.08
ns_node,11,69,0.36,0.08
ns_node,11,70,0.29,0.08
ns_node,11,71,0.27,0.08
ns_node,11,72,0.3,0.08
ns_node,11,73,0.37,0.08
ns_node,11,74,0.34,0.08
ns_node,11,75,0.35,0.08
ns_node,11,76,0.37,0.08
ns_node,11,77,0.35,0.08
ns_node,11,78,0.35,0.08
ns_node,11,79,0.36,0.08
ns_node,11,80,0.36,0.08
ns_node,11,81,0.34,0.08
ns_node,11,82,0.28,0.08
ns_node,11,83,0.28,0.08
ns_node,11,84,0.29,0.08
ns_node,11,85,0.28,0.08
ns_node,11,86,0.27,0.08
ns_node,11,87,0.27,0.08
ns_node,11,88,0.32,0.08
ns_node,11,89,0.36,0.08
ns_node,11,90,0.39,0.08
ns_node,11,91,0.41,0.08
ns_node,11,92,0.45,0.08
ns_node,11,93,0.44,0.08
ns_node,11,94,0.49,0.08
ns_node,11,95,0.44,0.08
ns_node,11,96,0.36,0.08
ns_node,11,97,0.34,0.08
ns_node,11,98,0.32,0.08
ns_node,11,99,0.32,0.08
ns_node,11,100,0.28,0.08
ns_node,11,101,0.33,0.08
ns_node,11,102,0.41,0.08
ns_node,11,103,0.38,0.08
ns_node,11,104,0.41,0.08
ns_node,11,105,0.33,0.08
ns_node,11,106,0.33,0.08
ns_node,11,107,0.28,0.08
ns_node,11,108,0.33,0.08
ns_node,11,109,0.3,0.08
ns_node,11,110,0.28,0.08
ns_node,11,111,0.29,0.08
ns_node,11,112,0.33,0.08
ns_node,11,113,0.28,0.08
ns_node,11,114,0.36,0.08
ns_node,11,115,0.34,0.08
ns_node,11,116,0.36,0.08
ns_node,11,117,0.31,0.08
ns_node,11,118,0.32,0.08
ns_node,11,119,0.28,0.08
ns_node,11,120,0.35,0.08
ns_node,11,121,0.35,0.08
ns_node,11,122,0.42,0.08
ns_node,11,123,0.47,0.08
ns_node,11,124,0.39,0.08
ns_node,11,125,0.45,0.08
ns_node,11,126,0.4,0.08
ns_node,11,127,0.44,0.08
ns_node,11,128,0.45,0.08
ns_node,11,129,0.47,0.08
ns_node,11,130,0.4,0.08
ns_node,11,131,0.37,0.08
ns_node,11,132,0.37,0.08
ns_node,11,133,0.38,0.08
ns_node,11,134,0.35,0.08
ns_node,11,135,0.38,0.08
ns_node,11,136,0.38,0.08
ns_node,11,137,0.38,0.08
ns_node,11,138,0.32,0.08
ns_node,11,139,0.41,0.08
ns_node,11,140,0.4,0.08
ns_node,11,141,0.4,0.08
ns_node,11,142,0.42,0.08
ns_node,11,143,0.41,0.08
ns_node,11,144,0.43,0.08
ns_node,11,145,0.48,0.08
ns_node,11,146,0.45,0.08
ns_node,11,147,0.44,0.08
ns_node,11,148,0.4,0.08
ns_node,11,149,0.45,0.08
ns_node,11,150,0.47,0.08
ns_node,12,0,0.1,0.08
ns_node,12,1,0.1,0.08
ns_node,12,2,0.11,0.08
ns_node,12,3,0.14,0.08
ns_node,12,4,0.16,0.08
ns_node,12,5,0.14,0.08
ns_node,12,6,0.14,0.08
ns_node,12,7,0.12,0.08
ns_node,12,8,0.11,0.08
ns_node,12,9,0.1,0.08
ns_node,12,10,0.17,0.08
ns_node,12,11,0.16,0.08
ns_node,12,12,0.16,0.08
ns_node,12,13,0.16,0.08
ns_node,12,14,0.19,0.08
ns_node,12,15,0.17,0.08
ns_node,12,16,0.14,0.08
ns_node,12,17,0.12,0.08
ns_node,12,18,0.14,0.08
ns_node,12,19,0.14,0.08
ns_node,12,20,0.21,0.08
ns_node,12,21,0.22,0.08
ns_node,12,22,0.26,0.08
ns_node,12,23,0.23,0.08
ns_node,12,24,0.26,0.08
ns_node,12,25,0.26,0.08
ns_node,12,26,0.25,0.08
ns_node,12,27,0.29,0.08
ns_node,12,28,0.31,0.08
ns_node,12,29,0.31,0.08
ns_node,12,30,0.27,0.08
ns_node,12,31,0.25,0.08
ns_node,12,32,0.24,0.08
ns_node,12,33,0.28,0.08
ns_node,12,34,0.27,0.08
ns_node,12,35,0.3,0.08
ns_node,12,36,0.3,0.08
ns_node,12,37,0.34,0.08
ns_node,12,38,0.34,0.08
ns_node,12,39,0.33,0.08
ns_node,12,40,0.32,0.08
ns_node,12,41,0.34,0.08
ns_node,12,42,0.31,0.08
ns_node,12,43,0.29,0.08
ns_node,12,44,0.28,0.08
ns_node,12,45,0.25,0.08
ns_node,12,46,0.25,0.08
ns_node,12,47,0.22,0.08
ns_node,12,48,0.18,0.08
ns_node,12,49,0.2,0.08
ns_node,12,50,0.16,0.08
ns_node,12,51,0.18,0.08
ns_node,12,52,0.19,0.08
ns_node,12,53,0.21,0.08
ns_node,12,54,0.21,0.08
ns_node,12,55,0.28,0.08
ns_node,12,56,0.28,0.08
ns_node,12,57,0.26,0.08
ns_node,12,58,0.27,0.08
ns_node,12,59,0.3,0.08
ns_node,12,60,0.31,0.08
ns_node,12,61,0.31,0.08
ns_node,12,62,0.26,0.08
ns_node,12,63,0.23,0.08
ns_node,12,64,0.23,0.08
ns_node,12,65,0.21,0.08
ns_node,12,66,0.2,0.08
ns_node,12,67,0.21,0.08
ns_node,12,68,0.21,0.08
ns_node,12,69,0.25,0.08
ns_node,12,70,0.23,0.08
ns_node,12,71,0.22,0.08
ns_node,12,72,0.22,0.08
ns_node,12,73,0.18,0.08
ns_node,12,74,0.17,0.08
ns_node,12,75,0.18,0.08
ns_node,12,76,0.22,0.08
ns_node,12,77,0.21,0.08
ns_node,12,78,0.22,0.08
ns_node,12,79,0.23,0.08
ns_node,12,80,0.23,0.08
ns_node,12,81,0.27,0.08
ns_node,12,82,0.31,0.08
ns_node,12,83,0.31,0.08
ns_node,12,84,0.35,0.08
ns_node,12,85,0.34,0.08
ns_node,12,86,0.35,0.08
ns_node,12,87,0.4,0.08
ns_node,12,88,0.37,0.08
ns_node,12,89,0.36,0.08
ns_node,12,90,0.28,0.08
ns_node,12,91,0.25,0.08
ns_node,12,92,0.21,0.08
ns_node,12,93,0.23,0.08
ns_node,12,94,0.24,0.08
ns_node,12,95,0.27,0.08
ns_node,12,96,0.32,0.08
ns_node,12,97,0.3,0.08
ns_node,12,98,0.27,0.08
ns_node,12,99,0.28,0.08
ns_node,12,100,0.33,0.08
ns_node,12,101,0.3,0.08
ns_node,12,102,0.34,0.08
ns_node,12,103,0.32,0.08
ns_node,12,104,0.34,0.08
ns_node,12,105,0.35,0.08
ns_node,12,106,0.39,0.08
ns_node,12,107,0.37,0.08
ns_node,12,108,0.34,0.08
ns_node,12,109,0.34,0.08
ns_node,12,110,0.36,0.08
ns_node,12,111,0.36,0.08
ns_node,12,112,0.37,0.08
ns_node,12,113,0.36,0.08
ns_node,12,114,0.4,0.08
ns_node,12,115,0.44,0.08
ns_node,12,116,0.42,0.08
ns_node,12,117,0.36,0.08
ns_node,12,118,0.34,0.08
ns_node,12,119,0.33,0.08
ns_node,12,120,0.41,0.08
ns_node,12,121,0.44,0.08
ns_node,12,122,0.44,0.08
ns_node,12,123,0.43,0.08
ns_node,12,124,0.4,0.08
ns_node,12,125,0.41,0.08
ns_node,12,126,0.36,0.08
ns_node,12,127,0.36,0.08
ns_node,12,128,0.34,0.08
ns_node,12,129,0.39,0.08
ns_node,12,130,0.38,0.08
ns_node,12,131,0.36,0.08
ns_node,12,132,0.36,0.08
ns_node,12,133,0.37,0.08
ns_node,12,134,0.38,0.08
ns_node,12,135,0.39,0.08
ns_node,12,136,0.42,0.08
ns_node,12,137,0.42,0.08
ns_node,12,138,0.41,0.08
ns_node,12,139,0.4,0.08
ns_node,12,140,0.39,0.08
ns_node,12,141,0.34,0.08
ns_node,12,142,0.33,0.08
ns_node,12,143,0.32,0.08
ns_node,12,144,0.29,0.08
ns_node,12,145,0.31,0.08
ns_node,12,146,0.3,0.08
ns_node,12,147,0.29,0.08
ns_node,12,148,0.28,0.08
ns_node,12,149,0.3,0.08
ns_node,12,150,0.32,0.08
ns_node,13,0,0.1,0.08
ns_node,13,1,0.08,0.08
ns_node,13,2,0.09,0.08
ns_node,13,3,0.12,0.08
ns_node,13,4,0.12,0.08
ns_node,13,5,0.15,0.08
ns_node,13,6,0.16,0.08
ns_node,13,7,0.12,0.08
ns_node,13,8,0.13,0.08
ns_node,13,9,0.16,0.08
ns_node,13,10,0.12,0.08
ns_node,13,11,0.1,0.08
ns_node,13,12,0.09,0.08
ns_node,13,13,0.12,0.08
ns_node,13,14,0.12,0.08
ns_node,13,15,0.11,0.08
ns_node,13,16,0.12,0.08
ns_node,13,17,0.09,0.08
ns_node,13,18,0.1,0.08
ns_node,13,19,0.1,0.08
ns_node,13,20,0.09,0.08
ns_node,13,21,0.09,0.08
ns_node,13,22,0.12,0.08
ns_node,13,23,0.12,0.08
ns_node,13,24,0.12,0.08
ns_node,13,25,0.1,0.08
ns_node,13,26,0.16,0.08
ns_node,13,27,0.12,0.08
ns_node,13,28,0.14,0.08
ns_node,13,29,0.14,0.08
ns_node,13,30,0.14,0.08
ns_node,13,31,0.13,0.08
ns_node,13,32,0.16,0.08
ns_node,13,33,0.15,0.08
ns_node,13,34,0.14,0.08
ns_node,13,35,0.16,0.08
ns_node,13,36,0.19,0.08
ns_node,13,37,0.23,0.08
ns_node,13,38,0.22,0.08
ns_node,13,39,0.22,0.08
ns_node,13,40,0.24,0.08
ns_node,13,41,0.28,0.08
ns_node,13,42,0.29,0.08
ns_node,13,43,0.28,0.08
ns_node,13,44,0.25,0.08
ns_node,13,45,0.26,0.08
ns_node,13,46,0.25,0.08
ns_node,13,47,0.24,0.08
ns_node,13,48,0.32,0.08
ns_node,13,49,0.33,0.08
ns_node,13,50,0.34,0.08
ns_node,13,51,0.35,0.08
ns_node,13,52,0.32,0.08
ns_node,13,53,0.31,0.08
ns_node,13,54,0.28,0.08
ns_node,13,55,0.26,0.08
ns_node,13,56,0.23,0.08
ns_node,13,57,0.24,0.08
ns_node,13,58,0.22,0.08
ns_node,13,59,0.23,0.08
ns_node,13,60,0.26,0.08
ns_node,13,61,0.21,0.08
ns_node,13,62,0.25,0.08
ns_node,13,63,0.32,0.08
ns_node,13,64,0.29,0.08
ns_node,13,65,0.3,0.08
ns_node,13,66,0.3,0.08
ns_node,13,67,0.3,0.08
ns_node,13,68,0.28,0.08
ns_node,13,69,0.29,0.08
ns_node,13,70,0.29,0.08
ns_node,13,71,0.28,0.08
ns_node,13,72,0.27,0.08
ns_node,13,73,0.32,0.08
ns_node,13,74,0.27,0.08
ns_node,13,75,0.28,0.08
ns_node,13,76,0.28,0.08
ns_node,13,77,0.33,0.08
ns_node,13,78,0.3,0.08
ns_node,13,79,0.32,0.08
ns_node,13,80,0.36,0.08
ns_node,13,81,0.37,0.08
ns_node,13,82,0.36,0.08
ns_node,13,83,0.41,0.08
ns_node,13,84,0.38,0.08
ns_node,13,85,0.36,0.08
ns_node,13,86,0.35,0.08
ns_node,13,87,0.34,0.08
ns_node,13,88,0.32,0.08
ns_node,13,89,0.32,0.08
ns_node,13,90,0.26,0.08
ns_node,13,91,0.29,0.08
ns_node,13,92,0.29,0.08
ns_node,13,93,0.24,0.08
ns_node,13,94,0.24,0.08
ns_node,13,95,0.2,0.08
ns_node,13,96,0.25,0.08
ns_node,13,97,0.26,0.08
ns_node,13,98,0.29,0.08
ns_node,13,99,0.28,0.08
ns_node,13,100,0.31,0.08
ns_node,13,101,0.32,0.08
ns_node,13,102,0.36,0.08
ns_node,13,103,0.34,0.08
ns_node,13,104,0.39,0.08
ns_node,13,105,0.34,0.08
ns_node,13,106,0.32,0.08
ns_node,13,107,0.32,0.08
ns_node,13,108,0.3,0.08
ns_node,13,109,0.28,0.08
ns_node,13,110,0.28,0.08
ns_node,13,111,0.3,0.08
ns_node,13,112,0.32,0.08
ns_node,13,113,0.33,0.08
ns_node,13,114,0.32,0.08
ns_node,13,115,0.37,0.08
ns_node,13,116,0.37,0.08
ns_node,13,117,0.37,0.08
ns_node,13,118,0.33,0.08
ns_node,13,119,0.31,0.08
ns_node,13,120,0.35,0.08
ns_node,13,121,0.34,0.08
ns_node,13,122,0.33,0.08
ns_node,13,123,0.33,0.08
ns_node,13,124,0.31,0.08
ns_node,13,125,0.29,0.08
ns_node,13,126,0.33,0.08
ns_node,13,127,0.32,0.08
ns_node,13,128,0.28,0.08
ns_node,13,129,0.36,0.08
ns_node,13,130,0.33,0.08
ns_node,13,131,0.32,0.08
ns_node,13,132,0.33,0.08
ns_node,13,133,0.39,0.08
ns_node,13,134,0.43,0.08
ns_node,13,135,0.44,0.08
ns_node,13,136,0.38,0.08
ns_node,13,137,0.44,0.08
ns_node,13,138,0.41,0.08
ns_node,13,139,0.35,0.08
ns_node,13,140,0.35,0.08
ns_node,13,141,0.37,0.08
ns_node,13,142,0.33,0.08
ns_node,13,143,0.32,0.08
ns_node,13,144,0.24,0.08
ns_node,13,145,0.23,0.08
ns_node,13,146,0.2,0.08
ns_node,13,147,0.23,0.08
ns_node,13,148,0.23,0.08
ns_node,13,149,0.22,0.08
ns_node,13,150,0.25,0.08
ns_node,14,0,0.09,0.08
ns_node,14,1,0.11,0.08
ns_node,14,2,0.15,0.08
ns_node,14,3,0.12,0.08
ns_node,14,4,0.13,0.08
ns_node,14,5,0.13,0.08
ns_node,14,6,0.2,0.08
ns_node,14,7,0.19,0.08
ns_node,14,8,0.21,0.08
ns_node,14,9,0.24,0.08
ns_node,14,10,0.25,0.08
ns_node,14,11,0.26,0.08
ns_node,14,12,0.27,0.08
ns_node,14,13,0.25,0.08
ns_node,14,14,0.24,0.08
ns_node,14,15,0.23,0.08
ns_node,14,16,0.21,0.08
ns_node,14,17,0.24,0.08
ns_node,14,18,0.25,0.08
ns_node,14,19,0.28,0.08
ns_node,14,20,0.3,0.08
ns_node,14,21,0.29,0.08
ns_node,14,22,0.32,0.08
ns_node,14,23,0.26,0.08
ns_node,14,24,0.29,0.08
ns_node,14,25,0.28,0.08
ns_node,14,26,0.29,0.08
ns_node,14,27,0.28,0.08
ns_node,14,28,0.22,0.08
ns_node,14,29,0.16,0.08
ns_node,14,30,0.16,0.08
ns_node,14,31,0.15,0.08
ns_node,14,32,0.13,0.08
ns_node,14,33,0.17,0.08
ns_node,14,34,0.16,0.08
ns_node,14,35,0.18,0.08
ns_node,14,36,0.25,0.08
ns_node,14,37,0.24,0.08
ns_node,14,38,0.25,0.08
ns_node,14,39,0.27,0.08
ns_node,14,40,0.33,0.08
ns_node,14,41,0.3,0.08
ns_node,14,42,0.24,0.08
ns_node,14,43,0.26,0.08
ns_node,14,44,0.25,0.08
ns_node,14,45,0.3,0.08
ns_node,14,46,0.31,0.08
ns_node,14,47,0.3,0.08
ns_node,14,48,0.29,0.08
ns_node,14,49,0.29,0.08
ns_node,14,50,0.29,0.08
ns_node,14,51,0.29,0.08
ns_node,14,52,0.31,0.08
ns_node,14,53,0.3,0.08
ns_node,14,54,0.3,0.08
ns_node,14,55,0.34,0.08
ns_node,14,56,0.32,0.08
ns_node,14,57,0.25,0.08
ns_node,14,58,0.25,0.08
ns_node,14,59,0.26,0.08
ns_node,14,60,0.26,0.08
ns_node,14,61,0.28,0.08
ns_node,14,62,0.22,0.08
ns_node,14,63,0.24,0.08
ns_node,14,64,0.24,0.08
ns_node,14,65,0.25,0.08
ns_node,14,66,0.21,0.08
ns_node,14,67,0.22,0.08
ns_node,14,68,0.23,0.08
ns_node,14,69,0.23,0.08
ns_node,14,70,0.21,0.08
ns_node,14,71,0.19,0.08
ns_node,14,72,0.17,0.08
ns_node,14,73,0.22,0.08
ns_node,14,74,0.3,0.08
ns_node,14,75,0.29,0.08
ns_node,14,76,0.27,0.08
ns_node,14,77,0.24,0.08
ns_node,14,78,0.24,0.08
ns_node,14,79,0.28,0.08
ns_node,14,80,0.33,0.08
ns_node,14,81,0.34,0.08
ns_node,14,82,0.33,0.08
ns_node,14,83,0.32,0.08
ns_node,14,84,0.3,0.08
ns_node,14,85,0.3,0.08
ns_node,14,86,0.24,0.08
ns_node,14,87,0.27,0.08
ns_node,14,88,0.29,0.08
ns_node,14,89,0.26,0.08
ns_node,14,90,0.27,0.08
ns_node,14,91,0.26,0.08
ns_node,14,92,0.3,0.08
ns_node,14,93,0.27,0.08
ns_node,14,94,0.25,0.08
ns_node,14,95,0.27,0.08
ns_node,14,96,0.29,0.08
ns_node,14,97,0.31,0.08
ns_node,14,98,0.31,0.08
ns_node,14,99,0.3,0.08
ns_node,14,100,0.31,0.08
ns_node,14,101,0.27,0.08
ns_node,14,102,0.21,0.08
ns_node,14,103,0.21,0.08
ns_node,14,104,0.2,0.08
ns_node,14,105,0.22,0.08
ns_node,14,106,0.23,0.08
ns_node,14,107,0.21,0.08
ns_node,14,108,0.2,0.08
ns_node,14,109,0.21,0.08
ns_node,14,110,0.24,0.08
ns_node,14,111,0.29,0.08
ns_node,14,112,0.31,0.08
ns_node,14,113,0.33,0.08
ns_node,14,114,0.31,0.08
ns_node,14,115,0.38,0.08
ns_node,14,116,0.41,0.08
ns_node,14,117,0.39,0.08
ns_node,14,118,0.37,0.08
ns_node,14,119,0.38,0.08
ns_node,14,120,0.37,0.08
ns_node,14,121,0.34,0.08
ns_node,14,122,0.32,0.08
ns_node,14,123,0.32,0.08
ns_node,14,124,0.32,0.08
ns_node,14,125,0.36,0.08
ns_node,14,126,0.36,0.08
ns_node,14,127,0.34,0.08
ns_node,14,128,0.34,0.08
ns_node,14,129,0.28,0.08
ns_node,14,130,0.26,0.08
ns_node,14,131,0.27,0.08
ns_node,14,132,0.27,0.08
ns_node,14,133,0.31,0.08
ns_node,14,134,0.31,0.08
ns_node,14,135,0.34,0.08
ns_node,14,136,0.32,0.08
ns_node,14,137,0.33,0.08
ns_node,14,138,0.35,0.08
ns_node,14,139,0.33,0.08
ns_node,14,140,0.32,0.08
ns_node,14,141,0.3,0.08
ns_node,14,142,0.33,0.08
ns_node,14,143,0.3,0.08
ns_node,14,144,0.32,0.08
ns_node,14,145,0.33,0.08
ns_node,14,146,0.31,0.08
ns_node,14,147,0.37,0.08
ns_node,14,148,0.39,0.08
ns_node,14,149,0.42,0.08
ns_node,14,150,0.39,0.08
ns_node,15,0,0.09,0.08
ns_node,15,1,0.08,0.08
ns_node,15,2,0.07,0.08
ns_node,15,3,0.09,0.08
ns_node,15,4,0.08,0.08
ns_node,15,5,0.1,0.08
ns_node,15,6,0.09,0.08
ns_node,15,7,0.15,0.08
ns_node,15,8,0.16,0.08
ns_node,15,9,0.15,0.08
ns_node,15,10,0.16,0.08
ns_node,15,11,0.22,0.08
ns_node,15,12,0.21,0.08
ns_node,15,13,0.25,0.08
ns_node,15,14,0.23,0.08
ns_node,15,15,0.21,0.08
ns_node,15,16,0.21,0.08
ns_node,15,17,0.23,0.08
ns_node,15,18,0.26,0.08
ns_node,15,19,0.27,0.08
ns_node,15,20,0.29,0.08
ns_node,15,21,0.37,0.08
ns_node,15,22,0.4,0.08
ns_node,15,23,0.34,0.08
ns_node,15,24,0.39,0.08
ns_node,15,25,0.39,0.08
ns_node,15,26,0.38,0.08
ns_node,15,27,0.37,0.08
ns_node,15,28,0.34,0.08
ns_node,15,29,0.33,0.08
ns_node,15,30,0.29,0.08
ns_node,15,31,0.29,0.08
ns_node,15,32,0.32,0.08
ns_node,15,33,0.28,0.08
ns_node,15,34,0.26,0.08
ns_node,15,35,0.32,0.08
ns_node,15,36,0.39,0.08
ns_node,15,37,0.36,0.08
ns_node,15,38,0.36,0.08
ns_node,15,39,0.38,0.08
ns_node,15,40,0.36,0.08
ns_node,15,41,0.39,0.08
ns_node,15,42,0.38,0.08
ns_node,15,43,0.37,0.08
ns_node,15,44,0.34,0.08
ns_node,15,45,0.39,0.08
ns_node,15,46,0.37,0.08
ns_node,15,47,0.32,0.08
ns_node,15,48,0.34,0.08
ns_node,15,49,0.37,0.08
ns_node,15,50,0.34,0.08
ns_node,15,51,0.31,0.08
ns_node,15,52,0.34,0.08
ns_node,15,53,0.32,0.08
ns_node,15,54,0.33,0.08
ns_node,15,55,0.31,0.08
ns_node,15,56,0.33,0.08
ns_node,15,57,0.28,0.08
ns_node,15,58,0.31,0.08
ns_node,15,59,0.41,0.08
ns_node,15,60,0.37,0.08
ns_node,15,61,0.35,0.08
ns_node,15,62,0.31,0.08
ns_node,15,63,0.29,0.08
ns_node,15,64,0.31,0.08
ns_node,15,65,0.32,0.08
ns_node,15,66,0.36,0.08
ns_node,15,67,0.36,0.08
ns_node,15,68,0.33,0.08
ns_node,15,69,0.32,0.08
ns_node,15,70,0.29,0.08
ns_node,15,71,0.3,0.08
ns_node,15,72,0.31,0.08
ns_node,15,73,0.35,0.08
ns_node,15,74,0.32,0.08
ns_node,15,75,0.3,0.08
ns_node,15,76,0.31,0.08
ns_node,15,77,0.34,0.08
ns_node,15,78,0.39,0.08
ns_node,15,79,0.44,0.08
ns_node,15,80,0.42,0.08
ns_node,15,81,0.41,0.08
ns_node,15,82,0.43,0.08
ns_node,15,83,0.36,0.08
ns_node,15,84,0.31,0.08
ns_node,15,85,0.28,0.08
ns_node,15,86,0.3,0.08
ns_node,15,87,0.31,0.08
ns_node,15,88,0.32,0.08
ns_node,15,89,0.3,0.08
ns_node,15,90,0.32,0.08
ns_node,15,91,0.3,0.08
ns_node,15,92,0.33,0.08
ns_node,15,93,0.32,0.08
ns_node,15,94,0.28,0.08
ns_node,15,95,0.23,0.08
ns_node,15,96,0.27,0.08
ns_node,15,97,0.29,0.08
ns_node,15,98,0.29,0.08
ns_node,15,99,0.28,0.08
ns_node,15,100,0.29,0.08
ns_node,15,101,0.31,0.08
ns_node,15,102,0.32,0.08
ns_node,15,103,0.28,0.08
ns_node,15,104,0.25,0.08
ns_node,15,105,0.25,0.08
ns_node,15,106,0.29,0.08
ns_node,15,107,0.36,0.08
ns_node,15,108,0.39,0.08
ns_node,15,109,0.35,0.08
ns_node,15,110,0.35,0.08
ns_node,15,111,0.37,0.08
ns_node,15,112,0.32,0.08
ns_node,15,113,0.34,0.08
ns_node,15,114,0.37,0.08
ns_node,15,115,0.33,0.08
ns_node,15,116,0.34,0.08
ns_node,15,117,0.33,0.08
ns_node,15,118,0.3,0.08
ns_node,15,119,0.3,0.08
ns_node,15,120,0.26,0.08
ns_node,15,121,0.3,0.08
ns_node,15,122,0.26,0.08
ns_node,15,123,0.23,0.08
ns_node,15,124,0.27,0.08
ns_node,15,125,0.27,0.08
ns_node,15,126,0.23,0.08
ns_node,15,127,0.26,0.08
ns_node,15,128,0.3,0.08
ns_node,15,129,0.35,0.08
ns_node,15,130,0.33,0.08
ns_node,15,131,0.33,0.08
ns_node,15,132,0.31,0.08
ns_node,15,133,0.29,0.08
ns_node,15,134,0.3,0.08
ns_node,15,135,0.28,0.08
ns_node,15,136,0.27,0.08
ns_node,15,137,0.29,0.08
ns_node,15,138,0.27,0.08
ns_node,15,139,0.28,0.08
ns_node,15,140,0.27,0.08
ns_node,15,141,0.27,0.08
ns_node,15,142,0.28,0.08
ns_node,15,143,0.27,0.08
ns_node,15,144,0.29,0.08
ns_node,15,145,0.31,0.08
ns_node,15,146,0.25,0.08
ns_node,15,147,0.26,0.08
ns_node,15,148,0.3,0.08
ns_node,15,149,0.25,0.08
ns_node,15,150,0.23,0.08
ns_node,16,0,0.1,0.08
ns_node,16,1,0.14,0.08
ns_node,16,2,0.17,0.08
ns_node,16,3,0.22,0.08
ns_node,16,4,0.24,0.08
ns_node,16,5,0.27,0.08
ns_node,16,6,0.25,0.08
ns_node,16,7,0.3,0.08
ns_node,16,8,0.24,0.08
ns_node,16,9,0.25,0.08
ns_node,16,10,0.29,0.08
ns_node,16,11,0.33,0.08
ns_node,16,12,0.3,0.08
ns_node,16,13,0.27,0.08
ns_node,16,14,0.32,0.08
ns_node,16,15,0.31,0.08
ns_node,16,16,0.31,0.08
ns_node,16,17,0.28,0.08
ns_node,16,18,0.3,0.08
ns_node,16,19,0.28,0.08
ns_node,16,20,0.24,0.08
ns_node,16,21,0.26,0.08
ns_node,16,22,0.22,0.08
ns_node,16,23,0.22,0.08
ns_node,16,24,0.25,0.08
ns_node,16,25,0.25,0.08
ns_node,16,26,0.24,0.08
ns_node,16,27,0.21,0.08
ns_node,16,28,0.26,0.08
ns_node,16,29,0.33,0.08
ns_node,16,30,0.26,0.08
ns_node,16,31,0.28,0.08
ns_node,16,32,0.3,0.08
ns_node,16,33,0.29,0.08
ns_node,16,34,0.32,0.08
ns_node,16,35,0.34,0.08
ns_node,16,36,0.36,0.08
ns_node,16,37,0.33,0.08
ns_node,16,38,0.3,0.08
ns_node,16,39,0.3,0.08
ns_node,16,40,0.29,0.08
ns_node,16,41,0.35,0.08
ns_node,16,42,0.38,0.08
ns_node,16,43,0.39,0.08
ns_node,16,44,0.38,0.08
ns_node,16,45,0.32,0.08
ns_node,16,46,0.32,0.08
ns_node,16,47,0.31,0.08
ns_node,16,48,0.4,0.08
ns_node,16,49,0.42,0.08
ns_node,16,50,0.43,0.08
ns_node,16,51,0.41,0.08
ns_node,16,52,0.43,0.08
ns_node,16,53,0.45,0.08
ns_node,16,54,0.4,0.08
ns_node,16,55,0.44,0.08
ns_node,16,56,0.4,0.08
ns_node,16,57,0.3,0.08
ns_node,16,58,0.33,0.08
ns_node,16,59,0.28,0.08
ns_node,16,60,0.31,0.08
ns_node,16,61,0.31,0.08
ns_node,16,62,0.34,0.08
ns_node,16,63,0.36,0.08
ns_node,16,64,0.37,0.08
ns_node,16,65,0.42,0.08
ns_node,16,66,0.43,0.08
ns_node,16,67,0.45,0.08
ns_node,16,68,0.38,0.08
ns_node,16,69,0.34,0.08
ns_node,16,70,0.38,0.08
ns_node,16,71,0.41,0.08
ns_node,16,72,0.4,0.08
ns_node,16,73,0.4,0.08
ns_node,16,74,0.42,0.08
ns_node,16,75,0.39,0.08
ns_node,16,76,0.41,0.08
ns_node,16,77,0.39,0.08
ns_node,16,78,0.39,0.08
ns_node,16,79,0.34,0.08
ns_node,16,80,0.35,0.08
ns_node,16,81,0.31,0.08
ns_node,16,82,0.33,0.08
ns_node,16,83,0.34,0.08
ns_node,16,84,0.39,0.08
ns_node,16,85,0.35,0.08
ns_node,16,86,0.37,0.08
ns_node,16,87,0.37,0.08
ns_node,16,88,0.38,0.08
ns_node,16,89,0.34,0.08
ns_node,16,90,0.29,0.08
ns_node,16,91,0.24,0.08
ns_node,16,92,0.23,0.08
ns_node,16,93,0.23,0.08
ns_node,16,94,0.26,0.08
ns_node,16,95,0.3,0.08
ns_node,16,96,0.28,0.08
ns_node,16,97,0.27,0.08
ns_node,16,98,0.33,0.08
ns_node,16,99,0.33,0.08
ns_node,16,100,0.34,0.08
ns_node,16,101,0.32,0.08
ns_node,16,102,0.3,0.08
ns_node,16,103,0.3,0.08
ns_node,16,104,0.3,0.08
ns_node,16,105,0.34,0.08
ns_node,16,106,0.32,0.08
ns_node,16,107,0.34,0.08
ns_node,16,108,0.33,0.08
ns_node,16,109,0.36,0.08
ns_node,16,110,0.37,0.08
ns_node,16,111,0.4,0.08
ns_node,16,112,0.37,0.08
ns_node,16,113,0.28,0.08
ns_node,16,114,0.33,0.08
ns_node,16,115,0.36,0.08
ns_node,16,116,0.33,0.08
ns_node,16,117,0.36,0.08
ns_node,16,118,0.35,0.08
ns_node,16,119,0.33,0.08
ns_node,16,120,0.31,0.08
ns_node,16,121,0.33,0.08
ns_node,16,122,0.25,0.08
ns_node,16,123,0.29,0.08
ns_node,16,124,0.25,0.08
ns_node,16,125,0.22,0.08
ns_node,16,126,0.23,0.08
ns_node,16,127,0.24,0.08
ns_node,16,128,0.25,0.08
ns_node,16,129,0.22,0.08
ns_node,16,130,0.24,0.08
ns_node,16,131,0.22,0.08
ns_node,16,132,0.26,0.08
ns_node,16,133,0.24,0.08
ns_node,16,134,0.23,0.08
ns_node,16,135,0.25,0.08
ns_node,16,136,0.26,0.08
ns_node,16,137,0.29,0.08
ns_node,16,138,0.3,0.08
ns_node,16,139,0.28,0.08
ns_node,16,140,0.29,0.08
ns_node,16,141,0.28,0.08
ns_node,16,142,0.28,0.08
ns_node,16,143,0.29,0.08
ns_node,16,144,0.26,0.08
ns_node,16,145,0.3,0.08
ns_node,16,146,0.29,0.08
ns_node,16,147,0.32,0.08
ns_node,16,148,0.35,0.08
ns_node,16,149,0.32,0.08
ns_node,16,150,0.27,0.08
ns_node,17,0,0.1,0.08
ns_node,17,1,0.08,0.08
ns_node,17,2,0.1,0.08
ns_node,17,3,0.13,0.08
ns_node,17,4,0.13,0.08
ns_node,17,5,0.15,0.08
ns_node,17,6,0.16,0.08
ns_node,17,7,0.19,0.08
ns_node,17,8,0.2,0.08
ns_node,17,9,0.25,0.08
ns_node,17,10,0.26,0.08
ns_node,17,11,0.2,0.08
ns_node,17,12,0.19,0.08
ns_node,17,13,0.18,0.08
ns_node,17,14,0.19,0.08
ns_node,17,15,0.23,0.08
ns_node,17,16,0.26,0.08
ns_node,17,17,0.31,0.08
ns_node,17,18,0.27,0.08
ns_node,17,19,0.25,0.08
ns_node,17,20,0.24,0.08
ns_node,17,21,0.19,0.08
ns_node,17,22,0.16,0.08
ns_node,17,23,0.21,0.08
ns_node,17,24,0.17,0.08
ns_node,17,25,0.16,0.08
ns_node,17,26,0.17,0.08
ns_node,17,27,0.19,0.08
ns_node,17,28,0.19,0.08
ns_node,17,29,0.23,0.08
ns_node,17,30,0.23,0.08
ns_node,17,31,0.26,0.08
ns_node,17,32,0.28,0.08
ns_node,17,33,0.3,0.08
ns_node,17,34,0.31,0.08
ns_node,17,35,0.31,0.08
ns_node,17,36,0.3,0.08
ns_node,17,37,0.3,0.08
ns_node,17,38,0.32,0.08
ns_node,17,39,0.22,0.08
ns_node,17,40,0.24,0.08
ns_node,17,41,0.24,0.08
ns_node,17,42,0.23,0.08
ns_node,17,43,0.25,0.08
ns_node,17,44,0.32,0.08
ns_node,17,45,0.34,0.08
ns_node,17,46,0.32,0.08
ns_node,17,47,0.34,0.08
ns_node,17,48,0.32,0.08
ns_node,17,49,0.33,0.08
ns_node,17,50,0.33,0.08
ns_node,17,51,0.33,0.08
ns_node,17,52,0.36,0.08
ns_node,17,53,0.33,0.08
ns_node,17,54,0.32,0.08
ns_node,17,55,0.36,0.08
ns_node,17,56,0.29,0.08
ns_node,17,57,0.31,0.08
ns_node,17,58,0.3,0.08
ns_node,17,59,0.28,0.08
ns_node,17,60,0.31,0.08
ns_node,17,61,0.29,0.08
ns_node,17,62,0.28,0.08
ns_node,17,63,0.3,0.08
ns_node,17,64,0.27,0.08
ns_node,17,65,0.29,0.08
ns_node,17,66,0.28,0.08
ns_node,17,67,0.28,0.08
ns_node,17,68,0.29,0.08
ns_node,17,69,0.28,0.08
ns_node,17,70,0.33,0.08
ns_node,17,71,0.3,0.08
ns_node,17,72,0.32,0.08
ns_node,17,73,0.37,0.08
ns_node,17,74,0.34,0.08
ns_node,17,75,0.31,0.08
ns_node,17,76,0.31,0.08
ns_node,17,77,0.3,0.08
ns_node,17,78,0.34,0.08
ns_node,17,79,0.32,0.08
ns_node,17,80,0.36,0.08
ns_node,17,81,0.37,0.08
ns_node,17,82,0.32,0.08
ns_node,17,83,0.37,0.08
ns_node,17,84,0.31,0.08
ns_node,17,85,0.35,0.08
ns_node,17,86,0.35,0.08
ns_node,17,87,0.35,0.08
ns_node,17,88,0.33,0.08
ns_node,17,89,0.3,0.08
ns_node,17,90,0.33,0.08
ns_node,17,91,0.31,0.08
ns_node,17,92,0.35,0.08
ns_node,17,93,0.32,0.08
ns_node,17,94,0.4,0.08
ns_node,17,95,0.43,0.08
ns_node,17,96,0.46,0.08
ns_node,17,97,0.38,0.08
ns_node,17,98,0.34,0.08
ns_node,17,99,0.3,0.08
ns_node,17,100,0.3,0.08
ns_node,17,101,0.38,0.08
ns_node,17,102,0.41,0.08
ns_node,17,103,0.35,0.08
ns_node,17,104,0.38,0.08
ns_node,17,105,0.38,0.08
ns_node,17,106,0.43,0.08
ns_node,17,107,0.46,0.08
ns_node,17,108,0.43,0.08
ns_node,17,109,0.42,0.08
ns_node,17,110,0.41,0.08
ns_node,17,111,0.41,0.08
ns_node,17,112,0.42,0.08
ns_node,17,113,0.44,0.08
ns_node,17,114,0.33,0.08
ns_node,17,115,0.36,0.08
ns_node,17,116,0.4,0.08
ns_node,17,117,0.35,0.08
ns_node,17,118,0.34,0.08
ns_node,17,119,0.39,0.08
ns_node,17,120,0.38,0.08
ns_node,17,121,0.37,0.08
ns_node,17,122,0.36,0.08
ns_node,17,123,0.31,0.08
ns_node,17,124,0.34,0.08
ns_node,17,125,0.31,0.08
ns_node,17,126,0.32,0.08
ns_node,17,127,0.28,0.08
ns_node,17,128,0.29,0.08
ns_node,17,129,0.31,0.08
ns_node,17,130,0.38,0.08
ns_node,17,131,0.39,0.08
ns_node,17,132,0.43,0.08
ns_node,17,133,0.33,0.08
ns_node,17,134,0.34,0.08
ns_node,17,135,0.34,0.08
ns_node,17,136,0.33,0.08
ns_node,17,137,0.37,0.08
ns_node,17,138,0.33,0.08
ns_node,17,139,0.34,0.08
ns_node,17,140,0.32,0.08
ns_node,17,141,0.31,0.08
ns_node,17,142,0.34,0.08
ns_node,17,143,0.38,0.08
ns_node,17,144,0.36,0.08
ns_node,17,145,0.4,0.08
ns_node,17,146,0.43,0.08
ns_node,17,147,0.41,0.08
ns_node,17,148,0.4,0.08
ns_node,17,149,0.39,0.08
ns_node,17,150,0.4,0.08
ns_node,18,0,0.1,0.08
ns_node,18,1,0.09,0.08
ns_node,18,2,0.11,0.08
ns_node,18,3,0.11,0.08
ns_node,18,4,0.16,0.08
ns_node,18,5,0.18,0.08
ns_node,18,6,0.18,0.08
ns_node,18,7,0.18,0.08
ns_node,18,8,0.16,0.08
ns_node,18,9,0.16,0.08
ns_node,18,10,0.17,0.08
ns_node,18,11,0.22,0.08
ns_node,18,12,0.21,0.08
ns_node,18,13,0.19,0.08
ns_node,18,14,0.2,0.08
ns_node,18,15,0.21,0.08
ns_node,18,16,0.19,0.08
ns_node,18,17,0.24,0.08
ns_node,18,18,0.26,0.08
ns_node,18,19,0.32,0.08
ns_node,18,20,0.36,0.08
ns_node,18,21,0.38,0.08
ns_node,18,22,0.3,0.08
ns_node,18,23,0.29,0.08
ns_node,18,24,0.36,0.08
ns_node,18,25,0.35,0.08
ns_node,18,26,0.33,0.08
ns_node,18,27,0.34,0.08
ns_node,18,28,0.33,0.08
ns_node,18,29,0.31,0.08
ns_node,18,30,0.27,0.08
ns_node,18,31,0.3,0.08
ns_node,18,32,0.25,0.08
ns_node,18,33,0.24,0.08
ns_node,18,34,0.25,0.08
ns_node,18,35,0.28,0.08
ns_node,18,36,0.3,0.08
ns_node,18,37,0.29,0.08
ns_node,18,38,0.28,0.08
ns_node,18,39,0.27,0.08
ns_node,18,40,0.29,0.08
ns_node,18,41,0.34,0.08
ns_node,18,42,0.33,0.08
ns_node,18,43,0.37,0.08
ns_node,18,44,0.39,0.08
ns_node,18,45,0.37,0.08
ns_node,18,46,0.4,0.08
ns_node,18,47,0.45,0.08
ns_node,18,48,0.41,0.08
ns_node,18,49,0.32,0.08
ns_node,18,50,0.35,0.08
ns_node,18,51,0.37,0.08
ns_node,18,52,0.35,0.08
ns_node,18,53,0.35,0.08
ns_node,18,54,0.35,0.08
ns_node,18,55,0.26,0.08
ns_node,18,56,0.26,0.08
ns_node,18,57,0.3,0.08
ns_node,18,58,0.28,0.08
ns_node,18,59,0.24,0.08
ns_node,18,60,0.3,0.08
ns_node,18,61,0.28,0.08
ns_node,18,62,0.31,0.08
ns_node,18,63,0.35,0.08
ns_node,18,64,0.3,0.08
ns_node,18,65,0.25,0.08
ns_node,18,66,0.24,0.08
ns_node,18,67,0.26,0.08
ns_node,18,68,0.21,0.08
ns_node,18,69,0.22,0.08
ns_node,18,70,0.18,0.08
ns_node,18,71,0.17,0.08
ns_node,18,72,0.17,0.08
ns_node,18,73,0.22,0.08
ns_node,18,74,0.21,0.08
ns_node,18,75,0.2,0.08
ns_node,18,76,0.2,0.08
ns_node,18,77,0.2,0.08
ns_node,18,78,0.2,0.08
ns_node,18,79,0.24,0.08
ns_node,18,80,0.26,0.08
ns_node,18,81,0.26,0.08
ns_node,18,82,0.24,0.08
ns_node,18,83,0.22,0.08
ns_node,18,84,0.22,0.08
ns_node,18,85,0.2,0.08
ns_node,18,86,0.18,0.08
ns_node,18,87,0.22,0.08
ns_node,18,88,0.23,0.08
ns_node,18,89,0.24,0.08
ns_node,18,90,0.27,0.08
ns_node,18,91,0.29,0.08
ns_node,18,92,0.24,0.08
ns_node,18,93,0.24,0.08
ns_node,18,94,0.26,0.08
ns_node,18,95,0.29,0.08
ns_node,18,96,0.28,0.08
ns_node,18,97,0.33,0.08
ns_node,18,98,0.34,0.08
ns_node,18,99,0.38,0.08
ns_node,18,100,0.35,0.08
ns_node,18,101,0.39,0.08
ns_node,18,102,0.38,0.08
ns_node,18,103,0.38,0.08
ns_node,18,104,0.37,0.08
ns_node,18,105,0.33,0.08
ns_node,18,106,0.32,0.08
ns_node,18,107,0.27,0.08
ns_node,18,108,0.25,0.08
ns_node,18,109,0.22,0.08
ns_node,18,110,0.24,0.08
ns_node,18,111,0.21,0.08
ns_node,18,112,0.23,0.08
ns_node,18,113,0.25,0.08
ns_node,18,114,0.24,0.08
ns_node,18,115,0.2,0.08
ns_node,18,116,0.21,0.08
ns_node,18,117,0.19,0.08
ns_node,18,118,0.18,0.08
ns_node,18,119,0.17,0.08
ns_node,18,120,0.17,0.08
ns_node,18,121,0.17,0.08
ns_node,18,122,0.17,0.08
ns_node,18,123,0.2,0.08
ns_node,18,124,0.23,0.08
ns_node,18,125,0.22,0.08
ns_node,18,126,0.26,0.08
ns_node,18,127,0.27,0.08
ns_node,18,128,0.25,0.08
ns_node,18,129,0.28,0.08
ns_node,18,130,0.26,0.08
ns_node,18,131,0.25,0.08
ns_node,18,132,0.29,0.08
ns_node,18,133,0.23,0.08
ns_node,18,134,0.22,0.08
ns_node,18,135,0.22,0.08
ns_node,18,136,0.25,0.08
ns_node,18,137,0.28,0.08
ns_node,18,138,0.3,0.08
ns_node,18,139,0.31,0.08
ns_node,18,140,0.31,0.08
ns_node,18,141,0.31,0.08
ns_node,18,142,0.34,0.08
ns_node,18,143,0.36,0.08
ns_node,18,144,0.34,0.08
ns_node,18,145,0.35,0.08
ns_node,18,146,0.39,0.08
ns_node,18,147,0.36,0.08
ns_node,18,148,0.35,0.08
ns_node,18,149,0.38,0.08
ns_node,18,150,0.35,0.08
ns_node,19,0,0.1,0.08
ns_node,19,1,0.11,0.08
ns_node,19,2,0.14,0.08
ns_node,19,3,0.08,0.08
ns_node,19,4,0.06,0.08
ns_node,19,5,0.08,0.08
ns_node,19,6,0.1,0.08
ns_node,19,7,0.11,0.08
ns_node,19,8,0.15,0.08
ns_node,19,9,0.15,0.08
ns_node,19,10,0.18,0.08
ns_node,19,11,0.2,0.08
ns_node,19,12,0.18,0.08
ns_node,19,13,0.24,0.08
ns_node,19,14,0.23,0.08
ns_node,19,15,0.24,0.08
ns_node,19,16,0.3,0.08
ns_node,19,17,0.32,0.08
ns_node,19,18,0.3,0.08
ns_node,19,19,0.32,0.08
ns_node,19,20,0.29,0.08
ns_node,19,21,0.27,0.08
ns_node,19,22,0.29,0.08
ns_node,19,23,0.28,0.08
ns_node,19,24,0.29,0.08
ns_node,19,25,0.32,0.08
ns_node,19,26,0.31,0.08
ns_node,19,27,0.27,0.08
ns_node,19,28,0.25,0.08
ns_node,19,29,0.27,0.08
ns_node,19,30,0.31,0.08
ns_node,19,31,0.3,0.08
ns_node,19,32,0.31,0.08
ns_node,19,33,0.26,0.08
ns_node,19,34,0.28,0.08
ns_node,19,35,0.3,0.08
ns_node,19,36,0.32,0.08
ns_node,19,37,0.27,0.08
ns_node,19,38,0.22,0.08
ns_node,19,39,0.21,0.08
ns_node,19,40,0.25,0.08
ns_node,19,41,0.28,0.08
ns_node,19,42,0.29,0.08
ns_node,19,43,0.34,0.08
ns_node,19,44,0.33,0.08
ns_node,19,45,0.3,0.08
ns_node,19,46,0.28,0.08
ns_node,19,47,0.28,0.08
ns_node,19,48,0.26,0.08
ns_node,19,49,0.22,0.08
ns_node,19,50,0.21,0.08
ns_node,19,51,0.26,0.08
ns_node,19,52,0.25,0.08
ns_node,19,53,0.34,0.08
ns_node,19,54,0.32,0.08
ns_node,19,55,0.28,0.08
ns_node,19,56,0.26,0.08
ns_node,19,57,0.3,0.08
ns_node,19,58,0.3,0.08
ns_node,19,59,0.3,0.08
ns_node,19,60,0.35,0.08
ns_node,19,61,0.35,0.08
ns_node,19,62,0.35,0.08
ns_node,19,63,0.35,0.08
ns_node,19,64,0.37,0.08
ns_node,19,65,0.36,0.08
ns_node,19,66,0.35,0.08
ns_node,19,67,0.36,0.08
ns_node,19,68,0.35,0.08
ns_node,19,69,0.32,0.08
ns_node,19,70,0.31,0.08
ns_node,19,71,0.36,0.08
ns_node,19,72,0.38,0.08
ns_node,19,73,0.41,0.08
ns_node,19,74,0.36,0.08
ns_node,19,75,0.37,0.08
ns_node,19,76,0.35,0.08
ns_node,19,77,0.35,0.08
ns_node,19,78,0.33,0.08
ns_node,19,79,0.32,0.08
ns_node,19,80,0.35,0.08
ns_node,19,81,0.32,0.08
ns_node,19,82,0.3,0.08
ns_node,19,83,0.32,0.08
ns_node,19,84,0.29,0.08
ns_node,19,85,0.32,0.08
ns_node,19,86,0.37,0.08
ns_node,19,87,0.36,0.08
ns_node,19,88,0.32,0.08
ns_node,19,89,0.33,0.08
ns_node,19,90,0.27,0.08
ns_node,19,91,0.33,0.08
ns_node,19,92,0.3,0.08
ns_node,19,93,0.3,0.08
ns_node,19,94,0.25,0.08
ns_node,19,95,0.25,0.08
ns_node,19,96,0.27,0.08
ns_node,19,97,0.27,0.08
ns_node,19,98,0.3,0.08
ns_node,19,99,0.36,0.08
ns_node,19,100,0.38,0.08
ns_node,19,101,0.42,0.08
ns_node,19,102,0.41,0.08
ns_node,19,103,0.39,0.08
ns_node,19,104,0.43,0.08
ns_node,19,105,0.42,0.08
ns_node,19,106,0.41,0.08
ns_node,19,107,0.43,0.08
ns_node,19,108,0.43,0.08
ns_node,19,109,0.46,0.08
ns_node,19,110,0.44,0.08
ns_node,19,111,0.4,0.08
ns_node,19,112,0.44,0.08
ns_node,19,113,0.4,0.08
ns_node,19,114,0.37,0.08
ns_node,19,115,0.42,0.08
ns_node,19,116,0.45,0.08
ns_node,19,117,0.47,0.08
ns_node,19,118,0.5,0.08
ns_node,19,119,0.41,0.08
ns_node,19,120,0.39,0.08
ns_node,19,121,0.45,0.08
ns_node,19,122,0.41,0.08
ns_node,19,123,0.36,0.08
ns_node,19,124,0.37,0.08
ns_node,19,125,0.39,0.08
ns_node,19,126,0.36,0.08
ns_node,19,127,0.35,0.08
ns_node,19,128,0.36,0.08
ns_node,19,129,0.33,0.08
ns_node,19,130,0.27,0.08
ns_node,19,131,0.29,0.08
ns_node,19,132,0.28,0.08
ns_node,19,133,0.34,0.08
ns_node,19,134,0.37,0.08
ns_node,19,135,0.32,0.08
ns_node,19,136,0.39,0.08
ns_node,19,137,0.41,0.08
ns_node,19,138,0.43,0.08
ns_node,19,139,0.4,0.08
ns_node,19,140,0.43,0.08
ns_node,19,141,0.46,0.08
ns_node,19,142,0.44,0.08
ns_node,19,143,0.43,0.08
ns_node,19,144,0.36,0.08
ns_node,19,145,0.35,0.08
ns_node,19,146,0.34,0.08
ns_node,19,147,0.41,0.08
ns_node,19,148,0.39,0.08
ns_node,19,149,0.37,0.08
ns_node,19,150,0.3,0.08
