policy,seed,step,value
none,0,0,0.08823529411764706
none,0,1,0.058823529411764705
none,0,2,0.08823529411764706
none,0,3,0.14705882352941177
none,0,4,0.11764705882352941
none,0,5,0.08823529411764706
none,0,6,0.11764705882352941
none,0,7,0.17647058823529413
none,0,8,0.20588235294117646
none,0,9,0.23529411764705882
none,0,10,0.23529411764705882
none,0,11,0.29411764705882354
none,0,12,0.35294117647058826
none,0,13,0.3235294117647059
none,0,14,0.29411764705882354
none,0,15,0.4117647058823529
none,0,16,0.4411764705882353
none,0,17,0.29411764705882354
none,0,18,0.35294117647058826
none,0,19,0.38235294117647056
none,0,20,0.38235294117647056
none,0,21,0.4117647058823529
none,0,22,0.38235294117647056
none,0,23,0.4117647058823529
none,0,24,0.4411764705882353
none,0,25,0.4411764705882353
none,0,26,0.38235294117647056
none,0,27,0.47058823529411764
none,0,28,0.47058823529411764
none,0,29,0.5
none,0,30,0.47058823529411764
none,0,31,0.4411764705882353
none,0,32,0.38235294117647056
none,0,33,0.35294117647058826
none,0,34,0.29411764705882354
none,0,35,0.2647058823529412
none,0,36,0.38235294117647056
none,0,37,0.35294117647058826
none,0,38,0.4411764705882353
none,0,39,0.47058823529411764
none,0,40,0.47058823529411764
none,0,41,0.47058823529411764
none,0,42,0.5
none,0,43,0.5588235294117647
none,0,44,0.5882352941176471
none,0,45,0.5
none,0,46,0.4117647058823529
none,0,47,0.35294117647058826
none,0,48,0.38235294117647056
none,0,49,0.38235294117647056
none,0,50,0.35294117647058826
none,0,51,0.4117647058823529
none,0,52,0.4411764705882353
none,0,53,0.47058823529411764
none,0,54,0.4411764705882353
none,0,55,0.4117647058823529
none,0,56,0.4411764705882353
none,0,57,0.5294117647058824
none,0,58,0.47058823529411764
none,0,59,0.3235294117647059
none,0,60,0.4117647058823529
none,0,61,0.4411764705882353
none,0,62,0.4411764705882353
none,0,63,0.5
none,0,64,0.5588235294117647
none,0,65,0.5
none,0,66,0.5588235294117647
none,0,67,0.6470588235294118
none,0,68,0.5
none,0,69,0.4411764705882353
none,0,70,0.5
none,0,71,0.5
none,0,72,0.4117647058823529
none,0,73,0.5
none,0,74,0.5
none,0,75,0.5
none,0,76,0.5
none,0,77,0.5588235294117647
none,0,78,0.5294117647058824
none,0,79,0.5
none,0,80,0.4117647058823529
none,0,81,0.4411764705882353
none,0,82,0.5
none,0,83,0.47058823529411764
none,0,84,0.47058823529411764
none,0,85,0.5
none,0,86,0.38235294117647056
none,0,87,0.47058823529411764
none,0,88,0.35294117647058826
none,0,89,0.3235294117647059
none,0,90,0.35294117647058826
none,0,91,0.4117647058823529
none,0,92,0.4117647058823529
none,0,93,0.4117647058823529
none,0,94,0.47058823529411764
none,0,95,0.5294117647058824
none,0,96,0.5
none,0,97,0.35294117647058826
none,0,98,0.4117647058823529
none,0,99,0.35294117647058826
none,0,100,0.47058823529411764
none,0,101,0.4117647058823529
none,0,102,0.47058823529411764
none,0,103,0.4117647058823529
none,0,104,0.4411764705882353
none,0,105,0.4117647058823529
none,0,106,0.4411764705882353
none,0,107,0.38235294117647056
none,0,108,0.35294117647058826
none,0,109,0.3235294117647059
none,0,110,0.2647058823529412
none,0,111,0.2647058823529412
none,0,112,0.35294117647058826
none,0,113,0.3235294117647059
none,0,114,0.4117647058823529
none,0,115,0.35294117647058826
none,0,116,0.35294117647058826
none,0,117,0.4117647058823529
none,0,118,0.5294117647058824
none,0,119,0.38235294117647056
none,0,120,0.4117647058823529
none,0,121,0.4117647058823529
none,0,122,0.47058823529411764
none,0,123,0.4117647058823529
none,0,124,0.47058823529411764
none,0,125,0.5294117647058824
none,0,126,0.5588235294117647
none,0,127,0.5294117647058824
none,0,128,0.4411764705882353
none,0,129,0.38235294117647056
none,0,130,0.47058823529411764
none,0,131,0.5
none,0,132,0.5
none,0,133,0.4411764705882353
none,0,134,0.5
none,0,135,0.4117647058823529
none,0,136,0.4117647058823529
none,0,137,0.3235294117647059
none,0,138,0.38235294117647056
none,0,139,0.3235294117647059
none,0,140,0.38235294117647056
none,0,141,0.3235294117647059
none,0,142,0.29411764705882354
none,0,143,0.35294117647058826
none,0,144,0.3235294117647059
none,0,145,0.2647058823529412
none,0,146,0.29411764705882354
none,0,147,0.3235294117647059
none,0,148,0.3235294117647059
none,0,149,0.38235294117647056
none,0,150,0.4117647058823529
none,1,0,0.08823529411764706
none,1,1,0.058823529411764705
none,1,2,0.058823529411764705
none,1,3,0.08823529411764706
none,1,4,0.08823529411764706
none,1,5,0.08823529411764706
none,1,6,0.08823529411764706
none,1,7,0.11764705882352941
none,1,8,0.11764705882352941
none,1,9,0.17647058823529413
none,1,10,0.29411764705882354
none,1,11,0.38235294117647056
none,1,12,0.35294117647058826
none,1,13,0.4117647058823529
none,1,14,0.4117647058823529
none,1,15,0.47058823529411764
none,1,16,0.4411764705882353
none,1,17,0.5
none,1,18,0.47058823529411764
none,1,19,0.4411764705882353
none,1,20,0.3235294117647059
none,1,21,0.38235294117647056
none,1,22,0.2647058823529412
none,1,23,0.23529411764705882
none,1,24,0.23529411764705882
none,1,25,0.2647058823529412
none,1,26,0.3235294117647059
none,1,27,0.35294117647058826
none,1,28,0.4411764705882353
none,1,29,0.4117647058823529
none,1,30,0.47058823529411764
none,1,31,0.47058823529411764
none,1,32,0.5588235294117647
none,1,33,0.47058823529411764
none,1,34,0.5
none,1,35,0.47058823529411764
none,1,36,0.5
none,1,37,0.5294117647058824
none,1,38,0.5294117647058824
none,1,39,0.38235294117647056
none,1,40,0.35294117647058826
none,1,41,0.35294117647058826
none,1,42,0.3235294117647059
none,1,43,0.2647058823529412
none,1,44,0.35294117647058826
none,1,45,0.38235294117647056
none,1,46,0.4117647058823529
none,1,47,0.4117647058823529
none,1,48,0.5
none,1,49,0.4117647058823529
none,1,50,0.4411764705882353
none,1,51,0.47058823529411764
none,1,52,0.5
none,1,53,0.5294117647058824
none,1,54,0.5588235294117647
none,1,55,0.5294117647058824
none,1,56,0.47058823529411764
none,1,57,0.5294117647058824
none,1,58,0.4117647058823529
none,1,59,0.47058823529411764
none,1,60,0.5294117647058824
none,1,61,0.47058823529411764
none,1,62,0.4117647058823529
none,1,63,0.35294117647058826
none,1,64,0.4411764705882353
none,1,65,0.4117647058823529
none,1,66,0.3235294117647059
none,1,67,0.35294117647058826
none,1,68,0.3235294117647059
none,1,69,0.4411764705882353
none,1,70,0.4411764705882353
none,1,71,0.4411764705882353
none,1,72,0.5588235294117647
none,1,73,0.6470588235294118
none,1,74,0.5
none,1,75,0.6176470588235294
none,1,76,0.5882352941176471
none,1,77,0.4411764705882353
none,1,78,0.47058823529411764
none,1,79,0.4411764705882353
none,1,80,0.4411764705882353
none,1,81,0.38235294117647056
none,1,82,0.35294117647058826
none,1,83,0.3235294117647059
none,1,84,0.38235294117647056
none,1,85,0.29411764705882354
none,1,86,0.35294117647058826
none,1,87,0.4411764705882353
none,1,88,0.4411764705882353
none,1,89,0.35294117647058826
none,1,90,0.4117647058823529
none,1,91,0.3235294117647059
none,1,92,0.38235294117647056
none,1,93,0.35294117647058826
none,1,94,0.29411764705882354
none,1,95,0.38235294117647056
none,1,96,0.4411764705882353
none,1,97,0.38235294117647056
none,1,98,0.38235294117647056
none,1,99,0.35294117647058826
none,1,100,0.38235294117647056
none,1,101,0.35294117647058826
none,1,102,0.4117647058823529
none,1,103,0.4411764705882353
none,1,104,0.47058823529411764
none,1,105,0.47058823529411764
none,1,106,0.4117647058823529
none,1,107,0.5294117647058824
none,1,108,0.38235294117647056
none,1,109,0.3235294117647059
none,1,110,0.3235294117647059
none,1,111,0.35294117647058826
none,1,112,0.38235294117647056
none,1,113,0.4411764705882353
none,1,114,0.5882352941176471
none,1,115,0.35294117647058826
none,1,116,0.35294117647058826
none,1,117,0.4117647058823529
none,1,118,0.4411764705882353
none,1,119,0.47058823529411764
none,1,120,0.4117647058823529
none,1,121,0.35294117647058826
none,1,122,0.38235294117647056
none,1,123,0.4411764705882353
none,1,124,0.6176470588235294
none,1,125,0.5588235294117647
none,1,126,0.5882352941176471
none,1,127,0.5588235294117647
none,1,128,0.4117647058823529
none,1,129,0.4411764705882353
none,1,130,0.5882352941176471
none,1,131,0.5882352941176471
none,1,132,0.5588235294117647
none,1,133,0.4411764705882353
none,1,134,0.35294117647058826
none,1,135,0.47058823529411764
none,1,136,0.5
none,1,137,0.47058823529411764
none,1,138,0.38235294117647056
none,1,139,0.5294117647058824
none,1,140,0.6176470588235294
none,1,141,0.6470588235294118
none,1,142,0.5294117647058824
none,1,143,0.35294117647058826
none,1,144,0.35294117647058826
none,1,145,0.5
none,1,146,0.4411764705882353
none,1,147,0.47058823529411764
none,1,148,0.5294117647058824
none,1,149,0.38235294117647056
none,1,150,0.3235294117647059
none,2,0,0.08823529411764706
none,2,1,0.08823529411764706
none,2,2,0.029411764705882353
none,2,3,0.029411764705882353
none,2,4,0.029411764705882353
none,2,5,0.058823529411764705
none,2,6,0.11764705882352941
none,2,7,0.08823529411764706
none,2,8,0.14705882352941177
none,2,9,0.17647058823529413
none,2,10,0.17647058823529413
none,2,11,0.17647058823529413
none,2,12,0.17647058823529413
none,2,13,0.17647058823529413
none,2,14,0.14705882352941177
none,2,15,0.17647058823529413
none,2,16,0.20588235294117646
none,2,17,0.2647058823529412
none,2,18,0.23529411764705882
none,2,19,0.17647058823529413
none,2,20,0.29411764705882354
none,2,21,0.3235294117647059
none,2,22,0.4117647058823529
none,2,23,0.29411764705882354
none,2,24,0.3235294117647059
none,2,25,0.2647058823529412
none,2,26,0.14705882352941177
none,2,27,0.14705882352941177
none,2,28,0.14705882352941177
none,2,29,0.23529411764705882
none,2,30,0.20588235294117646
none,2,31,0.20588235294117646
none,2,32,0.3235294117647059
none,2,33,0.38235294117647056
none,2,34,0.38235294117647056
none,2,35,0.4117647058823529
none,2,36,0.3235294117647059
none,2,37,0.38235294117647056
none,2,38,0.4411764705882353
none,2,39,0.4117647058823529
none,2,40,0.47058823529411764
none,2,41,0.4411764705882353
none,2,42,0.35294117647058826
none,2,43,0.35294117647058826
none,2,44,0.2647058823529412
none,2,45,0.29411764705882354
none,2,46,0.35294117647058826
none,2,47,0.35294117647058826
none,2,48,0.4117647058823529
none,2,49,0.4117647058823529
none,2,50,0.35294117647058826
none,2,51,0.4117647058823529
none,2,52,0.4117647058823529
none,2,53,0.5294117647058824
none,2,54,0.5588235294117647
none,2,55,0.5588235294117647
none,2,56,0.5588235294117647
none,2,57,0.47058823529411764
none,2,58,0.4411764705882353
none,2,59,0.38235294117647056
none,2,60,0.3235294117647059
none,2,61,0.29411764705882354
none,2,62,0.29411764705882354
none,2,63,0.29411764705882354
none,2,64,0.3235294117647059
none,2,65,0.4411764705882353
none,2,66,0.5
none,2,67,0.47058823529411764
none,2,68,0.3235294117647059
none,2,69,0.38235294117647056
none,2,70,0.35294117647058826
none,2,71,0.35294117647058826
none,2,72,0.3235294117647059
none,2,73,0.38235294117647056
none,2,74,0.35294117647058826
none,2,75,0.2647058823529412
none,2,76,0.29411764705882354
none,2,77,0.23529411764705882
none,2,78,0.14705882352941177
none,2,79,0.08823529411764706
none,2,80,0.08823529411764706
none,2,81,0.058823529411764705
none,2,82,0.058823529411764705
none,2,83,0.08823529411764706
none,2,84,0.058823529411764705
none,2,85,0.058823529411764705
none,2,86,0.08823529411764706
none,2,87,0.08823529411764706
none,2,88,0.058823529411764705
none,2,89,0.08823529411764706
none,2,90,0.11764705882352941
none,2,91,0.14705882352941177
none,2,92,0.23529411764705882
none,2,93,0.35294117647058826
none,2,94,0.3235294117647059
none,2,95,0.35294117647058826
none,2,96,0.29411764705882354
none,2,97,0.35294117647058826
none,2,98,0.3235294117647059
none,2,99,0.35294117647058826
none,2,100,0.38235294117647056
none,2,101,0.38235294117647056
none,2,102,0.38235294117647056
none,2,103,0.38235294117647056
none,2,104,0.35294117647058826
none,2,105,0.3235294117647059
none,2,106,0.29411764705882354
none,2,107,0.2647058823529412
none,2,108,0.14705882352941177
none,2,109,0.14705882352941177
none,2,110,0.2647058823529412
none,2,111,0.2647058823529412
none,2,112,0.2647058823529412
none,2,113,0.3235294117647059
none,2,114,0.2647058823529412
none,2,115,0.29411764705882354
none,2,116,0.3235294117647059
none,2,117,0.3235294117647059
none,2,118,0.4117647058823529
none,2,119,0.35294117647058826
none,2,120,0.38235294117647056
none,2,121,0.29411764705882354
none,2,122,0.2647058823529412
none,2,123,0.35294117647058826
none,2,124,0.29411764705882354
none,2,125,0.35294117647058826
none,2,126,0.35294117647058826
none,2,127,0.4117647058823529
none,2,128,0.35294117647058826
none,2,129,0.35294117647058826
none,2,130,0.3235294117647059
none,2,131,0.29411764705882354
none,2,132,0.29411764705882354
none,2,133,0.2647058823529412
none,2,134,0.2647058823529412
none,2,135,0.38235294117647056
none,2,136,0.35294117647058826
none,2,137,0.29411764705882354
none,2,138,0.29411764705882354
none,2,139,0.20588235294117646
none,2,140,0.2647058823529412
none,2,141,0.3235294117647059
none,2,142,0.35294117647058826
none,2,143,0.38235294117647056
none,2,144,0.3235294117647059
none,2,145,0.35294117647058826
none,2,146,0.29411764705882354
none,2,147,0.4411764705882353
none,2,148,0.4411764705882353
none,2,149,0.47058823529411764
none,2,150,0.47058823529411764
none,3,0,0.08823529411764706
none,3,1,0.11764705882352941
none,3,2,0.20588235294117646
none,3,3,0.17647058823529413
none,3,4,0.17647058823529413
none,3,5,0.14705882352941177
none,3,6,0.20588235294117646
none,3,7,0.29411764705882354
none,3,8,0.4117647058823529
none,3,9,0.5
none,3,10,0.47058823529411764
none,3,11,0.47058823529411764
none,3,12,0.4117647058823529
none,3,13,0.35294117647058826
none,3,14,0.5
none,3,15,0.47058823529411764
none,3,16,0.6176470588235294
none,3,17,0.5588235294117647
none,3,18,0.4117647058823529
none,3,19,0.4411764705882353
none,3,20,0.5294117647058824
none,3,21,0.4117647058823529
none,3,22,0.35294117647058826
none,3,23,0.29411764705882354
none,3,24,0.29411764705882354
none,3,25,0.2647058823529412
none,3,26,0.29411764705882354
none,3,27,0.2647058823529412
none,3,28,0.23529411764705882
none,3,29,0.29411764705882354
none,3,30,0.2647058823529412
none,3,31,0.23529411764705882
none,3,32,0.29411764705882354
none,3,33,0.17647058823529413
none,3,34,0.23529411764705882
none,3,35,0.23529411764705882
none,3,36,0.17647058823529413
none,3,37,0.20588235294117646
none,3,38,0.23529411764705882
none,3,39,0.2647058823529412
none,3,40,0.29411764705882354
none,3,41,0.29411764705882354
none,3,42,0.3235294117647059
none,3,43,0.3235294117647059
none,3,44,0.29411764705882354
none,3,45,0.35294117647058826
none,3,46,0.35294117647058826
none,3,47,0.38235294117647056
none,3,48,0.4117647058823529
none,3,49,0.35294117647058826
none,3,50,0.35294117647058826
none,3,51,0.35294117647058826
none,3,52,0.4117647058823529
none,3,53,0.4117647058823529
none,3,54,0.47058823529411764
none,3,55,0.38235294117647056
none,3,56,0.5294117647058824
none,3,57,0.6176470588235294
none,3,58,0.7352941176470589
none,3,59,0.6176470588235294
none,3,60,0.6470588235294118
none,3,61,0.6176470588235294
none,3,62,0.6176470588235294
none,3,63,0.5294117647058824
none,3,64,0.5294117647058824
none,3,65,0.5588235294117647
none,3,66,0.5588235294117647
none,3,67,0.5294117647058824
none,3,68,0.5
none,3,69,0.5
none,3,70,0.38235294117647056
none,3,71,0.38235294117647056
none,3,72,0.4411764705882353
none,3,73,0.5
none,3,74,0.4411764705882353
none,3,75,0.29411764705882354
none,3,76,0.38235294117647056
none,3,77,0.3235294117647059
none,3,78,0.35294117647058826
none,3,79,0.3235294117647059
none,3,80,0.35294117647058826
none,3,81,0.4117647058823529
none,3,82,0.3235294117647059
none,3,83,0.4411764705882353
none,3,84,0.5
none,3,85,0.4117647058823529
none,3,86,0.38235294117647056
none,3,87,0.5294117647058824
none,3,88,0.38235294117647056
none,3,89,0.47058823529411764
none,3,90,0.5
none,3,91,0.5294117647058824
none,3,92,0.6764705882352942
none,3,93,0.6176470588235294
none,3,94,0.7058823529411765
none,3,95,0.5882352941176471
none,3,96,0.4411764705882353
none,3,97,0.47058823529411764
none,3,98,0.5882352941176471
none,3,99,0.4411764705882353
none,3,100,0.4117647058823529
none,3,101,0.5
none,3,102,0.5588235294117647
none,3,103,0.38235294117647056
none,3,104,0.38235294117647056
none,3,105,0.2647058823529412
none,3,106,0.35294117647058826
none,3,107,0.3235294117647059
none,3,108,0.4117647058823529
none,3,109,0.3235294117647059
none,3,110,0.2647058823529412
none,3,111,0.17647058823529413
none,3,112,0.20588235294117646
none,3,113,0.29411764705882354
none,3,114,0.35294117647058826
none,3,115,0.38235294117647056
none,3,116,0.35294117647058826
none,3,117,0.3235294117647059
none,3,118,0.35294117647058826
none,3,119,0.4117647058823529
none,3,120,0.35294117647058826
none,3,121,0.35294117647058826
none,3,122,0.35294117647058826
none,3,123,0.4411764705882353
none,3,124,0.47058823529411764
none,3,125,0.5294117647058824
none,3,126,0.47058823529411764
none,3,127,0.38235294117647056
none,3,128,0.47058823529411764
none,3,129,0.35294117647058826
none,3,130,0.38235294117647056
none,3,131,0.35294117647058826
none,3,132,0.3235294117647059
none,3,133,0.3235294117647059
none,3,134,0.35294117647058826
none,3,135,0.3235294117647059
none,3,136,0.35294117647058826
none,3,137,0.3235294117647059
none,3,138,0.3235294117647059
none,3,139,0.35294117647058826
none,3,140,0.3235294117647059
none,3,141,0.3235294117647059
none,3,142,0.29411764705882354
none,3,143,0.3235294117647059
none,3,144,0.29411764705882354
none,3,145,0.2647058823529412
none,3,146,0.35294117647058826
none,3,147,0.29411764705882354
none,3,148,0.38235294117647056
none,3,149,0.4117647058823529
none,3,150,0.4117647058823529
none,4,0,0.08823529411764706
none,4,1,0.08823529411764706
none,4,2,0.08823529411764706
none,4,3,0.08823529411764706
none,4,4,0.08823529411764706
none,4,5,0.11764705882352941
none,4,6,0.14705882352941177
none,4,7,0.17647058823529413
none,4,8,0.20588235294117646
none,4,9,0.17647058823529413
none,4,10,0.17647058823529413
none,4,11,0.14705882352941177
none,4,12,0.11764705882352941
none,4,13,0.20588235294117646
none,4,14,0.20588235294117646
none,4,15,0.20588235294117646
none,4,16,0.29411764705882354
none,4,17,0.2647058823529412
none,4,18,0.2647058823529412
none,4,19,0.3235294117647059
none,4,20,0.3235294117647059
none,4,21,0.4117647058823529
none,4,22,0.4117647058823529
none,4,23,0.5
none,4,24,0.5
none,4,25,0.47058823529411764
none,4,26,0.47058823529411764
none,4,27,0.5588235294117647
none,4,28,0.5294117647058824
none,4,29,0.5
none,4,30,0.4117647058823529
none,4,31,0.35294117647058826
none,4,32,0.38235294117647056
none,4,33,0.35294117647058826
none,4,34,0.3235294117647059
none,4,35,0.29411764705882354
none,4,36,0.35294117647058826
none,4,37,0.4117647058823529
none,4,38,0.5
none,4,39,0.5294117647058824
none,4,40,0.4411764705882353
none,4,41,0.5
none,4,42,0.5
none,4,43,0.4411764705882353
none,4,44,0.4411764705882353
none,4,45,0.5
none,4,46,0.47058823529411764
none,4,47,0.4411764705882353
none,4,48,0.5294117647058824
none,4,49,0.4411764705882353
none,4,50,0.47058823529411764
none,4,51,0.5294117647058824
none,4,52,0.5294117647058824
none,4,53,0.5
none,4,54,0.4411764705882353
none,4,55,0.4117647058823529
none,4,56,0.38235294117647056
none,4,57,0.4411764705882353
none,4,58,0.5588235294117647
none,4,59,0.5294117647058824
none,4,60,0.5
none,4,61,0.47058823529411764
none,4,62,0.47058823529411764
none,4,63,0.5294117647058824
none,4,64,0.47058823529411764
none,4,65,0.47058823529411764
none,4,66,0.5882352941176471
none,4,67,0.5294117647058824
none,4,68,0.5
none,4,69,0.35294117647058826
none,4,70,0.4411764705882353
none,4,71,0.5588235294117647
none,4,72,0.38235294117647056
none,4,73,0.2647058823529412
none,4,74,0.29411764705882354
none,4,75,0.35294117647058826
none,4,76,0.2647058823529412
none,4,77,0.23529411764705882
none,4,78,0.23529411764705882
none,4,79,0.2647058823529412
none,4,80,0.3235294117647059
none,4,81,0.3235294117647059
none,4,82,0.38235294117647056
none,4,83,0.38235294117647056
none,4,84,0.38235294117647056
none,4,85,0.29411764705882354
none,4,86,0.29411764705882354
none,4,87,0.23529411764705882
none,4,88,0.17647058823529413
none,4,89,0.23529411764705882
none,4,90,0.29411764705882354
none,4,91,0.4117647058823529
none,4,92,0.2647058823529412
none,4,93,0.2647058823529412
none,4,94,0.3235294117647059
none,4,95,0.38235294117647056
none,4,96,0.4411764705882353
none,4,97,0.4411764705882353
none,4,98,0.4411764705882353
none,4,99,0.47058823529411764
none,4,100,0.29411764705882354
none,4,101,0.29411764705882354
none,4,102,0.29411764705882354
none,4,103,0.3235294117647059
none,4,104,0.38235294117647056
none,4,105,0.5294117647058824
none,4,106,0.5882352941176471
none,4,107,0.7058823529411765
none,4,108,0.5588235294117647
none,4,109,0.47058823529411764
none,4,110,0.35294117647058826
none,4,111,0.4411764705882353
none,4,112,0.5
none,4,113,0.47058823529411764
none,4,114,0.5
none,4,115,0.4411764705882353
none,4,116,0.4117647058823529
none,4,117,0.47058823529411764
none,4,118,0.47058823529411764
none,4,119,0.47058823529411764
none,4,120,0.4411764705882353
none,4,121,0.5588235294117647
none,4,122,0.4411764705882353
none,4,123,0.47058823529411764
none,4,124,0.5588235294117647
none,4,125,0.5294117647058824
none,4,126,0.5882352941176471
none,4,127,0.5588235294117647
none,4,128,0.4411764705882353
none,4,129,0.3235294117647059
none,4,130,0.3235294117647059
none,4,131,0.3235294117647059
none,4,132,0.35294117647058826
none,4,133,0.2647058823529412
none,4,134,0.3235294117647059
none,4,135,0.3235294117647059
none,4,136,0.3235294117647059
none,4,137,0.29411764705882354
none,4,138,0.4117647058823529
none,4,139,0.47058823529411764
none,4,140,0.47058823529411764
none,4,141,0.5
none,4,142,0.4411764705882353
none,4,143,0.4117647058823529
none,4,144,0.5
none,4,145,0.4411764705882353
none,4,146,0.38235294117647056
none,4,147,0.35294117647058826
none,4,148,0.3235294117647059
none,4,149,0.38235294117647056
none,4,150,0.3235294117647059
none,5,0,0.08823529411764706
none,5,1,0.08823529411764706
none,5,2,0.058823529411764705
none,5,3,0.0
none,5,4,0.0
none,5,5,0.0
none,5,6,0.0
none,5,7,0.0
none,5,8,0.0
none,5,9,0.0
none,5,10,0.0
none,5,11,0.0
none,5,12,0.0
none,5,13,0.0
none,5,14,0.0
none,5,15,0.0
none,5,16,0.0
none,5,17,0.0
none,5,18,0.0
none,5,19,0.0
none,5,20,0.0
none,5,21,0.0
none,5,22,0.0
none,5,23,0.0
none,5,24,0.0
none,5,25,0.0
none,5,26,0.0
none,5,27,0.0
none,5,28,0.0
none,5,29,0.0
none,5,30,0.0
none,5,31,0.0
none,5,32,0.0
none,5,33,0.0
none,5,34,0.0
none,5,35,0.0
none,5,36,0.0
none,5,37,0.0
none,5,38,0.0
none,5,39,0.0
none,5,40,0.0
none,5,41,0.0
none,5,42,0.0
none,5,43,0.0
none,5,44,0.0
none,5,45,0.0
none,5,46,0.0
none,5,47,0.0
none,5,48,0.0
none,5,49,0.0
none,5,50,0.0
none,5,51,0.0
none,5,52,0.0
none,5,53,0.0
none,5,54,0.0
none,5,55,0.0
none,5,56,0.0
none,5,57,0.0
none,5,58,0.0
none,5,59,0.0
none,5,60,0.0
none,5,61,0.0
none,5,62,0.0
none,5,63,0.0
none,5,64,0.0
none,5,65,0.0
none,5,66,0.0
none,5,67,0.0
none,5,68,0.0
none,5,69,0.0
none,5,70,0.0
none,5,71,0.0
none,5,72,0.0
none,5,73,0.0
none,5,74,0.0
none,5,75,0.0
none,5,76,0.0
none,5,77,0.0
none,5,78,0.0
none,5,79,0.0
none,5,80,0.0
none,5,81,0.0
none,5,82,0.0
none,5,83,0.0
none,5,84,0.0
none,5,85,0.0
none,5,86,0.0
none,5,87,0.0
none,5,88,0.0
none,5,89,0.0
none,5,90,0.0
none,5,91,0.0
none,5,92,0.0
none,5,93,0.0
none,5,94,0.0
none,5,95,0.0
none,5,96,0.0
none,5,97,0.0
none,5,98,0.0
none,5,99,0.0
none,5,100,0.0
none,5,101,0.0
none,5,102,0.0
none,5,103,0.0
none,5,104,0.0
none,5,105,0.0
none,5,106,0.0
none,5,107,0.0
none,5,108,0.0
none,5,109,0.0
none,5,110,0.0
none,5,111,0.0
none,5,112,0.0
none,5,113,0.0
none,5,114,0.0
none,5,115,0.0
none,5,116,0.0
none,5,117,0.0
none,5,118,0.0
none,5,119,0.0
none,5,120,0.0
none,5,121,0.0
none,5,122,0.0
none,5,123,0.0
none,5,124,0.0
none,5,125,0.0
none,5,126,0.0
none,5,127,0.0
none,5,128,0.0
none,5,129,0.0
none,5,130,0.0
none,5,131,0.0
none,5,132,0.0
none,5,133,0.0
none,5,134,0.0
none,5,135,0.0
none,5,136,0.0
none,5,137,0.0
none,5,138,0.0
none,5,139,0.0
none,5,140,0.0
none,5,141,0.0
none,5,142,0.0
none,5,143,0.0
none,5,144,0.0
none,5,145,0.0
none,5,146,0.0
none,5,147,0.0
none,5,148,0.0
none,5,149,0.0
none,5,150,0.0
none,6,0,0.08823529411764706
none,6,1,0.17647058823529413
none,6,2,0.20588235294117646
none,6,3,0.20588235294117646
none,6,4,0.29411764705882354
none,6,5,0.38235294117647056
none,6,6,0.4411764705882353
none,6,7,0.4117647058823529
none,6,8,0.47058823529411764
none,6,9,0.5588235294117647
none,6,10,0.4411764705882353
none,6,11,0.47058823529411764
none,6,12,0.5294117647058824
none,6,13,0.47058823529411764
none,6,14,0.47058823529411764
none,6,15,0.5294117647058824
none,6,16,0.47058823529411764
none,6,17,0.38235294117647056
none,6,18,0.38235294117647056
none,6,19,0.4411764705882353
none,6,20,0.38235294117647056
none,6,21,0.38235294117647056
none,6,22,0.38235294117647056
none,6,23,0.2647058823529412
none,6,24,0.38235294117647056
none,6,25,0.47058823529411764
none,6,26,0.3235294117647059
none,6,27,0.35294117647058826
none,6,28,0.38235294117647056
none,6,29,0.23529411764705882
none,6,30,0.3235294117647059
none,6,31,0.38235294117647056
none,6,32,0.4411764705882353
none,6,33,0.5294117647058824
none,6,34,0.47058823529411764
none,6,35,0.5882352941176471
none,6,36,0.5
none,6,37,0.5294117647058824
none,6,38,0.4411764705882353
none,6,39,0.29411764705882354
none,6,40,0.35294117647058826
none,6,41,0.35294117647058826
none,6,42,0.23529411764705882
none,6,43,0.29411764705882354
none,6,44,0.2647058823529412
none,6,45,0.2647058823529412
none,6,46,0.35294117647058826
none,6,47,0.35294117647058826
none,6,48,0.5
none,6,49,0.6764705882352942
none,6,50,0.5294117647058824
none,6,51,0.5294117647058824
none,6,52,0.47058823529411764
none,6,53,0.3235294117647059
none,6,54,0.29411764705882354
none,6,55,0.20588235294117646
none,6,56,0.29411764705882354
none,6,57,0.29411764705882354
none,6,58,0.3235294117647059
none,6,59,0.3235294117647059
none,6,60,0.4117647058823529
none,6,61,0.35294117647058826
none,6,62,0.38235294117647056
none,6,63,0.3235294117647059
none,6,64,0.4117647058823529
none,6,65,0.4411764705882353
none,6,66,0.5294117647058824
none,6,67,0.47058823529411764
none,6,68,0.47058823529411764
none,6,69,0.4117647058823529
none,6,70,0.35294117647058826
none,6,71,0.35294117647058826
none,6,72,0.35294117647058826
none,6,73,0.38235294117647056
none,6,74,0.35294117647058826
none,6,75,0.3235294117647059
none,6,76,0.38235294117647056
none,6,77,0.5
none,6,78,0.4411764705882353
none,6,79,0.4117647058823529
none,6,80,0.38235294117647056
none,6,81,0.38235294117647056
none,6,82,0.38235294117647056
none,6,83,0.35294117647058826
none,6,84,0.3235294117647059
none,6,85,0.29411764705882354
none,6,86,0.29411764705882354
none,6,87,0.35294117647058826
none,6,88,0.23529411764705882
none,6,89,0.2647058823529412
none,6,90,0.2647058823529412
none,6,91,0.2647058823529412
none,6,92,0.29411764705882354
none,6,93,0.38235294117647056
none,6,94,0.38235294117647056
none,6,95,0.47058823529411764
none,6,96,0.5
none,6,97,0.4117647058823529
none,6,98,0.5
none,6,99,0.5588235294117647
none,6,100,0.5588235294117647
none,6,101,0.5
none,6,102,0.47058823529411764
none,6,103,0.4117647058823529
none,6,104,0.5
none,6,105,0.5
none,6,106,0.5
none,6,107,0.38235294117647056
none,6,108,0.38235294117647056
none,6,109,0.5294117647058824
none,6,110,0.35294117647058826
none,6,111,0.38235294117647056
none,6,112,0.47058823529411764
none,6,113,0.4117647058823529
none,6,114,0.5
none,6,115,0.5
none,6,116,0.47058823529411764
none,6,117,0.4117647058823529
none,6,118,0.3235294117647059
none,6,119,0.23529411764705882
none,6,120,0.20588235294117646
none,6,121,0.20588235294117646
none,6,122,0.17647058823529413
none,6,123,0.29411764705882354
none,6,124,0.35294117647058826
none,6,125,0.38235294117647056
none,6,126,0.29411764705882354
none,6,127,0.3235294117647059
none,6,128,0.38235294117647056
none,6,129,0.47058823529411764
none,6,130,0.4411764705882353
none,6,131,0.47058823529411764
none,6,132,0.5294117647058824
none,6,133,0.5588235294117647
none,6,134,0.7352941176470589
none,6,135,0.5882352941176471
none,6,136,0.5294117647058824
none,6,137,0.5294117647058824
none,6,138,0.5294117647058824
none,6,139,0.4117647058823529
none,6,140,0.4117647058823529
none,6,141,0.47058823529411764
none,6,142,0.47058823529411764
none,6,143,0.5294117647058824
none,6,144,0.4117647058823529
none,6,145,0.38235294117647056
none,6,146,0.4411764705882353
none,6,147,0.5294117647058824
none,6,148,0.5588235294117647
none,6,149,0.6176470588235294
none,6,150,0.5294117647058824
none,7,0,0.08823529411764706
none,7,1,0.058823529411764705
none,7,2,0.029411764705882353
none,7,3,0.029411764705882353
none,7,4,0.029411764705882353
none,7,5,0.08823529411764706
none,7,6,0.20588235294117646
none,7,7,0.29411764705882354
none,7,8,0.23529411764705882
none,7,9,0.23529411764705882
none,7,10,0.35294117647058826
none,7,11,0.4411764705882353
none,7,12,0.47058823529411764
none,7,13,0.4411764705882353
none,7,14,0.4117647058823529
none,7,15,0.4117647058823529
none,7,16,0.5588235294117647
none,7,17,0.5882352941176471
none,7,18,0.5882352941176471
none,7,19,0.5882352941176471
none,7,20,0.47058823529411764
none,7,21,0.5588235294117647
none,7,22,0.5294117647058824
none,7,23,0.4411764705882353
none,7,24,0.4411764705882353
none,7,25,0.4411764705882353
none,7,26,0.38235294117647056
none,7,27,0.35294117647058826
none,7,28,0.35294117647058826
none,7,29,0.35294117647058826
none,7,30,0.3235294117647059
none,7,31,0.4117647058823529
none,7,32,0.35294117647058826
none,7,33,0.47058823529411764
none,7,34,0.4411764705882353
none,7,35,0.5294117647058824
none,7,36,0.47058823529411764
none,7,37,0.4411764705882353
none,7,38,0.47058823529411764
none,7,39,0.35294117647058826
none,7,40,0.3235294117647059
none,7,41,0.35294117647058826
none,7,42,0.4117647058823529
none,7,43,0.38235294117647056
none,7,44,0.4117647058823529
none,7,45,0.3235294117647059
none,7,46,0.4117647058823529
none,7,47,0.4411764705882353
none,7,48,0.4411764705882353
none,7,49,0.4411764705882353
none,7,50,0.35294117647058826
none,7,51,0.2647058823529412
none,7,52,0.29411764705882354
none,7,53,0.35294117647058826
none,7,54,0.38235294117647056
none,7,55,0.38235294117647056
none,7,56,0.4117647058823529
none,7,57,0.35294117647058826
none,7,58,0.4117647058823529
none,7,59,0.2647058823529412
none,7,60,0.3235294117647059
none,7,61,0.35294117647058826
none,7,62,0.38235294117647056
none,7,63,0.5
none,7,64,0.4117647058823529
none,7,65,0.38235294117647056
none,7,66,0.35294117647058826
none,7,67,0.4117647058823529
none,7,68,0.4117647058823529
none,7,69,0.47058823529411764
none,7,70,0.6470588235294118
none,7,71,0.5882352941176471
none,7,72,0.5294117647058824
none,7,73,0.4411764705882353
none,7,74,0.38235294117647056
none,7,75,0.35294117647058826
none,7,76,0.38235294117647056
none,7,77,0.35294117647058826
none,7,78,0.38235294117647056
none,7,79,0.4411764705882353
none,7,80,0.5882352941176471
none,7,81,0.5
none,7,82,0.5
none,7,83,0.5588235294117647
none,7,84,0.5
none,7,85,0.4117647058823529
none,7,86,0.4117647058823529
none,7,87,0.4117647058823529
none,7,88,0.47058823529411764
none,7,89,0.5
none,7,90,0.47058823529411764
none,7,91,0.4117647058823529
none,7,92,0.38235294117647056
none,7,93,0.17647058823529413
none,7,94,0.20588235294117646
none,7,95,0.2647058823529412
none,7,96,0.2647058823529412
none,7,97,0.2647058823529412
none,7,98,0.23529411764705882
none,7,99,0.14705882352941177
none,7,100,0.17647058823529413
none,7,101,0.14705882352941177
none,7,102,0.11764705882352941
none,7,103,0.23529411764705882
none,7,104,0.2647058823529412
none,7,105,0.3235294117647059
none,7,106,0.4411764705882353
none,7,107,0.4117647058823529
none,7,108,0.3235294117647059
none,7,109,0.2647058823529412
none,7,110,0.2647058823529412
none,7,111,0.4117647058823529
none,7,112,0.47058823529411764
none,7,113,0.4411764705882353
none,7,114,0.35294117647058826
none,7,115,0.4117647058823529
none,7,116,0.4411764705882353
none,7,117,0.4411764705882353
none,7,118,0.4117647058823529
none,7,119,0.4411764705882353
none,7,120,0.4411764705882353
none,7,121,0.3235294117647059
none,7,122,0.38235294117647056
none,7,123,0.4117647058823529
none,7,124,0.5
none,7,125,0.35294117647058826
none,7,126,0.3235294117647059
none,7,127,0.3235294117647059
none,7,128,0.38235294117647056
none,7,129,0.38235294117647056
none,7,130,0.2647058823529412
none,7,131,0.35294117647058826
none,7,132,0.4117647058823529
none,7,133,0.35294117647058826
none,7,134,0.2647058823529412
none,7,135,0.23529411764705882
none,7,136,0.14705882352941177
none,7,137,0.11764705882352941
none,7,138,0.17647058823529413
none,7,139,0.14705882352941177
none,7,140,0.20588235294117646
none,7,141,0.17647058823529413
none,7,142,0.23529411764705882
none,7,143,0.23529411764705882
none,7,144,0.2647058823529412
none,7,145,0.20588235294117646
none,7,146,0.17647058823529413
none,7,147,0.17647058823529413
none,7,148,0.17647058823529413
none,7,149,0.11764705882352941
none,7,150,0.17647058823529413
none,8,0,0.08823529411764706
none,8,1,0.11764705882352941
none,8,2,0.17647058823529413
none,8,3,0.17647058823529413
none,8,4,0.17647058823529413
none,8,5,0.14705882352941177
none,8,6,0.17647058823529413
none,8,7,0.20588235294117646
none,8,8,0.17647058823529413
none,8,9,0.11764705882352941
none,8,10,0.14705882352941177
none,8,11,0.14705882352941177
none,8,12,0.11764705882352941
none,8,13,0.11764705882352941
none,8,14,0.11764705882352941
none,8,15,0.14705882352941177
none,8,16,0.17647058823529413
none,8,17,0.14705882352941177
none,8,18,0.14705882352941177
none,8,19,0.14705882352941177
none,8,20,0.14705882352941177
none,8,21,0.17647058823529413
none,8,22,0.29411764705882354
none,8,23,0.20588235294117646
none,8,24,0.2647058823529412
none,8,25,0.20588235294117646
none,8,26,0.20588235294117646
none,8,27,0.23529411764705882
none,8,28,0.17647058823529413
none,8,29,0.23529411764705882
none,8,30,0.20588235294117646
none,8,31,0.20588235294117646
none,8,32,0.20588235294117646
none,8,33,0.20588235294117646
none,8,34,0.3235294117647059
none,8,35,0.3235294117647059
none,8,36,0.35294117647058826
none,8,37,0.35294117647058826
none,8,38,0.38235294117647056
none,8,39,0.38235294117647056
none,8,40,0.4117647058823529
none,8,41,0.35294117647058826
none,8,42,0.2647058823529412
none,8,43,0.23529411764705882
none,8,44,0.20588235294117646
none,8,45,0.20588235294117646
none,8,46,0.2647058823529412
none,8,47,0.35294117647058826
none,8,48,0.4411764705882353
none,8,49,0.4411764705882353
none,8,50,0.5882352941176471
none,8,51,0.5588235294117647
none,8,52,0.6176470588235294
none,8,53,0.6176470588235294
none,8,54,0.47058823529411764
none,8,55,0.4411764705882353
none,8,56,0.4411764705882353
none,8,57,0.4411764705882353
none,8,58,0.4411764705882353
none,8,59,0.3235294117647059
none,8,60,0.2647058823529412
none,8,61,0.2647058823529412
none,8,62,0.23529411764705882
none,8,63,0.23529411764705882
none,8,64,0.29411764705882354
none,8,65,0.35294117647058826
none,8,66,0.38235294117647056
none,8,67,0.38235294117647056
none,8,68,0.3235294117647059
none,8,69,0.4411764705882353
none,8,70,0.4117647058823529
none,8,71,0.5588235294117647
none,8,72,0.47058823529411764
none,8,73,0.4411764705882353
none,8,74,0.4411764705882353
none,8,75,0.4411764705882353
none,8,76,0.5294117647058824
none,8,77,0.5588235294117647
none,8,78,0.5
none,8,79,0.5
none,8,80,0.4117647058823529
none,8,81,0.4117647058823529
none,8,82,0.29411764705882354
none,8,83,0.29411764705882354
none,8,84,0.23529411764705882
none,8,85,0.3235294117647059
none,8,86,0.4117647058823529
none,8,87,0.29411764705882354
none,8,88,0.35294117647058826
none,8,89,0.29411764705882354
none,8,90,0.17647058823529413
none,8,91,0.17647058823529413
none,8,92,0.23529411764705882
none,8,93,0.3235294117647059
none,8,94,0.2647058823529412
none,8,95,0.3235294117647059
none,8,96,0.3235294117647059
none,8,97,0.29411764705882354
none,8,98,0.4117647058823529
none,8,99,0.3235294117647059
none,8,100,0.20588235294117646
none,8,101,0.38235294117647056
none,8,102,0.4411764705882353
none,8,103,0.38235294117647056
none,8,104,0.47058823529411764
none,8,105,0.35294117647058826
none,8,106,0.35294117647058826
none,8,107,0.2647058823529412
none,8,108,0.3235294117647059
none,8,109,0.29411764705882354
none,8,110,0.2647058823529412
none,8,111,0.2647058823529412
none,8,112,0.35294117647058826
none,8,113,0.38235294117647056
none,8,114,0.4117647058823529
none,8,115,0.35294117647058826
none,8,116,0.38235294117647056
none,8,117,0.38235294117647056
none,8,118,0.35294117647058826
none,8,119,0.5
none,8,120,0.5294117647058824
none,8,121,0.5
none,8,122,0.5882352941176471
none,8,123,0.47058823529411764
none,8,124,0.5588235294117647
none,8,125,0.5588235294117647
none,8,126,0.5
none,8,127,0.4117647058823529
none,8,128,0.47058823529411764
none,8,129,0.5882352941176471
none,8,130,0.6470588235294118
none,8,131,0.5
none,8,132,0.5294117647058824
none,8,133,0.5588235294117647
none,8,134,0.6470588235294118
none,8,135,0.5882352941176471
none,8,136,0.5882352941176471
none,8,137,0.5
none,8,138,0.5
none,8,139,0.5294117647058824
none,8,140,0.5
none,8,141,0.4411764705882353
none,8,142,0.4411764705882353
none,8,143,0.35294117647058826
none,8,144,0.3235294117647059
none,8,145,0.3235294117647059
none,8,146,0.38235294117647056
none,8,147,0.35294117647058826
none,8,148,0.4117647058823529
none,8,149,0.4117647058823529
none,8,150,0.35294117647058826
none,9,0,0.08823529411764706
none,9,1,0.11764705882352941
none,9,2,0.17647058823529413
none,9,3,0.2647058823529412
none,9,4,0.29411764705882354
none,9,5,0.35294117647058826
none,9,6,0.3235294117647059
none,9,7,0.4117647058823529
none,9,8,0.4411764705882353
none,9,9,0.4411764705882353
none,9,10,0.5
none,9,11,0.4411764705882353
none,9,12,0.5294117647058824
none,9,13,0.5294117647058824
none,9,14,0.4411764705882353
none,9,15,0.35294117647058826
none,9,16,0.35294117647058826
none,9,17,0.38235294117647056
none,9,18,0.47058823529411764
none,9,19,0.4411764705882353
none,9,20,0.4411764705882353
none,9,21,0.35294117647058826
none,9,22,0.35294117647058826
none,9,23,0.29411764705882354
none,9,24,0.35294117647058826
none,9,25,0.47058823529411764
none,9,26,0.38235294117647056
none,9,27,0.4117647058823529
none,9,28,0.47058823529411764
none,9,29,0.5
none,9,30,0.4117647058823529
none,9,31,0.4411764705882353
none,9,32,0.5
none,9,33,0.4117647058823529
none,9,34,0.3235294117647059
none,9,35,0.2647058823529412
none,9,36,0.17647058823529413
none,9,37,0.20588235294117646
none,9,38,0.20588235294117646
none,9,39,0.14705882352941177
none,9,40,0.17647058823529413
none,9,41,0.17647058823529413
none,9,42,0.20588235294117646
none,9,43,0.14705882352941177
none,9,44,0.17647058823529413
none,9,45,0.14705882352941177
none,9,46,0.11764705882352941
none,9,47,0.2647058823529412
none,9,48,0.3235294117647059
none,9,49,0.38235294117647056
none,9,50,0.29411764705882354
none,9,51,0.35294117647058826
none,9,52,0.4117647058823529
none,9,53,0.4411764705882353
none,9,54,0.4117647058823529
none,9,55,0.23529411764705882
none,9,56,0.17647058823529413
none,9,57,0.14705882352941177
none,9,58,0.29411764705882354
none,9,59,0.29411764705882354
none,9,60,0.2647058823529412
none,9,61,0.3235294117647059
none,9,62,0.4117647058823529
none,9,63,0.4117647058823529
none,9,64,0.47058823529411764
none,9,65,0.35294117647058826
none,9,66,0.35294117647058826
none,9,67,0.47058823529411764
none,9,68,0.5
none,9,69,0.47058823529411764
none,9,70,0.47058823529411764
none,9,71,0.38235294117647056
none,9,72,0.2647058823529412
none,9,73,0.3235294117647059
none,9,74,0.4117647058823529
none,9,75,0.4117647058823529
none,9,76,0.38235294117647056
none,9,77,0.35294117647058826
none,9,78,0.4117647058823529
none,9,79,0.4411764705882353
none,9,80,0.5
none,9,81,0.5294117647058824
none,9,82,0.5882352941176471
none,9,83,0.6764705882352942
none,9,84,0.7352941176470589
none,9,85,0.6176470588235294
none,9,86,0.5588235294117647
none,9,87,0.47058823529411764
none,9,88,0.4411764705882353
none,9,89,0.35294117647058826
none,9,90,0.2647058823529412
none,9,91,0.2647058823529412
none,9,92,0.29411764705882354
none,9,93,0.2647058823529412
none,9,94,0.23529411764705882
none,9,95,0.29411764705882354
none,9,96,0.23529411764705882
none,9,97,0.2647058823529412
none,9,98,0.20588235294117646
none,9,99,0.23529411764705882
none,9,100,0.29411764705882354
none,9,101,0.5
none,9,102,0.5294117647058824
none,9,103,0.5294117647058824
none,9,104,0.5588235294117647
none,9,105,0.5588235294117647
none,9,106,0.38235294117647056
none,9,107,0.5588235294117647
none,9,108,0.4117647058823529
none,9,109,0.35294117647058826
none,9,110,0.29411764705882354
none,9,111,0.3235294117647059
none,9,112,0.3235294117647059
none,9,113,0.35294117647058826
none,9,114,0.4117647058823529
none,9,115,0.4411764705882353
none,9,116,0.5
none,9,117,0.35294117647058826
none,9,118,0.35294117647058826
none,9,119,0.29411764705882354
none,9,120,0.38235294117647056
none,9,121,0.38235294117647056
none,9,122,0.38235294117647056
none,9,123,0.4117647058823529
none,9,124,0.4117647058823529
none,9,125,0.47058823529411764
none,9,126,0.5294117647058824
none,9,127,0.5294117647058824
none,9,128,0.5
none,9,129,0.38235294117647056
none,9,130,0.4411764705882353
none,9,131,0.47058823529411764
none,9,132,0.4411764705882353
none,9,133,0.3235294117647059
none,9,134,0.38235294117647056
none,9,135,0.38235294117647056
none,9,136,0.4411764705882353
none,9,137,0.3235294117647059
none,9,138,0.29411764705882354
none,9,139,0.38235294117647056
none,9,140,0.4117647058823529
none,9,141,0.38235294117647056
none,9,142,0.38235294117647056
none,9,143,0.4117647058823529
none,9,144,0.4411764705882353
none,9,145,0.4411764705882353
none,9,146,0.38235294117647056
none,9,147,0.4117647058823529
none,9,148,0.4117647058823529
none,9,149,0.4411764705882353
none,9,150,0.4117647058823529
none,10,0,0.08823529411764706
none,10,1,0.08823529411764706
none,10,2,0.08823529411764706
none,10,3,0.20588235294117646
none,10,4,0.23529411764705882
none,10,5,0.17647058823529413
none,10,6,0.23529411764705882
none,10,7,0.3235294117647059
none,10,8,0.38235294117647056
none,10,9,0.38235294117647056
none,10,10,0.35294117647058826
none,10,11,0.47058823529411764
none,10,12,0.5
none,10,13,0.3235294117647059
none,10,14,0.35294117647058826
none,10,15,0.38235294117647056
none,10,16,0.3235294117647059
none,10,17,0.35294117647058826
none,10,18,0.23529411764705882
none,10,19,0.17647058823529413
none,10,20,0.29411764705882354
none,10,21,0.35294117647058826
none,10,22,0.4411764705882353
none,10,23,0.47058823529411764
none,10,24,0.4411764705882353
none,10,25,0.29411764705882354
none,10,26,0.3235294117647059
none,10,27,0.38235294117647056
none,10,28,0.47058823529411764
none,10,29,0.4411764705882353
none,10,30,0.47058823529411764
none,10,31,0.4117647058823529
none,10,32,0.47058823529411764
none,10,33,0.38235294117647056
none,10,34,0.4117647058823529
none,10,35,0.4411764705882353
none,10,36,0.38235294117647056
none,10,37,0.35294117647058826
none,10,38,0.4411764705882353
none,10,39,0.35294117647058826
none,10,40,0.3235294117647059
none,10,41,0.29411764705882354
none,10,42,0.2647058823529412
none,10,43,0.23529411764705882
none,10,44,0.2647058823529412
none,10,45,0.2647058823529412
none,10,46,0.35294117647058826
none,10,47,0.3235294117647059
none,10,48,0.35294117647058826
none,10,49,0.4117647058823529
none,10,50,0.5588235294117647
none,10,51,0.5588235294117647
none,10,52,0.47058823529411764
none,10,53,0.4117647058823529
none,10,54,0.5
none,10,55,0.5
none,10,56,0.5588235294117647
none,10,57,0.5294117647058824
none,10,58,0.38235294117647056
none,10,59,0.35294117647058826
none,10,60,0.38235294117647056
none,10,61,0.3235294117647059
none,10,62,0.35294117647058826
none,10,63,0.35294117647058826
none,10,64,0.29411764705882354
none,10,65,0.3235294117647059
none,10,66,0.35294117647058826
none,10,67,0.29411764705882354
none,10,68,0.23529411764705882
none,10,69,0.17647058823529413
none,10,70,0.17647058823529413
none,10,71,0.20588235294117646
none,10,72,0.2647058823529412
none,10,73,0.3235294117647059
none,10,74,0.2647058823529412
none,10,75,0.29411764705882354
none,10,76,0.2647058823529412
none,10,77,0.2647058823529412
none,10,78,0.3235294117647059
none,10,79,0.38235294117647056
none,10,80,0.4117647058823529
none,10,81,0.5
none,10,82,0.5882352941176471
none,10,83,0.6470588235294118
none,10,84,0.5588235294117647
none,10,85,0.4411764705882353
none,10,86,0.4411764705882353
none,10,87,0.4411764705882353
none,10,88,0.38235294117647056
none,10,89,0.29411764705882354
none,10,90,0.23529411764705882
none,10,91,0.20588235294117646
none,10,92,0.20588235294117646
none,10,93,0.20588235294117646
none,10,94,0.20588235294117646
none,10,95,0.14705882352941177
none,10,96,0.14705882352941177
none,10,97,0.11764705882352941
none,10,98,0.20588235294117646
none,10,99,0.20588235294117646
none,10,100,0.2647058823529412
none,10,101,0.2647058823529412
none,10,102,0.23529411764705882
none,10,103,0.29411764705882354
none,10,104,0.23529411764705882
none,10,105,0.23529411764705882
none,10,106,0.2647058823529412
none,10,107,0.3235294117647059
none,10,108,0.38235294117647056
none,10,109,0.4117647058823529
none,10,110,0.5
none,10,111,0.47058823529411764
none,10,112,0.5294117647058824
none,10,113,0.4117647058823529
none,10,114,0.47058823529411764
none,10,115,0.35294117647058826
none,10,116,0.3235294117647059
none,10,117,0.3235294117647059
none,10,118,0.3235294117647059
none,10,119,0.2647058823529412
none,10,120,0.29411764705882354
none,10,121,0.29411764705882354
none,10,122,0.29411764705882354
none,10,123,0.35294117647058826
none,10,124,0.4411764705882353
none,10,125,0.5
none,10,126,0.4411764705882353
none,10,127,0.4411764705882353
none,10,128,0.5
none,10,129,0.5588235294117647
none,10,130,0.5588235294117647
none,10,131,0.5
none,10,132,0.38235294117647056
none,10,133,0.5294117647058824
none,10,134,0.4411764705882353
none,10,135,0.47058823529411764
none,10,136,0.4117647058823529
none,10,137,0.4411764705882353
none,10,138,0.4411764705882353
none,10,139,0.4117647058823529
none,10,140,0.38235294117647056
none,10,141,0.4117647058823529
none,10,142,0.4411764705882353
none,10,143,0.3235294117647059
none,10,144,0.38235294117647056
none,10,145,0.4411764705882353
none,10,146,0.5
none,10,147,0.35294117647058826
none,10,148,0.38235294117647056
none,10,149,0.4117647058823529
none,10,150,0.35294117647058826
none,11,0,0.08823529411764706
none,11,1,0.08823529411764706
none,11,2,0.14705882352941177
none,11,3,0.14705882352941177
none,11,4,0.23529411764705882
none,11,5,0.23529411764705882
none,11,6,0.29411764705882354
none,11,7,0.29411764705882354
none,11,8,0.35294117647058826
none,11,9,0.4117647058823529
none,11,10,0.4117647058823529
none,11,11,0.47058823529411764
none,11,12,0.47058823529411764
none,11,13,0.4117647058823529
none,11,14,0.35294117647058826
none,11,15,0.3235294117647059
none,11,16,0.29411764705882354
none,11,17,0.3235294117647059
none,11,18,0.38235294117647056
none,11,19,0.38235294117647056
none,11,20,0.4117647058823529
none,11,21,0.4411764705882353
none,11,22,0.47058823529411764
none,11,23,0.47058823529411764
none,11,24,0.35294117647058826
none,11,25,0.4117647058823529
none,11,26,0.38235294117647056
none,11,27,0.29411764705882354
none,11,28,0.4411764705882353
none,11,29,0.47058823529411764
none,11,30,0.4411764705882353
none,11,31,0.4411764705882353
none,11,32,0.5
none,11,33,0.5
none,11,34,0.4411764705882353
none,11,35,0.5
none,11,36,0.47058823529411764
none,11,37,0.5
none,11,38,0.4117647058823529
none,11,39,0.4411764705882353
none,11,40,0.5
none,11,41,0.5588235294117647
none,11,42,0.5
none,11,43,0.5
none,11,44,0.38235294117647056
none,11,45,0.47058823529411764
none,11,46,0.4411764705882353
none,11,47,0.4411764705882353
none,11,48,0.5294117647058824
none,11,49,0.4411764705882353
none,11,50,0.3235294117647059
none,11,51,0.3235294117647059
none,11,52,0.35294117647058826
none,11,53,0.4411764705882353
none,11,54,0.5
none,11,55,0.5588235294117647
none,11,56,0.5
none,11,57,0.5
none,11,58,0.47058823529411764
none,11,59,0.5
none,11,60,0.47058823529411764
none,11,61,0.5294117647058824
none,11,62,0.38235294117647056
none,11,63,0.4117647058823529
none,11,64,0.5
none,11,65,0.5294117647058824
none,11,66,0.4411764705882353
none,11,67,0.4411764705882353
none,11,68,0.38235294117647056
none,11,69,0.47058823529411764
none,11,70,0.5294117647058824
none,11,71,0.4117647058823529
none,11,72,0.4411764705882353
none,11,73,0.5
none,11,74,0.4117647058823529
none,11,75,0.4411764705882353
none,11,76,0.4117647058823529
none,11,77,0.35294117647058826
none,11,78,0.29411764705882354
none,11,79,0.35294117647058826
none,11,80,0.47058823529411764
none,11,81,0.5294117647058824
none,11,82,0.4411764705882353
none,11,83,0.35294117647058826
none,11,84,0.29411764705882354
none,11,85,0.35294117647058826
none,11,86,0.4411764705882353
none,11,87,0.3235294117647059
none,11,88,0.29411764705882354
none,11,89,0.35294117647058826
none,11,90,0.35294117647058826
none,11,91,0.2647058823529412
none,11,92,0.3235294117647059
none,11,93,0.35294117647058826
none,11,94,0.38235294117647056
none,11,95,0.3235294117647059
none,11,96,0.35294117647058826
none,11,97,0.38235294117647056
none,11,98,0.29411764705882354
none,11,99,0.35294117647058826
none,11,100,0.4411764705882353
none,11,101,0.4411764705882353
none,11,102,0.47058823529411764
none,11,103,0.5
none,11,104,0.5294117647058824
none,11,105,0.5294117647058824
none,11,106,0.47058823529411764
none,11,107,0.5
none,11,108,0.4411764705882353
none,11,109,0.4117647058823529
none,11,110,0.35294117647058826
none,11,111,0.3235294117647059
none,11,112,0.4117647058823529
none,11,113,0.4411764705882353
none,11,114,0.4117647058823529
none,11,115,0.5
none,11,116,0.6176470588235294
none,11,117,0.4411764705882353
none,11,118,0.35294117647058826
none,11,119,0.29411764705882354
none,11,120,0.2647058823529412
none,11,121,0.4117647058823529
none,11,122,0.4411764705882353
none,11,123,0.3235294117647059
none,11,124,0.38235294117647056
none,11,125,0.4411764705882353
none,11,126,0.5
none,11,127,0.5294117647058824
none,11,128,0.5588235294117647
none,11,129,0.5
none,11,130,0.5882352941176471
none,11,131,0.5294117647058824
none,11,132,0.6176470588235294
none,11,133,0.5588235294117647
none,11,134,0.4117647058823529
none,11,135,0.5294117647058824
none,11,136,0.5588235294117647
none,11,137,0.5
none,11,138,0.5
none,11,139,0.47058823529411764
none,11,140,0.38235294117647056
none,11,141,0.38235294117647056
none,11,142,0.38235294117647056
none,11,143,0.4117647058823529
none,11,144,0.4117647058823529
none,11,145,0.35294117647058826
none,11,146,0.3235294117647059
none,11,147,0.35294117647058826
none,11,148,0.4411764705882353
none,11,149,0.4117647058823529
none,11,150,0.4117647058823529
none,12,0,0.08823529411764706
none,12,1,0.11764705882352941
none,12,2,0.17647058823529413
none,12,3,0.17647058823529413
none,12,4,0.2647058823529412
none,12,5,0.23529411764705882
none,12,6,0.08823529411764706
none,12,7,0.11764705882352941
none,12,8,0.08823529411764706
none,12,9,0.11764705882352941
none,12,10,0.17647058823529413
none,12,11,0.17647058823529413
none,12,12,0.14705882352941177
none,12,13,0.20588235294117646
none,12,14,0.3235294117647059
none,12,15,0.38235294117647056
none,12,16,0.3235294117647059
none,12,17,0.29411764705882354
none,12,18,0.23529411764705882
none,12,19,0.2647058823529412
none,12,20,0.23529411764705882
none,12,21,0.23529411764705882
none,12,22,0.23529411764705882
none,12,23,0.3235294117647059
none,12,24,0.4411764705882353
none,12,25,0.4117647058823529
none,12,26,0.47058823529411764
none,12,27,0.38235294117647056
none,12,28,0.38235294117647056
none,12,29,0.4411764705882353
none,12,30,0.5588235294117647
none,12,31,0.47058823529411764
none,12,32,0.38235294117647056
none,12,33,0.35294117647058826
none,12,34,0.3235294117647059
none,12,35,0.3235294117647059
none,12,36,0.4411764705882353
none,12,37,0.4117647058823529
none,12,38,0.2647058823529412
none,12,39,0.3235294117647059
none,12,40,0.2647058823529412
none,12,41,0.29411764705882354
none,12,42,0.29411764705882354
none,12,43,0.29411764705882354
none,12,44,0.3235294117647059
none,12,45,0.3235294117647059
none,12,46,0.38235294117647056
none,12,47,0.35294117647058826
none,12,48,0.2647058823529412
none,12,49,0.23529411764705882
none,12,50,0.2647058823529412
none,12,51,0.29411764705882354
none,12,52,0.29411764705882354
none,12,53,0.3235294117647059
none,12,54,0.3235294117647059
none,12,55,0.23529411764705882
none,12,56,0.08823529411764706
none,12,57,0.17647058823529413
none,12,58,0.2647058823529412
none,12,59,0.3235294117647059
none,12,60,0.20588235294117646
none,12,61,0.29411764705882354
none,12,62,0.2647058823529412
none,12,63,0.35294117647058826
none,12,64,0.35294117647058826
none,12,65,0.2647058823529412
none,12,66,0.23529411764705882
none,12,67,0.23529411764705882
none,12,68,0.3235294117647059
none,12,69,0.47058823529411764
none,12,70,0.4117647058823529
none,12,71,0.4117647058823529
none,12,72,0.4117647058823529
none,12,73,0.35294117647058826
none,12,74,0.4411764705882353
none,12,75,0.38235294117647056
none,12,76,0.4411764705882353
none,12,77,0.5
none,12,78,0.5294117647058824
none,12,79,0.47058823529411764
none,12,80,0.47058823529411764
none,12,81,0.4117647058823529
none,12,82,0.35294117647058826
none,12,83,0.3235294117647059
none,12,84,0.3235294117647059
none,12,85,0.38235294117647056
none,12,86,0.35294117647058826
none,12,87,0.4117647058823529
none,12,88,0.5
none,12,89,0.5294117647058824
none,12,90,0.5294117647058824
none,12,91,0.5294117647058824
none,12,92,0.5588235294117647
none,12,93,0.47058823529411764
none,12,94,0.47058823529411764
none,12,95,0.47058823529411764
none,12,96,0.5
none,12,97,0.38235294117647056
none,12,98,0.5
none,12,99,0.5
none,12,100,0.5882352941176471
none,12,101,0.6176470588235294
none,12,102,0.5
none,12,103,0.35294117647058826
none,12,104,0.3235294117647059
none,12,105,0.35294117647058826
none,12,106,0.35294117647058826
none,12,107,0.38235294117647056
none,12,108,0.3235294117647059
none,12,109,0.3235294117647059
none,12,110,0.35294117647058826
none,12,111,0.29411764705882354
none,12,112,0.35294117647058826
none,12,113,0.4411764705882353
none,12,114,0.38235294117647056
none,12,115,0.47058823529411764
none,12,116,0.4411764705882353
none,12,117,0.38235294117647056
none,12,118,0.35294117647058826
none,12,119,0.35294117647058826
none,12,120,0.29411764705882354
none,12,121,0.23529411764705882
none,12,122,0.20588235294117646
none,12,123,0.14705882352941177
none,12,124,0.17647058823529413
none,12,125,0.29411764705882354
none,12,126,0.38235294117647056
none,12,127,0.5
none,12,128,0.5588235294117647
none,12,129,0.5588235294117647
none,12,130,0.5
none,12,131,0.6176470588235294
none,12,132,0.6176470588235294
none,12,133,0.6764705882352942
none,12,134,0.6176470588235294
none,12,135,0.6470588235294118
none,12,136,0.5
none,12,137,0.47058823529411764
none,12,138,0.3235294117647059
none,12,139,0.4411764705882353
none,12,140,0.47058823529411764
none,12,141,0.47058823529411764
none,12,142,0.38235294117647056
none,12,143,0.5294117647058824
none,12,144,0.6176470588235294
none,12,145,0.5882352941176471
none,12,146,0.5
none,12,147,0.38235294117647056
none,12,148,0.4411764705882353
none,12,149,0.35294117647058826
none,12,150,0.35294117647058826
none,13,0,0.08823529411764706
none,13,1,0.11764705882352941
none,13,2,0.14705882352941177
none,13,3,0.14705882352941177
none,13,4,0.11764705882352941
none,13,5,0.20588235294117646
none,13,6,0.23529411764705882
none,13,7,0.20588235294117646
none,13,8,0.20588235294117646
none,13,9,0.3235294117647059
none,13,10,0.29411764705882354
none,13,11,0.3235294117647059
none,13,12,0.38235294117647056
none,13,13,0.38235294117647056
none,13,14,0.38235294117647056
none,13,15,0.4117647058823529
none,13,16,0.47058823529411764
none,13,17,0.4411764705882353
none,13,18,0.38235294117647056
none,13,19,0.47058823529411764
none,13,20,0.5
none,13,21,0.4411764705882353
none,13,22,0.3235294117647059
none,13,23,0.3235294117647059
none,13,24,0.35294117647058826
none,13,25,0.38235294117647056
none,13,26,0.38235294117647056
none,13,27,0.4117647058823529
none,13,28,0.5294117647058824
none,13,29,0.47058823529411764
none,13,30,0.6176470588235294
none,13,31,0.6470588235294118
none,13,32,0.5294117647058824
none,13,33,0.5294117647058824
none,13,34,0.5
none,13,35,0.5
none,13,36,0.4117647058823529
none,13,37,0.35294117647058826
none,13,38,0.3235294117647059
none,13,39,0.4117647058823529
none,13,40,0.4411764705882353
none,13,41,0.47058823529411764
none,13,42,0.4411764705882353
none,13,43,0.38235294117647056
none,13,44,0.47058823529411764
none,13,45,0.4411764705882353
none,13,46,0.5294117647058824
none,13,47,0.5
none,13,48,0.5
none,13,49,0.47058823529411764
none,13,50,0.5294117647058824
none,13,51,0.47058823529411764
none,13,52,0.5294117647058824
none,13,53,0.5
none,13,54,0.4411764705882353
none,13,55,0.4117647058823529
none,13,56,0.4117647058823529
none,13,57,0.38235294117647056
none,13,58,0.35294117647058826
none,13,59,0.35294117647058826
none,13,60,0.3235294117647059
none,13,61,0.29411764705882354
none,13,62,0.2647058823529412
none,13,63,0.35294117647058826
none,13,64,0.38235294117647056
none,13,65,0.38235294117647056
none,13,66,0.29411764705882354
none,13,67,0.3235294117647059
none,13,68,0.35294117647058826
none,13,69,0.38235294117647056
none,13,70,0.35294117647058826
none,13,71,0.47058823529411764
none,13,72,0.3235294117647059
none,13,73,0.2647058823529412
none,13,74,0.29411764705882354
none,13,75,0.35294117647058826
none,13,76,0.38235294117647056
none,13,77,0.47058823529411764
none,13,78,0.38235294117647056
none,13,79,0.4117647058823529
none,13,80,0.3235294117647059
none,13,81,0.47058823529411764
none,13,82,0.4117647058823529
none,13,83,0.47058823529411764
none,13,84,0.47058823529411764
none,13,85,0.4117647058823529
none,13,86,0.3235294117647059
none,13,87,0.3235294117647059
none,13,88,0.3235294117647059
none,13,89,0.3235294117647059
none,13,90,0.2647058823529412
none,13,91,0.29411764705882354
none,13,92,0.3235294117647059
none,13,93,0.29411764705882354
none,13,94,0.3235294117647059
none,13,95,0.35294117647058826
none,13,96,0.35294117647058826
none,13,97,0.29411764705882354
none,13,98,0.38235294117647056
none,13,99,0.4117647058823529
none,13,100,0.3235294117647059
none,13,101,0.3235294117647059
none,13,102,0.29411764705882354
none,13,103,0.2647058823529412
none,13,104,0.3235294117647059
none,13,105,0.38235294117647056
none,13,106,0.35294117647058826
none,13,107,0.4117647058823529
none,13,108,0.38235294117647056
none,13,109,0.35294117647058826
none,13,110,0.4117647058823529
none,13,111,0.38235294117647056
none,13,112,0.3235294117647059
none,13,113,0.38235294117647056
none,13,114,0.20588235294117646
none,13,115,0.17647058823529413
none,13,116,0.17647058823529413
none,13,117,0.20588235294117646
none,13,118,0.11764705882352941
none,13,119,0.058823529411764705
none,13,120,0.058823529411764705
none,13,121,0.08823529411764706
none,13,122,0.11764705882352941
none,13,123,0.08823529411764706
none,13,124,0.11764705882352941
none,13,125,0.2647058823529412
none,13,126,0.29411764705882354
none,13,127,0.29411764705882354
none,13,128,0.29411764705882354
none,13,129,0.2647058823529412
none,13,130,0.38235294117647056
none,13,131,0.47058823529411764
none,13,132,0.47058823529411764
none,13,133,0.47058823529411764
none,13,134,0.47058823529411764
none,13,135,0.5294117647058824
none,13,136,0.4411764705882353
none,13,137,0.47058823529411764
none,13,138,0.4411764705882353
none,13,139,0.47058823529411764
none,13,140,0.4117647058823529
none,13,141,0.4411764705882353
none,13,142,0.4411764705882353
none,13,143,0.5882352941176471
none,13,144,0.6176470588235294
none,13,145,0.6176470588235294
none,13,146,0.5588235294117647
none,13,147,0.47058823529411764
none,13,148,0.38235294117647056
none,13,149,0.38235294117647056
none,13,150,0.38235294117647056
none,14,0,0.08823529411764706
none,14,1,0.14705882352941177
none,14,2,0.14705882352941177
none,14,3,0.14705882352941177
none,14,4,0.17647058823529413
none,14,5,0.20588235294117646
none,14,6,0.17647058823529413
none,14,7,0.23529411764705882
none,14,8,0.35294117647058826
none,14,9,0.38235294117647056
none,14,10,0.38235294117647056
none,14,11,0.5
none,14,12,0.5882352941176471
none,14,13,0.6764705882352942
none,14,14,0.5588235294117647
none,14,15,0.5294117647058824
none,14,16,0.5
none,14,17,0.5294117647058824
none,14,18,0.5
none,14,19,0.5294117647058824
none,14,20,0.5294117647058824
none,14,21,0.4411764705882353
none,14,22,0.3235294117647059
none,14,23,0.35294117647058826
none,14,24,0.29411764705882354
none,14,25,0.23529411764705882
none,14,26,0.20588235294117646
none,14,27,0.23529411764705882
none,14,28,0.23529411764705882
none,14,29,0.29411764705882354
none,14,30,0.35294117647058826
none,14,31,0.4117647058823529
none,14,32,0.38235294117647056
none,14,33,0.47058823529411764
none,14,34,0.47058823529411764
none,14,35,0.35294117647058826
none,14,36,0.4411764705882353
none,14,37,0.3235294117647059
none,14,38,0.29411764705882354
none,14,39,0.29411764705882354
none,14,40,0.2647058823529412
none,14,41,0.2647058823529412
none,14,42,0.20588235294117646
none,14,43,0.2647058823529412
none,14,44,0.2647058823529412
none,14,45,0.2647058823529412
none,14,46,0.23529411764705882
none,14,47,0.20588235294117646
none,14,48,0.2647058823529412
none,14,49,0.29411764705882354
none,14,50,0.29411764705882354
none,14,51,0.2647058823529412
none,14,52,0.29411764705882354
none,14,53,0.29411764705882354
none,14,54,0.35294117647058826
none,14,55,0.3235294117647059
none,14,56,0.29411764705882354
none,14,57,0.3235294117647059
none,14,58,0.35294117647058826
none,14,59,0.29411764705882354
none,14,60,0.35294117647058826
none,14,61,0.3235294117647059
none,14,62,0.38235294117647056
none,14,63,0.38235294117647056
none,14,64,0.35294117647058826
none,14,65,0.4117647058823529
none,14,66,0.38235294117647056
none,14,67,0.47058823529411764
none,14,68,0.6176470588235294
none,14,69,0.5294117647058824
none,14,70,0.4411764705882353
none,14,71,0.38235294117647056
none,14,72,0.4411764705882353
none,14,73,0.4411764705882353
none,14,74,0.38235294117647056
none,14,75,0.47058823529411764
none,14,76,0.47058823529411764
none,14,77,0.2647058823529412
none,14,78,0.29411764705882354
none,14,79,0.38235294117647056
none,14,80,0.2647058823529412
none,14,81,0.3235294117647059
none,14,82,0.20588235294117646
none,14,83,0.29411764705882354
none,14,84,0.3235294117647059
none,14,85,0.35294117647058826
none,14,86,0.38235294117647056
none,14,87,0.4117647058823529
none,14,88,0.47058823529411764
none,14,89,0.5
none,14,90,0.5
none,14,91,0.4117647058823529
none,14,92,0.38235294117647056
none,14,93,0.38235294117647056
none,14,94,0.4117647058823529
none,14,95,0.47058823529411764
none,14,96,0.4117647058823529
none,14,97,0.35294117647058826
none,14,98,0.35294117647058826
none,14,99,0.35294117647058826
none,14,100,0.29411764705882354
none,14,101,0.2647058823529412
none,14,102,0.23529411764705882
none,14,103,0.23529411764705882
none,14,104,0.20588235294117646
none,14,105,0.14705882352941177
none,14,106,0.14705882352941177
none,14,107,0.17647058823529413
none,14,108,0.17647058823529413
none,14,109,0.058823529411764705
none,14,110,0.08823529411764706
none,14,111,0.14705882352941177
none,14,112,0.14705882352941177
none,14,113,0.17647058823529413
none,14,114,0.2647058823529412
none,14,115,0.29411764705882354
none,14,116,0.2647058823529412
none,14,117,0.23529411764705882
none,14,118,0.23529411764705882
none,14,119,0.29411764705882354
none,14,120,0.38235294117647056
none,14,121,0.35294117647058826
none,14,122,0.38235294117647056
none,14,123,0.4117647058823529
none,14,124,0.4117647058823529
none,14,125,0.5588235294117647
none,14,126,0.5294117647058824
none,14,127,0.4117647058823529
none,14,128,0.4117647058823529
none,14,129,0.47058823529411764
none,14,130,0.38235294117647056
none,14,131,0.38235294117647056
none,14,132,0.38235294117647056
none,14,133,0.4117647058823529
none,14,134,0.38235294117647056
none,14,135,0.38235294117647056
none,14,136,0.4117647058823529
none,14,137,0.35294117647058826
none,14,138,0.47058823529411764
none,14,139,0.5
none,14,140,0.4117647058823529
none,14,141,0.4117647058823529
none,14,142,0.35294117647058826
none,14,143,0.29411764705882354
none,14,144,0.23529411764705882
none,14,145,0.23529411764705882
none,14,146,0.2647058823529412
none,14,147,0.2647058823529412
none,14,148,0.2647058823529412
none,14,149,0.29411764705882354
none,14,150,0.3235294117647059
none,15,0,0.08823529411764706
none,15,1,0.08823529411764706
none,15,2,0.08823529411764706
none,15,3,0.11764705882352941
none,15,4,0.14705882352941177
none,15,5,0.20588235294117646
none,15,6,0.2647058823529412
none,15,7,0.3235294117647059
none,15,8,0.38235294117647056
none,15,9,0.2647058823529412
none,15,10,0.29411764705882354
none,15,11,0.29411764705882354
none,15,12,0.20588235294117646
none,15,13,0.20588235294117646
none,15,14,0.23529411764705882
none,15,15,0.29411764705882354
none,15,16,0.2647058823529412
none,15,17,0.38235294117647056
none,15,18,0.38235294117647056
none,15,19,0.38235294117647056
none,15,20,0.38235294117647056
none,15,21,0.38235294117647056
none,15,22,0.38235294117647056
none,15,23,0.38235294117647056
none,15,24,0.35294117647058826
none,15,25,0.4117647058823529
none,15,26,0.5
none,15,27,0.47058823529411764
none,15,28,0.4411764705882353
none,15,29,0.3235294117647059
none,15,30,0.47058823529411764
none,15,31,0.5294117647058824
none,15,32,0.47058823529411764
none,15,33,0.47058823529411764
none,15,34,0.4411764705882353
none,15,35,0.4117647058823529
none,15,36,0.3235294117647059
none,15,37,0.3235294117647059
none,15,38,0.38235294117647056
none,15,39,0.4117647058823529
none,15,40,0.4411764705882353
none,15,41,0.38235294117647056
none,15,42,0.5
none,15,43,0.5
none,15,44,0.5294117647058824
none,15,45,0.6470588235294118
none,15,46,0.5294117647058824
none,15,47,0.5588235294117647
none,15,48,0.5588235294117647
none,15,49,0.5588235294117647
none,15,50,0.5294117647058824
none,15,51,0.5588235294117647
none,15,52,0.47058823529411764
none,15,53,0.4117647058823529
none,15,54,0.4117647058823529
none,15,55,0.4117647058823529
none,15,56,0.35294117647058826
none,15,57,0.38235294117647056
none,15,58,0.3235294117647059
none,15,59,0.3235294117647059
none,15,60,0.35294117647058826
none,15,61,0.4411764705882353
none,15,62,0.4411764705882353
none,15,63,0.38235294117647056
none,15,64,0.5294117647058824
none,15,65,0.4411764705882353
none,15,66,0.5588235294117647
none,15,67,0.5588235294117647
none,15,68,0.5
none,15,69,0.5882352941176471
none,15,70,0.5
none,15,71,0.47058823529411764
none,15,72,0.4411764705882353
none,15,73,0.47058823529411764
none,15,74,0.5
none,15,75,0.4117647058823529
none,15,76,0.4411764705882353
none,15,77,0.5294117647058824
none,15,78,0.38235294117647056
none,15,79,0.38235294117647056
none,15,80,0.4117647058823529
none,15,81,0.29411764705882354
none,15,82,0.4117647058823529
none,15,83,0.35294117647058826
none,15,84,0.38235294117647056
none,15,85,0.35294117647058826
none,15,86,0.3235294117647059
none,15,87,0.29411764705882354
none,15,88,0.3235294117647059
none,15,89,0.3235294117647059
none,15,90,0.29411764705882354
none,15,91,0.29411764705882354
none,15,92,0.3235294117647059
none,15,93,0.4411764705882353
none,15,94,0.6176470588235294
none,15,95,0.5882352941176471
none,15,96,0.4411764705882353
none,15,97,0.38235294117647056
none,15,98,0.4117647058823529
none,15,99,0.47058823529411764
none,15,100,0.5882352941176471
none,15,101,0.5882352941176471
none,15,102,0.5294117647058824
none,15,103,0.4117647058823529
none,15,104,0.38235294117647056
none,15,105,0.35294117647058826
none,15,106,0.20588235294117646
none,15,107,0.2647058823529412
none,15,108,0.23529411764705882
none,15,109,0.29411764705882354
none,15,110,0.4117647058823529
none,15,111,0.4117647058823529
none,15,112,0.4117647058823529
none,15,113,0.4411764705882353
none,15,114,0.4117647058823529
none,15,115,0.5
none,15,116,0.4411764705882353
none,15,117,0.5
none,15,118,0.4411764705882353
none,15,119,0.35294117647058826
none,15,120,0.35294117647058826
none,15,121,0.35294117647058826
none,15,122,0.35294117647058826
none,15,123,0.4117647058823529
none,15,124,0.4117647058823529
none,15,125,0.47058823529411764
none,15,126,0.5588235294117647
none,15,127,0.5294117647058824
none,15,128,0.5294117647058824
none,15,129,0.5
none,15,130,0.47058823529411764
none,15,131,0.5294117647058824
none,15,132,0.4411764705882353
none,15,133,0.5
none,15,134,0.5294117647058824
none,15,135,0.47058823529411764
none,15,136,0.35294117647058826
none,15,137,0.35294117647058826
none,15,138,0.4117647058823529
none,15,139,0.4411764705882353
none,15,140,0.4117647058823529
none,15,141,0.4117647058823529
none,15,142,0.4411764705882353
none,15,143,0.5
none,15,144,0.5294117647058824
none,15,145,0.5588235294117647
none,15,146,0.5294117647058824
none,15,147,0.5
none,15,148,0.38235294117647056
none,15,149,0.29411764705882354
none,15,150,0.35294117647058826
none,16,0,0.08823529411764706
none,16,1,0.08823529411764706
none,16,2,0.20588235294117646
none,16,3,0.23529411764705882
none,16,4,0.23529411764705882
none,16,5,0.29411764705882354
none,16,6,0.3235294117647059
none,16,7,0.3235294117647059
none,16,8,0.38235294117647056
none,16,9,0.3235294117647059
none,16,10,0.35294117647058826
none,16,11,0.3235294117647059
none,16,12,0.4117647058823529
none,16,13,0.4411764705882353
none,16,14,0.6176470588235294
none,16,15,0.47058823529411764
none,16,16,0.4411764705882353
none,16,17,0.5294117647058824
none,16,18,0.4411764705882353
none,16,19,0.4411764705882353
none,16,20,0.4411764705882353
none,16,21,0.5
none,16,22,0.5588235294117647
none,16,23,0.5
none,16,24,0.4117647058823529
none,16,25,0.3235294117647059
none,16,26,0.2647058823529412
none,16,27,0.29411764705882354
none,16,28,0.38235294117647056
none,16,29,0.4411764705882353
none,16,30,0.38235294117647056
none,16,31,0.4411764705882353
none,16,32,0.38235294117647056
none,16,33,0.4411764705882353
none,16,34,0.5
none,16,35,0.4117647058823529
none,16,36,0.5
none,16,37,0.5294117647058824
none,16,38,0.5294117647058824
none,16,39,0.4117647058823529
none,16,40,0.38235294117647056
none,16,41,0.3235294117647059
none,16,42,0.23529411764705882
none,16,43,0.23529411764705882
none,16,44,0.29411764705882354
none,16,45,0.23529411764705882
none,16,46,0.23529411764705882
none,16,47,0.23529411764705882
none,16,48,0.20588235294117646
none,16,49,0.17647058823529413
none,16,50,0.20588235294117646
none,16,51,0.3235294117647059
none,16,52,0.3235294117647059
none,16,53,0.35294117647058826
none,16,54,0.29411764705882354
none,16,55,0.2647058823529412
none,16,56,0.35294117647058826
none,16,57,0.35294117647058826
none,16,58,0.35294117647058826
none,16,59,0.35294117647058826
none,16,60,0.2647058823529412
none,16,61,0.29411764705882354
none,16,62,0.2647058823529412
none,16,63,0.29411764705882354
none,16,64,0.3235294117647059
none,16,65,0.35294117647058826
none,16,66,0.3235294117647059
none,16,67,0.35294117647058826
none,16,68,0.35294117647058826
none,16,69,0.4117647058823529
none,16,70,0.35294117647058826
none,16,71,0.2647058823529412
none,16,72,0.2647058823529412
none,16,73,0.23529411764705882
none,16,74,0.23529411764705882
none,16,75,0.23529411764705882
none,16,76,0.2647058823529412
none,16,77,0.20588235294117646
none,16,78,0.23529411764705882
none,16,79,0.29411764705882354
none,16,80,0.3235294117647059
none,16,81,0.3235294117647059
none,16,82,0.3235294117647059
none,16,83,0.4411764705882353
none,16,84,0.38235294117647056
none,16,85,0.4411764705882353
none,16,86,0.4411764705882353
none,16,87,0.35294117647058826
none,16,88,0.35294117647058826
none,16,89,0.3235294117647059
none,16,90,0.38235294117647056
none,16,91,0.38235294117647056
none,16,92,0.4411764705882353
none,16,93,0.47058823529411764
none,16,94,0.47058823529411764
none,16,95,0.5294117647058824
none,16,96,0.4117647058823529
none,16,97,0.4117647058823529
none,16,98,0.4117647058823529
none,16,99,0.4411764705882353
none,16,100,0.4117647058823529
none,16,101,0.38235294117647056
none,16,102,0.4117647058823529
none,16,103,0.5
none,16,104,0.5588235294117647
none,16,105,0.5882352941176471
none,16,106,0.47058823529411764
none,16,107,0.38235294117647056
none,16,108,0.5
none,16,109,0.4411764705882353
none,16,110,0.4117647058823529
none,16,111,0.35294117647058826
none,16,112,0.47058823529411764
none,16,113,0.38235294117647056
none,16,114,0.4117647058823529
none,16,115,0.35294117647058826
none,16,116,0.38235294117647056
none,16,117,0.3235294117647059
none,16,118,0.4411764705882353
none,16,119,0.5294117647058824
none,16,120,0.5
none,16,121,0.5294117647058824
none,16,122,0.5294117647058824
none,16,123,0.5294117647058824
none,16,124,0.5
none,16,125,0.5882352941176471
none,16,126,0.5
none,16,127,0.5294117647058824
none,16,128,0.4411764705882353
none,16,129,0.35294117647058826
none,16,130,0.3235294117647059
none,16,131,0.4411764705882353
none,16,132,0.4411764705882353
none,16,133,0.4117647058823529
none,16,134,0.29411764705882354
none,16,135,0.3235294117647059
none,16,136,0.3235294117647059
none,16,137,0.35294117647058826
none,16,138,0.4411764705882353
none,16,139,0.3235294117647059
none,16,140,0.47058823529411764
none,16,141,0.47058823529411764
none,16,142,0.4117647058823529
none,16,143,0.47058823529411764
none,16,144,0.47058823529411764
none,16,145,0.47058823529411764
none,16,146,0.38235294117647056
none,16,147,0.3235294117647059
none,16,148,0.3235294117647059
none,16,149,0.29411764705882354
none,16,150,0.35294117647058826
none,17,0,0.08823529411764706
none,17,1,0.029411764705882353
none,17,2,0.029411764705882353
none,17,3,0.0
none,17,4,0.0
none,17,5,0.0
none,17,6,0.0
none,17,7,0.0
none,17,8,0.0
none,17,9,0.0
none,17,10,0.0
none,17,11,0.0
none,17,12,0.0
none,17,13,0.0
none,17,14,0.0
none,17,15,0.0
none,17,16,0.0
none,17,17,0.0
none,17,18,0.0
none,17,19,0.0
none,17,20,0.0
none,17,21,0.0
none,17,22,0.0
none,17,23,0.0
none,17,24,0.0
none,17,25,0.0
none,17,26,0.0
none,17,27,0.0
none,17,28,0.0
none,17,29,0.0
none,17,30,0.0
none,17,31,0.0
none,17,32,0.0
none,17,33,0.0
none,17,34,0.0
none,17,35,0.0
none,17,36,0.0
none,17,37,0.0
none,17,38,0.0
none,17,39,0.0
none,17,40,0.0
none,17,41,0.0
none,17,42,0.0
none,17,43,0.0
none,17,44,0.0
none,17,45,0.0
none,17,46,0.0
none,17,47,0.0
none,17,48,0.0
none,17,49,0.0
none,17,50,0.0
none,17,51,0.0
none,17,52,0.0
none,17,53,0.0
none,17,54,0.0
none,17,55,0.0
none,17,56,0.0
none,17,57,0.0
none,17,58,0.0
none,17,59,0.0
none,17,60,0.0
none,17,61,0.0
none,17,62,0.0
none,17,63,0.0
none,17,64,0.0
none,17,65,0.0
none,17,66,0.0
none,17,67,0.0
none,17,68,0.0
none,17,69,0.0
none,17,70,0.0
none,17,71,0.0
none,17,72,0.0
none,17,73,0.0
none,17,74,0.0
none,17,75,0.0
none,17,76,0.0
none,17,77,0.0
none,17,78,0.0
none,17,79,0.0
none,17,80,0.0
none,17,81,0.0
none,17,82,0.0
none,17,83,0.0
none,17,84,0.0
none,17,85,0.0
none,17,86,0.0
none,17,87,0.0
none,17,88,0.0
none,17,89,0.0
none,17,90,0.0
none,17,91,0.0
none,17,92,0.0
none,17,93,0.0
none,17,94,0.0
none,17,95,0.0
none,17,96,0.0
none,17,97,0.0
none,17,98,0.0
none,17,99,0.0
none,17,100,0.0
none,17,101,0.0
none,17,102,0.0
none,17,103,0.0
none,17,104,0.0
none,17,105,0.0
none,17,106,0.0
none,17,107,0.0
none,17,108,0.0
none,17,109,0.0
none,17,110,0.0
none,17,111,0.0
none,17,112,0.0
none,17,113,0.0
none,17,114,0.0
none,17,115,0.0
none,17,116,0.0
none,17,117,0.0
none,17,118,0.0
none,17,119,0.0
none,17,120,0.0
none,17,121,0.0
none,17,122,0.0
none,17,123,0.0
none,17,124,0.0
none,17,125,0.0
none,17,126,0.0
none,17,127,0.0
none,17,128,0.0
none,17,129,0.0
none,17,130,0.0
none,17,131,0.0
none,17,132,0.0
none,17,133,0.0
none,17,134,0.0
none,17,135,0.0
none,17,136,0.0
none,17,137,0.0
none,17,138,0.0
none,17,139,0.0
none,17,140,0.0
none,17,141,0.0
none,17,142,0.0
none,17,143,0.0
none,17,144,0.0
none,17,145,0.0
none,17,146,0.0
none,17,147,0.0
none,17,148,0.0
none,17,149,0.0
none,17,150,0.0
none,18,0,0.08823529411764706
none,18,1,0.058823529411764705
none,18,2,0.029411764705882353
none,18,3,0.058823529411764705
none,18,4,0.11764705882352941
none,18,5,0.20588235294117646
none,18,6,0.17647058823529413
none,18,7,0.11764705882352941
none,18,8,0.11764705882352941
none,18,9,0.11764705882352941
none,18,10,0.11764705882352941
none,18,11,0.14705882352941177
none,18,12,0.20588235294117646
none,18,13,0.29411764705882354
none,18,14,0.35294117647058826
none,18,15,0.2647058823529412
none,18,16,0.29411764705882354
none,18,17,0.35294117647058826
none,18,18,0.29411764705882354
none,18,19,0.2647058823529412
none,18,20,0.20588235294117646
none,18,21,0.23529411764705882
none,18,22,0.23529411764705882
none,18,23,0.29411764705882354
none,18,24,0.35294117647058826
none,18,25,0.29411764705882354
none,18,26,0.35294117647058826
none,18,27,0.29411764705882354
none,18,28,0.29411764705882354
none,18,29,0.29411764705882354
none,18,30,0.2647058823529412
none,18,31,0.3235294117647059
none,18,32,0.29411764705882354
none,18,33,0.23529411764705882
none,18,34,0.23529411764705882
none,18,35,0.35294117647058826
none,18,36,0.29411764705882354
none,18,37,0.29411764705882354
none,18,38,0.35294117647058826
none,18,39,0.5294117647058824
none,18,40,0.5
none,18,41,0.47058823529411764
none,18,42,0.4411764705882353
none,18,43,0.4117647058823529
none,18,44,0.4411764705882353
none,18,45,0.5294117647058824
none,18,46,0.5
none,18,47,0.5588235294117647
none,18,48,0.5882352941176471
none,18,49,0.5
none,18,50,0.5294117647058824
none,18,51,0.4117647058823529
none,18,52,0.4117647058823529
none,18,53,0.38235294117647056
none,18,54,0.5
none,18,55,0.4411764705882353
none,18,56,0.5294117647058824
none,18,57,0.38235294117647056
none,18,58,0.3235294117647059
none,18,59,0.20588235294117646
none,18,60,0.20588235294117646
none,18,61,0.20588235294117646
none,18,62,0.20588235294117646
none,18,63,0.23529411764705882
none,18,64,0.23529411764705882
none,18,65,0.3235294117647059
none,18,66,0.38235294117647056
none,18,67,0.4117647058823529
none,18,68,0.3235294117647059
none,18,69,0.2647058823529412
none,18,70,0.23529411764705882
none,18,71,0.23529411764705882
none,18,72,0.3235294117647059
none,18,73,0.4411764705882353
none,18,74,0.4411764705882353
none,18,75,0.5294117647058824
none,18,76,0.4117647058823529
none,18,77,0.38235294117647056
none,18,78,0.4117647058823529
none,18,79,0.4411764705882353
none,18,80,0.38235294117647056
none,18,81,0.4117647058823529
none,18,82,0.4411764705882353
none,18,83,0.4411764705882353
none,18,84,0.47058823529411764
none,18,85,0.4411764705882353
none,18,86,0.3235294117647059
none,18,87,0.4411764705882353
none,18,88,0.4411764705882353
none,18,89,0.47058823529411764
none,18,90,0.47058823529411764
none,18,91,0.5
none,18,92,0.5882352941176471
none,18,93,0.5882352941176471
none,18,94,0.5
none,18,95,0.4411764705882353
none,18,96,0.4411764705882353
none,18,97,0.5
none,18,98,0.47058823529411764
none,18,99,0.47058823529411764
none,18,100,0.38235294117647056
none,18,101,0.38235294117647056
none,18,102,0.4411764705882353
none,18,103,0.5
none,18,104,0.47058823529411764
none,18,105,0.4117647058823529
none,18,106,0.4117647058823529
none,18,107,0.5
none,18,108,0.5
none,18,109,0.4411764705882353
none,18,110,0.4411764705882353
none,18,111,0.35294117647058826
none,18,112,0.29411764705882354
none,18,113,0.4117647058823529
none,18,114,0.4411764705882353
none,18,115,0.4117647058823529
none,18,116,0.3235294117647059
none,18,117,0.35294117647058826
none,18,118,0.29411764705882354
none,18,119,0.4117647058823529
none,18,120,0.38235294117647056
none,18,121,0.35294117647058826
none,18,122,0.38235294117647056
none,18,123,0.35294117647058826
none,18,124,0.3235294117647059
none,18,125,0.35294117647058826
none,18,126,0.2647058823529412
none,18,127,0.23529411764705882
none,18,128,0.20588235294117646
none,18,129,0.2647058823529412
none,18,130,0.23529411764705882
none,18,131,0.23529411764705882
none,18,132,0.2647058823529412
none,18,133,0.35294117647058826
none,18,134,0.38235294117647056
none,18,135,0.47058823529411764
none,18,136,0.4117647058823529
none,18,137,0.29411764705882354
none,18,138,0.2647058823529412
none,18,139,0.3235294117647059
none,18,140,0.35294117647058826
none,18,141,0.38235294117647056
none,18,142,0.3235294117647059
none,18,143,0.23529411764705882
none,18,144,0.2647058823529412
none,18,145,0.3235294117647059
none,18,146,0.29411764705882354
none,18,147,0.3235294117647059
none,18,148,0.29411764705882354
none,18,149,0.2647058823529412
none,18,150,0.23529411764705882
none,19,0,0.08823529411764706
none,19,1,0.11764705882352941
none,19,2,0.14705882352941177
none,19,3,0.17647058823529413
none,19,4,0.2647058823529412
none,19,5,0.20588235294117646
none,19,6,0.20588235294117646
none,19,7,0.3235294117647059
none,19,8,0.14705882352941177
none,19,9,0.14705882352941177
none,19,10,0.17647058823529413
none,19,11,0.23529411764705882
none,19,12,0.14705882352941177
none,19,13,0.17647058823529413
none,19,14,0.2647058823529412
none,19,15,0.29411764705882354
none,19,16,0.3235294117647059
none,19,17,0.3235294117647059
none,19,18,0.4117647058823529
none,19,19,0.35294117647058826
none,19,20,0.29411764705882354
none,19,21,0.38235294117647056
none,19,22,0.4117647058823529
none,19,23,0.38235294117647056
none,19,24,0.2647058823529412
none,19,25,0.23529411764705882
none,19,26,0.2647058823529412
none,19,27,0.38235294117647056
none,19,28,0.4411764705882353
none,19,29,0.47058823529411764
none,19,30,0.5
none,19,31,0.47058823529411764
none,19,32,0.47058823529411764
none,19,33,0.4411764705882353
none,19,34,0.4117647058823529
none,19,35,0.38235294117647056
none,19,36,0.35294117647058826
none,19,37,0.35294117647058826
none,19,38,0.29411764705882354
none,19,39,0.4117647058823529
none,19,40,0.5
none,19,41,0.5588235294117647
none,19,42,0.5588235294117647
none,19,43,0.5294117647058824
none,19,44,0.5294117647058824
none,19,45,0.5882352941176471
none,19,46,0.5882352941176471
none,19,47,0.5
none,19,48,0.4117647058823529
none,19,49,0.35294117647058826
none,19,50,0.4411764705882353
none,19,51,0.4117647058823529
none,19,52,0.4117647058823529
none,19,53,0.47058823529411764
none,19,54,0.5
none,19,55,0.5294117647058824
none,19,56,0.5882352941176471
none,19,57,0.5882352941176471
none,19,58,0.5588235294117647
none,19,59,0.6176470588235294
none,19,60,0.5
none,19,61,0.5
none,19,62,0.4411764705882353
none,19,63,0.5
none,19,64,0.47058823529411764
none,19,65,0.4117647058823529
none,19,66,0.3235294117647059
none,19,67,0.29411764705882354
none,19,68,0.29411764705882354
none,19,69,0.35294117647058826
none,19,70,0.35294117647058826
none,19,71,0.2647058823529412
none,19,72,0.2647058823529412
none,19,73,0.35294117647058826
none,19,74,0.2647058823529412
none,19,75,0.20588235294117646
none,19,76,0.17647058823529413
none,19,77,0.14705882352941177
none,19,78,0.14705882352941177
none,19,79,0.08823529411764706
none,19,80,0.17647058823529413
none,19,81,0.17647058823529413
none,19,82,0.3235294117647059
none,19,83,0.2647058823529412
none,19,84,0.29411764705882354
none,19,85,0.3235294117647059
none,19,86,0.4117647058823529
none,19,87,0.4117647058823529
none,19,88,0.5
none,19,89,0.4411764705882353
none,19,90,0.35294117647058826
none,19,91,0.3235294117647059
none,19,92,0.35294117647058826
none,19,93,0.4411764705882353
none,19,94,0.35294117647058826
none,19,95,0.35294117647058826
none,19,96,0.38235294117647056
none,19,97,0.35294117647058826
none,19,98,0.5
none,19,99,0.47058823529411764
none,19,100,0.4117647058823529
none,19,101,0.2647058823529412
none,19,102,0.38235294117647056
none,19,103,0.35294117647058826
none,19,104,0.3235294117647059
none,19,105,0.38235294117647056
none,19,106,0.4411764705882353
none,19,107,0.4117647058823529
none,19,108,0.4117647058823529
none,19,109,0.38235294117647056
none,19,110,0.4117647058823529
none,19,111,0.3235294117647059
none,19,112,0.29411764705882354
none,19,113,0.35294117647058826
none,19,114,0.2647058823529412
none,19,115,0.23529411764705882
none,19,116,0.35294117647058826
none,19,117,0.2647058823529412
none,19,118,0.3235294117647059
none,19,119,0.38235294117647056
none,19,120,0.29411764705882354
none,19,121,0.3235294117647059
none,19,122,0.4117647058823529
none,19,123,0.4411764705882353
none,19,124,0.38235294117647056
none,19,125,0.38235294117647056
none,19,126,0.3235294117647059
none,19,127,0.2647058823529412
none,19,128,0.2647058823529412
none,19,129,0.23529411764705882
none,19,130,0.20588235294117646
none,19,131,0.23529411764705882
none,19,132,0.3235294117647059
none,19,133,0.35294117647058826
none,19,134,0.38235294117647056
none,19,135,0.35294117647058826
none,19,136,0.23529411764705882
none,19,137,0.20588235294117646
none,19,138,0.23529411764705882
none,19,139,0.20588235294117646
none,19,140,0.20588235294117646
none,19,141,0.23529411764705882
none,19,142,0.23529411764705882
none,19,143,0.23529411764705882
none,19,144,0.2647058823529412
none,19,145,0.3235294117647059
none,19,146,0.2647058823529412
none,19,147,0.2647058823529412
none,19,148,0.2647058823529412
none,19,149,0.3235294117647059
none,19,150,0.2647058823529412
add_edge_random,0,0,0.08823529411764706
add_edge_random,0,1,0.058823529411764705
add_edge_random,0,2,0.08823529411764706
add_edge_random,0,3,0.14705882352941177
add_edge_random,0,4,0.08823529411764706
add_edge_random,0,5,0.17647058823529413
add_edge_random,0,6,0.17647058823529413
add_edge_random,0,7,0.20588235294117646
add_edge_random,0,8,0.2647058823529412
add_edge_random,0,9,0.3235294117647059
add_edge_random,0,10,0.29411764705882354
add_edge_random,0,11,0.38235294117647056
add_edge_random,0,12,0.47058823529411764
add_edge_random,0,13,0.5
add_edge_random,0,14,0.35294117647058826
add_edge_random,0,15,0.3235294117647059
add_edge_random,0,16,0.4117647058823529
add_edge_random,0,17,0.4411764705882353
add_edge_random,0,18,0.5
add_edge_random,0,19,0.4411764705882353
add_edge_random,0,20,0.47058823529411764
add_edge_random,0,21,0.47058823529411764
add_edge_random,0,22,0.35294117647058826
add_edge_random,0,23,0.4411764705882353
add_edge_random,0,24,0.4411764705882353
add_edge_random,0,25,0.38235294117647056
add_edge_random,0,26,0.35294117647058826
add_edge_random,0,27,0.38235294117647056
add_edge_random,0,28,0.47058823529411764
add_edge_random,0,29,0.5294117647058824
add_edge_random,0,30,0.5294117647058824
add_edge_random,0,31,0.4411764705882353
add_edge_random,0,32,0.35294117647058826
add_edge_random,0,33,0.3235294117647059
add_edge_random,0,34,0.29411764705882354
add_edge_random,0,35,0.5
add_edge_random,0,36,0.5
add_edge_random,0,37,0.38235294117647056
add_edge_random,0,38,0.5294117647058824
add_edge_random,0,39,0.5294117647058824
add_edge_random,0,40,0.4411764705882353
add_edge_random,0,41,0.4117647058823529
add_edge_random,0,42,0.4411764705882353
add_edge_random,0,43,0.47058823529411764
add_edge_random,0,44,0.5294117647058824
add_edge_random,0,45,0.5294117647058824
add_edge_random,0,46,0.6764705882352942
add_edge_random,0,47,0.5588235294117647
add_edge_random,0,48,0.5
add_edge_random,0,49,0.5
add_edge_random,0,50,0.5294117647058824
add_edge_random,0,51,0.5
add_edge_random,0,52,0.5588235294117647
add_edge_random,0,53,0.5588235294117647
add_edge_random,0,54,0.5588235294117647
add_edge_random,0,55,0.5882352941176471
add_edge_random,0,56,0.5
add_edge_random,0,57,0.5294117647058824
add_edge_random,0,58,0.38235294117647056
add_edge_random,0,59,0.4117647058823529
add_edge_random,0,60,0.4117647058823529
add_edge_random,0,61,0.47058823529411764
add_edge_random,0,62,0.35294117647058826
add_edge_random,0,63,0.29411764705882354
add_edge_random,0,64,0.3235294117647059
add_edge_random,0,65,0.2647058823529412
add_edge_random,0,66,0.2647058823529412
add_edge_random,0,67,0.29411764705882354
add_edge_random,0,68,0.2647058823529412
add_edge_random,0,69,0.23529411764705882
add_edge_random,0,70,0.29411764705882354
add_edge_random,0,71,0.29411764705882354
add_edge_random,0,72,0.4117647058823529
add_edge_random,0,73,0.5
add_edge_random,0,74,0.4411764705882353
add_edge_random,0,75,0.4411764705882353
add_edge_random,0,76,0.38235294117647056
add_edge_random,0,77,0.35294117647058826
add_edge_random,0,78,0.35294117647058826
add_edge_random,0,79,0.4411764705882353
add_edge_random,0,80,0.5294117647058824
add_edge_random,0,81,0.5588235294117647
add_edge_random,0,82,0.5
add_edge_random,0,83,0.5294117647058824
add_edge_random,0,84,0.47058823529411764
add_edge_random,0,85,0.5294117647058824
add_edge_random,0,86,0.5882352941176471
add_edge_random,0,87,0.5588235294117647
add_edge_random,0,88,0.5588235294117647
add_edge_random,0,89,0.5882352941176471
add_edge_random,0,90,0.5
add_edge_random,0,91,0.5
add_edge_random,0,92,0.5
add_edge_random,0,93,0.5
add_edge_random,0,94,0.5
add_edge_random,0,95,0.4411764705882353
add_edge_random,0,96,0.4411764705882353
add_edge_random,0,97,0.5
add_edge_random,0,98,0.4411764705882353
add_edge_random,0,99,0.38235294117647056
add_edge_random,0,100,0.38235294117647056
add_edge_random,0,101,0.35294117647058826
add_edge_random,0,102,0.5
add_edge_random,0,103,0.38235294117647056
add_edge_random,0,104,0.3235294117647059
add_edge_random,0,105,0.35294117647058826
add_edge_random,0,106,0.38235294117647056
add_edge_random,0,107,0.29411764705882354
add_edge_random,0,108,0.3235294117647059
add_edge_random,0,109,0.3235294117647059
add_edge_random,0,110,0.3235294117647059
add_edge_random,0,111,0.38235294117647056
add_edge_random,0,112,0.4411764705882353
add_edge_random,0,113,0.4117647058823529
add_edge_random,0,114,0.4411764705882353
add_edge_random,0,115,0.4117647058823529
add_edge_random,0,116,0.5294117647058824
add_edge_random,0,117,0.5294117647058824
add_edge_random,0,118,0.5588235294117647
add_edge_random,0,119,0.4411764705882353
add_edge_random,0,120,0.35294117647058826
add_edge_random,0,121,0.35294117647058826
add_edge_random,0,122,0.38235294117647056
add_edge_random,0,123,0.3235294117647059
add_edge_random,0,124,0.38235294117647056
add_edge_random,0,125,0.4117647058823529
add_edge_random,0,126,0.47058823529411764
add_edge_random,0,127,0.4117647058823529
add_edge_random,0,128,0.38235294117647056
add_edge_random,0,129,0.4117647058823529
add_edge_random,0,130,0.29411764705882354
add_edge_random,0,131,0.35294117647058826
add_edge_random,0,132,0.3235294117647059
add_edge_random,0,133,0.35294117647058826
add_edge_random,0,134,0.23529411764705882
add_edge_random,0,135,0.17647058823529413
add_edge_random,0,136,0.23529411764705882
add_edge_random,0,137,0.17647058823529413
add_edge_random,0,138,0.29411764705882354
add_edge_random,0,139,0.2647058823529412
add_edge_random,0,140,0.3235294117647059
add_edge_random,0,141,0.35294117647058826
add_edge_random,0,142,0.35294117647058826
add_edge_random,0,143,0.35294117647058826
add_edge_random,0,144,0.38235294117647056
add_edge_random,0,145,0.38235294117647056
add_edge_random,0,146,0.47058823529411764
add_edge_random,0,147,0.4117647058823529
add_edge_random,0,148,0.4117647058823529
add_edge_random,0,149,0.47058823529411764
add_edge_random,0,150,0.47058823529411764
add_edge_random,1,0,0.08823529411764706
add_edge_random,1,1,0.11764705882352941
add_edge_random,1,2,0.17647058823529413
add_edge_random,1,3,0.20588235294117646
add_edge_random,1,4,0.23529411764705882
add_edge_random,1,5,0.2647058823529412
add_edge_random,1,6,0.3235294117647059
add_edge_random,1,7,0.35294117647058826
add_edge_random,1,8,0.4117647058823529
add_edge_random,1,9,0.3235294117647059
add_edge_random,1,10,0.3235294117647059
add_edge_random,1,11,0.3235294117647059
add_edge_random,1,12,0.47058823529411764
add_edge_random,1,13,0.47058823529411764
add_edge_random,1,14,0.47058823529411764
add_edge_random,1,15,0.4411764705882353
add_edge_random,1,16,0.38235294117647056
add_edge_random,1,17,0.38235294117647056
add_edge_random,1,18,0.4117647058823529
add_edge_random,1,19,0.38235294117647056
add_edge_random,1,20,0.4411764705882353
add_edge_random,1,21,0.47058823529411764
add_edge_random,1,22,0.5
add_edge_random,1,23,0.4411764705882353
add_edge_random,1,24,0.38235294117647056
add_edge_random,1,25,0.38235294117647056
add_edge_random,1,26,0.38235294117647056
add_edge_random,1,27,0.4411764705882353
add_edge_random,1,28,0.35294117647058826
add_edge_random,1,29,0.3235294117647059
add_edge_random,1,30,0.4117647058823529
add_edge_random,1,31,0.4117647058823529
add_edge_random,1,32,0.4117647058823529
add_edge_random,1,33,0.5294117647058824
add_edge_random,1,34,0.4411764705882353
add_edge_random,1,35,0.5294117647058824
add_edge_random,1,36,0.6176470588235294
add_edge_random,1,37,0.5
add_edge_random,1,38,0.5588235294117647
add_edge_random,1,39,0.5588235294117647
add_edge_random,1,40,0.4411764705882353
add_edge_random,1,41,0.4117647058823529
add_edge_random,1,42,0.4117647058823529
add_edge_random,1,43,0.4117647058823529
add_edge_random,1,44,0.47058823529411764
add_edge_random,1,45,0.5
add_edge_random,1,46,0.4117647058823529
add_edge_random,1,47,0.4411764705882353
add_edge_random,1,48,0.47058823529411764
add_edge_random,1,49,0.5
add_edge_random,1,50,0.47058823529411764
add_edge_random,1,51,0.47058823529411764
add_edge_random,1,52,0.5
add_edge_random,1,53,0.4411764705882353
add_edge_random,1,54,0.5882352941176471
add_edge_random,1,55,0.4411764705882353
add_edge_random,1,56,0.35294117647058826
add_edge_random,1,57,0.38235294117647056
add_edge_random,1,58,0.35294117647058826
add_edge_random,1,59,0.5
add_edge_random,1,60,0.4411764705882353
add_edge_random,1,61,0.4117647058823529
add_edge_random,1,62,0.47058823529411764
add_edge_random,1,63,0.4411764705882353
add_edge_random,1,64,0.4411764705882353
add_edge_random,1,65,0.35294117647058826
add_edge_random,1,66,0.35294117647058826
add_edge_random,1,67,0.35294117647058826
add_edge_random,1,68,0.5294117647058824
add_edge_random,1,69,0.5
add_edge_random,1,70,0.6470588235294118
add_edge_random,1,71,0.6176470588235294
add_edge_random,1,72,0.5588235294117647
add_edge_random,1,73,0.5
add_edge_random,1,74,0.4117647058823529
add_edge_random,1,75,0.38235294117647056
add_edge_random,1,76,0.4411764705882353
add_edge_random,1,77,0.47058823529411764
add_edge_random,1,78,0.4117647058823529
add_edge_random,1,79,0.47058823529411764
add_edge_random,1,80,0.3235294117647059
add_edge_random,1,81,0.35294117647058826
add_edge_random,1,82,0.35294117647058826
add_edge_random,1,83,0.35294117647058826
add_edge_random,1,84,0.4411764705882353
add_edge_random,1,85,0.5588235294117647
add_edge_random,1,86,0.5588235294117647
add_edge_random,1,87,0.47058823529411764
add_edge_random,1,88,0.5882352941176471
add_edge_random,1,89,0.5588235294117647
add_edge_random,1,90,0.5
add_edge_random,1,91,0.47058823529411764
add_edge_random,1,92,0.4411764705882353
add_edge_random,1,93,0.5
add_edge_random,1,94,0.47058823529411764
add_edge_random,1,95,0.7647058823529411
add_edge_random,1,96,0.6176470588235294
add_edge_random,1,97,0.5294117647058824
add_edge_random,1,98,0.5588235294117647
add_edge_random,1,99,0.5588235294117647
add_edge_random,1,100,0.5882352941176471
add_edge_random,1,101,0.5294117647058824
add_edge_random,1,102,0.5294117647058824
add_edge_random,1,103,0.6176470588235294
add_edge_random,1,104,0.6764705882352942
add_edge_random,1,105,0.6764705882352942
add_edge_random,1,106,0.6470588235294118
add_edge_random,1,107,0.6470588235294118
add_edge_random,1,108,0.6176470588235294
add_edge_random,1,109,0.6764705882352942
add_edge_random,1,110,0.6764705882352942
add_edge_random,1,111,0.6176470588235294
add_edge_random,1,112,0.6470588235294118
add_edge_random,1,113,0.6176470588235294
add_edge_random,1,114,0.4117647058823529
add_edge_random,1,115,0.35294117647058826
add_edge_random,1,116,0.38235294117647056
add_edge_random,1,117,0.5294117647058824
add_edge_random,1,118,0.5882352941176471
add_edge_random,1,119,0.5588235294117647
add_edge_random,1,120,0.47058823529411764
add_edge_random,1,121,0.35294117647058826
add_edge_random,1,122,0.5
add_edge_random,1,123,0.5294117647058824
add_edge_random,1,124,0.5294117647058824
add_edge_random,1,125,0.5
add_edge_random,1,126,0.5294117647058824
add_edge_random,1,127,0.5294117647058824
add_edge_random,1,128,0.4411764705882353
add_edge_random,1,129,0.4411764705882353
add_edge_random,1,130,0.4117647058823529
add_edge_random,1,131,0.4411764705882353
add_edge_random,1,132,0.4411764705882353
add_edge_random,1,133,0.47058823529411764
add_edge_random,1,134,0.5294117647058824
add_edge_random,1,135,0.6176470588235294
add_edge_random,1,136,0.5
add_edge_random,1,137,0.47058823529411764
add_edge_random,1,138,0.4411764705882353
add_edge_random,1,139,0.4117647058823529
add_edge_random,1,140,0.38235294117647056
add_edge_random,1,141,0.47058823529411764
add_edge_random,1,142,0.5
add_edge_random,1,143,0.47058823529411764
add_edge_random,1,144,0.5
add_edge_random,1,145,0.4411764705882353
add_edge_random,1,146,0.38235294117647056
add_edge_random,1,147,0.4411764705882353
add_edge_random,1,148,0.5588235294117647
add_edge_random,1,149,0.5882352941176471
add_edge_random,1,150,0.5882352941176471
add_edge_random,2,0,0.08823529411764706
add_edge_random,2,1,0.08823529411764706
add_edge_random,2,2,0.08823529411764706
add_edge_random,2,3,0.058823529411764705
add_edge_random,2,4,0.029411764705882353
add_edge_random,2,5,0.0
add_edge_random,2,6,0.0
add_edge_random,2,7,0.0
add_edge_random,2,8,0.0
add_edge_random,2,9,0.0
add_edge_random,2,10,0.0
add_edge_random,2,11,0.0
add_edge_random,2,12,0.0
add_edge_random,2,13,0.0
add_edge_random,2,14,0.0
add_edge_random,2,15,0.0
add_edge_random,2,16,0.0
add_edge_random,2,17,0.0
add_edge_random,2,18,0.0
add_edge_random,2,19,0.0
add_edge_random,2,20,0.0
add_edge_random,2,21,0.0
add_edge_random,2,22,0.0
add_edge_random,2,23,0.0
add_edge_random,2,24,0.0
add_edge_random,2,25,0.0
add_edge_random,2,26,0.0
add_edge_random,2,27,0.0
add_edge_random,2,28,0.0
add_edge_random,2,29,0.0
add_edge_random,2,30,0.0
add_edge_random,2,31,0.0
add_edge_random,2,32,0.0
add_edge_random,2,33,0.0
add_edge_random,2,34,0.0
add_edge_random,2,35,0.0
add_edge_random,2,36,0.0
add_edge_random,2,37,0.0
add_edge_random,2,38,0.0
add_edge_random,2,39,0.0
add_edge_random,2,40,0.0
add_edge_random,2,41,0.0
add_edge_random,2,42,0.0
add_edge_random,2,43,0.0
add_edge_random,2,44,0.0
add_edge_random,2,45,0.0
add_edge_random,2,46,0.0
add_edge_random,2,47,0.0
add_edge_random,2,48,0.0
add_edge_random,2,49,0.0
add_edge_random,2,50,0.0
add_edge_random,2,51,0.0
add_edge_random,2,52,0.0
add_edge_random,2,53,0.0
add_edge_random,2,54,0.0
add_edge_random,2,55,0.0
add_edge_random,2,56,0.0
add_edge_random,2,57,0.0
add_edge_random,2,58,0.0
add_edge_random,2,59,0.0
add_edge_random,2,60,0.0
add_edge_random,2,61,0.0
add_edge_random,2,62,0.0
add_edge_random,2,63,0.0
add_edge_random,2,64,0.0
add_edge_random,2,65,0.0
add_edge_random,2,66,0.0
add_edge_random,2,67,0.0
add_edge_random,2,68,0.0
add_edge_random,2,69,0.0
add_edge_random,2,70,0.0
add_edge_random,2,71,0.0
add_edge_random,2,72,0.0
add_edge_random,2,73,0.0
add_edge_random,2,74,0.0
add_edge_random,2,75,0.0
add_edge_random,2,76,0.0
add_edge_random,2,77,0.0
add_edge_random,2,78,0.0
add_edge_random,2,79,0.0
add_edge_random,2,80,0.0
add_edge_random,2,81,0.0
add_edge_random,2,82,0.0
add_edge_random,2,83,0.0
add_edge_random,2,84,0.0
add_edge_random,2,85,0.0
add_edge_random,2,86,0.0
add_edge_random,2,87,0.0
add_edge_random,2,88,0.0
add_edge_random,2,89,0.0
add_edge_random,2,90,0.0
add_edge_random,2,91,0.0
add_edge_random,2,92,0.0
add_edge_random,2,93,0.0
add_edge_random,2,94,0.0
add_edge_random,2,95,0.0
add_edge_random,2,96,0.0
add_edge_random,2,97,0.0
add_edge_random,2,98,0.0
add_edge_random,2,99,0.0
add_edge_random,2,100,0.0
add_edge_random,2,101,0.0
add_edge_random,2,102,0.0
add_edge_random,2,103,0.0
add_edge_random,2,104,0.0
add_edge_random,2,105,0.0
add_edge_random,2,106,0.0
add_edge_random,2,107,0.0
add_edge_random,2,108,0.0
add_edge_random,2,109,0.0
add_edge_random,2,110,0.0
add_edge_random,2,111,0.0
add_edge_random,2,112,0.0
add_edge_random,2,113,0.0
add_edge_random,2,114,0.0
add_edge_random,2,115,0.0
add_edge_random,2,116,0.0
add_edge_random,2,117,0.0
add_edge_random,2,118,0.0
add_edge_random,2,119,0.0
add_edge_random,2,120,0.0
add_edge_random,2,121,0.0
add_edge_random,2,122,0.0
add_edge_random,2,123,0.0
add_edge_random,2,124,0.0
add_edge_random,2,125,0.0
add_edge_random,2,126,0.0
add_edge_random,2,127,0.0
add_edge_random,2,128,0.0
add_edge_random,2,129,0.0
add_edge_random,2,130,0.0
add_edge_random,2,131,0.0
add_edge_random,2,132,0.0
add_edge_random,2,133,0.0
add_edge_random,2,134,0.0
add_edge_random,2,135,0.0
add_edge_random,2,136,0.0
add_edge_random,2,137,0.0
add_edge_random,2,138,0.0
add_edge_random,2,139,0.0
add_edge_random,2,140,0.0
add_edge_random,2,141,0.0
add_edge_random,2,142,0.0
add_edge_random,2,143,0.0
add_edge_random,2,144,0.0
add_edge_random,2,145,0.0
add_edge_random,2,146,0.0
add_edge_random,2,147,0.0
add_edge_random,2,148,0.0
add_edge_random,2,149,0.0
add_edge_random,2,150,0.0
add_edge_random,3,0,0.08823529411764706
add_edge_random,3,1,0.08823529411764706
add_edge_random,3,2,0.14705882352941177
add_edge_random,3,3,0.08823529411764706
add_edge_random,3,4,0.029411764705882353
add_edge_random,3,5,0.029411764705882353
add_edge_random,3,6,0.058823529411764705
add_edge_random,3,7,0.058823529411764705
add_edge_random,3,8,0.11764705882352941
add_edge_random,3,9,0.17647058823529413
add_edge_random,3,10,0.20588235294117646
add_edge_random,3,11,0.29411764705882354
add_edge_random,3,12,0.29411764705882354
add_edge_random,3,13,0.35294117647058826
add_edge_random,3,14,0.47058823529411764
add_edge_random,3,15,0.4411764705882353
add_edge_random,3,16,0.38235294117647056
add_edge_random,3,17,0.38235294117647056
add_edge_random,3,18,0.5294117647058824
add_edge_random,3,19,0.6764705882352942
add_edge_random,3,20,0.6176470588235294
add_edge_random,3,21,0.47058823529411764
add_edge_random,3,22,0.5
add_edge_random,3,23,0.5588235294117647
add_edge_random,3,24,0.4117647058823529
add_edge_random,3,25,0.3235294117647059
add_edge_random,3,26,0.29411764705882354
add_edge_random,3,27,0.3235294117647059
add_edge_random,3,28,0.29411764705882354
add_edge_random,3,29,0.29411764705882354
add_edge_random,3,30,0.3235294117647059
add_edge_random,3,31,0.29411764705882354
add_edge_random,3,32,0.3235294117647059
add_edge_random,3,33,0.29411764705882354
add_edge_random,3,34,0.4411764705882353
add_edge_random,3,35,0.47058823529411764
add_edge_random,3,36,0.4411764705882353
add_edge_random,3,37,0.38235294117647056
add_edge_random,3,38,0.38235294117647056
add_edge_random,3,39,0.4117647058823529
add_edge_random,3,40,0.47058823529411764
add_edge_random,3,41,0.47058823529411764
add_edge_random,3,42,0.47058823529411764
add_edge_random,3,43,0.4117647058823529
add_edge_random,3,44,0.4117647058823529
add_edge_random,3,45,0.4411764705882353
add_edge_random,3,46,0.4411764705882353
add_edge_random,3,47,0.35294117647058826
add_edge_random,3,48,0.3235294117647059
add_edge_random,3,49,0.35294117647058826
add_edge_random,3,50,0.35294117647058826
add_edge_random,3,51,0.38235294117647056
add_edge_random,3,52,0.4117647058823529
add_edge_random,3,53,0.47058823529411764
add_edge_random,3,54,0.4117647058823529
add_edge_random,3,55,0.3235294117647059
add_edge_random,3,56,0.35294117647058826
add_edge_random,3,57,0.35294117647058826
add_edge_random,3,58,0.3235294117647059
add_edge_random,3,59,0.29411764705882354
add_edge_random,3,60,0.35294117647058826
add_edge_random,3,61,0.3235294117647059
add_edge_random,3,62,0.23529411764705882
add_edge_random,3,63,0.23529411764705882
add_edge_random,3,64,0.3235294117647059
add_edge_random,3,65,0.4411764705882353
add_edge_random,3,66,0.4411764705882353
add_edge_random,3,67,0.5294117647058824
add_edge_random,3,68,0.5294117647058824
add_edge_random,3,69,0.5882352941176471
add_edge_random,3,70,0.6470588235294118
add_edge_random,3,71,0.5882352941176471
add_edge_random,3,72,0.4411764705882353
add_edge_random,3,73,0.47058823529411764
add_edge_random,3,74,0.4411764705882353
add_edge_random,3,75,0.5
add_edge_random,3,76,0.35294117647058826
add_edge_random,3,77,0.38235294117647056
add_edge_random,3,78,0.4411764705882353
add_edge_random,3,79,0.5
add_edge_random,3,80,0.47058823529411764
add_edge_random,3,81,0.5588235294117647
add_edge_random,3,82,0.5
add_edge_random,3,83,0.6470588235294118
add_edge_random,3,84,0.47058823529411764
add_edge_random,3,85,0.5588235294117647
add_edge_random,3,86,0.5588235294117647
add_edge_random,3,87,0.35294117647058826
add_edge_random,3,88,0.38235294117647056
add_edge_random,3,89,0.3235294117647059
add_edge_random,3,90,0.4117647058823529
add_edge_random,3,91,0.3235294117647059
add_edge_random,3,92,0.2647058823529412
add_edge_random,3,93,0.29411764705882354
add_edge_random,3,94,0.20588235294117646
add_edge_random,3,95,0.14705882352941177
add_edge_random,3,96,0.20588235294117646
add_edge_random,3,97,0.17647058823529413
add_edge_random,3,98,0.20588235294117646
add_edge_random,3,99,0.17647058823529413
add_edge_random,3,100,0.2647058823529412
add_edge_random,3,101,0.23529411764705882
add_edge_random,3,102,0.2647058823529412
add_edge_random,3,103,0.35294117647058826
add_edge_random,3,104,0.35294117647058826
add_edge_random,3,105,0.38235294117647056
add_edge_random,3,106,0.5294117647058824
add_edge_random,3,107,0.5588235294117647
add_edge_random,3,108,0.47058823529411764
add_edge_random,3,109,0.3235294117647059
add_edge_random,3,110,0.4117647058823529
add_edge_random,3,111,0.4117647058823529
add_edge_random,3,112,0.4411764705882353
add_edge_random,3,113,0.4117647058823529
add_edge_random,3,114,0.47058823529411764
add_edge_random,3,115,0.47058823529411764
add_edge_random,3,116,0.5882352941176471
add_edge_random,3,117,0.4411764705882353
add_edge_random,3,118,0.5588235294117647
add_edge_random,3,119,0.5588235294117647
add_edge_random,3,120,0.47058823529411764
add_edge_random,3,121,0.5294117647058824
add_edge_random,3,122,0.5
add_edge_random,3,123,0.47058823529411764
add_edge_random,3,124,0.4117647058823529
add_edge_random,3,125,0.3235294117647059
add_edge_random,3,126,0.3235294117647059
add_edge_random,3,127,0.35294117647058826
add_edge_random,3,128,0.35294117647058826
add_edge_random,3,129,0.4117647058823529
add_edge_random,3,130,0.5
add_edge_random,3,131,0.5588235294117647
add_edge_random,3,132,0.5882352941176471
add_edge_random,3,133,0.6176470588235294
add_edge_random,3,134,0.6176470588235294
add_edge_random,3,135,0.5
add_edge_random,3,136,0.5
add_edge_random,3,137,0.47058823529411764
add_edge_random,3,138,0.4411764705882353
add_edge_random,3,139,0.4411764705882353
add_edge_random,3,140,0.47058823529411764
add_edge_random,3,141,0.5294117647058824
add_edge_random,3,142,0.5588235294117647
add_edge_random,3,143,0.5588235294117647
add_edge_random,3,144,0.5294117647058824
add_edge_random,3,145,0.4117647058823529
add_edge_random,3,146,0.4411764705882353
add_edge_random,3,147,0.4411764705882353
add_edge_random,3,148,0.5294117647058824
add_edge_random,3,149,0.47058823529411764
add_edge_random,3,150,0.35294117647058826
add_edge_random,4,0,0.08823529411764706
add_edge_random,4,1,0.08823529411764706
add_edge_random,4,2,0.08823529411764706
add_edge_random,4,3,0.08823529411764706
add_edge_random,4,4,0.14705882352941177
add_edge_random,4,5,0.20588235294117646
add_edge_random,4,6,0.2647058823529412
add_edge_random,4,7,0.3235294117647059
add_edge_random,4,8,0.38235294117647056
add_edge_random,4,9,0.4411764705882353
add_edge_random,4,10,0.5294117647058824
add_edge_random,4,11,0.47058823529411764
add_edge_random,4,12,0.5294117647058824
add_edge_random,4,13,0.5294117647058824
add_edge_random,4,14,0.5
add_edge_random,4,15,0.3235294117647059
add_edge_random,4,16,0.47058823529411764
add_edge_random,4,17,0.47058823529411764
add_edge_random,4,18,0.6176470588235294
add_edge_random,4,19,0.5882352941176471
add_edge_random,4,20,0.5588235294117647
add_edge_random,4,21,0.5294117647058824
add_edge_random,4,22,0.47058823529411764
add_edge_random,4,23,0.4411764705882353
add_edge_random,4,24,0.38235294117647056
add_edge_random,4,25,0.2647058823529412
add_edge_random,4,26,0.3235294117647059
add_edge_random,4,27,0.38235294117647056
add_edge_random,4,28,0.38235294117647056
add_edge_random,4,29,0.38235294117647056
add_edge_random,4,30,0.38235294117647056
add_edge_random,4,31,0.35294117647058826
add_edge_random,4,32,0.2647058823529412
add_edge_random,4,33,0.38235294117647056
add_edge_random,4,34,0.4117647058823529
add_edge_random,4,35,0.4117647058823529
add_edge_random,4,36,0.4117647058823529
add_edge_random,4,37,0.35294117647058826
add_edge_random,4,38,0.35294117647058826
add_edge_random,4,39,0.29411764705882354
add_edge_random,4,40,0.3235294117647059
add_edge_random,4,41,0.38235294117647056
add_edge_random,4,42,0.5588235294117647
add_edge_random,4,43,0.5588235294117647
add_edge_random,4,44,0.6764705882352942
add_edge_random,4,45,0.5588235294117647
add_edge_random,4,46,0.47058823529411764
add_edge_random,4,47,0.4411764705882353
add_edge_random,4,48,0.47058823529411764
add_edge_random,4,49,0.4117647058823529
add_edge_random,4,50,0.4411764705882353
add_edge_random,4,51,0.4411764705882353
add_edge_random,4,52,0.35294117647058826
add_edge_random,4,53,0.3235294117647059
add_edge_random,4,54,0.38235294117647056
add_edge_random,4,55,0.38235294117647056
add_edge_random,4,56,0.2647058823529412
add_edge_random,4,57,0.35294117647058826
add_edge_random,4,58,0.3235294117647059
add_edge_random,4,59,0.4117647058823529
add_edge_random,4,60,0.4411764705882353
add_edge_random,4,61,0.38235294117647056
add_edge_random,4,62,0.35294117647058826
add_edge_random,4,63,0.35294117647058826
add_edge_random,4,64,0.4117647058823529
add_edge_random,4,65,0.38235294117647056
add_edge_random,4,66,0.23529411764705882
add_edge_random,4,67,0.29411764705882354
add_edge_random,4,68,0.35294117647058826
add_edge_random,4,69,0.38235294117647056
add_edge_random,4,70,0.5
add_edge_random,4,71,0.5
add_edge_random,4,72,0.5294117647058824
add_edge_random,4,73,0.5294117647058824
add_edge_random,4,74,0.38235294117647056
add_edge_random,4,75,0.4411764705882353
add_edge_random,4,76,0.3235294117647059
add_edge_random,4,77,0.4117647058823529
add_edge_random,4,78,0.4117647058823529
add_edge_random,4,79,0.35294117647058826
add_edge_random,4,80,0.3235294117647059
add_edge_random,4,81,0.3235294117647059
add_edge_random,4,82,0.35294117647058826
add_edge_random,4,83,0.4411764705882353
add_edge_random,4,84,0.5
add_edge_random,4,85,0.47058823529411764
add_edge_random,4,86,0.5
add_edge_random,4,87,0.5882352941176471
add_edge_random,4,88,0.5588235294117647
add_edge_random,4,89,0.5588235294117647
add_edge_random,4,90,0.38235294117647056
add_edge_random,4,91,0.4117647058823529
add_edge_random,4,92,0.29411764705882354
add_edge_random,4,93,0.35294117647058826
add_edge_random,4,94,0.4117647058823529
add_edge_random,4,95,0.3235294117647059
add_edge_random,4,96,0.35294117647058826
add_edge_random,4,97,0.3235294117647059
add_edge_random,4,98,0.38235294117647056
add_edge_random,4,99,0.2647058823529412
add_edge_random,4,100,0.3235294117647059
add_edge_random,4,101,0.2647058823529412
add_edge_random,4,102,0.29411764705882354
add_edge_random,4,103,0.20588235294117646
add_edge_random,4,104,0.2647058823529412
add_edge_random,4,105,0.23529411764705882
add_edge_random,4,106,0.2647058823529412
add_edge_random,4,107,0.29411764705882354
add_edge_random,4,108,0.29411764705882354
add_edge_random,4,109,0.29411764705882354
add_edge_random,4,110,0.23529411764705882
add_edge_random,4,111,0.29411764705882354
add_edge_random,4,112,0.2647058823529412
add_edge_random,4,113,0.35294117647058826
add_edge_random,4,114,0.38235294117647056
add_edge_random,4,115,0.35294117647058826
add_edge_random,4,116,0.47058823529411764
add_edge_random,4,117,0.47058823529411764
add_edge_random,4,118,0.4117647058823529
add_edge_random,4,119,0.4411764705882353
add_edge_random,4,120,0.5
add_edge_random,4,121,0.4411764705882353
add_edge_random,4,122,0.38235294117647056
add_edge_random,4,123,0.38235294117647056
add_edge_random,4,124,0.35294117647058826
add_edge_random,4,125,0.38235294117647056
add_edge_random,4,126,0.4117647058823529
add_edge_random,4,127,0.3235294117647059
add_edge_random,4,128,0.38235294117647056
add_edge_random,4,129,0.38235294117647056
add_edge_random,4,130,0.29411764705882354
add_edge_random,4,131,0.4411764705882353
add_edge_random,4,132,0.4411764705882353
add_edge_random,4,133,0.38235294117647056
add_edge_random,4,134,0.5294117647058824
add_edge_random,4,135,0.5
add_edge_random,4,136,0.5294117647058824
add_edge_random,4,137,0.6764705882352942
add_edge_random,4,138,0.5882352941176471
add_edge_random,4,139,0.5
add_edge_random,4,140,0.4117647058823529
add_edge_random,4,141,0.4117647058823529
add_edge_random,4,142,0.47058823529411764
add_edge_random,4,143,0.5
add_edge_random,4,144,0.4411764705882353
add_edge_random,4,145,0.2647058823529412
add_edge_random,4,146,0.29411764705882354
add_edge_random,4,147,0.14705882352941177
add_edge_random,4,148,0.14705882352941177
add_edge_random,4,149,0.17647058823529413
add_edge_random,4,150,0.17647058823529413
add_edge_random,5,0,0.08823529411764706
add_edge_random,5,1,0.08823529411764706
add_edge_random,5,2,0.058823529411764705
add_edge_random,5,3,0.0
add_edge_random,5,4,0.0
add_edge_random,5,5,0.0
add_edge_random,5,6,0.0
add_edge_random,5,7,0.0
add_edge_random,5,8,0.0
add_edge_random,5,9,0.0
add_edge_random,5,10,0.0
add_edge_random,5,11,0.0
add_edge_random,5,12,0.0
add_edge_random,5,13,0.0
add_edge_random,5,14,0.0
add_edge_random,5,15,0.0
add_edge_random,5,16,0.0
add_edge_random,5,17,0.0
add_edge_random,5,18,0.0
add_edge_random,5,19,0.0
add_edge_random,5,20,0.0
add_edge_random,5,21,0.0
add_edge_random,5,22,0.0
add_edge_random,5,23,0.0
add_edge_random,5,24,0.0
add_edge_random,5,25,0.0
add_edge_random,5,26,0.0
add_edge_random,5,27,0.0
add_edge_random,5,28,0.0
add_edge_random,5,29,0.0
add_edge_random,5,30,0.0
add_edge_random,5,31,0.0
add_edge_random,5,32,0.0
add_edge_random,5,33,0.0
add_edge_random,5,34,0.0
add_edge_random,5,35,0.0
add_edge_random,5,36,0.0
add_edge_random,5,37,0.0
add_edge_random,5,38,0.0
add_edge_random,5,39,0.0
add_edge_random,5,40,0.0
add_edge_random,5,41,0.0
add_edge_random,5,42,0.0
add_edge_random,5,43,0.0
add_edge_random,5,44,0.0
add_edge_random,5,45,0.0
add_edge_random,5,46,0.0
add_edge_random,5,47,0.0
add_edge_random,5,48,0.0
add_edge_random,5,49,0.0
add_edge_random,5,50,0.0
add_edge_random,5,51,0.0
add_edge_random,5,52,0.0
add_edge_random,5,53,0.0
add_edge_random,5,54,0.0
add_edge_random,5,55,0.0
add_edge_random,5,56,0.0
add_edge_random,5,57,0.0
add_edge_random,5,58,0.0
add_edge_random,5,59,0.0
add_edge_random,5,60,0.0
add_edge_random,5,61,0.0
add_edge_random,5,62,0.0
add_edge_random,5,63,0.0
add_edge_random,5,64,0.0
add_edge_random,5,65,0.0
add_edge_random,5,66,0.0
add_edge_random,5,67,0.0
add_edge_random,5,68,0.0
add_edge_random,5,69,0.0
add_edge_random,5,70,0.0
add_edge_random,5,71,0.0
add_edge_random,5,72,0.0
add_edge_random,5,73,0.0
add_edge_random,5,74,0.0
add_edge_random,5,75,0.0
add_edge_random,5,76,0.0
add_edge_random,5,77,0.0
add_edge_random,5,78,0.0
add_edge_random,5,79,0.0
add_edge_random,5,80,0.0
add_edge_random,5,81,0.0
add_edge_random,5,82,0.0
add_edge_random,5,83,0.0
add_edge_random,5,84,0.0
add_edge_random,5,85,0.0
add_edge_random,5,86,0.0
add_edge_random,5,87,0.0
add_edge_random,5,88,0.0
add_edge_random,5,89,0.0
add_edge_random,5,90,0.0
add_edge_random,5,91,0.0
add_edge_random,5,92,0.0
add_edge_random,5,93,0.0
add_edge_random,5,94,0.0
add_edge_random,5,95,0.0
add_edge_random,5,96,0.0
add_edge_random,5,97,0.0
add_edge_random,5,98,0.0
add_edge_random,5,99,0.0
add_edge_random,5,100,0.0
add_edge_random,5,101,0.0
add_edge_random,5,102,0.0
add_edge_random,5,103,0.0
add_edge_random,5,104,0.0
add_edge_random,5,105,0.0
add_edge_random,5,106,0.0
add_edge_random,5,107,0.0
add_edge_random,5,108,0.0
add_edge_random,5,109,0.0
add_edge_random,5,110,0.0
add_edge_random,5,111,0.0
add_edge_random,5,112,0.0
add_edge_random,5,113,0.0
add_edge_random,5,114,0.0
add_edge_random,5,115,0.0
add_edge_random,5,116,0.0
add_edge_random,5,117,0.0
add_edge_random,5,118,0.0
add_edge_random,5,119,0.0
add_edge_random,5,120,0.0
add_edge_random,5,121,0.0
add_edge_random,5,122,0.0
add_edge_random,5,123,0.0
add_edge_random,5,124,0.0
add_edge_random,5,125,0.0
add_edge_random,5,126,0.0
add_edge_random,5,127,0.0
add_edge_random,5,128,0.0
add_edge_random,5,129,0.0
add_edge_random,5,130,0.0
add_edge_random,5,131,0.0
add_edge_random,5,132,0.0
add_edge_random,5,133,0.0
add_edge_random,5,134,0.0
add_edge_random,5,135,0.0
add_edge_random,5,136,0.0
add_edge_random,5,137,0.0
add_edge_random,5,138,0.0
add_edge_random,5,139,0.0
add_edge_random,5,140,0.0
add_edge_random,5,141,0.0
add_edge_random,5,142,0.0
add_edge_random,5,143,0.0
add_edge_random,5,144,0.0
add_edge_random,5,145,0.0
add_edge_random,5,146,0.0
add_edge_random,5,147,0.0
add_edge_random,5,148,0.0
add_edge_random,5,149,0.0
add_edge_random,5,150,0.0
add_edge_random,6,0,0.08823529411764706
add_edge_random,6,1,0.17647058823529413
add_edge_random,6,2,0.23529411764705882
add_edge_random,6,3,0.29411764705882354
add_edge_random,6,4,0.47058823529411764
add_edge_random,6,5,0.47058823529411764
add_edge_random,6,6,0.4117647058823529
add_edge_random,6,7,0.47058823529411764
add_edge_random,6,8,0.6176470588235294
add_edge_random,6,9,0.6176470588235294
add_edge_random,6,10,0.6470588235294118
add_edge_random,6,11,0.7058823529411765
add_edge_random,6,12,0.6764705882352942
add_edge_random,6,13,0.7058823529411765
add_edge_random,6,14,0.6176470588235294
add_edge_random,6,15,0.6176470588235294
add_edge_random,6,16,0.5
add_edge_random,6,17,0.47058823529411764
add_edge_random,6,18,0.4411764705882353
add_edge_random,6,19,0.4117647058823529
add_edge_random,6,20,0.4117647058823529
add_edge_random,6,21,0.3235294117647059
add_edge_random,6,22,0.35294117647058826
add_edge_random,6,23,0.4411764705882353
add_edge_random,6,24,0.47058823529411764
add_edge_random,6,25,0.4411764705882353
add_edge_random,6,26,0.5
add_edge_random,6,27,0.4411764705882353
add_edge_random,6,28,0.47058823529411764
add_edge_random,6,29,0.5294117647058824
add_edge_random,6,30,0.5294117647058824
add_edge_random,6,31,0.5294117647058824
add_edge_random,6,32,0.5
add_edge_random,6,33,0.5294117647058824
add_edge_random,6,34,0.5
add_edge_random,6,35,0.38235294117647056
add_edge_random,6,36,0.5
add_edge_random,6,37,0.4411764705882353
add_edge_random,6,38,0.5588235294117647
add_edge_random,6,39,0.5882352941176471
add_edge_random,6,40,0.5294117647058824
add_edge_random,6,41,0.5294117647058824
add_edge_random,6,42,0.5882352941176471
add_edge_random,6,43,0.5294117647058824
add_edge_random,6,44,0.5
add_edge_random,6,45,0.5
add_edge_random,6,46,0.47058823529411764
add_edge_random,6,47,0.6176470588235294
add_edge_random,6,48,0.47058823529411764
add_edge_random,6,49,0.5588235294117647
add_edge_random,6,50,0.47058823529411764
add_edge_random,6,51,0.38235294117647056
add_edge_random,6,52,0.3235294117647059
add_edge_random,6,53,0.4117647058823529
add_edge_random,6,54,0.38235294117647056
add_edge_random,6,55,0.38235294117647056
add_edge_random,6,56,0.35294117647058826
add_edge_random,6,57,0.5294117647058824
add_edge_random,6,58,0.5294117647058824
add_edge_random,6,59,0.5882352941176471
add_edge_random,6,60,0.5588235294117647
add_edge_random,6,61,0.5588235294117647
add_edge_random,6,62,0.4411764705882353
add_edge_random,6,63,0.4411764705882353
add_edge_random,6,64,0.47058823529411764
add_edge_random,6,65,0.47058823529411764
add_edge_random,6,66,0.4117647058823529
add_edge_random,6,67,0.38235294117647056
add_edge_random,6,68,0.38235294117647056
add_edge_random,6,69,0.4411764705882353
add_edge_random,6,70,0.5
add_edge_random,6,71,0.47058823529411764
add_edge_random,6,72,0.6176470588235294
add_edge_random,6,73,0.7352941176470589
add_edge_random,6,74,0.5882352941176471
add_edge_random,6,75,0.5588235294117647
add_edge_random,6,76,0.47058823529411764
add_edge_random,6,77,0.5588235294117647
add_edge_random,6,78,0.5882352941176471
add_edge_random,6,79,0.6176470588235294
add_edge_random,6,80,0.6764705882352942
add_edge_random,6,81,0.6764705882352942
add_edge_random,6,82,0.6470588235294118
add_edge_random,6,83,0.6764705882352942
add_edge_random,6,84,0.5294117647058824
add_edge_random,6,85,0.5
add_edge_random,6,86,0.5294117647058824
add_edge_random,6,87,0.5
add_edge_random,6,88,0.4117647058823529
add_edge_random,6,89,0.47058823529411764
add_edge_random,6,90,0.3235294117647059
add_edge_random,6,91,0.5
add_edge_random,6,92,0.4411764705882353
add_edge_random,6,93,0.4411764705882353
add_edge_random,6,94,0.38235294117647056
add_edge_random,6,95,0.38235294117647056
add_edge_random,6,96,0.38235294117647056
add_edge_random,6,97,0.3235294117647059
add_edge_random,6,98,0.38235294117647056
add_edge_random,6,99,0.47058823529411764
add_edge_random,6,100,0.5294117647058824
add_edge_random,6,101,0.6176470588235294
add_edge_random,6,102,0.5588235294117647
add_edge_random,6,103,0.5294117647058824
add_edge_random,6,104,0.47058823529411764
add_edge_random,6,105,0.5294117647058824
add_edge_random,6,106,0.47058823529411764
add_edge_random,6,107,0.5
add_edge_random,6,108,0.4411764705882353
add_edge_random,6,109,0.47058823529411764
add_edge_random,6,110,0.47058823529411764
add_edge_random,6,111,0.4117647058823529
add_edge_random,6,112,0.38235294117647056
add_edge_random,6,113,0.35294117647058826
add_edge_random,6,114,0.38235294117647056
add_edge_random,6,115,0.4411764705882353
add_edge_random,6,116,0.47058823529411764
add_edge_random,6,117,0.5
add_edge_random,6,118,0.5588235294117647
add_edge_random,6,119,0.6764705882352942
add_edge_random,6,120,0.5588235294117647
add_edge_random,6,121,0.6176470588235294
add_edge_random,6,122,0.5294117647058824
add_edge_random,6,123,0.5294117647058824
add_edge_random,6,124,0.5
add_edge_random,6,125,0.47058823529411764
add_edge_random,6,126,0.5
add_edge_random,6,127,0.4117647058823529
add_edge_random,6,128,0.47058823529411764
add_edge_random,6,129,0.6470588235294118
add_edge_random,6,130,0.5588235294117647
add_edge_random,6,131,0.5
add_edge_random,6,132,0.4117647058823529
add_edge_random,6,133,0.3235294117647059
add_edge_random,6,134,0.47058823529411764
add_edge_random,6,135,0.38235294117647056
add_edge_random,6,136,0.35294117647058826
add_edge_random,6,137,0.29411764705882354
add_edge_random,6,138,0.35294117647058826
add_edge_random,6,139,0.38235294117647056
add_edge_random,6,140,0.35294117647058826
add_edge_random,6,141,0.4117647058823529
add_edge_random,6,142,0.4117647058823529
add_edge_random,6,143,0.5588235294117647
add_edge_random,6,144,0.5294117647058824
add_edge_random,6,145,0.5294117647058824
add_edge_random,6,146,0.4411764705882353
add_edge_random,6,147,0.35294117647058826
add_edge_random,6,148,0.4117647058823529
add_edge_random,6,149,0.4117647058823529
add_edge_random,6,150,0.4411764705882353
add_edge_random,7,0,0.08823529411764706
add_edge_random,7,1,0.058823529411764705
add_edge_random,7,2,0.029411764705882353
add_edge_random,7,3,0.029411764705882353
add_edge_random,7,4,0.029411764705882353
add_edge_random,7,5,0.08823529411764706
add_edge_random,7,6,0.20588235294117646
add_edge_random,7,7,0.35294117647058826
add_edge_random,7,8,0.29411764705882354
add_edge_random,7,9,0.29411764705882354
add_edge_random,7,10,0.47058823529411764
add_edge_random,7,11,0.47058823529411764
add_edge_random,7,12,0.4411764705882353
add_edge_random,7,13,0.47058823529411764
add_edge_random,7,14,0.38235294117647056
add_edge_random,7,15,0.5
add_edge_random,7,16,0.4411764705882353
add_edge_random,7,17,0.47058823529411764
add_edge_random,7,18,0.5
add_edge_random,7,19,0.5588235294117647
add_edge_random,7,20,0.5
add_edge_random,7,21,0.47058823529411764
add_edge_random,7,22,0.47058823529411764
add_edge_random,7,23,0.47058823529411764
add_edge_random,7,24,0.4117647058823529
add_edge_random,7,25,0.38235294117647056
add_edge_random,7,26,0.5
add_edge_random,7,27,0.5
add_edge_random,7,28,0.5588235294117647
add_edge_random,7,29,0.4117647058823529
add_edge_random,7,30,0.5294117647058824
add_edge_random,7,31,0.4411764705882353
add_edge_random,7,32,0.4411764705882353
add_edge_random,7,33,0.4411764705882353
add_edge_random,7,34,0.4117647058823529
add_edge_random,7,35,0.4411764705882353
add_edge_random,7,36,0.47058823529411764
add_edge_random,7,37,0.5
add_edge_random,7,38,0.4411764705882353
add_edge_random,7,39,0.4411764705882353
add_edge_random,7,40,0.47058823529411764
add_edge_random,7,41,0.35294117647058826
add_edge_random,7,42,0.4117647058823529
add_edge_random,7,43,0.5
add_edge_random,7,44,0.4117647058823529
add_edge_random,7,45,0.38235294117647056
add_edge_random,7,46,0.4411764705882353
add_edge_random,7,47,0.47058823529411764
add_edge_random,7,48,0.4117647058823529
add_edge_random,7,49,0.47058823529411764
add_edge_random,7,50,0.47058823529411764
add_edge_random,7,51,0.5
add_edge_random,7,52,0.5
add_edge_random,7,53,0.4117647058823529
add_edge_random,7,54,0.3235294117647059
add_edge_random,7,55,0.3235294117647059
add_edge_random,7,56,0.35294117647058826
add_edge_random,7,57,0.4117647058823529
add_edge_random,7,58,0.3235294117647059
add_edge_random,7,59,0.3235294117647059
add_edge_random,7,60,0.3235294117647059
add_edge_random,7,61,0.4117647058823529
add_edge_random,7,62,0.35294117647058826
add_edge_random,7,63,0.2647058823529412
add_edge_random,7,64,0.23529411764705882
add_edge_random,7,65,0.4411764705882353
add_edge_random,7,66,0.38235294117647056
add_edge_random,7,67,0.35294117647058826
add_edge_random,7,68,0.38235294117647056
add_edge_random,7,69,0.35294117647058826
add_edge_random,7,70,0.3235294117647059
add_edge_random,7,71,0.35294117647058826
add_edge_random,7,72,0.3235294117647059
add_edge_random,7,73,0.35294117647058826
add_edge_random,7,74,0.38235294117647056
add_edge_random,7,75,0.47058823529411764
add_edge_random,7,76,0.4411764705882353
add_edge_random,7,77,0.5882352941176471
add_edge_random,7,78,0.5882352941176471
add_edge_random,7,79,0.47058823529411764
add_edge_random,7,80,0.38235294117647056
add_edge_random,7,81,0.4117647058823529
add_edge_random,7,82,0.38235294117647056
add_edge_random,7,83,0.5
add_edge_random,7,84,0.47058823529411764
add_edge_random,7,85,0.4411764705882353
add_edge_random,7,86,0.4411764705882353
add_edge_random,7,87,0.38235294117647056
add_edge_random,7,88,0.20588235294117646
add_edge_random,7,89,0.11764705882352941
add_edge_random,7,90,0.20588235294117646
add_edge_random,7,91,0.17647058823529413
add_edge_random,7,92,0.20588235294117646
add_edge_random,7,93,0.14705882352941177
add_edge_random,7,94,0.17647058823529413
add_edge_random,7,95,0.23529411764705882
add_edge_random,7,96,0.20588235294117646
add_edge_random,7,97,0.3235294117647059
add_edge_random,7,98,0.29411764705882354
add_edge_random,7,99,0.29411764705882354
add_edge_random,7,100,0.29411764705882354
add_edge_random,7,101,0.20588235294117646
add_edge_random,7,102,0.20588235294117646
add_edge_random,7,103,0.14705882352941177
add_edge_random,7,104,0.2647058823529412
add_edge_random,7,105,0.29411764705882354
add_edge_random,7,106,0.20588235294117646
add_edge_random,7,107,0.2647058823529412
add_edge_random,7,108,0.38235294117647056
add_edge_random,7,109,0.38235294117647056
add_edge_random,7,110,0.38235294117647056
add_edge_random,7,111,0.3235294117647059
add_edge_random,7,112,0.29411764705882354
add_edge_random,7,113,0.4117647058823529
add_edge_random,7,114,0.4411764705882353
add_edge_random,7,115,0.5
add_edge_random,7,116,0.47058823529411764
add_edge_random,7,117,0.38235294117647056
add_edge_random,7,118,0.38235294117647056
add_edge_random,7,119,0.4411764705882353
add_edge_random,7,120,0.5
add_edge_random,7,121,0.5
add_edge_random,7,122,0.5294117647058824
add_edge_random,7,123,0.47058823529411764
add_edge_random,7,124,0.38235294117647056
add_edge_random,7,125,0.3235294117647059
add_edge_random,7,126,0.5588235294117647
add_edge_random,7,127,0.5882352941176471
add_edge_random,7,128,0.47058823529411764
add_edge_random,7,129,0.5294117647058824
add_edge_random,7,130,0.38235294117647056
add_edge_random,7,131,0.35294117647058826
add_edge_random,7,132,0.4117647058823529
add_edge_random,7,133,0.5
add_edge_random,7,134,0.5294117647058824
add_edge_random,7,135,0.5294117647058824
add_edge_random,7,136,0.6176470588235294
add_edge_random,7,137,0.6176470588235294
add_edge_random,7,138,0.4411764705882353
add_edge_random,7,139,0.4117647058823529
add_edge_random,7,140,0.4117647058823529
add_edge_random,7,141,0.4117647058823529
add_edge_random,7,142,0.38235294117647056
add_edge_random,7,143,0.4117647058823529
add_edge_random,7,144,0.3235294117647059
add_edge_random,7,145,0.29411764705882354
add_edge_random,7,146,0.29411764705882354
add_edge_random,7,147,0.3235294117647059
add_edge_random,7,148,0.3235294117647059
add_edge_random,7,149,0.35294117647058826
add_edge_random,7,150,0.29411764705882354
add_edge_random,8,0,0.08823529411764706
add_edge_random,8,1,0.11764705882352941
add_edge_random,8,2,0.17647058823529413
add_edge_random,8,3,0.17647058823529413
add_edge_random,8,4,0.17647058823529413
add_edge_random,8,5,0.17647058823529413
add_edge_random,8,6,0.17647058823529413
add_edge_random,8,7,0.23529411764705882
add_edge_random,8,8,0.2647058823529412
add_edge_random,8,9,0.3235294117647059
add_edge_random,8,10,0.3235294117647059
add_edge_random,8,11,0.29411764705882354
add_edge_random,8,12,0.3235294117647059
add_edge_random,8,13,0.2647058823529412
add_edge_random,8,14,0.2647058823529412
add_edge_random,8,15,0.3235294117647059
add_edge_random,8,16,0.29411764705882354
add_edge_random,8,17,0.3235294117647059
add_edge_random,8,18,0.2647058823529412
add_edge_random,8,19,0.2647058823529412
add_edge_random,8,20,0.29411764705882354
add_edge_random,8,21,0.4117647058823529
add_edge_random,8,22,0.4411764705882353
add_edge_random,8,23,0.5
add_edge_random,8,24,0.5294117647058824
add_edge_random,8,25,0.47058823529411764
add_edge_random,8,26,0.47058823529411764
add_edge_random,8,27,0.38235294117647056
add_edge_random,8,28,0.4117647058823529
add_edge_random,8,29,0.38235294117647056
add_edge_random,8,30,0.35294117647058826
add_edge_random,8,31,0.29411764705882354
add_edge_random,8,32,0.47058823529411764
add_edge_random,8,33,0.4117647058823529
add_edge_random,8,34,0.35294117647058826
add_edge_random,8,35,0.38235294117647056
add_edge_random,8,36,0.4117647058823529
add_edge_random,8,37,0.5
add_edge_random,8,38,0.5
add_edge_random,8,39,0.5
add_edge_random,8,40,0.5294117647058824
add_edge_random,8,41,0.4117647058823529
add_edge_random,8,42,0.4117647058823529
add_edge_random,8,43,0.4117647058823529
add_edge_random,8,44,0.38235294117647056
add_edge_random,8,45,0.2647058823529412
add_edge_random,8,46,0.2647058823529412
add_edge_random,8,47,0.23529411764705882
add_edge_random,8,48,0.23529411764705882
add_edge_random,8,49,0.3235294117647059
add_edge_random,8,50,0.3235294117647059
add_edge_random,8,51,0.3235294117647059
add_edge_random,8,52,0.2647058823529412
add_edge_random,8,53,0.3235294117647059
add_edge_random,8,54,0.2647058823529412
add_edge_random,8,55,0.35294117647058826
add_edge_random,8,56,0.3235294117647059
add_edge_random,8,57,0.3235294117647059
add_edge_random,8,58,0.4411764705882353
add_edge_random,8,59,0.4411764705882353
add_edge_random,8,60,0.4117647058823529
add_edge_random,8,61,0.4117647058823529
add_edge_random,8,62,0.47058823529411764
add_edge_random,8,63,0.47058823529411764
add_edge_random,8,64,0.4411764705882353
add_edge_random,8,65,0.47058823529411764
add_edge_random,8,66,0.4117647058823529
add_edge_random,8,67,0.4411764705882353
add_edge_random,8,68,0.38235294117647056
add_edge_random,8,69,0.47058823529411764
add_edge_random,8,70,0.5294117647058824
add_edge_random,8,71,0.5882352941176471
add_edge_random,8,72,0.5588235294117647
add_edge_random,8,73,0.5294117647058824
add_edge_random,8,74,0.5294117647058824
add_edge_random,8,75,0.47058823529411764
add_edge_random,8,76,0.4411764705882353
add_edge_random,8,77,0.47058823529411764
add_edge_random,8,78,0.47058823529411764
add_edge_random,8,79,0.4411764705882353
add_edge_random,8,80,0.5294117647058824
add_edge_random,8,81,0.6176470588235294
add_edge_random,8,82,0.5588235294117647
add_edge_random,8,83,0.6764705882352942
add_edge_random,8,84,0.6176470588235294
add_edge_random,8,85,0.6470588235294118
add_edge_random,8,86,0.5
add_edge_random,8,87,0.5
add_edge_random,8,88,0.38235294117647056
add_edge_random,8,89,0.38235294117647056
add_edge_random,8,90,0.5
add_edge_random,8,91,0.47058823529411764
add_edge_random,8,92,0.5
add_edge_random,8,93,0.4411764705882353
add_edge_random,8,94,0.5
add_edge_random,8,95,0.6176470588235294
add_edge_random,8,96,0.5294117647058824
add_edge_random,8,97,0.47058823529411764
add_edge_random,8,98,0.4411764705882353
add_edge_random,8,99,0.47058823529411764
add_edge_random,8,100,0.47058823529411764
add_edge_random,8,101,0.38235294117647056
add_edge_random,8,102,0.4411764705882353
add_edge_random,8,103,0.35294117647058826
add_edge_random,8,104,0.4117647058823529
add_edge_random,8,105,0.4117647058823529
add_edge_random,8,106,0.3235294117647059
add_edge_random,8,107,0.3235294117647059
add_edge_random,8,108,0.4117647058823529
add_edge_random,8,109,0.47058823529411764
add_edge_random,8,110,0.5
add_edge_random,8,111,0.47058823529411764
add_edge_random,8,112,0.38235294117647056
add_edge_random,8,113,0.38235294117647056
add_edge_random,8,114,0.4117647058823529
add_edge_random,8,115,0.38235294117647056
add_edge_random,8,116,0.38235294117647056
add_edge_random,8,117,0.3235294117647059
add_edge_random,8,118,0.2647058823529412
add_edge_random,8,119,0.23529411764705882
add_edge_random,8,120,0.23529411764705882
add_edge_random,8,121,0.29411764705882354
add_edge_random,8,122,0.23529411764705882
add_edge_random,8,123,0.29411764705882354
add_edge_random,8,124,0.38235294117647056
add_edge_random,8,125,0.47058823529411764
add_edge_random,8,126,0.4411764705882353
add_edge_random,8,127,0.5
add_edge_random,8,128,0.4117647058823529
add_edge_random,8,129,0.47058823529411764
add_edge_random,8,130,0.5
add_edge_random,8,131,0.5
add_edge_random,8,132,0.47058823529411764
add_edge_random,8,133,0.4411764705882353
add_edge_random,8,134,0.23529411764705882
add_edge_random,8,135,0.2647058823529412
add_edge_random,8,136,0.23529411764705882
add_edge_random,8,137,0.35294117647058826
add_edge_random,8,138,0.35294117647058826
add_edge_random,8,139,0.38235294117647056
add_edge_random,8,140,0.5294117647058824
add_edge_random,8,141,0.5882352941176471
add_edge_random,8,142,0.5882352941176471
add_edge_random,8,143,0.5588235294117647
add_edge_random,8,144,0.5882352941176471
add_edge_random,8,145,0.5882352941176471
add_edge_random,8,146,0.6176470588235294
add_edge_random,8,147,0.5882352941176471
add_edge_random,8,148,0.5294117647058824
add_edge_random,8,149,0.4117647058823529
add_edge_random,8,150,0.35294117647058826
add_edge_random,9,0,0.08823529411764706
add_edge_random,9,1,0.11764705882352941
add_edge_random,9,2,0.17647058823529413
add_edge_random,9,3,0.20588235294117646
add_edge_random,9,4,0.29411764705882354
add_edge_random,9,5,0.38235294117647056
add_edge_random,9,6,0.3235294117647059
add_edge_random,9,7,0.38235294117647056
add_edge_random,9,8,0.3235294117647059
add_edge_random,9,9,0.38235294117647056
add_edge_random,9,10,0.4117647058823529
add_edge_random,9,11,0.38235294117647056
add_edge_random,9,12,0.4117647058823529
add_edge_random,9,13,0.4411764705882353
add_edge_random,9,14,0.35294117647058826
add_edge_random,9,15,0.35294117647058826
add_edge_random,9,16,0.47058823529411764
add_edge_random,9,17,0.4117647058823529
add_edge_random,9,18,0.47058823529411764
add_edge_random,9,19,0.4411764705882353
add_edge_random,9,20,0.35294117647058826
add_edge_random,9,21,0.35294117647058826
add_edge_random,9,22,0.2647058823529412
add_edge_random,9,23,0.29411764705882354
add_edge_random,9,24,0.4117647058823529
add_edge_random,9,25,0.3235294117647059
add_edge_random,9,26,0.38235294117647056
add_edge_random,9,27,0.5294117647058824
add_edge_random,9,28,0.4411764705882353
add_edge_random,9,29,0.4411764705882353
add_edge_random,9,30,0.4117647058823529
add_edge_random,9,31,0.38235294117647056
add_edge_random,9,32,0.4411764705882353
add_edge_random,9,33,0.4117647058823529
add_edge_random,9,34,0.35294117647058826
add_edge_random,9,35,0.23529411764705882
add_edge_random,9,36,0.11764705882352941
add_edge_random,9,37,0.14705882352941177
add_edge_random,9,38,0.17647058823529413
add_edge_random,9,39,0.20588235294117646
add_edge_random,9,40,0.23529411764705882
add_edge_random,9,41,0.20588235294117646
add_edge_random,9,42,0.20588235294117646
add_edge_random,9,43,0.23529411764705882
add_edge_random,9,44,0.4117647058823529
add_edge_random,9,45,0.5
add_edge_random,9,46,0.4411764705882353
add_edge_random,9,47,0.47058823529411764
add_edge_random,9,48,0.4411764705882353
add_edge_random,9,49,0.5
add_edge_random,9,50,0.5294117647058824
add_edge_random,9,51,0.35294117647058826
add_edge_random,9,52,0.47058823529411764
add_edge_random,9,53,0.4117647058823529
add_edge_random,9,54,0.4411764705882353
add_edge_random,9,55,0.5588235294117647
add_edge_random,9,56,0.5882352941176471
add_edge_random,9,57,0.5882352941176471
add_edge_random,9,58,0.6176470588235294
add_edge_random,9,59,0.6176470588235294
add_edge_random,9,60,0.5588235294117647
add_edge_random,9,61,0.5882352941176471
add_edge_random,9,62,0.5588235294117647
add_edge_random,9,63,0.5
add_edge_random,9,64,0.5
add_edge_random,9,65,0.38235294117647056
add_edge_random,9,66,0.38235294117647056
add_edge_random,9,67,0.4411764705882353
add_edge_random,9,68,0.4411764705882353
add_edge_random,9,69,0.38235294117647056
add_edge_random,9,70,0.5
add_edge_random,9,71,0.5294117647058824
add_edge_random,9,72,0.47058823529411764
add_edge_random,9,73,0.5
add_edge_random,9,74,0.47058823529411764
add_edge_random,9,75,0.5
add_edge_random,9,76,0.29411764705882354
add_edge_random,9,77,0.4411764705882353
add_edge_random,9,78,0.38235294117647056
add_edge_random,9,79,0.3235294117647059
add_edge_random,9,80,0.3235294117647059
add_edge_random,9,81,0.3235294117647059
add_edge_random,9,82,0.2647058823529412
add_edge_random,9,83,0.2647058823529412
add_edge_random,9,84,0.29411764705882354
add_edge_random,9,85,0.38235294117647056
add_edge_random,9,86,0.4117647058823529
add_edge_random,9,87,0.4411764705882353
add_edge_random,9,88,0.4117647058823529
add_edge_random,9,89,0.35294117647058826
add_edge_random,9,90,0.29411764705882354
add_edge_random,9,91,0.29411764705882354
add_edge_random,9,92,0.3235294117647059
add_edge_random,9,93,0.35294117647058826
add_edge_random,9,94,0.2647058823529412
add_edge_random,9,95,0.2647058823529412
add_edge_random,9,96,0.3235294117647059
add_edge_random,9,97,0.35294117647058826
add_edge_random,9,98,0.29411764705882354
add_edge_random,9,99,0.4117647058823529
add_edge_random,9,100,0.35294117647058826
add_edge_random,9,101,0.3235294117647059
add_edge_random,9,102,0.4411764705882353
add_edge_random,9,103,0.4117647058823529
add_edge_random,9,104,0.38235294117647056
add_edge_random,9,105,0.38235294117647056
add_edge_random,9,106,0.47058823529411764
add_edge_random,9,107,0.5294117647058824
add_edge_random,9,108,0.5294117647058824
add_edge_random,9,109,0.47058823529411764
add_edge_random,9,110,0.47058823529411764
add_edge_random,9,111,0.4411764705882353
add_edge_random,9,112,0.38235294117647056
add_edge_random,9,113,0.35294117647058826
add_edge_random,9,114,0.38235294117647056
add_edge_random,9,115,0.4411764705882353
add_edge_random,9,116,0.5588235294117647
add_edge_random,9,117,0.5
add_edge_random,9,118,0.4411764705882353
add_edge_random,9,119,0.38235294117647056
add_edge_random,9,120,0.4117647058823529
add_edge_random,9,121,0.3235294117647059
add_edge_random,9,122,0.4117647058823529
add_edge_random,9,123,0.4411764705882353
add_edge_random,9,124,0.4411764705882353
add_edge_random,9,125,0.29411764705882354
add_edge_random,9,126,0.4117647058823529
add_edge_random,9,127,0.38235294117647056
add_edge_random,9,128,0.35294117647058826
add_edge_random,9,129,0.2647058823529412
add_edge_random,9,130,0.35294117647058826
add_edge_random,9,131,0.38235294117647056
add_edge_random,9,132,0.29411764705882354
add_edge_random,9,133,0.35294117647058826
add_edge_random,9,134,0.35294117647058826
add_edge_random,9,135,0.3235294117647059
add_edge_random,9,136,0.3235294117647059
add_edge_random,9,137,0.2647058823529412
add_edge_random,9,138,0.3235294117647059
add_edge_random,9,139,0.3235294117647059
add_edge_random,9,140,0.23529411764705882
add_edge_random,9,141,0.3235294117647059
add_edge_random,9,142,0.3235294117647059
add_edge_random,9,143,0.4117647058823529
add_edge_random,9,144,0.4411764705882353
add_edge_random,9,145,0.5588235294117647
add_edge_random,9,146,0.6176470588235294
add_edge_random,9,147,0.5882352941176471
add_edge_random,9,148,0.5
add_edge_random,9,149,0.6176470588235294
add_edge_random,9,150,0.5
add_edge_random,10,0,0.08823529411764706
add_edge_random,10,1,0.058823529411764705
add_edge_random,10,2,0.058823529411764705
add_edge_random,10,3,0.058823529411764705
add_edge_random,10,4,0.08823529411764706
add_edge_random,10,5,0.14705882352941177
add_edge_random,10,6,0.17647058823529413
add_edge_random,10,7,0.11764705882352941
add_edge_random,10,8,0.17647058823529413
add_edge_random,10,9,0.23529411764705882
add_edge_random,10,10,0.29411764705882354
add_edge_random,10,11,0.29411764705882354
add_edge_random,10,12,0.2647058823529412
add_edge_random,10,13,0.23529411764705882
add_edge_random,10,14,0.20588235294117646
add_edge_random,10,15,0.17647058823529413
add_edge_random,10,16,0.17647058823529413
add_edge_random,10,17,0.29411764705882354
add_edge_random,10,18,0.38235294117647056
add_edge_random,10,19,0.38235294117647056
add_edge_random,10,20,0.3235294117647059
add_edge_random,10,21,0.38235294117647056
add_edge_random,10,22,0.4117647058823529
add_edge_random,10,23,0.35294117647058826
add_edge_random,10,24,0.35294117647058826
add_edge_random,10,25,0.2647058823529412
add_edge_random,10,26,0.20588235294117646
add_edge_random,10,27,0.2647058823529412
add_edge_random,10,28,0.3235294117647059
add_edge_random,10,29,0.38235294117647056
add_edge_random,10,30,0.4411764705882353
add_edge_random,10,31,0.3235294117647059
add_edge_random,10,32,0.2647058823529412
add_edge_random,10,33,0.2647058823529412
add_edge_random,10,34,0.20588235294117646
add_edge_random,10,35,0.2647058823529412
add_edge_random,10,36,0.2647058823529412
add_edge_random,10,37,0.3235294117647059
add_edge_random,10,38,0.35294117647058826
add_edge_random,10,39,0.35294117647058826
add_edge_random,10,40,0.29411764705882354
add_edge_random,10,41,0.17647058823529413
add_edge_random,10,42,0.14705882352941177
add_edge_random,10,43,0.14705882352941177
add_edge_random,10,44,0.14705882352941177
add_edge_random,10,45,0.17647058823529413
add_edge_random,10,46,0.23529411764705882
add_edge_random,10,47,0.29411764705882354
add_edge_random,10,48,0.2647058823529412
add_edge_random,10,49,0.2647058823529412
add_edge_random,10,50,0.29411764705882354
add_edge_random,10,51,0.20588235294117646
add_edge_random,10,52,0.23529411764705882
add_edge_random,10,53,0.20588235294117646
add_edge_random,10,54,0.35294117647058826
add_edge_random,10,55,0.35294117647058826
add_edge_random,10,56,0.4117647058823529
add_edge_random,10,57,0.4411764705882353
add_edge_random,10,58,0.5
add_edge_random,10,59,0.4411764705882353
add_edge_random,10,60,0.47058823529411764
add_edge_random,10,61,0.4117647058823529
add_edge_random,10,62,0.4411764705882353
add_edge_random,10,63,0.38235294117647056
add_edge_random,10,64,0.35294117647058826
add_edge_random,10,65,0.4411764705882353
add_edge_random,10,66,0.38235294117647056
add_edge_random,10,67,0.4117647058823529
add_edge_random,10,68,0.4117647058823529
add_edge_random,10,69,0.4117647058823529
add_edge_random,10,70,0.38235294117647056
add_edge_random,10,71,0.3235294117647059
add_edge_random,10,72,0.38235294117647056
add_edge_random,10,73,0.4117647058823529
add_edge_random,10,74,0.4117647058823529
add_edge_random,10,75,0.4411764705882353
add_edge_random,10,76,0.5294117647058824
add_edge_random,10,77,0.47058823529411764
add_edge_random,10,78,0.47058823529411764
add_edge_random,10,79,0.38235294117647056
add_edge_random,10,80,0.5
add_edge_random,10,81,0.5
add_edge_random,10,82,0.4411764705882353
add_edge_random,10,83,0.5
add_edge_random,10,84,0.5294117647058824
add_edge_random,10,85,0.5
add_edge_random,10,86,0.5882352941176471
add_edge_random,10,87,0.5588235294117647
add_edge_random,10,88,0.5294117647058824
add_edge_random,10,89,0.4411764705882353
add_edge_random,10,90,0.35294117647058826
add_edge_random,10,91,0.4411764705882353
add_edge_random,10,92,0.5
add_edge_random,10,93,0.5882352941176471
add_edge_random,10,94,0.5882352941176471
add_edge_random,10,95,0.5588235294117647
add_edge_random,10,96,0.5882352941176471
add_edge_random,10,97,0.5294117647058824
add_edge_random,10,98,0.5
add_edge_random,10,99,0.6176470588235294
add_edge_random,10,100,0.6176470588235294
add_edge_random,10,101,0.5588235294117647
add_edge_random,10,102,0.47058823529411764
add_edge_random,10,103,0.4411764705882353
add_edge_random,10,104,0.47058823529411764
add_edge_random,10,105,0.47058823529411764
add_edge_random,10,106,0.5294117647058824
add_edge_random,10,107,0.5
add_edge_random,10,108,0.5588235294117647
add_edge_random,10,109,0.4117647058823529
add_edge_random,10,110,0.29411764705882354
add_edge_random,10,111,0.38235294117647056
add_edge_random,10,112,0.4411764705882353
add_edge_random,10,113,0.4411764705882353
add_edge_random,10,114,0.47058823529411764
add_edge_random,10,115,0.47058823529411764
add_edge_random,10,116,0.4411764705882353
add_edge_random,10,117,0.5588235294117647
add_edge_random,10,118,0.5294117647058824
add_edge_random,10,119,0.5882352941176471
add_edge_random,10,120,0.5588235294117647
add_edge_random,10,121,0.6470588235294118
add_edge_random,10,122,0.6764705882352942
add_edge_random,10,123,0.5588235294117647
add_edge_random,10,124,0.5294117647058824
add_edge_random,10,125,0.38235294117647056
add_edge_random,10,126,0.4117647058823529
add_edge_random,10,127,0.4411764705882353
add_edge_random,10,128,0.4117647058823529
add_edge_random,10,129,0.5294117647058824
add_edge_random,10,130,0.5
add_edge_random,10,131,0.5882352941176471
add_edge_random,10,132,0.5294117647058824
add_edge_random,10,133,0.5294117647058824
add_edge_random,10,134,0.5588235294117647
add_edge_random,10,135,0.5882352941176471
add_edge_random,10,136,0.4117647058823529
add_edge_random,10,137,0.38235294117647056
add_edge_random,10,138,0.35294117647058826
add_edge_random,10,139,0.3235294117647059
add_edge_random,10,140,0.29411764705882354
add_edge_random,10,141,0.35294117647058826
add_edge_random,10,142,0.38235294117647056
add_edge_random,10,143,0.3235294117647059
add_edge_random,10,144,0.35294117647058826
add_edge_random,10,145,0.29411764705882354
add_edge_random,10,146,0.35294117647058826
add_edge_random,10,147,0.35294117647058826
add_edge_random,10,148,0.4117647058823529
add_edge_random,10,149,0.38235294117647056
add_edge_random,10,150,0.29411764705882354
add_edge_random,11,0,0.08823529411764706
add_edge_random,11,1,0.08823529411764706
add_edge_random,11,2,0.14705882352941177
add_edge_random,11,3,0.14705882352941177
add_edge_random,11,4,0.14705882352941177
add_edge_random,11,5,0.17647058823529413
add_edge_random,11,6,0.2647058823529412
add_edge_random,11,7,0.2647058823529412
add_edge_random,11,8,0.35294117647058826
add_edge_random,11,9,0.35294117647058826
add_edge_random,11,10,0.35294117647058826
add_edge_random,11,11,0.29411764705882354
add_edge_random,11,12,0.29411764705882354
add_edge_random,11,13,0.3235294117647059
add_edge_random,11,14,0.35294117647058826
add_edge_random,11,15,0.4117647058823529
add_edge_random,11,16,0.38235294117647056
add_edge_random,11,17,0.35294117647058826
add_edge_random,11,18,0.3235294117647059
add_edge_random,11,19,0.38235294117647056
add_edge_random,11,20,0.35294117647058826
add_edge_random,11,21,0.4411764705882353
add_edge_random,11,22,0.4117647058823529
add_edge_random,11,23,0.38235294117647056
add_edge_random,11,24,0.35294117647058826
add_edge_random,11,25,0.3235294117647059
add_edge_random,11,26,0.38235294117647056
add_edge_random,11,27,0.35294117647058826
add_edge_random,11,28,0.4411764705882353
add_edge_random,11,29,0.47058823529411764
add_edge_random,11,30,0.4411764705882353
add_edge_random,11,31,0.5
add_edge_random,11,32,0.47058823529411764
add_edge_random,11,33,0.38235294117647056
add_edge_random,11,34,0.4411764705882353
add_edge_random,11,35,0.4411764705882353
add_edge_random,11,36,0.5294117647058824
add_edge_random,11,37,0.4411764705882353
add_edge_random,11,38,0.4117647058823529
add_edge_random,11,39,0.47058823529411764
add_edge_random,11,40,0.5294117647058824
add_edge_random,11,41,0.5
add_edge_random,11,42,0.47058823529411764
add_edge_random,11,43,0.38235294117647056
add_edge_random,11,44,0.5
add_edge_random,11,45,0.47058823529411764
add_edge_random,11,46,0.47058823529411764
add_edge_random,11,47,0.47058823529411764
add_edge_random,11,48,0.5
add_edge_random,11,49,0.4411764705882353
add_edge_random,11,50,0.5294117647058824
add_edge_random,11,51,0.38235294117647056
add_edge_random,11,52,0.35294117647058826
add_edge_random,11,53,0.35294117647058826
add_edge_random,11,54,0.4117647058823529
add_edge_random,11,55,0.4411764705882353
add_edge_random,11,56,0.4117647058823529
add_edge_random,11,57,0.5
add_edge_random,11,58,0.5
add_edge_random,11,59,0.5588235294117647
add_edge_random,11,60,0.3235294117647059
add_edge_random,11,61,0.38235294117647056
add_edge_random,11,62,0.5
add_edge_random,11,63,0.5294117647058824
add_edge_random,11,64,0.38235294117647056
add_edge_random,11,65,0.38235294117647056
add_edge_random,11,66,0.3235294117647059
add_edge_random,11,67,0.23529411764705882
add_edge_random,11,68,0.3235294117647059
add_edge_random,11,69,0.29411764705882354
add_edge_random,11,70,0.35294117647058826
add_edge_random,11,71,0.4411764705882353
add_edge_random,11,72,0.4411764705882353
add_edge_random,11,73,0.5294117647058824
add_edge_random,11,74,0.47058823529411764
add_edge_random,11,75,0.4117647058823529
add_edge_random,11,76,0.3235294117647059
add_edge_random,11,77,0.35294117647058826
add_edge_random,11,78,0.47058823529411764
add_edge_random,11,79,0.4411764705882353
add_edge_random,11,80,0.4411764705882353
add_edge_random,11,81,0.4411764705882353
add_edge_random,11,82,0.35294117647058826
add_edge_random,11,83,0.4117647058823529
add_edge_random,11,84,0.4117647058823529
add_edge_random,11,85,0.5
add_edge_random,11,86,0.5294117647058824
add_edge_random,11,87,0.4117647058823529
add_edge_random,11,88,0.47058823529411764
add_edge_random,11,89,0.5294117647058824
add_edge_random,11,90,0.5
add_edge_random,11,91,0.5
add_edge_random,11,92,0.5588235294117647
add_edge_random,11,93,0.5
add_edge_random,11,94,0.5588235294117647
add_edge_random,11,95,0.5
add_edge_random,11,96,0.47058823529411764
add_edge_random,11,97,0.4411764705882353
add_edge_random,11,98,0.5294117647058824
add_edge_random,11,99,0.4117647058823529
add_edge_random,11,100,0.38235294117647056
add_edge_random,11,101,0.38235294117647056
add_edge_random,11,102,0.4117647058823529
add_edge_random,11,103,0.3235294117647059
add_edge_random,11,104,0.3235294117647059
add_edge_random,11,105,0.4117647058823529
add_edge_random,11,106,0.4117647058823529
add_edge_random,11,107,0.4117647058823529
add_edge_random,11,108,0.3235294117647059
add_edge_random,11,109,0.29411764705882354
add_edge_random,11,110,0.4117647058823529
add_edge_random,11,111,0.5
add_edge_random,11,112,0.4411764705882353
add_edge_random,11,113,0.35294117647058826
add_edge_random,11,114,0.2647058823529412
add_edge_random,11,115,0.2647058823529412
add_edge_random,11,116,0.4117647058823529
add_edge_random,11,117,0.47058823529411764
add_edge_random,11,118,0.4117647058823529
add_edge_random,11,119,0.4411764705882353
add_edge_random,11,120,0.5
add_edge_random,11,121,0.5294117647058824
add_edge_random,11,122,0.5
add_edge_random,11,123,0.5588235294117647
add_edge_random,11,124,0.5
add_edge_random,11,125,0.6176470588235294
add_edge_random,11,126,0.5588235294117647
add_edge_random,11,127,0.5588235294117647
add_edge_random,11,128,0.5
add_edge_random,11,129,0.5
add_edge_random,11,130,0.5294117647058824
add_edge_random,11,131,0.5
add_edge_random,11,132,0.5294117647058824
add_edge_random,11,133,0.5294117647058824
add_edge_random,11,134,0.5882352941176471
add_edge_random,11,135,0.5588235294117647
add_edge_random,11,136,0.5294117647058824
add_edge_random,11,137,0.5294117647058824
add_edge_random,11,138,0.5
add_edge_random,11,139,0.4411764705882353
add_edge_random,11,140,0.4117647058823529
add_edge_random,11,141,0.47058823529411764
add_edge_random,11,142,0.47058823529411764
add_edge_random,11,143,0.5294117647058824
add_edge_random,11,144,0.5882352941176471
add_edge_random,11,145,0.4411764705882353
add_edge_random,11,146,0.5588235294117647
add_edge_random,11,147,0.47058823529411764
add_edge_random,11,148,0.4411764705882353
add_edge_random,11,149,0.47058823529411764
add_edge_random,11,150,0.38235294117647056
add_edge_random,12,0,0.08823529411764706
add_edge_random,12,1,0.11764705882352941
add_edge_random,12,2,0.17647058823529413
add_edge_random,12,3,0.20588235294117646
add_edge_random,12,4,0.20588235294117646
add_edge_random,12,5,0.2647058823529412
add_edge_random,12,6,0.14705882352941177
add_edge_random,12,7,0.14705882352941177
add_edge_random,12,8,0.20588235294117646
add_edge_random,12,9,0.3235294117647059
add_edge_random,12,10,0.29411764705882354
add_edge_random,12,11,0.3235294117647059
add_edge_random,12,12,0.4117647058823529
add_edge_random,12,13,0.35294117647058826
add_edge_random,12,14,0.5
add_edge_random,12,15,0.4117647058823529
add_edge_random,12,16,0.38235294117647056
add_edge_random,12,17,0.4117647058823529
add_edge_random,12,18,0.5
add_edge_random,12,19,0.5588235294117647
add_edge_random,12,20,0.5
add_edge_random,12,21,0.5588235294117647
add_edge_random,12,22,0.5
add_edge_random,12,23,0.4117647058823529
add_edge_random,12,24,0.47058823529411764
add_edge_random,12,25,0.5294117647058824
add_edge_random,12,26,0.38235294117647056
add_edge_random,12,27,0.5588235294117647
add_edge_random,12,28,0.4411764705882353
add_edge_random,12,29,0.38235294117647056
add_edge_random,12,30,0.5294117647058824
add_edge_random,12,31,0.5294117647058824
add_edge_random,12,32,0.5
add_edge_random,12,33,0.47058823529411764
add_edge_random,12,34,0.5
add_edge_random,12,35,0.5
add_edge_random,12,36,0.5
add_edge_random,12,37,0.5
add_edge_random,12,38,0.5294117647058824
add_edge_random,12,39,0.4411764705882353
add_edge_random,12,40,0.47058823529411764
add_edge_random,12,41,0.5
add_edge_random,12,42,0.5
add_edge_random,12,43,0.5294117647058824
add_edge_random,12,44,0.47058823529411764
add_edge_random,12,45,0.4117647058823529
add_edge_random,12,46,0.4411764705882353
add_edge_random,12,47,0.47058823529411764
add_edge_random,12,48,0.4117647058823529
add_edge_random,12,49,0.38235294117647056
add_edge_random,12,50,0.47058823529411764
add_edge_random,12,51,0.5
add_edge_random,12,52,0.47058823529411764
add_edge_random,12,53,0.4411764705882353
add_edge_random,12,54,0.47058823529411764
add_edge_random,12,55,0.38235294117647056
add_edge_random,12,56,0.35294117647058826
add_edge_random,12,57,0.3235294117647059
add_edge_random,12,58,0.35294117647058826
add_edge_random,12,59,0.3235294117647059
add_edge_random,12,60,0.29411764705882354
add_edge_random,12,61,0.35294117647058826
add_edge_random,12,62,0.47058823529411764
add_edge_random,12,63,0.4117647058823529
add_edge_random,12,64,0.4411764705882353
add_edge_random,12,65,0.4411764705882353
add_edge_random,12,66,0.4117647058823529
add_edge_random,12,67,0.4411764705882353
add_edge_random,12,68,0.4411764705882353
add_edge_random,12,69,0.3235294117647059
add_edge_random,12,70,0.23529411764705882
add_edge_random,12,71,0.2647058823529412
add_edge_random,12,72,0.3235294117647059
add_edge_random,12,73,0.29411764705882354
add_edge_random,12,74,0.3235294117647059
add_edge_random,12,75,0.35294117647058826
add_edge_random,12,76,0.4117647058823529
add_edge_random,12,77,0.47058823529411764
add_edge_random,12,78,0.4411764705882353
add_edge_random,12,79,0.4411764705882353
add_edge_random,12,80,0.4117647058823529
add_edge_random,12,81,0.3235294117647059
add_edge_random,12,82,0.38235294117647056
add_edge_random,12,83,0.4117647058823529
add_edge_random,12,84,0.47058823529411764
add_edge_random,12,85,0.4411764705882353
add_edge_random,12,86,0.4117647058823529
add_edge_random,12,87,0.47058823529411764
add_edge_random,12,88,0.5588235294117647
add_edge_random,12,89,0.5882352941176471
add_edge_random,12,90,0.4117647058823529
add_edge_random,12,91,0.47058823529411764
add_edge_random,12,92,0.4117647058823529
add_edge_random,12,93,0.38235294117647056
add_edge_random,12,94,0.4411764705882353
add_edge_random,12,95,0.4117647058823529
add_edge_random,12,96,0.4117647058823529
add_edge_random,12,97,0.38235294117647056
add_edge_random,12,98,0.4411764705882353
add_edge_random,12,99,0.4411764705882353
add_edge_random,12,100,0.4411764705882353
add_edge_random,12,101,0.5588235294117647
add_edge_random,12,102,0.47058823529411764
add_edge_random,12,103,0.38235294117647056
add_edge_random,12,104,0.3235294117647059
add_edge_random,12,105,0.35294117647058826
add_edge_random,12,106,0.29411764705882354
add_edge_random,12,107,0.38235294117647056
add_edge_random,12,108,0.4117647058823529
add_edge_random,12,109,0.5
add_edge_random,12,110,0.5882352941176471
add_edge_random,12,111,0.5
add_edge_random,12,112,0.5
add_edge_random,12,113,0.47058823529411764
add_edge_random,12,114,0.47058823529411764
add_edge_random,12,115,0.5294117647058824
add_edge_random,12,116,0.5588235294117647
add_edge_random,12,117,0.5294117647058824
add_edge_random,12,118,0.38235294117647056
add_edge_random,12,119,0.38235294117647056
add_edge_random,12,120,0.4117647058823529
add_edge_random,12,121,0.35294117647058826
add_edge_random,12,122,0.4117647058823529
add_edge_random,12,123,0.4117647058823529
add_edge_random,12,124,0.38235294117647056
add_edge_random,12,125,0.38235294117647056
add_edge_random,12,126,0.47058823529411764
add_edge_random,12,127,0.4117647058823529
add_edge_random,12,128,0.4411764705882353
add_edge_random,12,129,0.4411764705882353
add_edge_random,12,130,0.4117647058823529
add_edge_random,12,131,0.5
add_edge_random,12,132,0.5294117647058824
add_edge_random,12,133,0.5588235294117647
add_edge_random,12,134,0.38235294117647056
add_edge_random,12,135,0.38235294117647056
add_edge_random,12,136,0.38235294117647056
add_edge_random,12,137,0.4411764705882353
add_edge_random,12,138,0.4411764705882353
add_edge_random,12,139,0.35294117647058826
add_edge_random,12,140,0.38235294117647056
add_edge_random,12,141,0.4117647058823529
add_edge_random,12,142,0.4411764705882353
add_edge_random,12,143,0.4411764705882353
add_edge_random,12,144,0.5294117647058824
add_edge_random,12,145,0.5588235294117647
add_edge_random,12,146,0.5588235294117647
add_edge_random,12,147,0.47058823529411764
add_edge_random,12,148,0.5294117647058824
add_edge_random,12,149,0.5294117647058824
add_edge_random,12,150,0.4117647058823529
add_edge_random,13,0,0.08823529411764706
add_edge_random,13,1,0.11764705882352941
add_edge_random,13,2,0.11764705882352941
add_edge_random,13,3,0.14705882352941177
add_edge_random,13,4,0.17647058823529413
add_edge_random,13,5,0.29411764705882354
add_edge_random,13,6,0.3235294117647059
add_edge_random,13,7,0.38235294117647056
add_edge_random,13,8,0.38235294117647056
add_edge_random,13,9,0.2647058823529412
add_edge_random,13,10,0.29411764705882354
add_edge_random,13,11,0.35294117647058826
add_edge_random,13,12,0.35294117647058826
add_edge_random,13,13,0.35294117647058826
add_edge_random,13,14,0.38235294117647056
add_edge_random,13,15,0.47058823529411764
add_edge_random,13,16,0.47058823529411764
add_edge_random,13,17,0.38235294117647056
add_edge_random,13,18,0.4411764705882353
add_edge_random,13,19,0.38235294117647056
add_edge_random,13,20,0.47058823529411764
add_edge_random,13,21,0.4411764705882353
add_edge_random,13,22,0.4117647058823529
add_edge_random,13,23,0.3235294117647059
add_edge_random,13,24,0.38235294117647056
add_edge_random,13,25,0.38235294117647056
add_edge_random,13,26,0.3235294117647059
add_edge_random,13,27,0.29411764705882354
add_edge_random,13,28,0.4411764705882353
add_edge_random,13,29,0.5588235294117647
add_edge_random,13,30,0.5294117647058824
add_edge_random,13,31,0.47058823529411764
add_edge_random,13,32,0.4117647058823529
add_edge_random,13,33,0.4117647058823529
add_edge_random,13,34,0.38235294117647056
add_edge_random,13,35,0.3235294117647059
add_edge_random,13,36,0.29411764705882354
add_edge_random,13,37,0.3235294117647059
add_edge_random,13,38,0.38235294117647056
add_edge_random,13,39,0.47058823529411764
add_edge_random,13,40,0.47058823529411764
add_edge_random,13,41,0.4117647058823529
add_edge_random,13,42,0.4411764705882353
add_edge_random,13,43,0.38235294117647056
add_edge_random,13,44,0.4411764705882353
add_edge_random,13,45,0.38235294117647056
add_edge_random,13,46,0.4117647058823529
add_edge_random,13,47,0.38235294117647056
add_edge_random,13,48,0.4411764705882353
add_edge_random,13,49,0.35294117647058826
add_edge_random,13,50,0.4411764705882353
add_edge_random,13,51,0.38235294117647056
add_edge_random,13,52,0.38235294117647056
add_edge_random,13,53,0.5294117647058824
add_edge_random,13,54,0.5
add_edge_random,13,55,0.5882352941176471
add_edge_random,13,56,0.5294117647058824
add_edge_random,13,57,0.5882352941176471
add_edge_random,13,58,0.5588235294117647
add_edge_random,13,59,0.6470588235294118
add_edge_random,13,60,0.7058823529411765
add_edge_random,13,61,0.6176470588235294
add_edge_random,13,62,0.5588235294117647
add_edge_random,13,63,0.47058823529411764
add_edge_random,13,64,0.5
add_edge_random,13,65,0.5
add_edge_random,13,66,0.4411764705882353
add_edge_random,13,67,0.5588235294117647
add_edge_random,13,68,0.6176470588235294
add_edge_random,13,69,0.4411764705882353
add_edge_random,13,70,0.4117647058823529
add_edge_random,13,71,0.4411764705882353
add_edge_random,13,72,0.4117647058823529
add_edge_random,13,73,0.4411764705882353
add_edge_random,13,74,0.4411764705882353
add_edge_random,13,75,0.4117647058823529
add_edge_random,13,76,0.5294117647058824
add_edge_random,13,77,0.5588235294117647
add_edge_random,13,78,0.5588235294117647
add_edge_random,13,79,0.5294117647058824
add_edge_random,13,80,0.5588235294117647
add_edge_random,13,81,0.47058823529411764
add_edge_random,13,82,0.38235294117647056
add_edge_random,13,83,0.38235294117647056
add_edge_random,13,84,0.29411764705882354
add_edge_random,13,85,0.3235294117647059
add_edge_random,13,86,0.35294117647058826
add_edge_random,13,87,0.4411764705882353
add_edge_random,13,88,0.35294117647058826
add_edge_random,13,89,0.4117647058823529
add_edge_random,13,90,0.29411764705882354
add_edge_random,13,91,0.35294117647058826
add_edge_random,13,92,0.29411764705882354
add_edge_random,13,93,0.23529411764705882
add_edge_random,13,94,0.20588235294117646
add_edge_random,13,95,0.17647058823529413
add_edge_random,13,96,0.17647058823529413
add_edge_random,13,97,0.14705882352941177
add_edge_random,13,98,0.20588235294117646
add_edge_random,13,99,0.2647058823529412
add_edge_random,13,100,0.38235294117647056
add_edge_random,13,101,0.3235294117647059
add_edge_random,13,102,0.35294117647058826
add_edge_random,13,103,0.35294117647058826
add_edge_random,13,104,0.4117647058823529
add_edge_random,13,105,0.47058823529411764
add_edge_random,13,106,0.38235294117647056
add_edge_random,13,107,0.5
add_edge_random,13,108,0.5
add_edge_random,13,109,0.5294117647058824
add_edge_random,13,110,0.5
add_edge_random,13,111,0.4117647058823529
add_edge_random,13,112,0.4117647058823529
add_edge_random,13,113,0.35294117647058826
add_edge_random,13,114,0.4411764705882353
add_edge_random,13,115,0.47058823529411764
add_edge_random,13,116,0.47058823529411764
add_edge_random,13,117,0.47058823529411764
add_edge_random,13,118,0.5294117647058824
add_edge_random,13,119,0.4411764705882353
add_edge_random,13,120,0.5
add_edge_random,13,121,0.4117647058823529
add_edge_random,13,122,0.5588235294117647
add_edge_random,13,123,0.5588235294117647
add_edge_random,13,124,0.47058823529411764
add_edge_random,13,125,0.5588235294117647
add_edge_random,13,126,0.5
add_edge_random,13,127,0.4411764705882353
add_edge_random,13,128,0.47058823529411764
add_edge_random,13,129,0.5
add_edge_random,13,130,0.4411764705882353
add_edge_random,13,131,0.47058823529411764
add_edge_random,13,132,0.4117647058823529
add_edge_random,13,133,0.4117647058823529
add_edge_random,13,134,0.38235294117647056
add_edge_random,13,135,0.47058823529411764
add_edge_random,13,136,0.4117647058823529
add_edge_random,13,137,0.4411764705882353
add_edge_random,13,138,0.38235294117647056
add_edge_random,13,139,0.35294117647058826
add_edge_random,13,140,0.38235294117647056
add_edge_random,13,141,0.47058823529411764
add_edge_random,13,142,0.5
add_edge_random,13,143,0.5
add_edge_random,13,144,0.4411764705882353
add_edge_random,13,145,0.35294117647058826
add_edge_random,13,146,0.35294117647058826
add_edge_random,13,147,0.47058823529411764
add_edge_random,13,148,0.5294117647058824
add_edge_random,13,149,0.5
add_edge_random,13,150,0.5882352941176471
add_edge_random,14,0,0.08823529411764706
add_edge_random,14,1,0.17647058823529413
add_edge_random,14,2,0.3235294117647059
add_edge_random,14,3,0.4117647058823529
add_edge_random,14,4,0.4117647058823529
add_edge_random,14,5,0.38235294117647056
add_edge_random,14,6,0.38235294117647056
add_edge_random,14,7,0.29411764705882354
add_edge_random,14,8,0.4117647058823529
add_edge_random,14,9,0.47058823529411764
add_edge_random,14,10,0.4117647058823529
add_edge_random,14,11,0.35294117647058826
add_edge_random,14,12,0.38235294117647056
add_edge_random,14,13,0.38235294117647056
add_edge_random,14,14,0.47058823529411764
add_edge_random,14,15,0.35294117647058826
add_edge_random,14,16,0.35294117647058826
add_edge_random,14,17,0.38235294117647056
add_edge_random,14,18,0.2647058823529412
add_edge_random,14,19,0.2647058823529412
add_edge_random,14,20,0.3235294117647059
add_edge_random,14,21,0.2647058823529412
add_edge_random,14,22,0.2647058823529412
add_edge_random,14,23,0.23529411764705882
add_edge_random,14,24,0.38235294117647056
add_edge_random,14,25,0.2647058823529412
add_edge_random,14,26,0.23529411764705882
add_edge_random,14,27,0.23529411764705882
add_edge_random,14,28,0.2647058823529412
add_edge_random,14,29,0.29411764705882354
add_edge_random,14,30,0.4117647058823529
add_edge_random,14,31,0.35294117647058826
add_edge_random,14,32,0.23529411764705882
add_edge_random,14,33,0.2647058823529412
add_edge_random,14,34,0.29411764705882354
add_edge_random,14,35,0.5294117647058824
add_edge_random,14,36,0.47058823529411764
add_edge_random,14,37,0.47058823529411764
add_edge_random,14,38,0.47058823529411764
add_edge_random,14,39,0.4117647058823529
add_edge_random,14,40,0.38235294117647056
add_edge_random,14,41,0.38235294117647056
add_edge_random,14,42,0.3235294117647059
add_edge_random,14,43,0.35294117647058826
add_edge_random,14,44,0.4411764705882353
add_edge_random,14,45,0.5294117647058824
add_edge_random,14,46,0.38235294117647056
add_edge_random,14,47,0.3235294117647059
add_edge_random,14,48,0.35294117647058826
add_edge_random,14,49,0.38235294117647056
add_edge_random,14,50,0.38235294117647056
add_edge_random,14,51,0.3235294117647059
add_edge_random,14,52,0.2647058823529412
add_edge_random,14,53,0.29411764705882354
add_edge_random,14,54,0.29411764705882354
add_edge_random,14,55,0.3235294117647059
add_edge_random,14,56,0.2647058823529412
add_edge_random,14,57,0.3235294117647059
add_edge_random,14,58,0.38235294117647056
add_edge_random,14,59,0.35294117647058826
add_edge_random,14,60,0.3235294117647059
add_edge_random,14,61,0.38235294117647056
add_edge_random,14,62,0.29411764705882354
add_edge_random,14,63,0.2647058823529412
add_edge_random,14,64,0.2647058823529412
add_edge_random,14,65,0.23529411764705882
add_edge_random,14,66,0.23529411764705882
add_edge_random,14,67,0.35294117647058826
add_edge_random,14,68,0.35294117647058826
add_edge_random,14,69,0.4117647058823529
add_edge_random,14,70,0.5294117647058824
add_edge_random,14,71,0.6470588235294118
add_edge_random,14,72,0.5882352941176471
add_edge_random,14,73,0.6470588235294118
add_edge_random,14,74,0.47058823529411764
add_edge_random,14,75,0.38235294117647056
add_edge_random,14,76,0.5
add_edge_random,14,77,0.5
add_edge_random,14,78,0.47058823529411764
add_edge_random,14,79,0.4117647058823529
add_edge_random,14,80,0.5294117647058824
add_edge_random,14,81,0.5882352941176471
add_edge_random,14,82,0.5588235294117647
add_edge_random,14,83,0.5
add_edge_random,14,84,0.5
add_edge_random,14,85,0.4117647058823529
add_edge_random,14,86,0.4117647058823529
add_edge_random,14,87,0.35294117647058826
add_edge_random,14,88,0.3235294117647059
add_edge_random,14,89,0.4117647058823529
add_edge_random,14,90,0.38235294117647056
add_edge_random,14,91,0.3235294117647059
add_edge_random,14,92,0.4117647058823529
add_edge_random,14,93,0.38235294117647056
add_edge_random,14,94,0.38235294117647056
add_edge_random,14,95,0.35294117647058826
add_edge_random,14,96,0.3235294117647059
add_edge_random,14,97,0.4117647058823529
add_edge_random,14,98,0.5588235294117647
add_edge_random,14,99,0.6176470588235294
add_edge_random,14,100,0.6176470588235294
add_edge_random,14,101,0.5882352941176471
add_edge_random,14,102,0.5882352941176471
add_edge_random,14,103,0.4117647058823529
add_edge_random,14,104,0.47058823529411764
add_edge_random,14,105,0.47058823529411764
add_edge_random,14,106,0.5
add_edge_random,14,107,0.47058823529411764
add_edge_random,14,108,0.4411764705882353
add_edge_random,14,109,0.5
add_edge_random,14,110,0.4117647058823529
add_edge_random,14,111,0.4117647058823529
add_edge_random,14,112,0.47058823529411764
add_edge_random,14,113,0.4117647058823529
add_edge_random,14,114,0.4117647058823529
add_edge_random,14,115,0.4411764705882353
add_edge_random,14,116,0.4117647058823529
add_edge_random,14,117,0.3235294117647059
add_edge_random,14,118,0.29411764705882354
add_edge_random,14,119,0.4117647058823529
add_edge_random,14,120,0.47058823529411764
add_edge_random,14,121,0.5
add_edge_random,14,122,0.5
add_edge_random,14,123,0.4411764705882353
add_edge_random,14,124,0.47058823529411764
add_edge_random,14,125,0.4411764705882353
add_edge_random,14,126,0.2647058823529412
add_edge_random,14,127,0.20588235294117646
add_edge_random,14,128,0.23529411764705882
add_edge_random,14,129,0.2647058823529412
add_edge_random,14,130,0.23529411764705882
add_edge_random,14,131,0.20588235294117646
add_edge_random,14,132,0.29411764705882354
add_edge_random,14,133,0.29411764705882354
add_edge_random,14,134,0.35294117647058826
add_edge_random,14,135,0.4117647058823529
add_edge_random,14,136,0.4117647058823529
add_edge_random,14,137,0.47058823529411764
add_edge_random,14,138,0.4411764705882353
add_edge_random,14,139,0.5
add_edge_random,14,140,0.5
add_edge_random,14,141,0.4411764705882353
add_edge_random,14,142,0.38235294117647056
add_edge_random,14,143,0.4117647058823529
add_edge_random,14,144,0.4117647058823529
add_edge_random,14,145,0.4411764705882353
add_edge_random,14,146,0.38235294117647056
add_edge_random,14,147,0.5294117647058824
add_edge_random,14,148,0.5
add_edge_random,14,149,0.5882352941176471
add_edge_random,14,150,0.5882352941176471
add_edge_random,15,0,0.08823529411764706
add_edge_random,15,1,0.058823529411764705
add_edge_random,15,2,0.11764705882352941
add_edge_random,15,3,0.11764705882352941
add_edge_random,15,4,0.08823529411764706
add_edge_random,15,5,0.11764705882352941
add_edge_random,15,6,0.14705882352941177
add_edge_random,15,7,0.17647058823529413
add_edge_random,15,8,0.17647058823529413
add_edge_random,15,9,0.3235294117647059
add_edge_random,15,10,0.2647058823529412
add_edge_random,15,11,0.38235294117647056
add_edge_random,15,12,0.29411764705882354
add_edge_random,15,13,0.3235294117647059
add_edge_random,15,14,0.38235294117647056
add_edge_random,15,15,0.5
add_edge_random,15,16,0.47058823529411764
add_edge_random,15,17,0.4117647058823529
add_edge_random,15,18,0.35294117647058826
add_edge_random,15,19,0.4117647058823529
add_edge_random,15,20,0.47058823529411764
add_edge_random,15,21,0.4411764705882353
add_edge_random,15,22,0.35294117647058826
add_edge_random,15,23,0.38235294117647056
add_edge_random,15,24,0.47058823529411764
add_edge_random,15,25,0.4411764705882353
add_edge_random,15,26,0.3235294117647059
add_edge_random,15,27,0.29411764705882354
add_edge_random,15,28,0.29411764705882354
add_edge_random,15,29,0.38235294117647056
add_edge_random,15,30,0.38235294117647056
add_edge_random,15,31,0.29411764705882354
add_edge_random,15,32,0.3235294117647059
add_edge_random,15,33,0.29411764705882354
add_edge_random,15,34,0.23529411764705882
add_edge_random,15,35,0.3235294117647059
add_edge_random,15,36,0.4411764705882353
add_edge_random,15,37,0.4411764705882353
add_edge_random,15,38,0.5
add_edge_random,15,39,0.5
add_edge_random,15,40,0.4411764705882353
add_edge_random,15,41,0.47058823529411764
add_edge_random,15,42,0.4117647058823529
add_edge_random,15,43,0.47058823529411764
add_edge_random,15,44,0.47058823529411764
add_edge_random,15,45,0.5294117647058824
add_edge_random,15,46,0.5882352941176471
add_edge_random,15,47,0.5882352941176471
add_edge_random,15,48,0.6764705882352942
add_edge_random,15,49,0.6176470588235294
add_edge_random,15,50,0.47058823529411764
add_edge_random,15,51,0.5
add_edge_random,15,52,0.5
add_edge_random,15,53,0.6764705882352942
add_edge_random,15,54,0.5294117647058824
add_edge_random,15,55,0.4411764705882353
add_edge_random,15,56,0.38235294117647056
add_edge_random,15,57,0.47058823529411764
add_edge_random,15,58,0.47058823529411764
add_edge_random,15,59,0.4411764705882353
add_edge_random,15,60,0.29411764705882354
add_edge_random,15,61,0.23529411764705882
add_edge_random,15,62,0.23529411764705882
add_edge_random,15,63,0.35294117647058826
add_edge_random,15,64,0.3235294117647059
add_edge_random,15,65,0.38235294117647056
add_edge_random,15,66,0.4411764705882353
add_edge_random,15,67,0.4117647058823529
add_edge_random,15,68,0.35294117647058826
add_edge_random,15,69,0.4411764705882353
add_edge_random,15,70,0.47058823529411764
add_edge_random,15,71,0.35294117647058826
add_edge_random,15,72,0.4117647058823529
add_edge_random,15,73,0.4411764705882353
add_edge_random,15,74,0.47058823529411764
add_edge_random,15,75,0.5294117647058824
add_edge_random,15,76,0.5
add_edge_random,15,77,0.47058823529411764
add_edge_random,15,78,0.3235294117647059
add_edge_random,15,79,0.38235294117647056
add_edge_random,15,80,0.5588235294117647
add_edge_random,15,81,0.5
add_edge_random,15,82,0.4411764705882353
add_edge_random,15,83,0.4117647058823529
add_edge_random,15,84,0.4411764705882353
add_edge_random,15,85,0.5882352941176471
add_edge_random,15,86,0.5294117647058824
add_edge_random,15,87,0.4411764705882353
add_edge_random,15,88,0.5294117647058824
add_edge_random,15,89,0.5882352941176471
add_edge_random,15,90,0.6470588235294118
add_edge_random,15,91,0.5294117647058824
add_edge_random,15,92,0.4411764705882353
add_edge_random,15,93,0.4411764705882353
add_edge_random,15,94,0.5
add_edge_random,15,95,0.5882352941176471
add_edge_random,15,96,0.6176470588235294
add_edge_random,15,97,0.6764705882352942
add_edge_random,15,98,0.5294117647058824
add_edge_random,15,99,0.4117647058823529
add_edge_random,15,100,0.47058823529411764
add_edge_random,15,101,0.5
add_edge_random,15,102,0.47058823529411764
add_edge_random,15,103,0.47058823529411764
add_edge_random,15,104,0.5294117647058824
add_edge_random,15,105,0.4411764705882353
add_edge_random,15,106,0.4411764705882353
add_edge_random,15,107,0.38235294117647056
add_edge_random,15,108,0.5
add_edge_random,15,109,0.5
add_edge_random,15,110,0.4411764705882353
add_edge_random,15,111,0.4117647058823529
add_edge_random,15,112,0.4117647058823529
add_edge_random,15,113,0.4411764705882353
add_edge_random,15,114,0.38235294117647056
add_edge_random,15,115,0.4117647058823529
add_edge_random,15,116,0.4411764705882353
add_edge_random,15,117,0.4117647058823529
add_edge_random,15,118,0.3235294117647059
add_edge_random,15,119,0.4117647058823529
add_edge_random,15,120,0.4411764705882353
add_edge_random,15,121,0.5
add_edge_random,15,122,0.38235294117647056
add_edge_random,15,123,0.4117647058823529
add_edge_random,15,124,0.38235294117647056
add_edge_random,15,125,0.2647058823529412
add_edge_random,15,126,0.4411764705882353
add_edge_random,15,127,0.47058823529411764
add_edge_random,15,128,0.4411764705882353
add_edge_random,15,129,0.38235294117647056
add_edge_random,15,130,0.38235294117647056
add_edge_random,15,131,0.38235294117647056
add_edge_random,15,132,0.38235294117647056
add_edge_random,15,133,0.3235294117647059
add_edge_random,15,134,0.35294117647058826
add_edge_random,15,135,0.3235294117647059
add_edge_random,15,136,0.2647058823529412
add_edge_random,15,137,0.38235294117647056
add_edge_random,15,138,0.29411764705882354
add_edge_random,15,139,0.23529411764705882
add_edge_random,15,140,0.29411764705882354
add_edge_random,15,141,0.38235294117647056
add_edge_random,15,142,0.38235294117647056
add_edge_random,15,143,0.35294117647058826
add_edge_random,15,144,0.35294117647058826
add_edge_random,15,145,0.5
add_edge_random,15,146,0.5294117647058824
add_edge_random,15,147,0.38235294117647056
add_edge_random,15,148,0.4117647058823529
add_edge_random,15,149,0.3235294117647059
add_edge_random,15,150,0.35294117647058826
add_edge_random,16,0,0.08823529411764706
add_edge_random,16,1,0.11764705882352941
add_edge_random,16,2,0.2647058823529412
add_edge_random,16,3,0.35294117647058826
add_edge_random,16,4,0.29411764705882354
add_edge_random,16,5,0.35294117647058826
add_edge_random,16,6,0.35294117647058826
add_edge_random,16,7,0.4117647058823529
add_edge_random,16,8,0.38235294117647056
add_edge_random,16,9,0.38235294117647056
add_edge_random,16,10,0.35294117647058826
add_edge_random,16,11,0.38235294117647056
add_edge_random,16,12,0.5
add_edge_random,16,13,0.4117647058823529
add_edge_random,16,14,0.35294117647058826
add_edge_random,16,15,0.5294117647058824
add_edge_random,16,16,0.5
add_edge_random,16,17,0.6176470588235294
add_edge_random,16,18,0.6176470588235294
add_edge_random,16,19,0.7058823529411765
add_edge_random,16,20,0.7352941176470589
add_edge_random,16,21,0.5882352941176471
add_edge_random,16,22,0.5588235294117647
add_edge_random,16,23,0.5294117647058824
add_edge_random,16,24,0.5
add_edge_random,16,25,0.5588235294117647
add_edge_random,16,26,0.47058823529411764
add_edge_random,16,27,0.5294117647058824
add_edge_random,16,28,0.5588235294117647
add_edge_random,16,29,0.5294117647058824
add_edge_random,16,30,0.5294117647058824
add_edge_random,16,31,0.47058823529411764
add_edge_random,16,32,0.47058823529411764
add_edge_random,16,33,0.6176470588235294
add_edge_random,16,34,0.5294117647058824
add_edge_random,16,35,0.47058823529411764
add_edge_random,16,36,0.4411764705882353
add_edge_random,16,37,0.47058823529411764
add_edge_random,16,38,0.47058823529411764
add_edge_random,16,39,0.47058823529411764
add_edge_random,16,40,0.4117647058823529
add_edge_random,16,41,0.38235294117647056
add_edge_random,16,42,0.4117647058823529
add_edge_random,16,43,0.4411764705882353
add_edge_random,16,44,0.5
add_edge_random,16,45,0.5
add_edge_random,16,46,0.5294117647058824
add_edge_random,16,47,0.5294117647058824
add_edge_random,16,48,0.5588235294117647
add_edge_random,16,49,0.5588235294117647
add_edge_random,16,50,0.5
add_edge_random,16,51,0.3235294117647059
add_edge_random,16,52,0.38235294117647056
add_edge_random,16,53,0.2647058823529412
add_edge_random,16,54,0.38235294117647056
add_edge_random,16,55,0.38235294117647056
add_edge_random,16,56,0.47058823529411764
add_edge_random,16,57,0.6470588235294118
add_edge_random,16,58,0.5294117647058824
add_edge_random,16,59,0.5588235294117647
add_edge_random,16,60,0.5882352941176471
add_edge_random,16,61,0.5588235294117647
add_edge_random,16,62,0.5294117647058824
add_edge_random,16,63,0.47058823529411764
add_edge_random,16,64,0.5294117647058824
add_edge_random,16,65,0.4411764705882353
add_edge_random,16,66,0.4411764705882353
add_edge_random,16,67,0.5294117647058824
add_edge_random,16,68,0.47058823529411764
add_edge_random,16,69,0.5588235294117647
add_edge_random,16,70,0.47058823529411764
add_edge_random,16,71,0.4117647058823529
add_edge_random,16,72,0.3235294117647059
add_edge_random,16,73,0.29411764705882354
add_edge_random,16,74,0.38235294117647056
add_edge_random,16,75,0.35294117647058826
add_edge_random,16,76,0.29411764705882354
add_edge_random,16,77,0.38235294117647056
add_edge_random,16,78,0.4117647058823529
add_edge_random,16,79,0.4411764705882353
add_edge_random,16,80,0.5
add_edge_random,16,81,0.5588235294117647
add_edge_random,16,82,0.6176470588235294
add_edge_random,16,83,0.6176470588235294
add_edge_random,16,84,0.5294117647058824
add_edge_random,16,85,0.5
add_edge_random,16,86,0.47058823529411764
add_edge_random,16,87,0.5294117647058824
add_edge_random,16,88,0.5588235294117647
add_edge_random,16,89,0.4411764705882353
add_edge_random,16,90,0.5
add_edge_random,16,91,0.47058823529411764
add_edge_random,16,92,0.4117647058823529
add_edge_random,16,93,0.4117647058823529
add_edge_random,16,94,0.4117647058823529
add_edge_random,16,95,0.5294117647058824
add_edge_random,16,96,0.5
add_edge_random,16,97,0.47058823529411764
add_edge_random,16,98,0.4411764705882353
add_edge_random,16,99,0.4117647058823529
add_edge_random,16,100,0.35294117647058826
add_edge_random,16,101,0.35294117647058826
add_edge_random,16,102,0.5
add_edge_random,16,103,0.47058823529411764
add_edge_random,16,104,0.47058823529411764
add_edge_random,16,105,0.4117647058823529
add_edge_random,16,106,0.4117647058823529
add_edge_random,16,107,0.4117647058823529
add_edge_random,16,108,0.4411764705882353
add_edge_random,16,109,0.38235294117647056
add_edge_random,16,110,0.35294117647058826
add_edge_random,16,111,0.38235294117647056
add_edge_random,16,112,0.4117647058823529
add_edge_random,16,113,0.5588235294117647
add_edge_random,16,114,0.5588235294117647
add_edge_random,16,115,0.5
add_edge_random,16,116,0.4117647058823529
add_edge_random,16,117,0.47058823529411764
add_edge_random,16,118,0.5294117647058824
add_edge_random,16,119,0.47058823529411764
add_edge_random,16,120,0.47058823529411764
add_edge_random,16,121,0.5588235294117647
add_edge_random,16,122,0.5294117647058824
add_edge_random,16,123,0.4411764705882353
add_edge_random,16,124,0.23529411764705882
add_edge_random,16,125,0.14705882352941177
add_edge_random,16,126,0.17647058823529413
add_edge_random,16,127,0.23529411764705882
add_edge_random,16,128,0.4117647058823529
add_edge_random,16,129,0.47058823529411764
add_edge_random,16,130,0.38235294117647056
add_edge_random,16,131,0.4117647058823529
add_edge_random,16,132,0.47058823529411764
add_edge_random,16,133,0.3235294117647059
add_edge_random,16,134,0.35294117647058826
add_edge_random,16,135,0.3235294117647059
add_edge_random,16,136,0.4117647058823529
add_edge_random,16,137,0.4117647058823529
add_edge_random,16,138,0.23529411764705882
add_edge_random,16,139,0.2647058823529412
add_edge_random,16,140,0.35294117647058826
add_edge_random,16,141,0.4117647058823529
add_edge_random,16,142,0.4117647058823529
add_edge_random,16,143,0.5294117647058824
add_edge_random,16,144,0.5588235294117647
add_edge_random,16,145,0.47058823529411764
add_edge_random,16,146,0.4117647058823529
add_edge_random,16,147,0.4117647058823529
add_edge_random,16,148,0.38235294117647056
add_edge_random,16,149,0.4411764705882353
add_edge_random,16,150,0.4411764705882353
add_edge_random,17,0,0.08823529411764706
add_edge_random,17,1,0.029411764705882353
add_edge_random,17,2,0.029411764705882353
add_edge_random,17,3,0.029411764705882353
add_edge_random,17,4,0.058823529411764705
add_edge_random,17,5,0.08823529411764706
add_edge_random,17,6,0.11764705882352941
add_edge_random,17,7,0.11764705882352941
add_edge_random,17,8,0.23529411764705882
add_edge_random,17,9,0.29411764705882354
add_edge_random,17,10,0.4411764705882353
add_edge_random,17,11,0.4411764705882353
add_edge_random,17,12,0.47058823529411764
add_edge_random,17,13,0.47058823529411764
add_edge_random,17,14,0.4117647058823529
add_edge_random,17,15,0.38235294117647056
add_edge_random,17,16,0.3235294117647059
add_edge_random,17,17,0.38235294117647056
add_edge_random,17,18,0.4117647058823529
add_edge_random,17,19,0.38235294117647056
add_edge_random,17,20,0.23529411764705882
add_edge_random,17,21,0.29411764705882354
add_edge_random,17,22,0.2647058823529412
add_edge_random,17,23,0.29411764705882354
add_edge_random,17,24,0.29411764705882354
add_edge_random,17,25,0.3235294117647059
add_edge_random,17,26,0.38235294117647056
add_edge_random,17,27,0.4117647058823529
add_edge_random,17,28,0.4411764705882353
add_edge_random,17,29,0.5
add_edge_random,17,30,0.5
add_edge_random,17,31,0.5882352941176471
add_edge_random,17,32,0.6176470588235294
add_edge_random,17,33,0.5
add_edge_random,17,34,0.5
add_edge_random,17,35,0.4117647058823529
add_edge_random,17,36,0.4411764705882353
add_edge_random,17,37,0.35294117647058826
add_edge_random,17,38,0.35294117647058826
add_edge_random,17,39,0.23529411764705882
add_edge_random,17,40,0.2647058823529412
add_edge_random,17,41,0.20588235294117646
add_edge_random,17,42,0.14705882352941177
add_edge_random,17,43,0.17647058823529413
add_edge_random,17,44,0.2647058823529412
add_edge_random,17,45,0.2647058823529412
add_edge_random,17,46,0.4411764705882353
add_edge_random,17,47,0.47058823529411764
add_edge_random,17,48,0.47058823529411764
add_edge_random,17,49,0.38235294117647056
add_edge_random,17,50,0.4411764705882353
add_edge_random,17,51,0.38235294117647056
add_edge_random,17,52,0.4411764705882353
add_edge_random,17,53,0.47058823529411764
add_edge_random,17,54,0.4117647058823529
add_edge_random,17,55,0.4411764705882353
add_edge_random,17,56,0.5
add_edge_random,17,57,0.5
add_edge_random,17,58,0.5588235294117647
add_edge_random,17,59,0.47058823529411764
add_edge_random,17,60,0.5588235294117647
add_edge_random,17,61,0.4411764705882353
add_edge_random,17,62,0.38235294117647056
add_edge_random,17,63,0.38235294117647056
add_edge_random,17,64,0.35294117647058826
add_edge_random,17,65,0.4117647058823529
add_edge_random,17,66,0.4411764705882353
add_edge_random,17,67,0.38235294117647056
add_edge_random,17,68,0.4411764705882353
add_edge_random,17,69,0.38235294117647056
add_edge_random,17,70,0.4117647058823529
add_edge_random,17,71,0.47058823529411764
add_edge_random,17,72,0.4117647058823529
add_edge_random,17,73,0.5294117647058824
add_edge_random,17,74,0.5
add_edge_random,17,75,0.5
add_edge_random,17,76,0.5294117647058824
add_edge_random,17,77,0.5
add_edge_random,17,78,0.47058823529411764
add_edge_random,17,79,0.5588235294117647
add_edge_random,17,80,0.47058823529411764
add_edge_random,17,81,0.5294117647058824
add_edge_random,17,82,0.6470588235294118
add_edge_random,17,83,0.6470588235294118
add_edge_random,17,84,0.7058823529411765
add_edge_random,17,85,0.6176470588235294
add_edge_random,17,86,0.5294117647058824
add_edge_random,17,87,0.5
add_edge_random,17,88,0.6176470588235294
add_edge_random,17,89,0.5882352941176471
add_edge_random,17,90,0.5
add_edge_random,17,91,0.29411764705882354
add_edge_random,17,92,0.35294117647058826
add_edge_random,17,93,0.5588235294117647
add_edge_random,17,94,0.5588235294117647
add_edge_random,17,95,0.5588235294117647
add_edge_random,17,96,0.5588235294117647
add_edge_random,17,97,0.5294117647058824
add_edge_random,17,98,0.6176470588235294
add_edge_random,17,99,0.6176470588235294
add_edge_random,17,100,0.47058823529411764
add_edge_random,17,101,0.2647058823529412
add_edge_random,17,102,0.20588235294117646
add_edge_random,17,103,0.20588235294117646
add_edge_random,17,104,0.2647058823529412
add_edge_random,17,105,0.29411764705882354
add_edge_random,17,106,0.35294117647058826
add_edge_random,17,107,0.29411764705882354
add_edge_random,17,108,0.3235294117647059
add_edge_random,17,109,0.3235294117647059
add_edge_random,17,110,0.38235294117647056
add_edge_random,17,111,0.4411764705882353
add_edge_random,17,112,0.29411764705882354
add_edge_random,17,113,0.2647058823529412
add_edge_random,17,114,0.3235294117647059
add_edge_random,17,115,0.29411764705882354
add_edge_random,17,116,0.4117647058823529
add_edge_random,17,117,0.38235294117647056
add_edge_random,17,118,0.35294117647058826
add_edge_random,17,119,0.4117647058823529
add_edge_random,17,120,0.38235294117647056
add_edge_random,17,121,0.4117647058823529
add_edge_random,17,122,0.38235294117647056
add_edge_random,17,123,0.38235294117647056
add_edge_random,17,124,0.3235294117647059
add_edge_random,17,125,0.2647058823529412
add_edge_random,17,126,0.20588235294117646
add_edge_random,17,127,0.20588235294117646
add_edge_random,17,128,0.2647058823529412
add_edge_random,17,129,0.23529411764705882
add_edge_random,17,130,0.29411764705882354
add_edge_random,17,131,0.29411764705882354
add_edge_random,17,132,0.20588235294117646
add_edge_random,17,133,0.17647058823529413
add_edge_random,17,134,0.23529411764705882
add_edge_random,17,135,0.20588235294117646
add_edge_random,17,136,0.17647058823529413
add_edge_random,17,137,0.17647058823529413
add_edge_random,17,138,0.17647058823529413
add_edge_random,17,139,0.11764705882352941
add_edge_random,17,140,0.11764705882352941
add_edge_random,17,141,0.11764705882352941
add_edge_random,17,142,0.11764705882352941
add_edge_random,17,143,0.17647058823529413
add_edge_random,17,144,0.2647058823529412
add_edge_random,17,145,0.29411764705882354
add_edge_random,17,146,0.29411764705882354
add_edge_random,17,147,0.2647058823529412
add_edge_random,17,148,0.29411764705882354
add_edge_random,17,149,0.35294117647058826
add_edge_random,17,150,0.38235294117647056
add_edge_random,18,0,0.08823529411764706
add_edge_random,18,1,0.058823529411764705
add_edge_random,18,2,0.08823529411764706
add_edge_random,18,3,0.11764705882352941
add_edge_random,18,4,0.14705882352941177
add_edge_random,18,5,0.11764705882352941
add_edge_random,18,6,0.11764705882352941
add_edge_random,18,7,0.14705882352941177
add_edge_random,18,8,0.14705882352941177
add_edge_random,18,9,0.17647058823529413
add_edge_random,18,10,0.20588235294117646
add_edge_random,18,11,0.17647058823529413
add_edge_random,18,12,0.17647058823529413
add_edge_random,18,13,0.17647058823529413
add_edge_random,18,14,0.20588235294117646
add_edge_random,18,15,0.23529411764705882
add_edge_random,18,16,0.2647058823529412
add_edge_random,18,17,0.3235294117647059
add_edge_random,18,18,0.3235294117647059
add_edge_random,18,19,0.35294117647058826
add_edge_random,18,20,0.4117647058823529
add_edge_random,18,21,0.4117647058823529
add_edge_random,18,22,0.4117647058823529
add_edge_random,18,23,0.38235294117647056
add_edge_random,18,24,0.3235294117647059
add_edge_random,18,25,0.38235294117647056
add_edge_random,18,26,0.4117647058823529
add_edge_random,18,27,0.47058823529411764
add_edge_random,18,28,0.47058823529411764
add_edge_random,18,29,0.5294117647058824
add_edge_random,18,30,0.5882352941176471
add_edge_random,18,31,0.5588235294117647
add_edge_random,18,32,0.47058823529411764
add_edge_random,18,33,0.4411764705882353
add_edge_random,18,34,0.47058823529411764
add_edge_random,18,35,0.4411764705882353
add_edge_random,18,36,0.5
add_edge_random,18,37,0.5294117647058824
add_edge_random,18,38,0.5588235294117647
add_edge_random,18,39,0.4411764705882353
add_edge_random,18,40,0.5
add_edge_random,18,41,0.5
add_edge_random,18,42,0.4117647058823529
add_edge_random,18,43,0.4411764705882353
add_edge_random,18,44,0.4117647058823529
add_edge_random,18,45,0.35294117647058826
add_edge_random,18,46,0.20588235294117646
add_edge_random,18,47,0.3235294117647059
add_edge_random,18,48,0.38235294117647056
add_edge_random,18,49,0.23529411764705882
add_edge_random,18,50,0.2647058823529412
add_edge_random,18,51,0.29411764705882354
add_edge_random,18,52,0.4117647058823529
add_edge_random,18,53,0.35294117647058826
add_edge_random,18,54,0.4411764705882353
add_edge_random,18,55,0.4411764705882353
add_edge_random,18,56,0.5294117647058824
add_edge_random,18,57,0.47058823529411764
add_edge_random,18,58,0.5
add_edge_random,18,59,0.38235294117647056
add_edge_random,18,60,0.38235294117647056
add_edge_random,18,61,0.3235294117647059
add_edge_random,18,62,0.38235294117647056
add_edge_random,18,63,0.38235294117647056
add_edge_random,18,64,0.5294117647058824
add_edge_random,18,65,0.4411764705882353
add_edge_random,18,66,0.38235294117647056
add_edge_random,18,67,0.35294117647058826
add_edge_random,18,68,0.4117647058823529
add_edge_random,18,69,0.38235294117647056
add_edge_random,18,70,0.4411764705882353
add_edge_random,18,71,0.5
add_edge_random,18,72,0.5294117647058824
add_edge_random,18,73,0.5294117647058824
add_edge_random,18,74,0.4411764705882353
add_edge_random,18,75,0.4117647058823529
add_edge_random,18,76,0.35294117647058826
add_edge_random,18,77,0.4117647058823529
add_edge_random,18,78,0.3235294117647059
add_edge_random,18,79,0.3235294117647059
add_edge_random,18,80,0.4411764705882353
add_edge_random,18,81,0.5588235294117647
add_edge_random,18,82,0.6470588235294118
add_edge_random,18,83,0.6470588235294118
add_edge_random,18,84,0.5882352941176471
add_edge_random,18,85,0.5294117647058824
add_edge_random,18,86,0.5
add_edge_random,18,87,0.5588235294117647
add_edge_random,18,88,0.5882352941176471
add_edge_random,18,89,0.5294117647058824
add_edge_random,18,90,0.5882352941176471
add_edge_random,18,91,0.6176470588235294
add_edge_random,18,92,0.5294117647058824
add_edge_random,18,93,0.5294117647058824
add_edge_random,18,94,0.5294117647058824
add_edge_random,18,95,0.5294117647058824
add_edge_random,18,96,0.5
add_edge_random,18,97,0.35294117647058826
add_edge_random,18,98,0.35294117647058826
add_edge_random,18,99,0.4117647058823529
add_edge_random,18,100,0.4117647058823529
add_edge_random,18,101,0.4117647058823529
add_edge_random,18,102,0.47058823529411764
add_edge_random,18,103,0.5882352941176471
add_edge_random,18,104,0.38235294117647056
add_edge_random,18,105,0.38235294117647056
add_edge_random,18,106,0.38235294117647056
add_edge_random,18,107,0.4411764705882353
add_edge_random,18,108,0.47058823529411764
add_edge_random,18,109,0.38235294117647056
add_edge_random,18,110,0.35294117647058826
add_edge_random,18,111,0.4117647058823529
add_edge_random,18,112,0.4117647058823529
add_edge_random,18,113,0.4411764705882353
add_edge_random,18,114,0.4117647058823529
add_edge_random,18,115,0.5588235294117647
add_edge_random,18,116,0.5294117647058824
add_edge_random,18,117,0.47058823529411764
add_edge_random,18,118,0.5882352941176471
add_edge_random,18,119,0.5882352941176471
add_edge_random,18,120,0.6470588235294118
add_edge_random,18,121,0.5588235294117647
add_edge_random,18,122,0.4117647058823529
add_edge_random,18,123,0.4117647058823529
add_edge_random,18,124,0.4411764705882353
add_edge_random,18,125,0.5882352941176471
add_edge_random,18,126,0.47058823529411764
add_edge_random,18,127,0.4117647058823529
add_edge_random,18,128,0.35294117647058826
add_edge_random,18,129,0.3235294117647059
add_edge_random,18,130,0.29411764705882354
add_edge_random,18,131,0.35294117647058826
add_edge_random,18,132,0.38235294117647056
add_edge_random,18,133,0.38235294117647056
add_edge_random,18,134,0.35294117647058826
add_edge_random,18,135,0.38235294117647056
add_edge_random,18,136,0.47058823529411764
add_edge_random,18,137,0.4117647058823529
add_edge_random,18,138,0.3235294117647059
add_edge_random,18,139,0.2647058823529412
add_edge_random,18,140,0.29411764705882354
add_edge_random,18,141,0.23529411764705882
add_edge_random,18,142,0.23529411764705882
add_edge_random,18,143,0.23529411764705882
add_edge_random,18,144,0.23529411764705882
add_edge_random,18,145,0.23529411764705882
add_edge_random,18,146,0.23529411764705882
add_edge_random,18,147,0.23529411764705882
add_edge_random,18,148,0.35294117647058826
add_edge_random,18,149,0.29411764705882354
add_edge_random,18,150,0.4117647058823529
add_edge_random,19,0,0.08823529411764706
add_edge_random,19,1,0.11764705882352941
add_edge_random,19,2,0.14705882352941177
add_edge_random,19,3,0.20588235294117646
add_edge_random,19,4,0.3235294117647059
add_edge_random,19,5,0.20588235294117646
add_edge_random,19,6,0.29411764705882354
add_edge_random,19,7,0.38235294117647056
add_edge_random,19,8,0.47058823529411764
add_edge_random,19,9,0.3235294117647059
add_edge_random,19,10,0.4117647058823529
add_edge_random,19,11,0.47058823529411764
add_edge_random,19,12,0.47058823529411764
add_edge_random,19,13,0.47058823529411764
add_edge_random,19,14,0.5
add_edge_random,19,15,0.3235294117647059
add_edge_random,19,16,0.4411764705882353
add_edge_random,19,17,0.4117647058823529
add_edge_random,19,18,0.4117647058823529
add_edge_random,19,19,0.3235294117647059
add_edge_random,19,20,0.3235294117647059
add_edge_random,19,21,0.38235294117647056
add_edge_random,19,22,0.38235294117647056
add_edge_random,19,23,0.4411764705882353
add_edge_random,19,24,0.47058823529411764
add_edge_random,19,25,0.5
add_edge_random,19,26,0.5
add_edge_random,19,27,0.5
add_edge_random,19,28,0.5294117647058824
add_edge_random,19,29,0.5294117647058824
add_edge_random,19,30,0.4117647058823529
add_edge_random,19,31,0.4117647058823529
add_edge_random,19,32,0.47058823529411764
add_edge_random,19,33,0.4117647058823529
add_edge_random,19,34,0.38235294117647056
add_edge_random,19,35,0.4117647058823529
add_edge_random,19,36,0.3235294117647059
add_edge_random,19,37,0.3235294117647059
add_edge_random,19,38,0.2647058823529412
add_edge_random,19,39,0.38235294117647056
add_edge_random,19,40,0.4411764705882353
add_edge_random,19,41,0.4411764705882353
add_edge_random,19,42,0.4117647058823529
add_edge_random,19,43,0.47058823529411764
add_edge_random,19,44,0.35294117647058826
add_edge_random,19,45,0.35294117647058826
add_edge_random,19,46,0.3235294117647059
add_edge_random,19,47,0.23529411764705882
add_edge_random,19,48,0.29411764705882354
add_edge_random,19,49,0.3235294117647059
add_edge_random,19,50,0.4117647058823529
add_edge_random,19,51,0.38235294117647056
add_edge_random,19,52,0.4411764705882353
add_edge_random,19,53,0.4117647058823529
add_edge_random,19,54,0.38235294117647056
add_edge_random,19,55,0.4411764705882353
add_edge_random,19,56,0.47058823529411764
add_edge_random,19,57,0.47058823529411764
add_edge_random,19,58,0.38235294117647056
add_edge_random,19,59,0.38235294117647056
add_edge_random,19,60,0.35294117647058826
add_edge_random,19,61,0.2647058823529412
add_edge_random,19,62,0.3235294117647059
add_edge_random,19,63,0.35294117647058826
add_edge_random,19,64,0.2647058823529412
add_edge_random,19,65,0.29411764705882354
add_edge_random,19,66,0.23529411764705882
add_edge_random,19,67,0.2647058823529412
add_edge_random,19,68,0.23529411764705882
add_edge_random,19,69,0.17647058823529413
add_edge_random,19,70,0.17647058823529413
add_edge_random,19,71,0.20588235294117646
add_edge_random,19,72,0.20588235294117646
add_edge_random,19,73,0.11764705882352941
add_edge_random,19,74,0.20588235294117646
add_edge_random,19,75,0.17647058823529413
add_edge_random,19,76,0.20588235294117646
add_edge_random,19,77,0.20588235294117646
add_edge_random,19,78,0.17647058823529413
add_edge_random,19,79,0.2647058823529412
add_edge_random,19,80,0.3235294117647059
add_edge_random,19,81,0.4117647058823529
add_edge_random,19,82,0.47058823529411764
add_edge_random,19,83,0.5294117647058824
add_edge_random,19,84,0.5294117647058824
add_edge_random,19,85,0.5
add_edge_random,19,86,0.47058823529411764
add_edge_random,19,87,0.4411764705882353
add_edge_random,19,88,0.47058823529411764
add_edge_random,19,89,0.5
add_edge_random,19,90,0.5
add_edge_random,19,91,0.5
add_edge_random,19,92,0.5294117647058824
add_edge_random,19,93,0.5
add_edge_random,19,94,0.5588235294117647
add_edge_random,19,95,0.5588235294117647
add_edge_random,19,96,0.5294117647058824
add_edge_random,19,97,0.5
add_edge_random,19,98,0.35294117647058826
add_edge_random,19,99,0.4117647058823529
add_edge_random,19,100,0.3235294117647059
add_edge_random,19,101,0.3235294117647059
add_edge_random,19,102,0.35294117647058826
add_edge_random,19,103,0.4117647058823529
add_edge_random,19,104,0.47058823529411764
add_edge_random,19,105,0.5
add_edge_random,19,106,0.47058823529411764
add_edge_random,19,107,0.5
add_edge_random,19,108,0.4117647058823529
add_edge_random,19,109,0.4411764705882353
add_edge_random,19,110,0.38235294117647056
add_edge_random,19,111,0.3235294117647059
add_edge_random,19,112,0.3235294117647059
add_edge_random,19,113,0.38235294117647056
add_edge_random,19,114,0.3235294117647059
add_edge_random,19,115,0.3235294117647059
add_edge_random,19,116,0.17647058823529413
add_edge_random,19,117,0.20588235294117646
add_edge_random,19,118,0.20588235294117646
add_edge_random,19,119,0.23529411764705882
add_edge_random,19,120,0.23529411764705882
add_edge_random,19,121,0.29411764705882354
add_edge_random,19,122,0.2647058823529412
add_edge_random,19,123,0.35294117647058826
add_edge_random,19,124,0.29411764705882354
add_edge_random,19,125,0.23529411764705882
add_edge_random,19,126,0.20588235294117646
add_edge_random,19,127,0.20588235294117646
add_edge_random,19,128,0.20588235294117646
add_edge_random,19,129,0.23529411764705882
add_edge_random,19,130,0.3235294117647059
add_edge_random,19,131,0.35294117647058826
add_edge_random,19,132,0.4117647058823529
add_edge_random,19,133,0.38235294117647056
add_edge_random,19,134,0.38235294117647056
add_edge_random,19,135,0.35294117647058826
add_edge_random,19,136,0.35294117647058826
add_edge_random,19,137,0.4411764705882353
add_edge_random,19,138,0.5588235294117647
add_edge_random,19,139,0.5294117647058824
add_edge_random,19,140,0.5
add_edge_random,19,141,0.5588235294117647
add_edge_random,19,142,0.6176470588235294
add_edge_random,19,143,0.6470588235294118
add_edge_random,19,144,0.6176470588235294
add_edge_random,19,145,0.47058823529411764
add_edge_random,19,146,0.4117647058823529
add_edge_random,19,147,0.5588235294117647
add_edge_random,19,148,0.5
add_edge_random,19,149,0.6764705882352942
add_edge_random,19,150,0.6470588235294118
