model,run,step,node_or_outcome,value
independent_cascade,0,0,A,1
independent_cascade,0,0,B,0
independent_cascade,0,0,C,0
independent_cascade,0,0,D,0
independent_cascade,0,1,A,1
independent_cascade,0,1,B,1
independent_cascade,0,1,C,0
independent_cascade,0,1,D,0
independent_cascade,0,2,A,1
independent_cascade,0,2,B,1
independent_cascade,0,2,C,1
independent_cascade,0,2,D,1
linear_threshold,0,0,A,1
linear_threshold,0,0,C,0
linear_threshold,0,0,B,1
linear_threshold,0,0,D,0
linear_threshold,0,1,A,1
linear_threshold,0,1,C,1
linear_threshold,0,1,B,1
linear_threshold,0,1,D,0
linear_threshold,0,2,A,1
linear_threshold,0,2,C,1
linear_threshold,0,2,B,1
linear_threshold,0,2,D,1
voter,0,0,tracked_state_1,10
voter,0,1,tracked_state_1,9
voter,0,2,tracked_state_1,9
voter,0,3,tracked_state_1,9
voter,0,4,tracked_state_1,9
voter,0,5,tracked_state_1,9
voter,0,6,tracked_state_1,9
voter,0,7,tracked_state_1,9
voter,0,8,tracked_state_1,9
voter,0,9,tracked_state_1,9
voter,0,10,tracked_state_1,9
voter,0,11,tracked_state_1,9
voter,0,12,tracked_state_1,9
voter,0,13,tracked_state_1,9
voter,0,14,tracked_state_1,9
voter,0,15,tracked_state_1,9
voter,0,16,tracked_state_1,9
voter,0,17,tracked_state_1,9
voter,0,18,tracked_state_1,10
voter,0,19,tracked_state_1,10
voter,0,20,tracked_state_1,10
voter,0,21,tracked_state_1,10
voter,0,22,tracked_state_1,10
voter,0,23,tracked_state_1,10
voter,0,24,tracked_state_1,10
voter,0,25,tracked_state_1,10
voter,0,26,tracked_state_1,10
voter,0,27,tracked_state_1,10
voter,0,28,tracked_state_1,10
voter,0,29,tracked_state_1,9
voter,0,30,tracked_state_1,9
voter,0,31,tracked_state_1,9
voter,0,32,tracked_state_1,9
voter,0,33,tracked_state_1,9
voter,0,34,tracked_state_1,9
voter,0,35,tracked_state_1,9
voter,0,36,tracked_state_1,9
voter,0,37,tracked_state_1,9
voter,0,38,tracked_state_1,9
voter,0,39,tracked_state_1,9
voter,0,40,tracked_state_1,9
voter,0,41,tracked_state_1,9
voter,0,42,tracked_state_1,9
voter,0,43,tracked_state_1,9
voter,0,44,tracked_state_1,9
voter,0,45,tracked_state_1,9
voter,0,46,tracked_state_1,9
voter,0,47,tracked_state_1,9
voter,0,48,tracked_state_1,9
voter,0,49,tracked_state_1,9
voter,0,50,tracked_state_1,9
voter,0,51,tracked_state_1,9
voter,0,52,tracked_state_1,9
voter,0,53,tracked_state_1,8
voter,0,54,tracked_state_1,8
voter,0,55,tracked_state_1,9
voter,0,56,tracked_state_1,9
voter,0,57,tracked_state_1,9
voter,0,58,tracked_state_1,9
voter,0,59,tracked_state_1,9
voter,0,60,tracked_state_1,9
voter,0,61,tracked_state_1,9
voter,0,62,tracked_state_1,8
voter,0,63,tracked_state_1,8
voter,0,64,tracked_state_1,8
voter,0,65,tracked_state_1,8
voter,0,66,tracked_state_1,8
voter,0,67,tracked_state_1,8
voter,0,68,tracked_state_1,8
voter,0,69,tracked_state_1,8
voter,0,70,tracked_state_1,8
voter,0,71,tracked_state_1,8
voter,0,72,tracked_state_1,8
voter,0,73,tracked_state_1,8
voter,0,74,tracked_state_1,8
voter,0,75,tracked_state_1,8
voter,0,76,tracked_state_1,8
voter,0,77,tracked_state_1,8
voter,0,78,tracked_state_1,8
voter,0,79,tracked_state_1,8
voter,0,80,tracked_state_1,7
voter,0,81,tracked_state_1,7
voter,0,82,tracked_state_1,7
voter,0,83,tracked_state_1,7
voter,0,84,tracked_state_1,7
voter,0,85,tracked_state_1,7
voter,0,86,tracked_state_1,7
voter,0,87,tracked_state_1,7
voter,0,88,tracked_state_1,7
voter,0,89,tracked_state_1,7
voter,0,90,tracked_state_1,7
voter,0,91,tracked_state_1,7
voter,0,92,tracked_state_1,7
voter,0,93,tracked_state_1,6
voter,0,94,tracked_state_1,5
voter,0,95,tracked_state_1,5
voter,0,96,tracked_state_1,5
voter,0,97,tracked_state_1,4
voter,0,98,tracked_state_1,4
voter,0,99,tracked_state_1,4
voter,0,100,tracked_state_1,4
voter,1,0,tracked_state_1,10
voter,1,1,tracked_state_1,10
voter,1,2,tracked_state_1,10
voter,1,3,tracked_state_1,10
voter,1,4,tracked_state_1,10
voter,1,5,tracked_state_1,10
voter,1,6,tracked_state_1,9
voter,1,7,tracked_state_1,9
voter,1,8,tracked_state_1,9
voter,1,9,tracked_state_1,9
voter,1,10,tracked_state_1,9
voter,1,11,tracked_state_1,9
voter,1,12,tracked_state_1,9
voter,1,13,tracked_state_1,9
voter,1,14,tracked_state_1,9
voter,1,15,tracked_state_1,9
voter,1,16,tracked_state_1,9
voter,1,17,tracked_state_1,9
voter,1,18,tracked_state_1,9
voter,1,19,tracked_state_1,9
voter,1,20,tracked_state_1,9
voter,1,21,tracked_state_1,9
voter,1,22,tracked_state_1,9
voter,1,23,tracked_state_1,9
voter,1,24,tracked_state_1,9
voter,1,25,tracked_state_1,9
voter,1,26,tracked_state_1,9
voter,1,27,tracked_state_1,9
voter,1,28,tracked_state_1,9
voter,1,29,tracked_state_1,9
voter,1,30,tracked_state_1,9
voter,1,31,tracked_state_1,8
voter,1,32,tracked_state_1,8
voter,1,33,tracked_state_1,8
voter,1,34,tracked_state_1,8
voter,1,35,tracked_state_1,8
voter,1,36,tracked_state_1,8
voter,1,37,tracked_state_1,8
voter,1,38,tracked_state_1,8
voter,1,39,tracked_state_1,8
voter,1,40,tracked_state_1,8
voter,1,41,tracked_state_1,8
voter,1,42,tracked_state_1,8
voter,1,43,tracked_state_1,8
voter,1,44,tracked_state_1,8
voter,1,45,tracked_state_1,8
voter,1,46,tracked_state_1,8
voter,1,47,tracked_state_1,8
voter,1,48,tracked_state_1,8
voter,1,49,tracked_state_1,8
voter,1,50,tracked_state_1,8
voter,1,51,tracked_state_1,8
voter,1,52,tracked_state_1,8
voter,1,53,tracked_state_1,8
voter,1,54,tracked_state_1,8
voter,1,55,tracked_state_1,8
voter,1,56,tracked_state_1,8
voter,1,57,tracked_state_1,8
voter,1,58,tracked_state_1,8
voter,1,59,tracked_state_1,8
voter,1,60,tracked_state_1,8
voter,1,61,tracked_state_1,8
voter,1,62,tracked_state_1,8
voter,1,63,tracked_state_1,9
voter,1,64,tracked_state_1,9
voter,1,65,tracked_state_1,9
voter,1,66,tracked_state_1,9
voter,1,67,tracked_state_1,9
voter,1,68,tracked_state_1,9
voter,1,69,tracked_state_1,9
voter,1,70,tracked_state_1,9
voter,1,71,tracked_state_1,9
voter,1,72,tracked_state_1,10
voter,1,73,tracked_state_1,10
voter,1,74,tracked_state_1,10
voter,1,75,tracked_state_1,10
voter,1,76,tracked_state_1,11
voter,1,77,tracked_state_1,11
voter,1,78,tracked_state_1,11
voter,1,79,tracked_state_1,12
voter,1,80,tracked_state_1,12
voter,1,81,tracked_state_1,12
voter,1,82,tracked_state_1,12
voter,1,83,tracked_state_1,12
voter,1,84,tracked_state_1,12
voter,1,85,tracked_state_1,12
voter,1,86,tracked_state_1,12
voter,1,87,tracked_state_1,12
voter,1,88,tracked_state_1,12
voter,1,89,tracked_state_1,12
voter,1,90,tracked_state_1,12
voter,1,91,tracked_state_1,12
voter,1,92,tracked_state_1,12
voter,1,93,tracked_state_1,12
voter,1,94,tracked_state_1,12
voter,1,95,tracked_state_1,12
voter,1,96,tracked_state_1,11
voter,1,97,tracked_state_1,11
voter,1,98,tracked_state_1,11
voter,1,99,tracked_state_1,12
voter,1,100,tracked_state_1,12
voter,2,0,tracked_state_1,10
voter,2,1,tracked_state_1,10
voter,2,2,tracked_state_1,10
voter,2,3,tracked_state_1,10
voter,2,4,tracked_state_1,10
voter,2,5,tracked_state_1,10
voter,2,6,tracked_state_1,10
voter,2,7,tracked_state_1,9
voter,2,8,tracked_state_1,9
voter,2,9,tracked_state_1,9
voter,2,10,tracked_state_1,9
voter,2,11,tracked_state_1,9
voter,2,12,tracked_state_1,9
voter,2,13,tracked_state_1,9
voter,2,14,tracked_state_1,9
voter,2,15,tracked_state_1,8
voter,2,16,tracked_state_1,8
voter,2,17,tracked_state_1,8
voter,2,18,tracked_state_1,8
voter,2,19,tracked_state_1,8
voter,2,20,tracked_state_1,8
voter,2,21,tracked_state_1,8
voter,2,22,tracked_state_1,8
voter,2,23,tracked_state_1,8
voter,2,24,tracked_state_1,8
voter,2,25,tracked_state_1,8
voter,2,26,tracked_state_1,8
voter,2,27,tracked_state_1,8
voter,2,28,tracked_state_1,8
voter,2,29,tracked_state_1,8
voter,2,30,tracked_state_1,8
voter,2,31,tracked_state_1,8
voter,2,32,tracked_state_1,8
voter,2,33,tracked_state_1,8
voter,2,34,tracked_state_1,8
voter,2,35,tracked_state_1,8
voter,2,36,tracked_state_1,8
voter,2,37,tracked_state_1,8
voter,2,38,tracked_state_1,8
voter,2,39,tracked_state_1,7
voter,2,40,tracked_state_1,7
voter,2,41,tracked_state_1,7
voter,2,42,tracked_state_1,7
voter,2,43,tracked_state_1,7
voter,2,44,tracked_state_1,7
voter,2,45,tracked_state_1,7
voter,2,46,tracked_state_1,7
voter,2,47,tracked_state_1,7
voter,2,48,tracked_state_1,7
voter,2,49,tracked_state_1,7
voter,2,50,tracked_state_1,7
voter,2,51,tracked_state_1,7
voter,2,52,tracked_state_1,6
voter,2,53,tracked_state_1,6
voter,2,54,tracked_state_1,6
voter,2,55,tracked_state_1,6
voter,2,56,tracked_state_1,6
voter,2,57,tracked_state_1,5
voter,2,58,tracked_state_1,5
voter,2,59,tracked_state_1,5
voter,2,60,tracked_state_1,5
voter,2,61,tracked_state_1,4
voter,2,62,tracked_state_1,4
voter,2,63,tracked_state_1,3
voter,2,64,tracked_state_1,3
voter,2,65,tracked_state_1,3
voter,2,66,tracked_state_1,3
voter,2,67,tracked_state_1,3
voter,2,68,tracked_state_1,3
voter,2,69,tracked_state_1,3
voter,2,70,tracked_state_1,3
voter,2,71,tracked_state_1,3
voter,2,72,tracked_state_1,3
voter,2,73,tracked_state_1,3
voter,2,74,tracked_state_1,3
voter,2,75,tracked_state_1,3
voter,2,76,tracked_state_1,3
voter,2,77,tracked_state_1,3
voter,2,78,tracked_state_1,3
voter,2,79,tracked_state_1,3
voter,2,80,tracked_state_1,3
voter,2,81,tracked_state_1,3
voter,2,82,tracked_state_1,3
voter,2,83,tracked_state_1,3
voter,2,84,tracked_state_1,3
voter,2,85,tracked_state_1,3
voter,2,86,tracked_state_1,3
voter,2,87,tracked_state_1,3
voter,2,88,tracked_state_1,3
voter,2,89,tracked_state_1,3
voter,2,90,tracked_state_1,3
voter,2,91,tracked_state_1,3
voter,2,92,tracked_state_1,3
voter,2,93,tracked_state_1,3
voter,2,94,tracked_state_1,3
voter,2,95,tracked_state_1,3
voter,2,96,tracked_state_1,3
voter,2,97,tracked_state_1,3
voter,2,98,tracked_state_1,3
voter,2,99,tracked_state_1,3
voter,2,100,tracked_state_1,4
voter,3,0,tracked_state_1,10
voter,3,1,tracked_state_1,10
voter,3,2,tracked_state_1,10
voter,3,3,tracked_state_1,10
voter,3,4,tracked_state_1,10
voter,3,5,tracked_state_1,10
voter,3,6,tracked_state_1,10
voter,3,7,tracked_state_1,10
voter,3,8,tracked_state_1,10
voter,3,9,tracked_state_1,10
voter,3,10,tracked_state_1,10
voter,3,11,tracked_state_1,10
voter,3,12,tracked_state_1,10
voter,3,13,tracked_state_1,10
voter,3,14,tracked_state_1,10
voter,3,15,tracked_state_1,10
voter,3,16,tracked_state_1,11
voter,3,17,tracked_state_1,11
voter,3,18,tracked_state_1,11
voter,3,19,tracked_state_1,11
voter,3,20,tracked_state_1,11
voter,3,21,tracked_state_1,11
voter,3,22,tracked_state_1,11
voter,3,23,tracked_state_1,11
voter,3,24,tracked_state_1,10
voter,3,25,tracked_state_1,11
voter,3,26,tracked_state_1,11
voter,3,27,tracked_state_1,11
voter,3,28,tracked_state_1,11
voter,3,29,tracked_state_1,11
voter,3,30,tracked_state_1,11
voter,3,31,tracked_state_1,11
voter,3,32,tracked_state_1,11
voter,3,33,tracked_state_1,11
voter,3,34,tracked_state_1,11
voter,3,35,tracked_state_1,11
voter,3,36,tracked_state_1,11
voter,3,37,tracked_state_1,11
voter,3,38,tracked_state_1,11
voter,3,39,tracked_state_1,11
voter,3,40,tracked_state_1,11
voter,3,41,tracked_state_1,11
voter,3,42,tracked_state_1,11
voter,3,43,tracked_state_1,11
voter,3,44,tracked_state_1,11
voter,3,45,tracked_state_1,11
voter,3,46,tracked_state_1,12
voter,3,47,tracked_state_1,12
voter,3,48,tracked_state_1,12
voter,3,49,tracked_state_1,13
voter,3,50,tracked_state_1,13
voter,3,51,tracked_state_1,13
voter,3,52,tracked_state_1,13
voter,3,53,tracked_state_1,13
voter,3,54,tracked_state_1,13
voter,3,55,tracked_state_1,12
voter,3,56,tracked_state_1,12
voter,3,57,tracked_state_1,12
voter,3,58,tracked_state_1,12
voter,3,59,tracked_state_1,12
voter,3,60,tracked_state_1,12
voter,3,61,tracked_state_1,12
voter,3,62,tracked_state_1,12
voter,3,63,tracked_state_1,12
voter,3,64,tracked_state_1,12
voter,3,65,tracked_state_1,12
voter,3,66,tracked_state_1,12
voter,3,67,tracked_state_1,12
voter,3,68,tracked_state_1,12
voter,3,69,tracked_state_1,12
voter,3,70,tracked_state_1,12
voter,3,71,tracked_state_1,12
voter,3,72,tracked_state_1,12
voter,3,73,tracked_state_1,12
voter,3,74,tracked_state_1,12
voter,3,75,tracked_state_1,12
voter,3,76,tracked_state_1,12
voter,3,77,tracked_state_1,12
voter,3,78,tracked_state_1,12
voter,3,79,tracked_state_1,12
voter,3,80,tracked_state_1,12
voter,3,81,tracked_state_1,12
voter,3,82,tracked_state_1,12
voter,3,83,tracked_state_1,12
voter,3,84,tracked_state_1,12
voter,3,85,tracked_state_1,12
voter,3,86,tracked_state_1,12
voter,3,87,tracked_state_1,12
voter,3,88,tracked_state_1,12
voter,3,89,tracked_state_1,12
voter,3,90,tracked_state_1,12
voter,3,91,tracked_state_1,12
voter,3,92,tracked_state_1,12
voter,3,93,tracked_state_1,12
voter,3,94,tracked_state_1,12
voter,3,95,tracked_state_1,11
voter,3,96,tracked_state_1,11
voter,3,97,tracked_state_1,11
voter,3,98,tracked_state_1,11
voter,3,99,tracked_state_1,11
voter,3,100,tracked_state_1,11
voter,4,0,tracked_state_1,10
voter,4,1,tracked_state_1,11
voter,4,2,tracked_state_1,12
voter,4,3,tracked_state_1,12
voter,4,4,tracked_state_1,12
voter,4,5,tracked_state_1,12
voter,4,6,tracked_state_1,12
voter,4,7,tracked_state_1,13
voter,4,8,tracked_state_1,13
voter,4,9,tracked_state_1,13
voter,4,10,tracked_state_1,14
voter,4,11,tracked_state_1,14
voter,4,12,tracked_state_1,14
voter,4,13,tracked_state_1,14
voter,4,14,tracked_state_1,14
voter,4,15,tracked_state_1,14
voter,4,16,tracked_state_1,14
voter,4,17,tracked_state_1,14
voter,4,18,tracked_state_1,14
voter,4,19,tracked_state_1,14
voter,4,20,tracked_state_1,14
voter,4,21,tracked_state_1,14
voter,4,22,tracked_state_1,14
voter,4,23,tracked_state_1,14
voter,4,24,tracked_state_1,14
voter,4,25,tracked_state_1,14
voter,4,26,tracked_state_1,14
voter,4,27,tracked_state_1,14
voter,4,28,tracked_state_1,14
voter,4,29,tracked_state_1,14
voter,4,30,tracked_state_1,13
voter,4,31,tracked_state_1,13
voter,4,32,tracked_state_1,13
voter,4,33,tracked_state_1,13
voter,4,34,tracked_state_1,13
voter,4,35,tracked_state_1,13
voter,4,36,tracked_state_1,13
voter,4,37,tracked_state_1,13
voter,4,38,tracked_state_1,13
voter,4,39,tracked_state_1,13
voter,4,40,tracked_state_1,13
voter,4,41,tracked_state_1,13
voter,4,42,tracked_state_1,13
voter,4,43,tracked_state_1,13
voter,4,44,tracked_state_1,13
voter,4,45,tracked_state_1,13
voter,4,46,tracked_state_1,13
voter,4,47,tracked_state_1,13
voter,4,48,tracked_state_1,13
voter,4,49,tracked_state_1,13
voter,4,50,tracked_state_1,13
voter,4,51,tracked_state_1,13
voter,4,52,tracked_state_1,13
voter,4,53,tracked_state_1,13
voter,4,54,tracked_state_1,13
voter,4,55,tracked_state_1,14
voter,4,56,tracked_state_1,14
voter,4,57,tracked_state_1,14
voter,4,58,tracked_state_1,14
voter,4,59,tracked_state_1,14
voter,4,60,tracked_state_1,14
voter,4,61,tracked_state_1,14
voter,4,62,tracked_state_1,14
voter,4,63,tracked_state_1,14
voter,4,64,tracked_state_1,13
voter,4,65,tracked_state_1,13
voter,4,66,tracked_state_1,13
voter,4,67,tracked_state_1,13
voter,4,68,tracked_state_1,13
voter,4,69,tracked_state_1,13
voter,4,70,tracked_state_1,13
voter,4,71,tracked_state_1,13
voter,4,72,tracked_state_1,13
voter,4,73,tracked_state_1,13
voter,4,74,tracked_state_1,13
voter,4,75,tracked_state_1,13
voter,4,76,tracked_state_1,13
voter,4,77,tracked_state_1,13
voter,4,78,tracked_state_1,13
voter,4,79,tracked_state_1,13
voter,4,80,tracked_state_1,12
voter,4,81,tracked_state_1,12
voter,4,82,tracked_state_1,12
voter,4,83,tracked_state_1,12
voter,4,84,tracked_state_1,12
voter,4,85,tracked_state_1,12
voter,4,86,tracked_state_1,12
voter,4,87,tracked_state_1,12
voter,4,88,tracked_state_1,12
voter,4,89,tracked_state_1,12
voter,4,90,tracked_state_1,12
voter,4,91,tracked_state_1,12
voter,4,92,tracked_state_1,12
voter,4,93,tracked_state_1,13
voter,4,94,tracked_state_1,13
voter,4,95,tracked_state_1,13
voter,4,96,tracked_state_1,13
voter,4,97,tracked_state_1,13
voter,4,98,tracked_state_1,13
voter,4,99,tracked_state_1,13
voter,4,100,tracked_state_1,13
voter,5,0,tracked_state_1,10
voter,5,1,tracked_state_1,10
voter,5,2,tracked_state_1,10
voter,5,3,tracked_state_1,10
voter,5,4,tracked_state_1,10
voter,5,5,tracked_state_1,9
voter,5,6,tracked_state_1,10
voter,5,7,tracked_state_1,10
voter,5,8,tracked_state_1,10
voter,5,9,tracked_state_1,10
voter,5,10,tracked_state_1,10
voter,5,11,tracked_state_1,10
voter,5,12,tracked_state_1,10
voter,5,13,tracked_state_1,10
voter,5,14,tracked_state_1,10
voter,5,15,tracked_state_1,10
voter,5,16,tracked_state_1,10
voter,5,17,tracked_state_1,10
voter,5,18,tracked_state_1,10
voter,5,19,tracked_state_1,9
voter,5,20,tracked_state_1,9
voter,5,21,tracked_state_1,9
voter,5,22,tracked_state_1,9
voter,5,23,tracked_state_1,9
voter,5,24,tracked_state_1,9
voter,5,25,tracked_state_1,9
voter,5,26,tracked_state_1,9
voter,5,27,tracked_state_1,9
voter,5,28,tracked_state_1,9
voter,5,29,tracked_state_1,9
voter,5,30,tracked_state_1,9
voter,5,31,tracked_state_1,9
voter,5,32,tracked_state_1,9
voter,5,33,tracked_state_1,9
voter,5,34,tracked_state_1,9
voter,5,35,tracked_state_1,8
voter,5,36,tracked_state_1,8
voter,5,37,tracked_state_1,7
voter,5,38,tracked_state_1,7
voter,5,39,tracked_state_1,7
voter,5,40,tracked_state_1,7
voter,5,41,tracked_state_1,6
voter,5,42,tracked_state_1,6
voter,5,43,tracked_state_1,6
voter,5,44,tracked_state_1,6
voter,5,45,tracked_state_1,6
voter,5,46,tracked_state_1,6
voter,5,47,tracked_state_1,6
voter,5,48,tracked_state_1,6
voter,5,49,tracked_state_1,6
voter,5,50,tracked_state_1,6
voter,5,51,tracked_state_1,6
voter,5,52,tracked_state_1,6
voter,5,53,tracked_state_1,6
voter,5,54,tracked_state_1,6
voter,5,55,tracked_state_1,6
voter,5,56,tracked_state_1,6
voter,5,57,tracked_state_1,6
voter,5,58,tracked_state_1,7
voter,5,59,tracked_state_1,7
voter,5,60,tracked_state_1,7
voter,5,61,tracked_state_1,7
voter,5,62,tracked_state_1,7
voter,5,63,tracked_state_1,7
voter,5,64,tracked_state_1,7
voter,5,65,tracked_state_1,7
voter,5,66,tracked_state_1,7
voter,5,67,tracked_state_1,7
voter,5,68,tracked_state_1,7
voter,5,69,tracked_state_1,7
voter,5,70,tracked_state_1,7
voter,5,71,tracked_state_1,7
voter,5,72,tracked_state_1,8
voter,5,73,tracked_state_1,8
voter,5,74,tracked_state_1,8
voter,5,75,tracked_state_1,8
voter,5,76,tracked_state_1,8
voter,5,77,tracked_state_1,8
voter,5,78,tracked_state_1,8
voter,5,79,tracked_state_1,8
voter,5,80,tracked_state_1,8
voter,5,81,tracked_state_1,8
voter,5,82,tracked_state_1,8
voter,5,83,tracked_state_1,8
voter,5,84,tracked_state_1,8
voter,5,85,tracked_state_1,8
voter,5,86,tracked_state_1,8
voter,5,87,tracked_state_1,8
voter,5,88,tracked_state_1,8
voter,5,89,tracked_state_1,8
voter,5,90,tracked_state_1,8
voter,5,91,tracked_state_1,8
voter,5,92,tracked_state_1,8
voter,5,93,tracked_state_1,8
voter,5,94,tracked_state_1,8
voter,5,95,tracked_state_1,8
voter,5,96,tracked_state_1,8
voter,5,97,tracked_state_1,8
voter,5,98,tracked_state_1,8
voter,5,99,tracked_state_1,8
voter,5,100,tracked_state_1,8
voter,6,0,tracked_state_1,10
voter,6,1,tracked_state_1,10
voter,6,2,tracked_state_1,10
voter,6,3,tracked_state_1,10
voter,6,4,tracked_state_1,10
voter,6,5,tracked_state_1,10
voter,6,6,tracked_state_1,10
voter,6,7,tracked_state_1,10
voter,6,8,tracked_state_1,10
voter,6,9,tracked_state_1,10
voter,6,10,tracked_state_1,10
voter,6,11,tracked_state_1,10
voter,6,12,tracked_state_1,10
voter,6,13,tracked_state_1,10
voter,6,14,tracked_state_1,10
voter,6,15,tracked_state_1,10
voter,6,16,tracked_state_1,10
voter,6,17,tracked_state_1,10
voter,6,18,tracked_state_1,10
voter,6,19,tracked_state_1,10
voter,6,20,tracked_state_1,10
voter,6,21,tracked_state_1,10
voter,6,22,tracked_state_1,10
voter,6,23,tracked_state_1,10
voter,6,24,tracked_state_1,10
voter,6,25,tracked_state_1,10
voter,6,26,tracked_state_1,10
voter,6,27,tracked_state_1,10
voter,6,28,tracked_state_1,10
voter,6,29,tracked_state_1,10
voter,6,30,tracked_state_1,10
voter,6,31,tracked_state_1,10
voter,6,32,tracked_state_1,10
voter,6,33,tracked_state_1,10
voter,6,34,tracked_state_1,10
voter,6,35,tracked_state_1,10
voter,6,36,tracked_state_1,9
voter,6,37,tracked_state_1,9
voter,6,38,tracked_state_1,9
voter,6,39,tracked_state_1,9
voter,6,40,tracked_state_1,9
voter,6,41,tracked_state_1,9
voter,6,42,tracked_state_1,8
voter,6,43,tracked_state_1,8
voter,6,44,tracked_state_1,8
voter,6,45,tracked_state_1,8
voter,6,46,tracked_state_1,8
voter,6,47,tracked_state_1,8
voter,6,48,tracked_state_1,8
voter,6,49,tracked_state_1,8
voter,6,50,tracked_state_1,8
voter,6,51,tracked_state_1,8
voter,6,52,tracked_state_1,8
voter,6,53,tracked_state_1,8
voter,6,54,tracked_state_1,8
voter,6,55,tracked_state_1,8
voter,6,56,tracked_state_1,8
voter,6,57,tracked_state_1,8
voter,6,58,tracked_state_1,8
voter,6,59,tracked_state_1,9
voter,6,60,tracked_state_1,9
voter,6,61,tracked_state_1,9
voter,6,62,tracked_state_1,9
voter,6,63,tracked_state_1,9
voter,6,64,tracked_state_1,9
voter,6,65,tracked_state_1,9
voter,6,66,tracked_state_1,9
voter,6,67,tracked_state_1,9
voter,6,68,tracked_state_1,9
voter,6,69,tracked_state_1,9
voter,6,70,tracked_state_1,9
voter,6,71,tracked_state_1,9
voter,6,72,tracked_state_1,9
voter,6,73,tracked_state_1,9
voter,6,74,tracked_state_1,9
voter,6,75,tracked_state_1,8
voter,6,76,tracked_state_1,7
voter,6,77,tracked_state_1,7
voter,6,78,tracked_state_1,7
voter,6,79,tracked_state_1,7
voter,6,80,tracked_state_1,7
voter,6,81,tracked_state_1,7
voter,6,82,tracked_state_1,7
voter,6,83,tracked_state_1,7
voter,6,84,tracked_state_1,7
voter,6,85,tracked_state_1,7
voter,6,86,tracked_state_1,7
voter,6,87,tracked_state_1,7
voter,6,88,tracked_state_1,7
voter,6,89,tracked_state_1,7
voter,6,90,tracked_state_1,7
voter,6,91,tracked_state_1,7
voter,6,92,tracked_state_1,7
voter,6,93,tracked_state_1,7
voter,6,94,tracked_state_1,6
voter,6,95,tracked_state_1,6
voter,6,96,tracked_state_1,6
voter,6,97,tracked_state_1,7
voter,6,98,tracked_state_1,7
voter,6,99,tracked_state_1,7
voter,6,100,tracked_state_1,7
voter,7,0,tracked_state_1,10
voter,7,1,tracked_state_1,10
voter,7,2,tracked_state_1,10
voter,7,3,tracked_state_1,10
voter,7,4,tracked_state_1,10
voter,7,5,tracked_state_1,10
voter,7,6,tracked_state_1,10
voter,7,7,tracked_state_1,10
voter,7,8,tracked_state_1,10
voter,7,9,tracked_state_1,10
voter,7,10,tracked_state_1,10
voter,7,11,tracked_state_1,10
voter,7,12,tracked_state_1,9
voter,7,13,tracked_state_1,9
voter,7,14,tracked_state_1,9
voter,7,15,tracked_state_1,8
voter,7,16,tracked_state_1,8
voter,7,17,tracked_state_1,8
voter,7,18,tracked_state_1,7
voter,7,19,tracked_state_1,7
voter,7,20,tracked_state_1,7
voter,7,21,tracked_state_1,6
voter,7,22,tracked_state_1,6
voter,7,23,tracked_state_1,6
voter,7,24,tracked_state_1,6
voter,7,25,tracked_state_1,6
voter,7,26,tracked_state_1,6
voter,7,27,tracked_state_1,6
voter,7,28,tracked_state_1,6
voter,7,29,tracked_state_1,6
voter,7,30,tracked_state_1,6
voter,7,31,tracked_state_1,6
voter,7,32,tracked_state_1,6
voter,7,33,tracked_state_1,6
voter,7,34,tracked_state_1,6
voter,7,35,tracked_state_1,6
voter,7,36,tracked_state_1,6
voter,7,37,tracked_state_1,6
voter,7,38,tracked_state_1,6
voter,7,39,tracked_state_1,5
voter,7,40,tracked_state_1,5
voter,7,41,tracked_state_1,5
voter,7,42,tracked_state_1,5
voter,7,43,tracked_state_1,5
voter,7,44,tracked_state_1,5
voter,7,45,tracked_state_1,5
voter,7,46,tracked_state_1,5
voter,7,47,tracked_state_1,5
voter,7,48,tracked_state_1,5
voter,7,49,tracked_state_1,5
voter,7,50,tracked_state_1,6
voter,7,51,tracked_state_1,6
voter,7,52,tracked_state_1,6
voter,7,53,tracked_state_1,6
voter,7,54,tracked_state_1,6
voter,7,55,tracked_state_1,5
voter,7,56,tracked_state_1,6
voter,7,57,tracked_state_1,6
voter,7,58,tracked_state_1,5
voter,7,59,tracked_state_1,6
voter,7,60,tracked_state_1,6
voter,7,61,tracked_state_1,6
voter,7,62,tracked_state_1,6
voter,7,63,tracked_state_1,6
voter,7,64,tracked_state_1,6
voter,7,65,tracked_state_1,6
voter,7,66,tracked_state_1,6
voter,7,67,tracked_state_1,6
voter,7,68,tracked_state_1,6
voter,7,69,tracked_state_1,7
voter,7,70,tracked_state_1,7
voter,7,71,tracked_state_1,7
voter,7,72,tracked_state_1,7
voter,7,73,tracked_state_1,8
voter,7,74,tracked_state_1,8
voter,7,75,tracked_state_1,8
voter,7,76,tracked_state_1,8
voter,7,77,tracked_state_1,8
voter,7,78,tracked_state_1,7
voter,7,79,tracked_state_1,7
voter,7,80,tracked_state_1,8
voter,7,81,tracked_state_1,8
voter,7,82,tracked_state_1,7
voter,7,83,tracked_state_1,7
voter,7,84,tracked_state_1,7
voter,7,85,tracked_state_1,7
voter,7,86,tracked_state_1,7
voter,7,87,tracked_state_1,7
voter,7,88,tracked_state_1,8
voter,7,89,tracked_state_1,8
voter,7,90,tracked_state_1,8
voter,7,91,tracked_state_1,8
voter,7,92,tracked_state_1,8
voter,7,93,tracked_state_1,8
voter,7,94,tracked_state_1,8
voter,7,95,tracked_state_1,8
voter,7,96,tracked_state_1,8
voter,7,97,tracked_state_1,8
voter,7,98,tracked_state_1,8
voter,7,99,tracked_state_1,8
voter,7,100,tracked_state_1,7
voter,8,0,tracked_state_1,10
voter,8,1,tracked_state_1,10
voter,8,2,tracked_state_1,10
voter,8,3,tracked_state_1,10
voter,8,4,tracked_state_1,10
voter,8,5,tracked_state_1,10
voter,8,6,tracked_state_1,10
voter,8,7,tracked_state_1,10
voter,8,8,tracked_state_1,10
voter,8,9,tracked_state_1,10
voter,8,10,tracked_state_1,10
voter,8,11,tracked_state_1,10
voter,8,12,tracked_state_1,10
voter,8,13,tracked_state_1,10
voter,8,14,tracked_state_1,10
voter,8,15,tracked_state_1,10
voter,8,16,tracked_state_1,10
voter,8,17,tracked_state_1,10
voter,8,18,tracked_state_1,10
voter,8,19,tracked_state_1,10
voter,8,20,tracked_state_1,9
voter,8,21,tracked_state_1,9
voter,8,22,tracked_state_1,9
voter,8,23,tracked_state_1,9
voter,8,24,tracked_state_1,9
voter,8,25,tracked_state_1,9
voter,8,26,tracked_state_1,9
voter,8,27,tracked_state_1,9
voter,8,28,tracked_state_1,9
voter,8,29,tracked_state_1,9
voter,8,30,tracked_state_1,9
voter,8,31,tracked_state_1,9
voter,8,32,tracked_state_1,9
voter,8,33,tracked_state_1,9
voter,8,34,tracked_state_1,10
voter,8,35,tracked_state_1,10
voter,8,36,tracked_state_1,10
voter,8,37,tracked_state_1,10
voter,8,38,tracked_state_1,10
voter,8,39,tracked_state_1,10
voter,8,40,tracked_state_1,10
voter,8,41,tracked_state_1,11
voter,8,42,tracked_state_1,11
voter,8,43,tracked_state_1,11
voter,8,44,tracked_state_1,10
voter,8,45,tracked_state_1,10
voter,8,46,tracked_state_1,11
voter,8,47,tracked_state_1,11
voter,8,48,tracked_state_1,11
voter,8,49,tracked_state_1,11
voter,8,50,tracked_state_1,11
voter,8,51,tracked_state_1,11
voter,8,52,tracked_state_1,11
voter,8,53,tracked_state_1,11
voter,8,54,tracked_state_1,11
voter,8,55,tracked_state_1,11
voter,8,56,tracked_state_1,11
voter,8,57,tracked_state_1,11
voter,8,58,tracked_state_1,11
voter,8,59,tracked_state_1,12
voter,8,60,tracked_state_1,12
voter,8,61,tracked_state_1,12
voter,8,62,tracked_state_1,12
voter,8,63,tracked_state_1,12
voter,8,64,tracked_state_1,12
voter,8,65,tracked_state_1,12
voter,8,66,tracked_state_1,12
voter,8,67,tracked_state_1,12
voter,8,68,tracked_state_1,12
voter,8,69,tracked_state_1,12
voter,8,70,tracked_state_1,12
voter,8,71,tracked_state_1,12
voter,8,72,tracked_state_1,12
voter,8,73,tracked_state_1,12
voter,8,74,tracked_state_1,12
voter,8,75,tracked_state_1,12
voter,8,76,tracked_state_1,12
voter,8,77,tracked_state_1,12
voter,8,78,tracked_state_1,12
voter,8,79,tracked_state_1,12
voter,8,80,tracked_state_1,12
voter,8,81,tracked_state_1,12
voter,8,82,tracked_state_1,12
voter,8,83,tracked_state_1,13
voter,8,84,tracked_state_1,13
voter,8,85,tracked_state_1,13
voter,8,86,tracked_state_1,13
voter,8,87,tracked_state_1,13
voter,8,88,tracked_state_1,13
voter,8,89,tracked_state_1,13
voter,8,90,tracked_state_1,13
voter,8,91,tracked_state_1,13
voter,8,92,tracked_state_1,13
voter,8,93,tracked_state_1,13
voter,8,94,tracked_state_1,13
voter,8,95,tracked_state_1,13
voter,8,96,tracked_state_1,12
voter,8,97,tracked_state_1,12
voter,8,98,tracked_state_1,12
voter,8,99,tracked_state_1,12
voter,8,100,tracked_state_1,11
voter,9,0,tracked_state_1,10
voter,9,1,tracked_state_1,10
voter,9,2,tracked_state_1,10
voter,9,3,tracked_state_1,10
voter,9,4,tracked_state_1,10
voter,9,5,tracked_state_1,10
voter,9,6,tracked_state_1,10
voter,9,7,tracked_state_1,10
voter,9,8,tracked_state_1,10
voter,9,9,tracked_state_1,10
voter,9,10,tracked_state_1,10
voter,9,11,tracked_state_1,10
voter,9,12,tracked_state_1,10
voter,9,13,tracked_state_1,10
voter,9,14,tracked_state_1,10
voter,9,15,tracked_state_1,10
voter,9,16,tracked_state_1,10
voter,9,17,tracked_state_1,10
voter,9,18,tracked_state_1,10
voter,9,19,tracked_state_1,9
voter,9,20,tracked_state_1,9
voter,9,21,tracked_state_1,9
voter,9,22,tracked_state_1,9
voter,9,23,tracked_state_1,9
voter,9,24,tracked_state_1,10
voter,9,25,tracked_state_1,10
voter,9,26,tracked_state_1,11
voter,9,27,tracked_state_1,11
voter,9,28,tracked_state_1,11
voter,9,29,tracked_state_1,11
voter,9,30,tracked_state_1,11
voter,9,31,tracked_state_1,11
voter,9,32,tracked_state_1,11
voter,9,33,tracked_state_1,11
voter,9,34,tracked_state_1,11
voter,9,35,tracked_state_1,11
voter,9,36,tracked_state_1,11
voter,9,37,tracked_state_1,11
voter,9,38,tracked_state_1,11
voter,9,39,tracked_state_1,11
voter,9,40,tracked_state_1,11
voter,9,41,tracked_state_1,11
voter,9,42,tracked_state_1,10
voter,9,43,tracked_state_1,9
voter,9,44,tracked_state_1,9
voter,9,45,tracked_state_1,9
voter,9,46,tracked_state_1,9
voter,9,47,tracked_state_1,9
voter,9,48,tracked_state_1,9
voter,9,49,tracked_state_1,9
voter,9,50,tracked_state_1,9
voter,9,51,tracked_state_1,9
voter,9,52,tracked_state_1,9
voter,9,53,tracked_state_1,9
voter,9,54,tracked_state_1,9
voter,9,55,tracked_state_1,9
voter,9,56,tracked_state_1,9
voter,9,57,tracked_state_1,9
voter,9,58,tracked_state_1,9
voter,9,59,tracked_state_1,9
voter,9,60,tracked_state_1,9
voter,9,61,tracked_state_1,9
voter,9,62,tracked_state_1,9
voter,9,63,tracked_state_1,9
voter,9,64,tracked_state_1,9
voter,9,65,tracked_state_1,9
voter,9,66,tracked_state_1,9
voter,9,67,tracked_state_1,9
voter,9,68,tracked_state_1,9
voter,9,69,tracked_state_1,9
voter,9,70,tracked_state_1,9
voter,9,71,tracked_state_1,9
voter,9,72,tracked_state_1,9
voter,9,73,tracked_state_1,9
voter,9,74,tracked_state_1,9
voter,9,75,tracked_state_1,10
voter,9,76,tracked_state_1,10
voter,9,77,tracked_state_1,10
voter,9,78,tracked_state_1,10
voter,9,79,tracked_state_1,10
voter,9,80,tracked_state_1,10
voter,9,81,tracked_state_1,10
voter,9,82,tracked_state_1,10
voter,9,83,tracked_state_1,10
voter,9,84,tracked_state_1,10
voter,9,85,tracked_state_1,10
voter,9,86,tracked_state_1,10
voter,9,87,tracked_state_1,10
voter,9,88,tracked_state_1,10
voter,9,89,tracked_state_1,10
voter,9,90,tracked_state_1,10
voter,9,91,tracked_state_1,9
voter,9,92,tracked_state_1,8
voter,9,93,tracked_state_1,8
voter,9,94,tracked_state_1,8
voter,9,95,tracked_state_1,8
voter,9,96,tracked_state_1,8
voter,9,97,tracked_state_1,8
voter,9,98,tracked_state_1,8
voter,9,99,tracked_state_1,8
voter,9,100,tracked_state_1,8
voter,10,0,tracked_state_1,10
voter,10,1,tracked_state_1,10
voter,10,2,tracked_state_1,11
voter,10,3,tracked_state_1,11
voter,10,4,tracked_state_1,11
voter,10,5,tracked_state_1,11
voter,10,6,tracked_state_1,10
voter,10,7,tracked_state_1,10
voter,10,8,tracked_state_1,11
voter,10,9,tracked_state_1,10
voter,10,10,tracked_state_1,10
voter,10,11,tracked_state_1,10
voter,10,12,tracked_state_1,10
voter,10,13,tracked_state_1,10
voter,10,14,tracked_state_1,10
voter,10,15,tracked_state_1,10
voter,10,16,tracked_state_1,11
voter,10,17,tracked_state_1,11
voter,10,18,tracked_state_1,11
voter,10,19,tracked_state_1,11
voter,10,20,tracked_state_1,11
voter,10,21,tracked_state_1,11
voter,10,22,tracked_state_1,11
voter,10,23,tracked_state_1,11
voter,10,24,tracked_state_1,11
voter,10,25,tracked_state_1,11
voter,10,26,tracked_state_1,11
voter,10,27,tracked_state_1,11
voter,10,28,tracked_state_1,11
voter,10,29,tracked_state_1,11
voter,10,30,tracked_state_1,11
voter,10,31,tracked_state_1,11
voter,10,32,tracked_state_1,11
voter,10,33,tracked_state_1,11
voter,10,34,tracked_state_1,11
voter,10,35,tracked_state_1,11
voter,10,36,tracked_state_1,11
voter,10,37,tracked_state_1,11
voter,10,38,tracked_state_1,11
voter,10,39,tracked_state_1,11
voter,10,40,tracked_state_1,11
voter,10,41,tracked_state_1,11
voter,10,42,tracked_state_1,11
voter,10,43,tracked_state_1,11
voter,10,44,tracked_state_1,11
voter,10,45,tracked_state_1,11
voter,10,46,tracked_state_1,11
voter,10,47,tracked_state_1,11
voter,10,48,tracked_state_1,11
voter,10,49,tracked_state_1,11
voter,10,50,tracked_state_1,11
voter,10,51,tracked_state_1,11
voter,10,52,tracked_state_1,11
voter,10,53,tracked_state_1,11
voter,10,54,tracked_state_1,11
voter,10,55,tracked_state_1,11
voter,10,56,tracked_state_1,11
voter,10,57,tracked_state_1,11
voter,10,58,tracked_state_1,11
voter,10,59,tracked_state_1,12
voter,10,60,tracked_state_1,13
voter,10,61,tracked_state_1,13
voter,10,62,tracked_state_1,13
voter,10,63,tracked_state_1,13
voter,10,64,tracked_state_1,13
voter,10,65,tracked_state_1,13
voter,10,66,tracked_state_1,13
voter,10,67,tracked_state_1,13
voter,10,68,tracked_state_1,14
voter,10,69,tracked_state_1,14
voter,10,70,tracked_state_1,14
voter,10,71,tracked_state_1,14
voter,10,72,tracked_state_1,13
voter,10,73,tracked_state_1,13
voter,10,74,tracked_state_1,13
voter,10,75,tracked_state_1,13
voter,10,76,tracked_state_1,13
voter,10,77,tracked_state_1,13
voter,10,78,tracked_state_1,13
voter,10,79,tracked_state_1,13
voter,10,80,tracked_state_1,13
voter,10,81,tracked_state_1,13
voter,10,82,tracked_state_1,13
voter,10,83,tracked_state_1,13
voter,10,84,tracked_state_1,13
voter,10,85,tracked_state_1,12
voter,10,86,tracked_state_1,12
voter,10,87,tracked_state_1,12
voter,10,88,tracked_state_1,12
voter,10,89,tracked_state_1,12
voter,10,90,tracked_state_1,11
voter,10,91,tracked_state_1,12
voter,10,92,tracked_state_1,12
voter,10,93,tracked_state_1,12
voter,10,94,tracked_state_1,12
voter,10,95,tracked_state_1,12
voter,10,96,tracked_state_1,12
voter,10,97,tracked_state_1,12
voter,10,98,tracked_state_1,11
voter,10,99,tracked_state_1,11
voter,10,100,tracked_state_1,11
voter,11,0,tracked_state_1,10
voter,11,1,tracked_state_1,10
voter,11,2,tracked_state_1,10
voter,11,3,tracked_state_1,10
voter,11,4,tracked_state_1,10
voter,11,5,tracked_state_1,10
voter,11,6,tracked_state_1,10
voter,11,7,tracked_state_1,10
voter,11,8,tracked_state_1,10
voter,11,9,tracked_state_1,10
voter,11,10,tracked_state_1,10
voter,11,11,tracked_state_1,10
voter,11,12,tracked_state_1,10
voter,11,13,tracked_state_1,10
voter,11,14,tracked_state_1,10
voter,11,15,tracked_state_1,10
voter,11,16,tracked_state_1,10
voter,11,17,tracked_state_1,10
voter,11,18,tracked_state_1,10
voter,11,19,tracked_state_1,10
voter,11,20,tracked_state_1,10
voter,11,21,tracked_state_1,10
voter,11,22,tracked_state_1,10
voter,11,23,tracked_state_1,10
voter,11,24,tracked_state_1,10
voter,11,25,tracked_state_1,10
voter,11,26,tracked_state_1,10
voter,11,27,tracked_state_1,10
voter,11,28,tracked_state_1,10
voter,11,29,tracked_state_1,10
voter,11,30,tracked_state_1,9
voter,11,31,tracked_state_1,9
voter,11,32,tracked_state_1,9
voter,11,33,tracked_state_1,9
voter,11,34,tracked_state_1,9
voter,11,35,tracked_state_1,9
voter,11,36,tracked_state_1,9
voter,11,37,tracked_state_1,9
voter,11,38,tracked_state_1,9
voter,11,39,tracked_state_1,10
voter,11,40,tracked_state_1,10
voter,11,41,tracked_state_1,10
voter,11,42,tracked_state_1,10
voter,11,43,tracked_state_1,10
voter,11,44,tracked_state_1,10
voter,11,45,tracked_state_1,10
voter,11,46,tracked_state_1,10
voter,11,47,tracked_state_1,10
voter,11,48,tracked_state_1,11
voter,11,49,tracked_state_1,11
voter,11,50,tracked_state_1,11
voter,11,51,tracked_state_1,10
voter,11,52,tracked_state_1,10
voter,11,53,tracked_state_1,10
voter,11,54,tracked_state_1,10
voter,11,55,tracked_state_1,10
voter,11,56,tracked_state_1,10
voter,11,57,tracked_state_1,10
voter,11,58,tracked_state_1,10
voter,11,59,tracked_state_1,9
voter,11,60,tracked_state_1,9
voter,11,61,tracked_state_1,9
voter,11,62,tracked_state_1,9
voter,11,63,tracked_state_1,10
voter,11,64,tracked_state_1,10
voter,11,65,tracked_state_1,10
voter,11,66,tracked_state_1,10
voter,11,67,tracked_state_1,10
voter,11,68,tracked_state_1,10
voter,11,69,tracked_state_1,10
voter,11,70,tracked_state_1,10
voter,11,71,tracked_state_1,10
voter,11,72,tracked_state_1,10
voter,11,73,tracked_state_1,10
voter,11,74,tracked_state_1,10
voter,11,75,tracked_state_1,10
voter,11,76,tracked_state_1,10
voter,11,77,tracked_state_1,10
voter,11,78,tracked_state_1,10
voter,11,79,tracked_state_1,10
voter,11,80,tracked_state_1,10
voter,11,81,tracked_state_1,10
voter,11,82,tracked_state_1,10
voter,11,83,tracked_state_1,10
voter,11,84,tracked_state_1,10
voter,11,85,tracked_state_1,10
voter,11,86,tracked_state_1,10
voter,11,87,tracked_state_1,10
voter,11,88,tracked_state_1,10
voter,11,89,tracked_state_1,10
voter,11,90,tracked_state_1,9
voter,11,91,tracked_state_1,9
voter,11,92,tracked_state_1,9
voter,11,93,tracked_state_1,9
voter,11,94,tracked_state_1,9
voter,11,95,tracked_state_1,9
voter,11,96,tracked_state_1,9
voter,11,97,tracked_state_1,9
voter,11,98,tracked_state_1,9
voter,11,99,tracked_state_1,9
voter,11,100,tracked_state_1,10
voter,12,0,tracked_state_1,10
voter,12,1,tracked_state_1,10
voter,12,2,tracked_state_1,10
voter,12,3,tracked_state_1,10
voter,12,4,tracked_state_1,10
voter,12,5,tracked_state_1,10
voter,12,6,tracked_state_1,10
voter,12,7,tracked_state_1,10
voter,12,8,tracked_state_1,10
voter,12,9,tracked_state_1,9
voter,12,10,tracked_state_1,9
voter,12,11,tracked_state_1,8
voter,12,12,tracked_state_1,9
voter,12,13,tracked_state_1,9
voter,12,14,tracked_state_1,9
voter,12,15,tracked_state_1,9
voter,12,16,tracked_state_1,9
voter,12,17,tracked_state_1,9
voter,12,18,tracked_state_1,9
voter,12,19,tracked_state_1,9
voter,12,20,tracked_state_1,9
voter,12,21,tracked_state_1,9
voter,12,22,tracked_state_1,9
voter,12,23,tracked_state_1,8
voter,12,24,tracked_state_1,8
voter,12,25,tracked_state_1,8
voter,12,26,tracked_state_1,8
voter,12,27,tracked_state_1,8
voter,12,28,tracked_state_1,8
voter,12,29,tracked_state_1,8
voter,12,30,tracked_state_1,8
voter,12,31,tracked_state_1,8
voter,12,32,tracked_state_1,8
voter,12,33,tracked_state_1,8
voter,12,34,tracked_state_1,8
voter,12,35,tracked_state_1,8
voter,12,36,tracked_state_1,7
voter,12,37,tracked_state_1,6
voter,12,38,tracked_state_1,6
voter,12,39,tracked_state_1,6
voter,12,40,tracked_state_1,6
voter,12,41,tracked_state_1,6
voter,12,42,tracked_state_1,6
voter,12,43,tracked_state_1,6
voter,12,44,tracked_state_1,6
voter,12,45,tracked_state_1,6
voter,12,46,tracked_state_1,6
voter,12,47,tracked_state_1,6
voter,12,48,tracked_state_1,6
voter,12,49,tracked_state_1,6
voter,12,50,tracked_state_1,6
voter,12,51,tracked_state_1,5
voter,12,52,tracked_state_1,5
voter,12,53,tracked_state_1,5
voter,12,54,tracked_state_1,5
voter,12,55,tracked_state_1,5
voter,12,56,tracked_state_1,5
voter,12,57,tracked_state_1,5
voter,12,58,tracked_state_1,4
voter,12,59,tracked_state_1,4
voter,12,60,tracked_state_1,5
voter,12,61,tracked_state_1,5
voter,12,62,tracked_state_1,5
voter,12,63,tracked_state_1,5
voter,12,64,tracked_state_1,5
voter,12,65,tracked_state_1,5
voter,12,66,tracked_state_1,5
voter,12,67,tracked_state_1,5
voter,12,68,tracked_state_1,5
voter,12,69,tracked_state_1,5
voter,12,70,tracked_state_1,5
voter,12,71,tracked_state_1,6
voter,12,72,tracked_state_1,6
voter,12,73,tracked_state_1,6
voter,12,74,tracked_state_1,6
voter,12,75,tracked_state_1,6
voter,12,76,tracked_state_1,6
voter,12,77,tracked_state_1,6
voter,12,78,tracked_state_1,6
voter,12,79,tracked_state_1,6
voter,12,80,tracked_state_1,6
voter,12,81,tracked_state_1,6
voter,12,82,tracked_state_1,6
voter,12,83,tracked_state_1,6
voter,12,84,tracked_state_1,6
voter,12,85,tracked_state_1,6
voter,12,86,tracked_state_1,6
voter,12,87,tracked_state_1,5
voter,12,88,tracked_state_1,5
voter,12,89,tracked_state_1,5
voter,12,90,tracked_state_1,5
voter,12,91,tracked_state_1,5
voter,12,92,tracked_state_1,5
voter,12,93,tracked_state_1,5
voter,12,94,tracked_state_1,5
voter,12,95,tracked_state_1,5
voter,12,96,tracked_state_1,5
voter,12,97,tracked_state_1,5
voter,12,98,tracked_state_1,4
voter,12,99,tracked_state_1,4
voter,12,100,tracked_state_1,4
voter,13,0,tracked_state_1,10
voter,13,1,tracked_state_1,10
voter,13,2,tracked_state_1,10
voter,13,3,tracked_state_1,10
voter,13,4,tracked_state_1,10
voter,13,5,tracked_state_1,10
voter,13,6,tracked_state_1,10
voter,13,7,tracked_state_1,10
voter,13,8,tracked_state_1,10
voter,13,9,tracked_state_1,10
voter,13,10,tracked_state_1,10
voter,13,11,tracked_state_1,10
voter,13,12,tracked_state_1,10
voter,13,13,tracked_state_1,10
voter,13,14,tracked_state_1,10
voter,13,15,tracked_state_1,10
voter,13,16,tracked_state_1,10
voter,13,17,tracked_state_1,10
voter,13,18,tracked_state_1,10
voter,13,19,tracked_state_1,10
voter,13,20,tracked_state_1,9
voter,13,21,tracked_state_1,9
voter,13,22,tracked_state_1,9
voter,13,23,tracked_state_1,9
voter,13,24,tracked_state_1,9
voter,13,25,tracked_state_1,9
voter,13,26,tracked_state_1,9
voter,13,27,tracked_state_1,9
voter,13,28,tracked_state_1,9
voter,13,29,tracked_state_1,9
voter,13,30,tracked_state_1,9
voter,13,31,tracked_state_1,9
voter,13,32,tracked_state_1,9
voter,13,33,tracked_state_1,9
voter,13,34,tracked_state_1,9
voter,13,35,tracked_state_1,9
voter,13,36,tracked_state_1,9
voter,13,37,tracked_state_1,9
voter,13,38,tracked_state_1,9
voter,13,39,tracked_state_1,9
voter,13,40,tracked_state_1,9
voter,13,41,tracked_state_1,9
voter,13,42,tracked_state_1,10
voter,13,43,tracked_state_1,10
voter,13,44,tracked_state_1,10
voter,13,45,tracked_state_1,10
voter,13,46,tracked_state_1,10
voter,13,47,tracked_state_1,10
voter,13,48,tracked_state_1,10
voter,13,49,tracked_state_1,10
voter,13,50,tracked_state_1,10
voter,13,51,tracked_state_1,10
voter,13,52,tracked_state_1,11
voter,13,53,tracked_state_1,12
voter,13,54,tracked_state_1,12
voter,13,55,tracked_state_1,12
voter,13,56,tracked_state_1,12
voter,13,57,tracked_state_1,12
voter,13,58,tracked_state_1,12
voter,13,59,tracked_state_1,12
voter,13,60,tracked_state_1,12
voter,13,61,tracked_state_1,12
voter,13,62,tracked_state_1,12
voter,13,63,tracked_state_1,12
voter,13,64,tracked_state_1,12
voter,13,65,tracked_state_1,11
voter,13,66,tracked_state_1,12
voter,13,67,tracked_state_1,12
voter,13,68,tracked_state_1,12
voter,13,69,tracked_state_1,12
voter,13,70,tracked_state_1,12
voter,13,71,tracked_state_1,12
voter,13,72,tracked_state_1,11
voter,13,73,tracked_state_1,10
voter,13,74,tracked_state_1,10
voter,13,75,tracked_state_1,10
voter,13,76,tracked_state_1,10
voter,13,77,tracked_state_1,10
voter,13,78,tracked_state_1,10
voter,13,79,tracked_state_1,10
voter,13,80,tracked_state_1,10
voter,13,81,tracked_state_1,9
voter,13,82,tracked_state_1,8
voter,13,83,tracked_state_1,8
voter,13,84,tracked_state_1,8
voter,13,85,tracked_state_1,8
voter,13,86,tracked_state_1,8
voter,13,87,tracked_state_1,8
voter,13,88,tracked_state_1,7
voter,13,89,tracked_state_1,7
voter,13,90,tracked_state_1,8
voter,13,91,tracked_state_1,8
voter,13,92,tracked_state_1,8
voter,13,93,tracked_state_1,8
voter,13,94,tracked_state_1,8
voter,13,95,tracked_state_1,8
voter,13,96,tracked_state_1,8
voter,13,97,tracked_state_1,8
voter,13,98,tracked_state_1,9
voter,13,99,tracked_state_1,9
voter,13,100,tracked_state_1,9
voter,14,0,tracked_state_1,10
voter,14,1,tracked_state_1,10
voter,14,2,tracked_state_1,10
voter,14,3,tracked_state_1,10
voter,14,4,tracked_state_1,11
voter,14,5,tracked_state_1,11
voter,14,6,tracked_state_1,11
voter,14,7,tracked_state_1,11
voter,14,8,tracked_state_1,11
voter,14,9,tracked_state_1,11
voter,14,10,tracked_state_1,11
voter,14,11,tracked_state_1,10
voter,14,12,tracked_state_1,9
voter,14,13,tracked_state_1,9
voter,14,14,tracked_state_1,9
voter,14,15,tracked_state_1,9
voter,14,16,tracked_state_1,9
voter,14,17,tracked_state_1,9
voter,14,18,tracked_state_1,9
voter,14,19,tracked_state_1,9
voter,14,20,tracked_state_1,9
voter,14,21,tracked_state_1,9
voter,14,22,tracked_state_1,8
voter,14,23,tracked_state_1,8
voter,14,24,tracked_state_1,9
voter,14,25,tracked_state_1,10
voter,14,26,tracked_state_1,10
voter,14,27,tracked_state_1,10
voter,14,28,tracked_state_1,10
voter,14,29,tracked_state_1,10
voter,14,30,tracked_state_1,10
voter,14,31,tracked_state_1,10
voter,14,32,tracked_state_1,10
voter,14,33,tracked_state_1,10
voter,14,34,tracked_state_1,10
voter,14,35,tracked_state_1,10
voter,14,36,tracked_state_1,10
voter,14,37,tracked_state_1,10
voter,14,38,tracked_state_1,10
voter,14,39,tracked_state_1,10
voter,14,40,tracked_state_1,10
voter,14,41,tracked_state_1,10
voter,14,42,tracked_state_1,10
voter,14,43,tracked_state_1,10
voter,14,44,tracked_state_1,10
voter,14,45,tracked_state_1,10
voter,14,46,tracked_state_1,10
voter,14,47,tracked_state_1,10
voter,14,48,tracked_state_1,10
voter,14,49,tracked_state_1,10
voter,14,50,tracked_state_1,11
voter,14,51,tracked_state_1,11
voter,14,52,tracked_state_1,11
voter,14,53,tracked_state_1,11
voter,14,54,tracked_state_1,11
voter,14,55,tracked_state_1,11
voter,14,56,tracked_state_1,10
voter,14,57,tracked_state_1,10
voter,14,58,tracked_state_1,10
voter,14,59,tracked_state_1,10
voter,14,60,tracked_state_1,10
voter,14,61,tracked_state_1,10
voter,14,62,tracked_state_1,10
voter,14,63,tracked_state_1,10
voter,14,64,tracked_state_1,10
voter,14,65,tracked_state_1,10
voter,14,66,tracked_state_1,11
voter,14,67,tracked_state_1,11
voter,14,68,tracked_state_1,11
voter,14,69,tracked_state_1,11
voter,14,70,tracked_state_1,11
voter,14,71,tracked_state_1,11
voter,14,72,tracked_state_1,11
voter,14,73,tracked_state_1,11
voter,14,74,tracked_state_1,11
voter,14,75,tracked_state_1,11
voter,14,76,tracked_state_1,11
voter,14,77,tracked_state_1,11
voter,14,78,tracked_state_1,11
voter,14,79,tracked_state_1,11
voter,14,80,tracked_state_1,11
voter,14,81,tracked_state_1,11
voter,14,82,tracked_state_1,11
voter,14,83,tracked_state_1,11
voter,14,84,tracked_state_1,11
voter,14,85,tracked_state_1,11
voter,14,86,tracked_state_1,11
voter,14,87,tracked_state_1,11
voter,14,88,tracked_state_1,11
voter,14,89,tracked_state_1,11
voter,14,90,tracked_state_1,11
voter,14,91,tracked_state_1,11
voter,14,92,tracked_state_1,11
voter,14,93,tracked_state_1,11
voter,14,94,tracked_state_1,11
voter,14,95,tracked_state_1,11
voter,14,96,tracked_state_1,11
voter,14,97,tracked_state_1,11
voter,14,98,tracked_state_1,12
voter,14,99,tracked_state_1,12
voter,14,100,tracked_state_1,12
voter,15,0,tracked_state_1,10
voter,15,1,tracked_state_1,10
voter,15,2,tracked_state_1,11
voter,15,3,tracked_state_1,11
voter,15,4,tracked_state_1,11
voter,15,5,tracked_state_1,11
voter,15,6,tracked_state_1,11
voter,15,7,tracked_state_1,11
voter,15,8,tracked_state_1,11
voter,15,9,tracked_state_1,11
voter,15,10,tracked_state_1,11
voter,15,11,tracked_state_1,11
voter,15,12,tracked_state_1,11
voter,15,13,tracked_state_1,11
voter,15,14,tracked_state_1,11
voter,15,15,tracked_state_1,11
voter,15,16,tracked_state_1,11
voter,15,17,tracked_state_1,12
voter,15,18,tracked_state_1,12
voter,15,19,tracked_state_1,12
voter,15,20,tracked_state_1,12
voter,15,21,tracked_state_1,12
voter,15,22,tracked_state_1,12
voter,15,23,tracked_state_1,12
voter,15,24,tracked_state_1,12
voter,15,25,tracked_state_1,12
voter,15,26,tracked_state_1,12
voter,15,27,tracked_state_1,12
voter,15,28,tracked_state_1,12
voter,15,29,tracked_state_1,12
voter,15,30,tracked_state_1,12
voter,15,31,tracked_state_1,12
voter,15,32,tracked_state_1,12
voter,15,33,tracked_state_1,12
voter,15,34,tracked_state_1,12
voter,15,35,tracked_state_1,13
voter,15,36,tracked_state_1,13
voter,15,37,tracked_state_1,13
voter,15,38,tracked_state_1,13
voter,15,39,tracked_state_1,13
voter,15,40,tracked_state_1,13
voter,15,41,tracked_state_1,13
voter,15,42,tracked_state_1,13
voter,15,43,tracked_state_1,13
voter,15,44,tracked_state_1,13
voter,15,45,tracked_state_1,13
voter,15,46,tracked_state_1,13
voter,15,47,tracked_state_1,14
voter,15,48,tracked_state_1,14
voter,15,49,tracked_state_1,14
voter,15,50,tracked_state_1,15
voter,15,51,tracked_state_1,15
voter,15,52,tracked_state_1,15
voter,15,53,tracked_state_1,15
voter,15,54,tracked_state_1,15
voter,15,55,tracked_state_1,15
voter,15,56,tracked_state_1,15
voter,15,57,tracked_state_1,15
voter,15,58,tracked_state_1,15
voter,15,59,tracked_state_1,15
voter,15,60,tracked_state_1,15
voter,15,61,tracked_state_1,15
voter,15,62,tracked_state_1,15
voter,15,63,tracked_state_1,15
voter,15,64,tracked_state_1,15
voter,15,65,tracked_state_1,15
voter,15,66,tracked_state_1,15
voter,15,67,tracked_state_1,15
voter,15,68,tracked_state_1,15
voter,15,69,tracked_state_1,15
voter,15,70,tracked_state_1,15
voter,15,71,tracked_state_1,15
voter,15,72,tracked_state_1,15
voter,15,73,tracked_state_1,14
voter,15,74,tracked_state_1,14
voter,15,75,tracked_state_1,14
voter,15,76,tracked_state_1,14
voter,15,77,tracked_state_1,14
voter,15,78,tracked_state_1,14
voter,15,79,tracked_state_1,14
voter,15,80,tracked_state_1,14
voter,15,81,tracked_state_1,14
voter,15,82,tracked_state_1,14
voter,15,83,tracked_state_1,14
voter,15,84,tracked_state_1,14
voter,15,85,tracked_state_1,14
voter,15,86,tracked_state_1,14
voter,15,87,tracked_state_1,14
voter,15,88,tracked_state_1,15
voter,15,89,tracked_state_1,15
voter,15,90,tracked_state_1,15
voter,15,91,tracked_state_1,15
voter,15,92,tracked_state_1,15
voter,15,93,tracked_state_1,14
voter,15,94,tracked_state_1,14
voter,15,95,tracked_state_1,14
voter,15,96,tracked_state_1,14
voter,15,97,tracked_state_1,13
voter,15,98,tracked_state_1,13
voter,15,99,tracked_state_1,13
voter,15,100,tracked_state_1,13
voter,16,0,tracked_state_1,10
voter,16,1,tracked_state_1,11
voter,16,2,tracked_state_1,11
voter,16,3,tracked_state_1,10
voter,16,4,tracked_state_1,10
voter,16,5,tracked_state_1,10
voter,16,6,tracked_state_1,10
voter,16,7,tracked_state_1,10
voter,16,8,tracked_state_1,10
voter,16,9,tracked_state_1,10
voter,16,10,tracked_state_1,10
voter,16,11,tracked_state_1,10
voter,16,12,tracked_state_1,9
voter,16,13,tracked_state_1,9
voter,16,14,tracked_state_1,9
voter,16,15,tracked_state_1,9
voter,16,16,tracked_state_1,10
voter,16,17,tracked_state_1,10
voter,16,18,tracked_state_1,10
voter,16,19,tracked_state_1,11
voter,16,20,tracked_state_1,11
voter,16,21,tracked_state_1,11
voter,16,22,tracked_state_1,11
voter,16,23,tracked_state_1,10
voter,16,24,tracked_state_1,10
voter,16,25,tracked_state_1,10
voter,16,26,tracked_state_1,10
voter,16,27,tracked_state_1,10
voter,16,28,tracked_state_1,10
voter,16,29,tracked_state_1,10
voter,16,30,tracked_state_1,10
voter,16,31,tracked_state_1,10
voter,16,32,tracked_state_1,10
voter,16,33,tracked_state_1,10
voter,16,34,tracked_state_1,10
voter,16,35,tracked_state_1,10
voter,16,36,tracked_state_1,11
voter,16,37,tracked_state_1,11
voter,16,38,tracked_state_1,11
voter,16,39,tracked_state_1,11
voter,16,40,tracked_state_1,12
voter,16,41,tracked_state_1,12
voter,16,42,tracked_state_1,12
voter,16,43,tracked_state_1,12
voter,16,44,tracked_state_1,12
voter,16,45,tracked_state_1,12
voter,16,46,tracked_state_1,12
voter,16,47,tracked_state_1,12
voter,16,48,tracked_state_1,12
voter,16,49,tracked_state_1,12
voter,16,50,tracked_state_1,12
voter,16,51,tracked_state_1,12
voter,16,52,tracked_state_1,13
voter,16,53,tracked_state_1,13
voter,16,54,tracked_state_1,13
voter,16,55,tracked_state_1,13
voter,16,56,tracked_state_1,13
voter,16,57,tracked_state_1,13
voter,16,58,tracked_state_1,13
voter,16,59,tracked_state_1,13
voter,16,60,tracked_state_1,13
voter,16,61,tracked_state_1,13
voter,16,62,tracked_state_1,13
voter,16,63,tracked_state_1,13
voter,16,64,tracked_state_1,13
voter,16,65,tracked_state_1,13
voter,16,66,tracked_state_1,13
voter,16,67,tracked_state_1,13
voter,16,68,tracked_state_1,13
voter,16,69,tracked_state_1,13
voter,16,70,tracked_state_1,13
voter,16,71,tracked_state_1,13
voter,16,72,tracked_state_1,13
voter,16,73,tracked_state_1,13
voter,16,74,tracked_state_1,13
voter,16,75,tracked_state_1,13
voter,16,76,tracked_state_1,13
voter,16,77,tracked_state_1,13
voter,16,78,tracked_state_1,13
voter,16,79,tracked_state_1,13
voter,16,80,tracked_state_1,13
voter,16,81,tracked_state_1,13
voter,16,82,tracked_state_1,13
voter,16,83,tracked_state_1,13
voter,16,84,tracked_state_1,13
voter,16,85,tracked_state_1,13
voter,16,86,tracked_state_1,13
voter,16,87,tracked_state_1,14
voter,16,88,tracked_state_1,14
voter,16,89,tracked_state_1,14
voter,16,90,tracked_state_1,14
voter,16,91,tracked_state_1,14
voter,16,92,tracked_state_1,14
voter,16,93,tracked_state_1,14
voter,16,94,tracked_state_1,14
voter,16,95,tracked_state_1,15
voter,16,96,tracked_state_1,15
voter,16,97,tracked_state_1,15
voter,16,98,tracked_state_1,15
voter,16,99,tracked_state_1,15
voter,16,100,tracked_state_1,15
voter,17,0,tracked_state_1,10
voter,17,1,tracked_state_1,11
voter,17,2,tracked_state_1,11
voter,17,3,tracked_state_1,11
voter,17,4,tracked_state_1,11
voter,17,5,tracked_state_1,11
voter,17,6,tracked_state_1,11
voter,17,7,tracked_state_1,11
voter,17,8,tracked_state_1,11
voter,17,9,tracked_state_1,11
voter,17,10,tracked_state_1,11
voter,17,11,tracked_state_1,11
voter,17,12,tracked_state_1,11
voter,17,13,tracked_state_1,11
voter,17,14,tracked_state_1,11
voter,17,15,tracked_state_1,11
voter,17,16,tracked_state_1,11
voter,17,17,tracked_state_1,11
voter,17,18,tracked_state_1,12
voter,17,19,tracked_state_1,12
voter,17,20,tracked_state_1,12
voter,17,21,tracked_state_1,12
voter,17,22,tracked_state_1,12
voter,17,23,tracked_state_1,12
voter,17,24,tracked_state_1,12
voter,17,25,tracked_state_1,12
voter,17,26,tracked_state_1,12
voter,17,27,tracked_state_1,12
voter,17,28,tracked_state_1,12
voter,17,29,tracked_state_1,12
voter,17,30,tracked_state_1,12
voter,17,31,tracked_state_1,11
voter,17,32,tracked_state_1,11
voter,17,33,tracked_state_1,11
voter,17,34,tracked_state_1,11
voter,17,35,tracked_state_1,11
voter,17,36,tracked_state_1,11
voter,17,37,tracked_state_1,11
voter,17,38,tracked_state_1,12
voter,17,39,tracked_state_1,12
voter,17,40,tracked_state_1,12
voter,17,41,tracked_state_1,12
voter,17,42,tracked_state_1,12
voter,17,43,tracked_state_1,12
voter,17,44,tracked_state_1,12
voter,17,45,tracked_state_1,12
voter,17,46,tracked_state_1,12
voter,17,47,tracked_state_1,12
voter,17,48,tracked_state_1,12
voter,17,49,tracked_state_1,12
voter,17,50,tracked_state_1,12
voter,17,51,tracked_state_1,12
voter,17,52,tracked_state_1,12
voter,17,53,tracked_state_1,12
voter,17,54,tracked_state_1,12
voter,17,55,tracked_state_1,12
voter,17,56,tracked_state_1,12
voter,17,57,tracked_state_1,11
voter,17,58,tracked_state_1,11
voter,17,59,tracked_state_1,11
voter,17,60,tracked_state_1,11
voter,17,61,tracked_state_1,11
voter,17,62,tracked_state_1,11
voter,17,63,tracked_state_1,11
voter,17,64,tracked_state_1,11
voter,17,65,tracked_state_1,11
voter,17,66,tracked_state_1,11
voter,17,67,tracked_state_1,11
voter,17,68,tracked_state_1,12
voter,17,69,tracked_state_1,12
voter,17,70,tracked_state_1,12
voter,17,71,tracked_state_1,12
voter,17,72,tracked_state_1,12
voter,17,73,tracked_state_1,12
voter,17,74,tracked_state_1,12
voter,17,75,tracked_state_1,12
voter,17,76,tracked_state_1,12
voter,17,77,tracked_state_1,12
voter,17,78,tracked_state_1,12
voter,17,79,tracked_state_1,12
voter,17,80,tracked_state_1,12
voter,17,81,tracked_state_1,12
voter,17,82,tracked_state_1,12
voter,17,83,tracked_state_1,12
voter,17,84,tracked_state_1,12
voter,17,85,tracked_state_1,12
voter,17,86,tracked_state_1,12
voter,17,87,tracked_state_1,12
voter,17,88,tracked_state_1,12
voter,17,89,tracked_state_1,12
voter,17,90,tracked_state_1,12
voter,17,91,tracked_state_1,12
voter,17,92,tracked_state_1,12
voter,17,93,tracked_state_1,12
voter,17,94,tracked_state_1,12
voter,17,95,tracked_state_1,13
voter,17,96,tracked_state_1,13
voter,17,97,tracked_state_1,13
voter,17,98,tracked_state_1,13
voter,17,99,tracked_state_1,13
voter,17,100,tracked_state_1,13
voter,18,0,tracked_state_1,10
voter,18,1,tracked_state_1,10
voter,18,2,tracked_state_1,10
voter,18,3,tracked_state_1,10
voter,18,4,tracked_state_1,10
voter,18,5,tracked_state_1,10
voter,18,6,tracked_state_1,10
voter,18,7,tracked_state_1,10
voter,18,8,tracked_state_1,9
voter,18,9,tracked_state_1,9
voter,18,10,tracked_state_1,9
voter,18,11,tracked_state_1,9
voter,18,12,tracked_state_1,9
voter,18,13,tracked_state_1,9
voter,18,14,tracked_state_1,9
voter,18,15,tracked_state_1,10
voter,18,16,tracked_state_1,10
voter,18,17,tracked_state_1,10
voter,18,18,tracked_state_1,10
voter,18,19,tracked_state_1,10
voter,18,20,tracked_state_1,10
voter,18,21,tracked_state_1,10
voter,18,22,tracked_state_1,10
voter,18,23,tracked_state_1,10
voter,18,24,tracked_state_1,10
voter,18,25,tracked_state_1,10
voter,18,26,tracked_state_1,10
voter,18,27,tracked_state_1,10
voter,18,28,tracked_state_1,10
voter,18,29,tracked_state_1,10
voter,18,30,tracked_state_1,9
voter,18,31,tracked_state_1,9
voter,18,32,tracked_state_1,9
voter,18,33,tracked_state_1,9
voter,18,34,tracked_state_1,10
voter,18,35,tracked_state_1,10
voter,18,36,tracked_state_1,9
voter,18,37,tracked_state_1,9
voter,18,38,tracked_state_1,9
voter,18,39,tracked_state_1,9
voter,18,40,tracked_state_1,9
voter,18,41,tracked_state_1,9
voter,18,42,tracked_state_1,9
voter,18,43,tracked_state_1,8
voter,18,44,tracked_state_1,7
voter,18,45,tracked_state_1,7
voter,18,46,tracked_state_1,7
voter,18,47,tracked_state_1,6
voter,18,48,tracked_state_1,6
voter,18,49,tracked_state_1,5
voter,18,50,tracked_state_1,5
voter,18,51,tracked_state_1,5
voter,18,52,tracked_state_1,6
voter,18,53,tracked_state_1,6
voter,18,54,tracked_state_1,6
voter,18,55,tracked_state_1,6
voter,18,56,tracked_state_1,6
voter,18,57,tracked_state_1,6
voter,18,58,tracked_state_1,6
voter,18,59,tracked_state_1,5
voter,18,60,tracked_state_1,5
voter,18,61,tracked_state_1,5
voter,18,62,tracked_state_1,5
voter,18,63,tracked_state_1,5
voter,18,64,tracked_state_1,5
voter,18,65,tracked_state_1,5
voter,18,66,tracked_state_1,5
voter,18,67,tracked_state_1,5
voter,18,68,tracked_state_1,5
voter,18,69,tracked_state_1,5
voter,18,70,tracked_state_1,5
voter,18,71,tracked_state_1,5
voter,18,72,tracked_state_1,6
voter,18,73,tracked_state_1,6
voter,18,74,tracked_state_1,6
voter,18,75,tracked_state_1,6
voter,18,76,tracked_state_1,6
voter,18,77,tracked_state_1,6
voter,18,78,tracked_state_1,6
voter,18,79,tracked_state_1,6
voter,18,80,tracked_state_1,6
voter,18,81,tracked_state_1,6
voter,18,82,tracked_state_1,6
voter,18,83,tracked_state_1,6
voter,18,84,tracked_state_1,6
voter,18,85,tracked_state_1,6
voter,18,86,tracked_state_1,6
voter,18,87,tracked_state_1,6
voter,18,88,tracked_state_1,6
voter,18,89,tracked_state_1,6
voter,18,90,tracked_state_1,6
voter,18,91,tracked_state_1,6
voter,18,92,tracked_state_1,6
voter,18,93,tracked_state_1,6
voter,18,94,tracked_state_1,6
voter,18,95,tracked_state_1,6
voter,18,96,tracked_state_1,7
voter,18,97,tracked_state_1,8
voter,18,98,tracked_state_1,8
voter,18,99,tracked_state_1,8
voter,18,100,tracked_state_1,8
voter,19,0,tracked_state_1,10
voter,19,1,tracked_state_1,10
voter,19,2,tracked_state_1,10
voter,19,3,tracked_state_1,10
voter,19,4,tracked_state_1,10
voter,19,5,tracked_state_1,10
voter,19,6,tracked_state_1,10
voter,19,7,tracked_state_1,10
voter,19,8,tracked_state_1,10
voter,19,9,tracked_state_1,10
voter,19,10,tracked_state_1,10
voter,19,11,tracked_state_1,10
voter,19,12,tracked_state_1,10
voter,19,13,tracked_state_1,10
voter,19,14,tracked_state_1,10
voter,19,15,tracked_state_1,10
voter,19,16,tracked_state_1,10
voter,19,17,tracked_state_1,9
voter,19,18,tracked_state_1,9
voter,19,19,tracked_state_1,9
voter,19,20,tracked_state_1,9
voter,19,21,tracked_state_1,9
voter,19,22,tracked_state_1,9
voter,19,23,tracked_state_1,9
voter,19,24,tracked_state_1,9
voter,19,25,tracked_state_1,9
voter,19,26,tracked_state_1,9
voter,19,27,tracked_state_1,9
voter,19,28,tracked_state_1,9
voter,19,29,tracked_state_1,9
voter,19,30,tracked_state_1,9
voter,19,31,tracked_state_1,9
voter,19,32,tracked_state_1,9
voter,19,33,tracked_state_1,9
voter,19,34,tracked_state_1,9
voter,19,35,tracked_state_1,9
voter,19,36,tracked_state_1,9
voter,19,37,tracked_state_1,9
voter,19,38,tracked_state_1,9
voter,19,39,tracked_state_1,9
voter,19,40,tracked_state_1,9
voter,19,41,tracked_state_1,9
voter,19,42,tracked_state_1,8
voter,19,43,tracked_state_1,8
voter,19,44,tracked_state_1,8
voter,19,45,tracked_state_1,8
voter,19,46,tracked_state_1,8
voter,19,47,tracked_state_1,8
voter,19,48,tracked_state_1,8
voter,19,49,tracked_state_1,8
voter,19,50,tracked_state_1,8
voter,19,51,tracked_state_1,8
voter,19,52,tracked_state_1,8
voter,19,53,tracked_state_1,8
voter,19,54,tracked_state_1,8
voter,19,55,tracked_state_1,8
voter,19,56,tracked_state_1,8
voter,19,57,tracked_state_1,8
voter,19,58,tracked_state_1,8
voter,19,59,tracked_state_1,8
voter,19,60,tracked_state_1,7
voter,19,61,tracked_state_1,7
voter,19,62,tracked_state_1,7
voter,19,63,tracked_state_1,7
voter,19,64,tracked_state_1,7
voter,19,65,tracked_state_1,7
voter,19,66,tracked_state_1,7
voter,19,67,tracked_state_1,7
voter,19,68,tracked_state_1,7
voter,19,69,tracked_state_1,7
voter,19,70,tracked_state_1,8
voter,19,71,tracked_state_1,8
voter,19,72,tracked_state_1,8
voter,19,73,tracked_state_1,8
voter,19,74,tracked_state_1,8
voter,19,75,tracked_state_1,8
voter,19,76,tracked_state_1,8
voter,19,77,tracked_state_1,8
voter,19,78,tracked_state_1,7
voter,19,79,tracked_state_1,7
voter,19,80,tracked_state_1,7
voter,19,81,tracked_state_1,7
voter,19,82,tracked_state_1,7
voter,19,83,tracked_state_1,7
voter,19,84,tracked_state_1,7
voter,19,85,tracked_state_1,7
voter,19,86,tracked_state_1,7
voter,19,87,tracked_state_1,6
voter,19,88,tracked_state_1,6
voter,19,89,tracked_state_1,5
voter,19,90,tracked_state_1,5
voter,19,91,tracked_state_1,5
voter,19,92,tracked_state_1,5
voter,19,93,tracked_state_1,5
voter,19,94,tracked_state_1,5
voter,19,95,tracked_state_1,5
voter,19,96,tracked_state_1,5
voter,19,97,tracked_state_1,5
voter,19,98,tracked_state_1,5
voter,19,99,tracked_state_1,5
voter,19,100,tracked_state_1,5
voter,20,0,tracked_state_1,10
voter,20,1,tracked_state_1,10
voter,20,2,tracked_state_1,10
voter,20,3,tracked_state_1,10
voter,20,4,tracked_state_1,9
voter,20,5,tracked_state_1,9
voter,20,6,tracked_state_1,9
voter,20,7,tracked_state_1,9
voter,20,8,tracked_state_1,9
voter,20,9,tracked_state_1,9
voter,20,10,tracked_state_1,9
voter,20,11,tracked_state_1,9
voter,20,12,tracked_state_1,9
voter,20,13,tracked_state_1,9
voter,20,14,tracked_state_1,9
voter,20,15,tracked_state_1,9
voter,20,16,tracked_state_1,9
voter,20,17,tracked_state_1,9
voter,20,18,tracked_state_1,9
voter,20,19,tracked_state_1,9
voter,20,20,tracked_state_1,8
voter,20,21,tracked_state_1,8
voter,20,22,tracked_state_1,8
voter,20,23,tracked_state_1,9
voter,20,24,tracked_state_1,9
voter,20,25,tracked_state_1,9
voter,20,26,tracked_state_1,9
voter,20,27,tracked_state_1,9
voter,20,28,tracked_state_1,9
voter,20,29,tracked_state_1,9
voter,20,30,tracked_state_1,9
voter,20,31,tracked_state_1,9
voter,20,32,tracked_state_1,9
voter,20,33,tracked_state_1,9
voter,20,34,tracked_state_1,9
voter,20,35,tracked_state_1,9
voter,20,36,tracked_state_1,9
voter,20,37,tracked_state_1,9
voter,20,38,tracked_state_1,9
voter,20,39,tracked_state_1,9
voter,20,40,tracked_state_1,9
voter,20,41,tracked_state_1,9
voter,20,42,tracked_state_1,9
voter,20,43,tracked_state_1,9
voter,20,44,tracked_state_1,9
voter,20,45,tracked_state_1,9
voter,20,46,tracked_state_1,9
voter,20,47,tracked_state_1,9
voter,20,48,tracked_state_1,9
voter,20,49,tracked_state_1,9
voter,20,50,tracked_state_1,9
voter,20,51,tracked_state_1,9
voter,20,52,tracked_state_1,8
voter,20,53,tracked_state_1,7
voter,20,54,tracked_state_1,7
voter,20,55,tracked_state_1,7
voter,20,56,tracked_state_1,7
voter,20,57,tracked_state_1,7
voter,20,58,tracked_state_1,7
voter,20,59,tracked_state_1,7
voter,20,60,tracked_state_1,7
voter,20,61,tracked_state_1,6
voter,20,62,tracked_state_1,6
voter,20,63,tracked_state_1,6
voter,20,64,tracked_state_1,6
voter,20,65,tracked_state_1,6
voter,20,66,tracked_state_1,6
voter,20,67,tracked_state_1,6
voter,20,68,tracked_state_1,6
voter,20,69,tracked_state_1,6
voter,20,70,tracked_state_1,6
voter,20,71,tracked_state_1,6
voter,20,72,tracked_state_1,6
voter,20,73,tracked_state_1,6
voter,20,74,tracked_state_1,6
voter,20,75,tracked_state_1,6
voter,20,76,tracked_state_1,6
voter,20,77,tracked_state_1,6
voter,20,78,tracked_state_1,6
voter,20,79,tracked_state_1,6
voter,20,80,tracked_state_1,6
voter,20,81,tracked_state_1,6
voter,20,82,tracked_state_1,6
voter,20,83,tracked_state_1,6
voter,20,84,tracked_state_1,6
voter,20,85,tracked_state_1,6
voter,20,86,tracked_state_1,6
voter,20,87,tracked_state_1,6
voter,20,88,tracked_state_1,6
voter,20,89,tracked_state_1,6
voter,20,90,tracked_state_1,6
voter,20,91,tracked_state_1,6
voter,20,92,tracked_state_1,6
voter,20,93,tracked_state_1,6
voter,20,94,tracked_state_1,6
voter,20,95,tracked_state_1,6
voter,20,96,tracked_state_1,6
voter,20,97,tracked_state_1,6
voter,20,98,tracked_state_1,6
voter,20,99,tracked_state_1,6
voter,20,100,tracked_state_1,6
voter,21,0,tracked_state_1,10
voter,21,1,tracked_state_1,10
voter,21,2,tracked_state_1,10
voter,21,3,tracked_state_1,10
voter,21,4,tracked_state_1,10
voter,21,5,tracked_state_1,10
voter,21,6,tracked_state_1,11
voter,21,7,tracked_state_1,11
voter,21,8,tracked_state_1,11
voter,21,9,tracked_state_1,10
voter,21,10,tracked_state_1,9
voter,21,11,tracked_state_1,9
voter,21,12,tracked_state_1,9
voter,21,13,tracked_state_1,9
voter,21,14,tracked_state_1,8
voter,21,15,tracked_state_1,8
voter,21,16,tracked_state_1,8
voter,21,17,tracked_state_1,8
voter,21,18,tracked_state_1,8
voter,21,19,tracked_state_1,8
voter,21,20,tracked_state_1,8
voter,21,21,tracked_state_1,8
voter,21,22,tracked_state_1,8
voter,21,23,tracked_state_1,8
voter,21,24,tracked_state_1,8
voter,21,25,tracked_state_1,8
voter,21,26,tracked_state_1,8
voter,21,27,tracked_state_1,8
voter,21,28,tracked_state_1,8
voter,21,29,tracked_state_1,8
voter,21,30,tracked_state_1,8
voter,21,31,tracked_state_1,8
voter,21,32,tracked_state_1,8
voter,21,33,tracked_state_1,8
voter,21,34,tracked_state_1,8
voter,21,35,tracked_state_1,8
voter,21,36,tracked_state_1,8
voter,21,37,tracked_state_1,8
voter,21,38,tracked_state_1,8
voter,21,39,tracked_state_1,8
voter,21,40,tracked_state_1,8
voter,21,41,tracked_state_1,8
voter,21,42,tracked_state_1,8
voter,21,43,tracked_state_1,8
voter,21,44,tracked_state_1,8
voter,21,45,tracked_state_1,8
voter,21,46,tracked_state_1,9
voter,21,47,tracked_state_1,9
voter,21,48,tracked_state_1,9
voter,21,49,tracked_state_1,9
voter,21,50,tracked_state_1,9
voter,21,51,tracked_state_1,8
voter,21,52,tracked_state_1,8
voter,21,53,tracked_state_1,8
voter,21,54,tracked_state_1,8
voter,21,55,tracked_state_1,8
voter,21,56,tracked_state_1,7
voter,21,57,tracked_state_1,7
voter,21,58,tracked_state_1,7
voter,21,59,tracked_state_1,7
voter,21,60,tracked_state_1,7
voter,21,61,tracked_state_1,7
voter,21,62,tracked_state_1,7
voter,21,63,tracked_state_1,7
voter,21,64,tracked_state_1,7
voter,21,65,tracked_state_1,7
voter,21,66,tracked_state_1,8
voter,21,67,tracked_state_1,8
voter,21,68,tracked_state_1,8
voter,21,69,tracked_state_1,8
voter,21,70,tracked_state_1,8
voter,21,71,tracked_state_1,8
voter,21,72,tracked_state_1,8
voter,21,73,tracked_state_1,8
voter,21,74,tracked_state_1,8
voter,21,75,tracked_state_1,8
voter,21,76,tracked_state_1,8
voter,21,77,tracked_state_1,8
voter,21,78,tracked_state_1,8
voter,21,79,tracked_state_1,9
voter,21,80,tracked_state_1,9
voter,21,81,tracked_state_1,9
voter,21,82,tracked_state_1,9
voter,21,83,tracked_state_1,9
voter,21,84,tracked_state_1,9
voter,21,85,tracked_state_1,9
voter,21,86,tracked_state_1,9
voter,21,87,tracked_state_1,9
voter,21,88,tracked_state_1,9
voter,21,89,tracked_state_1,9
voter,21,90,tracked_state_1,8
voter,21,91,tracked_state_1,8
voter,21,92,tracked_state_1,8
voter,21,93,tracked_state_1,8
voter,21,94,tracked_state_1,8
voter,21,95,tracked_state_1,8
voter,21,96,tracked_state_1,8
voter,21,97,tracked_state_1,8
voter,21,98,tracked_state_1,8
voter,21,99,tracked_state_1,8
voter,21,100,tracked_state_1,7
voter,22,0,tracked_state_1,10
voter,22,1,tracked_state_1,10
voter,22,2,tracked_state_1,10
voter,22,3,tracked_state_1,10
voter,22,4,tracked_state_1,11
voter,22,5,tracked_state_1,11
voter,22,6,tracked_state_1,11
voter,22,7,tracked_state_1,11
voter,22,8,tracked_state_1,11
voter,22,9,tracked_state_1,11
voter,22,10,tracked_state_1,11
voter,22,11,tracked_state_1,11
voter,22,12,tracked_state_1,11
voter,22,13,tracked_state_1,11
voter,22,14,tracked_state_1,11
voter,22,15,tracked_state_1,11
voter,22,16,tracked_state_1,11
voter,22,17,tracked_state_1,11
voter,22,18,tracked_state_1,11
voter,22,19,tracked_state_1,11
voter,22,20,tracked_state_1,11
voter,22,21,tracked_state_1,11
voter,22,22,tracked_state_1,11
voter,22,23,tracked_state_1,11
voter,22,24,tracked_state_1,11
voter,22,25,tracked_state_1,11
voter,22,26,tracked_state_1,11
voter,22,27,tracked_state_1,11
voter,22,28,tracked_state_1,11
voter,22,29,tracked_state_1,11
voter,22,30,tracked_state_1,11
voter,22,31,tracked_state_1,11
voter,22,32,tracked_state_1,11
voter,22,33,tracked_state_1,11
voter,22,34,tracked_state_1,11
voter,22,35,tracked_state_1,11
voter,22,36,tracked_state_1,11
voter,22,37,tracked_state_1,11
voter,22,38,tracked_state_1,10
voter,22,39,tracked_state_1,10
voter,22,40,tracked_state_1,10
voter,22,41,tracked_state_1,10
voter,22,42,tracked_state_1,9
voter,22,43,tracked_state_1,9
voter,22,44,tracked_state_1,9
voter,22,45,tracked_state_1,9
voter,22,46,tracked_state_1,9
voter,22,47,tracked_state_1,8
voter,22,48,tracked_state_1,7
voter,22,49,tracked_state_1,7
voter,22,50,tracked_state_1,7
voter,22,51,tracked_state_1,7
voter,22,52,tracked_state_1,7
voter,22,53,tracked_state_1,7
voter,22,54,tracked_state_1,8
voter,22,55,tracked_state_1,8
voter,22,56,tracked_state_1,8
voter,22,57,tracked_state_1,8
voter,22,58,tracked_state_1,8
voter,22,59,tracked_state_1,8
voter,22,60,tracked_state_1,8
voter,22,61,tracked_state_1,8
voter,22,62,tracked_state_1,8
voter,22,63,tracked_state_1,8
voter,22,64,tracked_state_1,8
voter,22,65,tracked_state_1,8
voter,22,66,tracked_state_1,9
voter,22,67,tracked_state_1,9
voter,22,68,tracked_state_1,9
voter,22,69,tracked_state_1,9
voter,22,70,tracked_state_1,9
voter,22,71,tracked_state_1,10
voter,22,72,tracked_state_1,10
voter,22,73,tracked_state_1,10
voter,22,74,tracked_state_1,10
voter,22,75,tracked_state_1,11
voter,22,76,tracked_state_1,12
voter,22,77,tracked_state_1,12
voter,22,78,tracked_state_1,12
voter,22,79,tracked_state_1,12
voter,22,80,tracked_state_1,12
voter,22,81,tracked_state_1,12
voter,22,82,tracked_state_1,12
voter,22,83,tracked_state_1,12
voter,22,84,tracked_state_1,11
voter,22,85,tracked_state_1,11
voter,22,86,tracked_state_1,11
voter,22,87,tracked_state_1,12
voter,22,88,tracked_state_1,12
voter,22,89,tracked_state_1,12
voter,22,90,tracked_state_1,12
voter,22,91,tracked_state_1,12
voter,22,92,tracked_state_1,12
voter,22,93,tracked_state_1,12
voter,22,94,tracked_state_1,11
voter,22,95,tracked_state_1,11
voter,22,96,tracked_state_1,11
voter,22,97,tracked_state_1,11
voter,22,98,tracked_state_1,11
voter,22,99,tracked_state_1,11
voter,22,100,tracked_state_1,11
voter,23,0,tracked_state_1,10
voter,23,1,tracked_state_1,10
voter,23,2,tracked_state_1,9
voter,23,3,tracked_state_1,9
voter,23,4,tracked_state_1,9
voter,23,5,tracked_state_1,9
voter,23,6,tracked_state_1,9
voter,23,7,tracked_state_1,9
voter,23,8,tracked_state_1,9
voter,23,9,tracked_state_1,9
voter,23,10,tracked_state_1,9
voter,23,11,tracked_state_1,9
voter,23,12,tracked_state_1,9
voter,23,13,tracked_state_1,9
voter,23,14,tracked_state_1,9
voter,23,15,tracked_state_1,9
voter,23,16,tracked_state_1,9
voter,23,17,tracked_state_1,9
voter,23,18,tracked_state_1,8
voter,23,19,tracked_state_1,8
voter,23,20,tracked_state_1,7
voter,23,21,tracked_state_1,7
voter,23,22,tracked_state_1,7
voter,23,23,tracked_state_1,7
voter,23,24,tracked_state_1,7
voter,23,25,tracked_state_1,7
voter,23,26,tracked_state_1,7
voter,23,27,tracked_state_1,7
voter,23,28,tracked_state_1,6
voter,23,29,tracked_state_1,6
voter,23,30,tracked_state_1,6
voter,23,31,tracked_state_1,6
voter,23,32,tracked_state_1,6
voter,23,33,tracked_state_1,6
voter,23,34,tracked_state_1,6
voter,23,35,tracked_state_1,6
voter,23,36,tracked_state_1,7
voter,23,37,tracked_state_1,7
voter,23,38,tracked_state_1,7
voter,23,39,tracked_state_1,7
voter,23,40,tracked_state_1,7
voter,23,41,tracked_state_1,7
voter,23,42,tracked_state_1,7
voter,23,43,tracked_state_1,7
voter,23,44,tracked_state_1,7
voter,23,45,tracked_state_1,7
voter,23,46,tracked_state_1,7
voter,23,47,tracked_state_1,8
voter,23,48,tracked_state_1,8
voter,23,49,tracked_state_1,8
voter,23,50,tracked_state_1,8
voter,23,51,tracked_state_1,8
voter,23,52,tracked_state_1,8
voter,23,53,tracked_state_1,8
voter,23,54,tracked_state_1,8
voter,23,55,tracked_state_1,8
voter,23,56,tracked_state_1,8
voter,23,57,tracked_state_1,9
voter,23,58,tracked_state_1,9
voter,23,59,tracked_state_1,10
voter,23,60,tracked_state_1,10
voter,23,61,tracked_state_1,10
voter,23,62,tracked_state_1,10
voter,23,63,tracked_state_1,11
voter,23,64,tracked_state_1,11
voter,23,65,tracked_state_1,11
voter,23,66,tracked_state_1,12
voter,23,67,tracked_state_1,12
voter,23,68,tracked_state_1,12
voter,23,69,tracked_state_1,12
voter,23,70,tracked_state_1,12
voter,23,71,tracked_state_1,12
voter,23,72,tracked_state_1,12
voter,23,73,tracked_state_1,12
voter,23,74,tracked_state_1,12
voter,23,75,tracked_state_1,12
voter,23,76,tracked_state_1,12
voter,23,77,tracked_state_1,12
voter,23,78,tracked_state_1,12
voter,23,79,tracked_state_1,12
voter,23,80,tracked_state_1,12
voter,23,81,tracked_state_1,12
voter,23,82,tracked_state_1,12
voter,23,83,tracked_state_1,12
voter,23,84,tracked_state_1,12
voter,23,85,tracked_state_1,12
voter,23,86,tracked_state_1,12
voter,23,87,tracked_state_1,12
voter,23,88,tracked_state_1,12
voter,23,89,tracked_state_1,12
voter,23,90,tracked_state_1,12
voter,23,91,tracked_state_1,13
voter,23,92,tracked_state_1,13
voter,23,93,tracked_state_1,13
voter,23,94,tracked_state_1,13
voter,23,95,tracked_state_1,13
voter,23,96,tracked_state_1,12
voter,23,97,tracked_state_1,12
voter,23,98,tracked_state_1,12
voter,23,99,tracked_state_1,12
voter,23,100,tracked_state_1,12
voter,24,0,tracked_state_1,10
voter,24,1,tracked_state_1,10
voter,24,2,tracked_state_1,10
voter,24,3,tracked_state_1,10
voter,24,4,tracked_state_1,10
voter,24,5,tracked_state_1,10
voter,24,6,tracked_state_1,10
voter,24,7,tracked_state_1,10
voter,24,8,tracked_state_1,10
voter,24,9,tracked_state_1,10
voter,24,10,tracked_state_1,10
voter,24,11,tracked_state_1,10
voter,24,12,tracked_state_1,10
voter,24,13,tracked_state_1,10
voter,24,14,tracked_state_1,10
voter,24,15,tracked_state_1,10
voter,24,16,tracked_state_1,10
voter,24,17,tracked_state_1,10
voter,24,18,tracked_state_1,10
voter,24,19,tracked_state_1,10
voter,24,20,tracked_state_1,10
voter,24,21,tracked_state_1,10
voter,24,22,tracked_state_1,10
voter,24,23,tracked_state_1,10
voter,24,24,tracked_state_1,10
voter,24,25,tracked_state_1,10
voter,24,26,tracked_state_1,9
voter,24,27,tracked_state_1,9
voter,24,28,tracked_state_1,9
voter,24,29,tracked_state_1,9
voter,24,30,tracked_state_1,9
voter,24,31,tracked_state_1,9
voter,24,32,tracked_state_1,9
voter,24,33,tracked_state_1,9
voter,24,34,tracked_state_1,9
voter,24,35,tracked_state_1,9
voter,24,36,tracked_state_1,9
voter,24,37,tracked_state_1,9
voter,24,38,tracked_state_1,8
voter,24,39,tracked_state_1,8
voter,24,40,tracked_state_1,8
voter,24,41,tracked_state_1,8
voter,24,42,tracked_state_1,8
voter,24,43,tracked_state_1,8
voter,24,44,tracked_state_1,7
voter,24,45,tracked_state_1,7
voter,24,46,tracked_state_1,7
voter,24,47,tracked_state_1,7
voter,24,48,tracked_state_1,7
voter,24,49,tracked_state_1,7
voter,24,50,tracked_state_1,7
voter,24,51,tracked_state_1,7
voter,24,52,tracked_state_1,7
voter,24,53,tracked_state_1,7
voter,24,54,tracked_state_1,7
voter,24,55,tracked_state_1,7
voter,24,56,tracked_state_1,7
voter,24,57,tracked_state_1,7
voter,24,58,tracked_state_1,8
voter,24,59,tracked_state_1,7
voter,24,60,tracked_state_1,7
voter,24,61,tracked_state_1,7
voter,24,62,tracked_state_1,7
voter,24,63,tracked_state_1,7
voter,24,64,tracked_state_1,7
voter,24,65,tracked_state_1,7
voter,24,66,tracked_state_1,7
voter,24,67,tracked_state_1,7
voter,24,68,tracked_state_1,7
voter,24,69,tracked_state_1,7
voter,24,70,tracked_state_1,7
voter,24,71,tracked_state_1,7
voter,24,72,tracked_state_1,7
voter,24,73,tracked_state_1,7
voter,24,74,tracked_state_1,6
voter,24,75,tracked_state_1,6
voter,24,76,tracked_state_1,6
voter,24,77,tracked_state_1,6
voter,24,78,tracked_state_1,6
voter,24,79,tracked_state_1,6
voter,24,80,tracked_state_1,6
voter,24,81,tracked_state_1,6
voter,24,82,tracked_state_1,6
voter,24,83,tracked_state_1,6
voter,24,84,tracked_state_1,6
voter,24,85,tracked_state_1,6
voter,24,86,tracked_state_1,6
voter,24,87,tracked_state_1,6
voter,24,88,tracked_state_1,6
voter,24,89,tracked_state_1,6
voter,24,90,tracked_state_1,6
voter,24,91,tracked_state_1,6
voter,24,92,tracked_state_1,6
voter,24,93,tracked_state_1,7
voter,24,94,tracked_state_1,7
voter,24,95,tracked_state_1,7
voter,24,96,tracked_state_1,7
voter,24,97,tracked_state_1,7
voter,24,98,tracked_state_1,7
voter,24,99,tracked_state_1,7
voter,24,100,tracked_state_1,7
voter,25,0,tracked_state_1,10
voter,25,1,tracked_state_1,11
voter,25,2,tracked_state_1,11
voter,25,3,tracked_state_1,11
voter,25,4,tracked_state_1,11
voter,25,5,tracked_state_1,11
voter,25,6,tracked_state_1,11
voter,25,7,tracked_state_1,11
voter,25,8,tracked_state_1,11
voter,25,9,tracked_state_1,11
voter,25,10,tracked_state_1,11
voter,25,11,tracked_state_1,11
voter,25,12,tracked_state_1,11
voter,25,13,tracked_state_1,11
voter,25,14,tracked_state_1,11
voter,25,15,tracked_state_1,11
voter,25,16,tracked_state_1,11
voter,25,17,tracked_state_1,11
voter,25,18,tracked_state_1,11
voter,25,19,tracked_state_1,11
voter,25,20,tracked_state_1,11
voter,25,21,tracked_state_1,11
voter,25,22,tracked_state_1,11
voter,25,23,tracked_state_1,11
voter,25,24,tracked_state_1,11
voter,25,25,tracked_state_1,10
voter,25,26,tracked_state_1,10
voter,25,27,tracked_state_1,10
voter,25,28,tracked_state_1,10
voter,25,29,tracked_state_1,10
voter,25,30,tracked_state_1,10
voter,25,31,tracked_state_1,10
voter,25,32,tracked_state_1,10
voter,25,33,tracked_state_1,10
voter,25,34,tracked_state_1,10
voter,25,35,tracked_state_1,10
voter,25,36,tracked_state_1,10
voter,25,37,tracked_state_1,10
voter,25,38,tracked_state_1,10
voter,25,39,tracked_state_1,10
voter,25,40,tracked_state_1,10
voter,25,41,tracked_state_1,10
voter,25,42,tracked_state_1,10
voter,25,43,tracked_state_1,11
voter,25,44,tracked_state_1,10
voter,25,45,tracked_state_1,10
voter,25,46,tracked_state_1,10
voter,25,47,tracked_state_1,10
voter,25,48,tracked_state_1,9
voter,25,49,tracked_state_1,9
voter,25,50,tracked_state_1,9
voter,25,51,tracked_state_1,9
voter,25,52,tracked_state_1,9
voter,25,53,tracked_state_1,9
voter,25,54,tracked_state_1,9
voter,25,55,tracked_state_1,9
voter,25,56,tracked_state_1,9
voter,25,57,tracked_state_1,9
voter,25,58,tracked_state_1,9
voter,25,59,tracked_state_1,9
voter,25,60,tracked_state_1,9
voter,25,61,tracked_state_1,9
voter,25,62,tracked_state_1,10
voter,25,63,tracked_state_1,10
voter,25,64,tracked_state_1,10
voter,25,65,tracked_state_1,10
voter,25,66,tracked_state_1,10
voter,25,67,tracked_state_1,10
voter,25,68,tracked_state_1,10
voter,25,69,tracked_state_1,10
voter,25,70,tracked_state_1,10
voter,25,71,tracked_state_1,10
voter,25,72,tracked_state_1,10
voter,25,73,tracked_state_1,10
voter,25,74,tracked_state_1,10
voter,25,75,tracked_state_1,10
voter,25,76,tracked_state_1,10
voter,25,77,tracked_state_1,10
voter,25,78,tracked_state_1,10
voter,25,79,tracked_state_1,10
voter,25,80,tracked_state_1,10
voter,25,81,tracked_state_1,10
voter,25,82,tracked_state_1,10
voter,25,83,tracked_state_1,11
voter,25,84,tracked_state_1,11
voter,25,85,tracked_state_1,11
voter,25,86,tracked_state_1,11
voter,25,87,tracked_state_1,12
voter,25,88,tracked_state_1,12
voter,25,89,tracked_state_1,12
voter,25,90,tracked_state_1,12
voter,25,91,tracked_state_1,13
voter,25,92,tracked_state_1,13
voter,25,93,tracked_state_1,13
voter,25,94,tracked_state_1,13
voter,25,95,tracked_state_1,12
voter,25,96,tracked_state_1,12
voter,25,97,tracked_state_1,12
voter,25,98,tracked_state_1,12
voter,25,99,tracked_state_1,12
voter,25,100,tracked_state_1,12
voter,26,0,tracked_state_1,10
voter,26,1,tracked_state_1,10
voter,26,2,tracked_state_1,10
voter,26,3,tracked_state_1,10
voter,26,4,tracked_state_1,9
voter,26,5,tracked_state_1,9
voter,26,6,tracked_state_1,9
voter,26,7,tracked_state_1,9
voter,26,8,tracked_state_1,9
voter,26,9,tracked_state_1,9
voter,26,10,tracked_state_1,9
voter,26,11,tracked_state_1,9
voter,26,12,tracked_state_1,9
voter,26,13,tracked_state_1,9
voter,26,14,tracked_state_1,10
voter,26,15,tracked_state_1,10
voter,26,16,tracked_state_1,10
voter,26,17,tracked_state_1,10
voter,26,18,tracked_state_1,10
voter,26,19,tracked_state_1,10
voter,26,20,tracked_state_1,10
voter,26,21,tracked_state_1,10
voter,26,22,tracked_state_1,10
voter,26,23,tracked_state_1,10
voter,26,24,tracked_state_1,10
voter,26,25,tracked_state_1,10
voter,26,26,tracked_state_1,10
voter,26,27,tracked_state_1,10
voter,26,28,tracked_state_1,10
voter,26,29,tracked_state_1,10
voter,26,30,tracked_state_1,10
voter,26,31,tracked_state_1,10
voter,26,32,tracked_state_1,10
voter,26,33,tracked_state_1,10
voter,26,34,tracked_state_1,10
voter,26,35,tracked_state_1,10
voter,26,36,tracked_state_1,10
voter,26,37,tracked_state_1,10
voter,26,38,tracked_state_1,10
voter,26,39,tracked_state_1,10
voter,26,40,tracked_state_1,10
voter,26,41,tracked_state_1,10
voter,26,42,tracked_state_1,10
voter,26,43,tracked_state_1,10
voter,26,44,tracked_state_1,10
voter,26,45,tracked_state_1,9
voter,26,46,tracked_state_1,9
voter,26,47,tracked_state_1,9
voter,26,48,tracked_state_1,9
voter,26,49,tracked_state_1,10
voter,26,50,tracked_state_1,9
voter,26,51,tracked_state_1,8
voter,26,52,tracked_state_1,7
voter,26,53,tracked_state_1,7
voter,26,54,tracked_state_1,7
voter,26,55,tracked_state_1,8
voter,26,56,tracked_state_1,8
voter,26,57,tracked_state_1,8
voter,26,58,tracked_state_1,8
voter,26,59,tracked_state_1,8
voter,26,60,tracked_state_1,8
voter,26,61,tracked_state_1,7
voter,26,62,tracked_state_1,7
voter,26,63,tracked_state_1,7
voter,26,64,tracked_state_1,7
voter,26,65,tracked_state_1,7
voter,26,66,tracked_state_1,8
voter,26,67,tracked_state_1,8
voter,26,68,tracked_state_1,7
voter,26,69,tracked_state_1,7
voter,26,70,tracked_state_1,7
voter,26,71,tracked_state_1,7
voter,26,72,tracked_state_1,7
voter,26,73,tracked_state_1,7
voter,26,74,tracked_state_1,6
voter,26,75,tracked_state_1,6
voter,26,76,tracked_state_1,6
voter,26,77,tracked_state_1,6
voter,26,78,tracked_state_1,6
voter,26,79,tracked_state_1,6
voter,26,80,tracked_state_1,6
voter,26,81,tracked_state_1,6
voter,26,82,tracked_state_1,6
voter,26,83,tracked_state_1,6
voter,26,84,tracked_state_1,6
voter,26,85,tracked_state_1,6
voter,26,86,tracked_state_1,6
voter,26,87,tracked_state_1,6
voter,26,88,tracked_state_1,5
voter,26,89,tracked_state_1,5
voter,26,90,tracked_state_1,5
voter,26,91,tracked_state_1,5
voter,26,92,tracked_state_1,5
voter,26,93,tracked_state_1,5
voter,26,94,tracked_state_1,5
voter,26,95,tracked_state_1,5
voter,26,96,tracked_state_1,5
voter,26,97,tracked_state_1,5
voter,26,98,tracked_state_1,5
voter,26,99,tracked_state_1,5
voter,26,100,tracked_state_1,5
voter,27,0,tracked_state_1,10
voter,27,1,tracked_state_1,10
voter,27,2,tracked_state_1,10
voter,27,3,tracked_state_1,10
voter,27,4,tracked_state_1,10
voter,27,5,tracked_state_1,10
voter,27,6,tracked_state_1,10
voter,27,7,tracked_state_1,10
voter,27,8,tracked_state_1,10
voter,27,9,tracked_state_1,10
voter,27,10,tracked_state_1,10
voter,27,11,tracked_state_1,10
voter,27,12,tracked_state_1,10
voter,27,13,tracked_state_1,10
voter,27,14,tracked_state_1,10
voter,27,15,tracked_state_1,10
voter,27,16,tracked_state_1,10
voter,27,17,tracked_state_1,10
voter,27,18,tracked_state_1,10
voter,27,19,tracked_state_1,10
voter,27,20,tracked_state_1,10
voter,27,21,tracked_state_1,10
voter,27,22,tracked_state_1,10
voter,27,23,tracked_state_1,9
voter,27,24,tracked_state_1,9
voter,27,25,tracked_state_1,9
voter,27,26,tracked_state_1,9
voter,27,27,tracked_state_1,9
voter,27,28,tracked_state_1,9
voter,27,29,tracked_state_1,9
voter,27,30,tracked_state_1,9
voter,27,31,tracked_state_1,9
voter,27,32,tracked_state_1,9
voter,27,33,tracked_state_1,9
voter,27,34,tracked_state_1,9
voter,27,35,tracked_state_1,9
voter,27,36,tracked_state_1,10
voter,27,37,tracked_state_1,10
voter,27,38,tracked_state_1,10
voter,27,39,tracked_state_1,10
voter,27,40,tracked_state_1,10
voter,27,41,tracked_state_1,10
voter,27,42,tracked_state_1,10
voter,27,43,tracked_state_1,10
voter,27,44,tracked_state_1,10
voter,27,45,tracked_state_1,10
voter,27,46,tracked_state_1,10
voter,27,47,tracked_state_1,9
voter,27,48,tracked_state_1,8
voter,27,49,tracked_state_1,8
voter,27,50,tracked_state_1,7
voter,27,51,tracked_state_1,7
voter,27,52,tracked_state_1,7
voter,27,53,tracked_state_1,8
voter,27,54,tracked_state_1,8
voter,27,55,tracked_state_1,8
voter,27,56,tracked_state_1,8
voter,27,57,tracked_state_1,8
voter,27,58,tracked_state_1,8
voter,27,59,tracked_state_1,8
voter,27,60,tracked_state_1,8
voter,27,61,tracked_state_1,8
voter,27,62,tracked_state_1,8
voter,27,63,tracked_state_1,8
voter,27,64,tracked_state_1,8
voter,27,65,tracked_state_1,8
voter,27,66,tracked_state_1,9
voter,27,67,tracked_state_1,9
voter,27,68,tracked_state_1,9
voter,27,69,tracked_state_1,10
voter,27,70,tracked_state_1,10
voter,27,71,tracked_state_1,10
voter,27,72,tracked_state_1,10
voter,27,73,tracked_state_1,10
voter,27,74,tracked_state_1,10
voter,27,75,tracked_state_1,10
voter,27,76,tracked_state_1,10
voter,27,77,tracked_state_1,10
voter,27,78,tracked_state_1,10
voter,27,79,tracked_state_1,10
voter,27,80,tracked_state_1,10
voter,27,81,tracked_state_1,10
voter,27,82,tracked_state_1,10
voter,27,83,tracked_state_1,10
voter,27,84,tracked_state_1,10
voter,27,85,tracked_state_1,10
voter,27,86,tracked_state_1,10
voter,27,87,tracked_state_1,10
voter,27,88,tracked_state_1,10
voter,27,89,tracked_state_1,10
voter,27,90,tracked_state_1,10
voter,27,91,tracked_state_1,10
voter,27,92,tracked_state_1,10
voter,27,93,tracked_state_1,10
voter,27,94,tracked_state_1,10
voter,27,95,tracked_state_1,10
voter,27,96,tracked_state_1,10
voter,27,97,tracked_state_1,10
voter,27,98,tracked_state_1,10
voter,27,99,tracked_state_1,10
voter,27,100,tracked_state_1,10
voter,28,0,tracked_state_1,10
voter,28,1,tracked_state_1,10
voter,28,2,tracked_state_1,10
voter,28,3,tracked_state_1,10
voter,28,4,tracked_state_1,10
voter,28,5,tracked_state_1,9
voter,28,6,tracked_state_1,9
voter,28,7,tracked_state_1,9
voter,28,8,tracked_state_1,9
voter,28,9,tracked_state_1,9
voter,28,10,tracked_state_1,9
voter,28,11,tracked_state_1,8
voter,28,12,tracked_state_1,8
voter,28,13,tracked_state_1,8
voter,28,14,tracked_state_1,8
voter,28,15,tracked_state_1,8
voter,28,16,tracked_state_1,8
voter,28,17,tracked_state_1,8
voter,28,18,tracked_state_1,8
voter,28,19,tracked_state_1,8
voter,28,20,tracked_state_1,8
voter,28,21,tracked_state_1,8
voter,28,22,tracked_state_1,8
voter,28,23,tracked_state_1,8
voter,28,24,tracked_state_1,8
voter,28,25,tracked_state_1,9
voter,28,26,tracked_state_1,9
voter,28,27,tracked_state_1,9
voter,28,28,tracked_state_1,9
voter,28,29,tracked_state_1,9
voter,28,30,tracked_state_1,9
voter,28,31,tracked_state_1,9
voter,28,32,tracked_state_1,9
voter,28,33,tracked_state_1,9
voter,28,34,tracked_state_1,9
voter,28,35,tracked_state_1,9
voter,28,36,tracked_state_1,9
voter,28,37,tracked_state_1,9
voter,28,38,tracked_state_1,9
voter,28,39,tracked_state_1,9
voter,28,40,tracked_state_1,9
voter,28,41,tracked_state_1,9
voter,28,42,tracked_state_1,9
voter,28,43,tracked_state_1,9
voter,28,44,tracked_state_1,9
voter,28,45,tracked_state_1,9
voter,28,46,tracked_state_1,9
voter,28,47,tracked_state_1,9
voter,28,48,tracked_state_1,9
voter,28,49,tracked_state_1,9
voter,28,50,tracked_state_1,9
voter,28,51,tracked_state_1,9
voter,28,52,tracked_state_1,9
voter,28,53,tracked_state_1,9
voter,28,54,tracked_state_1,9
voter,28,55,tracked_state_1,9
voter,28,56,tracked_state_1,10
voter,28,57,tracked_state_1,10
voter,28,58,tracked_state_1,10
voter,28,59,tracked_state_1,10
voter,28,60,tracked_state_1,10
voter,28,61,tracked_state_1,10
voter,28,62,tracked_state_1,10
voter,28,63,tracked_state_1,10
voter,28,64,tracked_state_1,11
voter,28,65,tracked_state_1,11
voter,28,66,tracked_state_1,11
voter,28,67,tracked_state_1,12
voter,28,68,tracked_state_1,12
voter,28,69,tracked_state_1,12
voter,28,70,tracked_state_1,12
voter,28,71,tracked_state_1,12
voter,28,72,tracked_state_1,12
voter,28,73,tracked_state_1,12
voter,28,74,tracked_state_1,12
voter,28,75,tracked_state_1,12
voter,28,76,tracked_state_1,12
voter,28,77,tracked_state_1,12
voter,28,78,tracked_state_1,12
voter,28,79,tracked_state_1,12
voter,28,80,tracked_state_1,12
voter,28,81,tracked_state_1,12
voter,28,82,tracked_state_1,12
voter,28,83,tracked_state_1,12
voter,28,84,tracked_state_1,12
voter,28,85,tracked_state_1,12
voter,28,86,tracked_state_1,12
voter,28,87,tracked_state_1,12
voter,28,88,tracked_state_1,12
voter,28,89,tracked_state_1,12
voter,28,90,tracked_state_1,12
voter,28,91,tracked_state_1,12
voter,28,92,tracked_state_1,12
voter,28,93,tracked_state_1,11
voter,28,94,tracked_state_1,11
voter,28,95,tracked_state_1,11
voter,28,96,tracked_state_1,11
voter,28,97,tracked_state_1,11
voter,28,98,tracked_state_1,12
voter,28,99,tracked_state_1,12
voter,28,100,tracked_state_1,12
voter,29,0,tracked_state_1,10
voter,29,1,tracked_state_1,10
voter,29,2,tracked_state_1,10
voter,29,3,tracked_state_1,10
voter,29,4,tracked_state_1,10
voter,29,5,tracked_state_1,10
voter,29,6,tracked_state_1,10
voter,29,7,tracked_state_1,10
voter,29,8,tracked_state_1,10
voter,29,9,tracked_state_1,10
voter,29,10,tracked_state_1,10
voter,29,11,tracked_state_1,10
voter,29,12,tracked_state_1,10
voter,29,13,tracked_state_1,10
voter,29,14,tracked_state_1,10
voter,29,15,tracked_state_1,10
voter,29,16,tracked_state_1,10
voter,29,17,tracked_state_1,10
voter,29,18,tracked_state_1,10
voter,29,19,tracked_state_1,10
voter,29,20,tracked_state_1,10
voter,29,21,tracked_state_1,10
voter,29,22,tracked_state_1,10
voter,29,23,tracked_state_1,10
voter,29,24,tracked_state_1,10
voter,29,25,tracked_state_1,10
voter,29,26,tracked_state_1,10
voter,29,27,tracked_state_1,10
voter,29,28,tracked_state_1,10
voter,29,29,tracked_state_1,10
voter,29,30,tracked_state_1,10
voter,29,31,tracked_state_1,10
voter,29,32,tracked_state_1,10
voter,29,33,tracked_state_1,10
voter,29,34,tracked_state_1,10
voter,29,35,tracked_state_1,10
voter,29,36,tracked_state_1,10
voter,29,37,tracked_state_1,10
voter,29,38,tracked_state_1,10
voter,29,39,tracked_state_1,9
voter,29,40,tracked_state_1,9
voter,29,41,tracked_state_1,9
voter,29,42,tracked_state_1,8
voter,29,43,tracked_state_1,8
voter,29,44,tracked_state_1,8
voter,29,45,tracked_state_1,8
voter,29,46,tracked_state_1,8
voter,29,47,tracked_state_1,8
voter,29,48,tracked_state_1,8
voter,29,49,tracked_state_1,8
voter,29,50,tracked_state_1,8
voter,29,51,tracked_state_1,8
voter,29,52,tracked_state_1,8
voter,29,53,tracked_state_1,8
voter,29,54,tracked_state_1,8
voter,29,55,tracked_state_1,8
voter,29,56,tracked_state_1,8
voter,29,57,tracked_state_1,8
voter,29,58,tracked_state_1,8
voter,29,59,tracked_state_1,8
voter,29,60,tracked_state_1,8
voter,29,61,tracked_state_1,8
voter,29,62,tracked_state_1,9
voter,29,63,tracked_state_1,9
voter,29,64,tracked_state_1,9
voter,29,65,tracked_state_1,9
voter,29,66,tracked_state_1,9
voter,29,67,tracked_state_1,9
voter,29,68,tracked_state_1,9
voter,29,69,tracked_state_1,9
voter,29,70,tracked_state_1,9
voter,29,71,tracked_state_1,9
voter,29,72,tracked_state_1,9
voter,29,73,tracked_state_1,9
voter,29,74,tracked_state_1,9
voter,29,75,tracked_state_1,9
voter,29,76,tracked_state_1,9
voter,29,77,tracked_state_1,9
voter,29,78,tracked_state_1,9
voter,29,79,tracked_state_1,9
voter,29,80,tracked_state_1,9
voter,29,81,tracked_state_1,9
voter,29,82,tracked_state_1,9
voter,29,83,tracked_state_1,9
voter,29,84,tracked_state_1,9
voter,29,85,tracked_state_1,8
voter,29,86,tracked_state_1,8
voter,29,87,tracked_state_1,8
voter,29,88,tracked_state_1,8
voter,29,89,tracked_state_1,8
voter,29,90,tracked_state_1,8
voter,29,91,tracked_state_1,8
voter,29,92,tracked_state_1,8
voter,29,93,tracked_state_1,7
voter,29,94,tracked_state_1,7
voter,29,95,tracked_state_1,7
voter,29,96,tracked_state_1,7
voter,29,97,tracked_state_1,7
voter,29,98,tracked_state_1,7
voter,29,99,tracked_state_1,7
voter,29,100,tracked_state_1,6
voter,30,0,tracked_state_1,10
voter,30,1,tracked_state_1,10
voter,30,2,tracked_state_1,10
voter,30,3,tracked_state_1,10
voter,30,4,tracked_state_1,10
voter,30,5,tracked_state_1,10
voter,30,6,tracked_state_1,10
voter,30,7,tracked_state_1,10
voter,30,8,tracked_state_1,10
voter,30,9,tracked_state_1,10
voter,30,10,tracked_state_1,10
voter,30,11,tracked_state_1,10
voter,30,12,tracked_state_1,10
voter,30,13,tracked_state_1,10
voter,30,14,tracked_state_1,9
voter,30,15,tracked_state_1,9
voter,30,16,tracked_state_1,9
voter,30,17,tracked_state_1,9
voter,30,18,tracked_state_1,9
voter,30,19,tracked_state_1,9
voter,30,20,tracked_state_1,9
voter,30,21,tracked_state_1,9
voter,30,22,tracked_state_1,9
voter,30,23,tracked_state_1,9
voter,30,24,tracked_state_1,9
voter,30,25,tracked_state_1,9
voter,30,26,tracked_state_1,8
voter,30,27,tracked_state_1,8
voter,30,28,tracked_state_1,8
voter,30,29,tracked_state_1,8
voter,30,30,tracked_state_1,8
voter,30,31,tracked_state_1,8
voter,30,32,tracked_state_1,8
voter,30,33,tracked_state_1,8
voter,30,34,tracked_state_1,8
voter,30,35,tracked_state_1,7
voter,30,36,tracked_state_1,7
voter,30,37,tracked_state_1,7
voter,30,38,tracked_state_1,7
voter,30,39,tracked_state_1,7
voter,30,40,tracked_state_1,6
voter,30,41,tracked_state_1,6
voter,30,42,tracked_state_1,6
voter,30,43,tracked_state_1,6
voter,30,44,tracked_state_1,6
voter,30,45,tracked_state_1,6
voter,30,46,tracked_state_1,6
voter,30,47,tracked_state_1,6
voter,30,48,tracked_state_1,6
voter,30,49,tracked_state_1,5
voter,30,50,tracked_state_1,5
voter,30,51,tracked_state_1,5
voter,30,52,tracked_state_1,5
voter,30,53,tracked_state_1,5
voter,30,54,tracked_state_1,5
voter,30,55,tracked_state_1,4
voter,30,56,tracked_state_1,4
voter,30,57,tracked_state_1,4
voter,30,58,tracked_state_1,4
voter,30,59,tracked_state_1,4
voter,30,60,tracked_state_1,4
voter,30,61,tracked_state_1,4
voter,30,62,tracked_state_1,4
voter,30,63,tracked_state_1,3
voter,30,64,tracked_state_1,3
voter,30,65,tracked_state_1,3
voter,30,66,tracked_state_1,3
voter,30,67,tracked_state_1,3
voter,30,68,tracked_state_1,3
voter,30,69,tracked_state_1,3
voter,30,70,tracked_state_1,3
voter,30,71,tracked_state_1,3
voter,30,72,tracked_state_1,3
voter,30,73,tracked_state_1,3
voter,30,74,tracked_state_1,3
voter,30,75,tracked_state_1,3
voter,30,76,tracked_state_1,3
voter,30,77,tracked_state_1,3
voter,30,78,tracked_state_1,3
voter,30,79,tracked_state_1,3
voter,30,80,tracked_state_1,3
voter,30,81,tracked_state_1,3
voter,30,82,tracked_state_1,3
voter,30,83,tracked_state_1,3
voter,30,84,tracked_state_1,3
voter,30,85,tracked_state_1,3
voter,30,86,tracked_state_1,3
voter,30,87,tracked_state_1,3
voter,30,88,tracked_state_1,3
voter,30,89,tracked_state_1,3
voter,30,90,tracked_state_1,3
voter,30,91,tracked_state_1,4
voter,30,92,tracked_state_1,4
voter,30,93,tracked_state_1,4
voter,30,94,tracked_state_1,4
voter,30,95,tracked_state_1,4
voter,30,96,tracked_state_1,4
voter,30,97,tracked_state_1,3
voter,30,98,tracked_state_1,3
voter,30,99,tracked_state_1,3
voter,30,100,tracked_state_1,3
voter,31,0,tracked_state_1,10
voter,31,1,tracked_state_1,11
voter,31,2,tracked_state_1,11
voter,31,3,tracked_state_1,11
voter,31,4,tracked_state_1,11
voter,31,5,tracked_state_1,11
voter,31,6,tracked_state_1,11
voter,31,7,tracked_state_1,11
voter,31,8,tracked_state_1,11
voter,31,9,tracked_state_1,11
voter,31,10,tracked_state_1,11
voter,31,11,tracked_state_1,11
voter,31,12,tracked_state_1,10
voter,31,13,tracked_state_1,10
voter,31,14,tracked_state_1,10
voter,31,15,tracked_state_1,10
voter,31,16,tracked_state_1,10
voter,31,17,tracked_state_1,10
voter,31,18,tracked_state_1,9
voter,31,19,tracked_state_1,9
voter,31,20,tracked_state_1,9
voter,31,21,tracked_state_1,9
voter,31,22,tracked_state_1,9
voter,31,23,tracked_state_1,9
voter,31,24,tracked_state_1,9
voter,31,25,tracked_state_1,9
voter,31,26,tracked_state_1,9
voter,31,27,tracked_state_1,9
voter,31,28,tracked_state_1,9
voter,31,29,tracked_state_1,9
voter,31,30,tracked_state_1,9
voter,31,31,tracked_state_1,9
voter,31,32,tracked_state_1,9
voter,31,33,tracked_state_1,9
voter,31,34,tracked_state_1,9
voter,31,35,tracked_state_1,9
voter,31,36,tracked_state_1,9
voter,31,37,tracked_state_1,9
voter,31,38,tracked_state_1,9
voter,31,39,tracked_state_1,10
voter,31,40,tracked_state_1,10
voter,31,41,tracked_state_1,10
voter,31,42,tracked_state_1,10
voter,31,43,tracked_state_1,10
voter,31,44,tracked_state_1,10
voter,31,45,tracked_state_1,10
voter,31,46,tracked_state_1,10
voter,31,47,tracked_state_1,10
voter,31,48,tracked_state_1,10
voter,31,49,tracked_state_1,10
voter,31,50,tracked_state_1,10
voter,31,51,tracked_state_1,10
voter,31,52,tracked_state_1,10
voter,31,53,tracked_state_1,10
voter,31,54,tracked_state_1,10
voter,31,55,tracked_state_1,10
voter,31,56,tracked_state_1,10
voter,31,57,tracked_state_1,10
voter,31,58,tracked_state_1,10
voter,31,59,tracked_state_1,10
voter,31,60,tracked_state_1,10
voter,31,61,tracked_state_1,10
voter,31,62,tracked_state_1,10
voter,31,63,tracked_state_1,10
voter,31,64,tracked_state_1,10
voter,31,65,tracked_state_1,10
voter,31,66,tracked_state_1,10
voter,31,67,tracked_state_1,10
voter,31,68,tracked_state_1,10
voter,31,69,tracked_state_1,10
voter,31,70,tracked_state_1,10
voter,31,71,tracked_state_1,10
voter,31,72,tracked_state_1,10
voter,31,73,tracked_state_1,10
voter,31,74,tracked_state_1,10
voter,31,75,tracked_state_1,10
voter,31,76,tracked_state_1,10
voter,31,77,tracked_state_1,10
voter,31,78,tracked_state_1,10
voter,31,79,tracked_state_1,10
voter,31,80,tracked_state_1,10
voter,31,81,tracked_state_1,10
voter,31,82,tracked_state_1,10
voter,31,83,tracked_state_1,10
voter,31,84,tracked_state_1,10
voter,31,85,tracked_state_1,10
voter,31,86,tracked_state_1,10
voter,31,87,tracked_state_1,10
voter,31,88,tracked_state_1,10
voter,31,89,tracked_state_1,10
voter,31,90,tracked_state_1,10
voter,31,91,tracked_state_1,10
voter,31,92,tracked_state_1,10
voter,31,93,tracked_state_1,10
voter,31,94,tracked_state_1,9
voter,31,95,tracked_state_1,9
voter,31,96,tracked_state_1,9
voter,31,97,tracked_state_1,9
voter,31,98,tracked_state_1,9
voter,31,99,tracked_state_1,9
voter,31,100,tracked_state_1,9
voter,32,0,tracked_state_1,10
voter,32,1,tracked_state_1,10
voter,32,2,tracked_state_1,10
voter,32,3,tracked_state_1,10
voter,32,4,tracked_state_1,9
voter,32,5,tracked_state_1,9
voter,32,6,tracked_state_1,9
voter,32,7,tracked_state_1,9
voter,32,8,tracked_state_1,9
voter,32,9,tracked_state_1,8
voter,32,10,tracked_state_1,8
voter,32,11,tracked_state_1,8
voter,32,12,tracked_state_1,8
voter,32,13,tracked_state_1,8
voter,32,14,tracked_state_1,8
voter,32,15,tracked_state_1,8
voter,32,16,tracked_state_1,8
voter,32,17,tracked_state_1,8
voter,32,18,tracked_state_1,8
voter,32,19,tracked_state_1,8
voter,32,20,tracked_state_1,8
voter,32,21,tracked_state_1,8
voter,32,22,tracked_state_1,8
voter,32,23,tracked_state_1,8
voter,32,24,tracked_state_1,8
voter,32,25,tracked_state_1,8
voter,32,26,tracked_state_1,8
voter,32,27,tracked_state_1,8
voter,32,28,tracked_state_1,8
voter,32,29,tracked_state_1,8
voter,32,30,tracked_state_1,8
voter,32,31,tracked_state_1,8
voter,32,32,tracked_state_1,8
voter,32,33,tracked_state_1,8
voter,32,34,tracked_state_1,8
voter,32,35,tracked_state_1,8
voter,32,36,tracked_state_1,8
voter,32,37,tracked_state_1,8
voter,32,38,tracked_state_1,8
voter,32,39,tracked_state_1,8
voter,32,40,tracked_state_1,8
voter,32,41,tracked_state_1,8
voter,32,42,tracked_state_1,8
voter,32,43,tracked_state_1,8
voter,32,44,tracked_state_1,8
voter,32,45,tracked_state_1,8
voter,32,46,tracked_state_1,8
voter,32,47,tracked_state_1,8
voter,32,48,tracked_state_1,7
voter,32,49,tracked_state_1,7
voter,32,50,tracked_state_1,7
voter,32,51,tracked_state_1,7
voter,32,52,tracked_state_1,7
voter,32,53,tracked_state_1,7
voter,32,54,tracked_state_1,7
voter,32,55,tracked_state_1,7
voter,32,56,tracked_state_1,7
voter,32,57,tracked_state_1,7
voter,32,58,tracked_state_1,7
voter,32,59,tracked_state_1,7
voter,32,60,tracked_state_1,7
voter,32,61,tracked_state_1,7
voter,32,62,tracked_state_1,7
voter,32,63,tracked_state_1,7
voter,32,64,tracked_state_1,7
voter,32,65,tracked_state_1,8
voter,32,66,tracked_state_1,8
voter,32,67,tracked_state_1,8
voter,32,68,tracked_state_1,8
voter,32,69,tracked_state_1,8
voter,32,70,tracked_state_1,8
voter,32,71,tracked_state_1,8
voter,32,72,tracked_state_1,8
voter,32,73,tracked_state_1,8
voter,32,74,tracked_state_1,8
voter,32,75,tracked_state_1,8
voter,32,76,tracked_state_1,8
voter,32,77,tracked_state_1,8
voter,32,78,tracked_state_1,8
voter,32,79,tracked_state_1,8
voter,32,80,tracked_state_1,8
voter,32,81,tracked_state_1,8
voter,32,82,tracked_state_1,8
voter,32,83,tracked_state_1,8
voter,32,84,tracked_state_1,8
voter,32,85,tracked_state_1,7
voter,32,86,tracked_state_1,7
voter,32,87,tracked_state_1,7
voter,32,88,tracked_state_1,7
voter,32,89,tracked_state_1,7
voter,32,90,tracked_state_1,7
voter,32,91,tracked_state_1,7
voter,32,92,tracked_state_1,7
voter,32,93,tracked_state_1,7
voter,32,94,tracked_state_1,7
voter,32,95,tracked_state_1,7
voter,32,96,tracked_state_1,7
voter,32,97,tracked_state_1,7
voter,32,98,tracked_state_1,7
voter,32,99,tracked_state_1,7
voter,32,100,tracked_state_1,7
voter,33,0,tracked_state_1,10
voter,33,1,tracked_state_1,10
voter,33,2,tracked_state_1,10
voter,33,3,tracked_state_1,10
voter,33,4,tracked_state_1,10
voter,33,5,tracked_state_1,9
voter,33,6,tracked_state_1,9
voter,33,7,tracked_state_1,9
voter,33,8,tracked_state_1,9
voter,33,9,tracked_state_1,9
voter,33,10,tracked_state_1,9
voter,33,11,tracked_state_1,9
voter,33,12,tracked_state_1,9
voter,33,13,tracked_state_1,9
voter,33,14,tracked_state_1,8
voter,33,15,tracked_state_1,8
voter,33,16,tracked_state_1,9
voter,33,17,tracked_state_1,9
voter,33,18,tracked_state_1,9
voter,33,19,tracked_state_1,9
voter,33,20,tracked_state_1,10
voter,33,21,tracked_state_1,10
voter,33,22,tracked_state_1,10
voter,33,23,tracked_state_1,10
voter,33,24,tracked_state_1,10
voter,33,25,tracked_state_1,10
voter,33,26,tracked_state_1,10
voter,33,27,tracked_state_1,10
voter,33,28,tracked_state_1,11
voter,33,29,tracked_state_1,11
voter,33,30,tracked_state_1,11
voter,33,31,tracked_state_1,11
voter,33,32,tracked_state_1,11
voter,33,33,tracked_state_1,11
voter,33,34,tracked_state_1,11
voter,33,35,tracked_state_1,11
voter,33,36,tracked_state_1,11
voter,33,37,tracked_state_1,11
voter,33,38,tracked_state_1,11
voter,33,39,tracked_state_1,11
voter,33,40,tracked_state_1,11
voter,33,41,tracked_state_1,11
voter,33,42,tracked_state_1,11
voter,33,43,tracked_state_1,12
voter,33,44,tracked_state_1,13
voter,33,45,tracked_state_1,13
voter,33,46,tracked_state_1,13
voter,33,47,tracked_state_1,13
voter,33,48,tracked_state_1,13
voter,33,49,tracked_state_1,13
voter,33,50,tracked_state_1,13
voter,33,51,tracked_state_1,13
voter,33,52,tracked_state_1,13
voter,33,53,tracked_state_1,13
voter,33,54,tracked_state_1,13
voter,33,55,tracked_state_1,12
voter,33,56,tracked_state_1,12
voter,33,57,tracked_state_1,12
voter,33,58,tracked_state_1,12
voter,33,59,tracked_state_1,12
voter,33,60,tracked_state_1,12
voter,33,61,tracked_state_1,12
voter,33,62,tracked_state_1,12
voter,33,63,tracked_state_1,12
voter,33,64,tracked_state_1,12
voter,33,65,tracked_state_1,12
voter,33,66,tracked_state_1,12
voter,33,67,tracked_state_1,12
voter,33,68,tracked_state_1,12
voter,33,69,tracked_state_1,12
voter,33,70,tracked_state_1,12
voter,33,71,tracked_state_1,12
voter,33,72,tracked_state_1,12
voter,33,73,tracked_state_1,12
voter,33,74,tracked_state_1,12
voter,33,75,tracked_state_1,12
voter,33,76,tracked_state_1,12
voter,33,77,tracked_state_1,12
voter,33,78,tracked_state_1,12
voter,33,79,tracked_state_1,12
voter,33,80,tracked_state_1,12
voter,33,81,tracked_state_1,12
voter,33,82,tracked_state_1,12
voter,33,83,tracked_state_1,12
voter,33,84,tracked_state_1,12
voter,33,85,tracked_state_1,12
voter,33,86,tracked_state_1,12
voter,33,87,tracked_state_1,12
voter,33,88,tracked_state_1,12
voter,33,89,tracked_state_1,12
voter,33,90,tracked_state_1,12
voter,33,91,tracked_state_1,12
voter,33,92,tracked_state_1,13
voter,33,93,tracked_state_1,13
voter,33,94,tracked_state_1,13
voter,33,95,tracked_state_1,13
voter,33,96,tracked_state_1,13
voter,33,97,tracked_state_1,13
voter,33,98,tracked_state_1,12
voter,33,99,tracked_state_1,11
voter,33,100,tracked_state_1,11
voter,34,0,tracked_state_1,10
voter,34,1,tracked_state_1,10
voter,34,2,tracked_state_1,10
voter,34,3,tracked_state_1,10
voter,34,4,tracked_state_1,10
voter,34,5,tracked_state_1,10
voter,34,6,tracked_state_1,10
voter,34,7,tracked_state_1,10
voter,34,8,tracked_state_1,10
voter,34,9,tracked_state_1,10
voter,34,10,tracked_state_1,10
voter,34,11,tracked_state_1,10
voter,34,12,tracked_state_1,10
voter,34,13,tracked_state_1,10
voter,34,14,tracked_state_1,10
voter,34,15,tracked_state_1,10
voter,34,16,tracked_state_1,10
voter,34,17,tracked_state_1,10
voter,34,18,tracked_state_1,10
voter,34,19,tracked_state_1,10
voter,34,20,tracked_state_1,10
voter,34,21,tracked_state_1,10
voter,34,22,tracked_state_1,10
voter,34,23,tracked_state_1,10
voter,34,24,tracked_state_1,10
voter,34,25,tracked_state_1,10
voter,34,26,tracked_state_1,10
voter,34,27,tracked_state_1,9
voter,34,28,tracked_state_1,9
voter,34,29,tracked_state_1,9
voter,34,30,tracked_state_1,9
voter,34,31,tracked_state_1,9
voter,34,32,tracked_state_1,9
voter,34,33,tracked_state_1,9
voter,34,34,tracked_state_1,9
voter,34,35,tracked_state_1,9
voter,34,36,tracked_state_1,9
voter,34,37,tracked_state_1,9
voter,34,38,tracked_state_1,9
voter,34,39,tracked_state_1,9
voter,34,40,tracked_state_1,9
voter,34,41,tracked_state_1,9
voter,34,42,tracked_state_1,9
voter,34,43,tracked_state_1,9
voter,34,44,tracked_state_1,9
voter,34,45,tracked_state_1,9
voter,34,46,tracked_state_1,9
voter,34,47,tracked_state_1,9
voter,34,48,tracked_state_1,10
voter,34,49,tracked_state_1,10
voter,34,50,tracked_state_1,10
voter,34,51,tracked_state_1,10
voter,34,52,tracked_state_1,10
voter,34,53,tracked_state_1,10
voter,34,54,tracked_state_1,10
voter,34,55,tracked_state_1,10
voter,34,56,tracked_state_1,10
voter,34,57,tracked_state_1,9
voter,34,58,tracked_state_1,9
voter,34,59,tracked_state_1,9
voter,34,60,tracked_state_1,9
voter,34,61,tracked_state_1,9
voter,34,62,tracked_state_1,9
voter,34,63,tracked_state_1,9
voter,34,64,tracked_state_1,9
voter,34,65,tracked_state_1,10
voter,34,66,tracked_state_1,10
voter,34,67,tracked_state_1,10
voter,34,68,tracked_state_1,10
voter,34,69,tracked_state_1,10
voter,34,70,tracked_state_1,9
voter,34,71,tracked_state_1,9
voter,34,72,tracked_state_1,9
voter,34,73,tracked_state_1,9
voter,34,74,tracked_state_1,9
voter,34,75,tracked_state_1,10
voter,34,76,tracked_state_1,10
voter,34,77,tracked_state_1,11
voter,34,78,tracked_state_1,11
voter,34,79,tracked_state_1,11
voter,34,80,tracked_state_1,11
voter,34,81,tracked_state_1,11
voter,34,82,tracked_state_1,10
voter,34,83,tracked_state_1,10
voter,34,84,tracked_state_1,10
voter,34,85,tracked_state_1,10
voter,34,86,tracked_state_1,10
voter,34,87,tracked_state_1,10
voter,34,88,tracked_state_1,10
voter,34,89,tracked_state_1,10
voter,34,90,tracked_state_1,10
voter,34,91,tracked_state_1,10
voter,34,92,tracked_state_1,10
voter,34,93,tracked_state_1,10
voter,34,94,tracked_state_1,10
voter,34,95,tracked_state_1,10
voter,34,96,tracked_state_1,11
voter,34,97,tracked_state_1,11
voter,34,98,tracked_state_1,11
voter,34,99,tracked_state_1,12
voter,34,100,tracked_state_1,12
voter,35,0,tracked_state_1,10
voter,35,1,tracked_state_1,10
voter,35,2,tracked_state_1,10
voter,35,3,tracked_state_1,10
voter,35,4,tracked_state_1,10
voter,35,5,tracked_state_1,10
voter,35,6,tracked_state_1,9
voter,35,7,tracked_state_1,9
voter,35,8,tracked_state_1,9
voter,35,9,tracked_state_1,9
voter,35,10,tracked_state_1,9
voter,35,11,tracked_state_1,9
voter,35,12,tracked_state_1,9
voter,35,13,tracked_state_1,9
voter,35,14,tracked_state_1,10
voter,35,15,tracked_state_1,10
voter,35,16,tracked_state_1,10
voter,35,17,tracked_state_1,10
voter,35,18,tracked_state_1,10
voter,35,19,tracked_state_1,10
voter,35,20,tracked_state_1,10
voter,35,21,tracked_state_1,10
voter,35,22,tracked_state_1,10
voter,35,23,tracked_state_1,10
voter,35,24,tracked_state_1,10
voter,35,25,tracked_state_1,11
voter,35,26,tracked_state_1,11
voter,35,27,tracked_state_1,11
voter,35,28,tracked_state_1,11
voter,35,29,tracked_state_1,11
voter,35,30,tracked_state_1,11
voter,35,31,tracked_state_1,11
voter,35,32,tracked_state_1,11
voter,35,33,tracked_state_1,11
voter,35,34,tracked_state_1,11
voter,35,35,tracked_state_1,11
voter,35,36,tracked_state_1,10
voter,35,37,tracked_state_1,10
voter,35,38,tracked_state_1,10
voter,35,39,tracked_state_1,10
voter,35,40,tracked_state_1,10
voter,35,41,tracked_state_1,10
voter,35,42,tracked_state_1,10
voter,35,43,tracked_state_1,9
voter,35,44,tracked_state_1,9
voter,35,45,tracked_state_1,9
voter,35,46,tracked_state_1,9
voter,35,47,tracked_state_1,8
voter,35,48,tracked_state_1,8
voter,35,49,tracked_state_1,8
voter,35,50,tracked_state_1,8
voter,35,51,tracked_state_1,8
voter,35,52,tracked_state_1,8
voter,35,53,tracked_state_1,9
voter,35,54,tracked_state_1,9
voter,35,55,tracked_state_1,10
voter,35,56,tracked_state_1,10
voter,35,57,tracked_state_1,10
voter,35,58,tracked_state_1,10
voter,35,59,tracked_state_1,10
voter,35,60,tracked_state_1,10
voter,35,61,tracked_state_1,10
voter,35,62,tracked_state_1,10
voter,35,63,tracked_state_1,10
voter,35,64,tracked_state_1,10
voter,35,65,tracked_state_1,10
voter,35,66,tracked_state_1,10
voter,35,67,tracked_state_1,10
voter,35,68,tracked_state_1,10
voter,35,69,tracked_state_1,10
voter,35,70,tracked_state_1,10
voter,35,71,tracked_state_1,10
voter,35,72,tracked_state_1,10
voter,35,73,tracked_state_1,9
voter,35,74,tracked_state_1,9
voter,35,75,tracked_state_1,9
voter,35,76,tracked_state_1,10
voter,35,77,tracked_state_1,10
voter,35,78,tracked_state_1,10
voter,35,79,tracked_state_1,11
voter,35,80,tracked_state_1,12
voter,35,81,tracked_state_1,12
voter,35,82,tracked_state_1,12
voter,35,83,tracked_state_1,12
voter,35,84,tracked_state_1,12
voter,35,85,tracked_state_1,12
voter,35,86,tracked_state_1,12
voter,35,87,tracked_state_1,12
voter,35,88,tracked_state_1,11
voter,35,89,tracked_state_1,11
voter,35,90,tracked_state_1,11
voter,35,91,tracked_state_1,11
voter,35,92,tracked_state_1,11
voter,35,93,tracked_state_1,11
voter,35,94,tracked_state_1,11
voter,35,95,tracked_state_1,12
voter,35,96,tracked_state_1,13
voter,35,97,tracked_state_1,13
voter,35,98,tracked_state_1,13
voter,35,99,tracked_state_1,13
voter,35,100,tracked_state_1,13
voter,36,0,tracked_state_1,10
voter,36,1,tracked_state_1,10
voter,36,2,tracked_state_1,10
voter,36,3,tracked_state_1,10
voter,36,4,tracked_state_1,10
voter,36,5,tracked_state_1,10
voter,36,6,tracked_state_1,10
voter,36,7,tracked_state_1,10
voter,36,8,tracked_state_1,10
voter,36,9,tracked_state_1,10
voter,36,10,tracked_state_1,10
voter,36,11,tracked_state_1,9
voter,36,12,tracked_state_1,9
voter,36,13,tracked_state_1,9
voter,36,14,tracked_state_1,9
voter,36,15,tracked_state_1,9
voter,36,16,tracked_state_1,9
voter,36,17,tracked_state_1,9
voter,36,18,tracked_state_1,9
voter,36,19,tracked_state_1,10
voter,36,20,tracked_state_1,10
voter,36,21,tracked_state_1,10
voter,36,22,tracked_state_1,10
voter,36,23,tracked_state_1,10
voter,36,24,tracked_state_1,10
voter,36,25,tracked_state_1,10
voter,36,26,tracked_state_1,10
voter,36,27,tracked_state_1,10
voter,36,28,tracked_state_1,9
voter,36,29,tracked_state_1,9
voter,36,30,tracked_state_1,9
voter,36,31,tracked_state_1,9
voter,36,32,tracked_state_1,9
voter,36,33,tracked_state_1,9
voter,36,34,tracked_state_1,9
voter,36,35,tracked_state_1,9
voter,36,36,tracked_state_1,9
voter,36,37,tracked_state_1,9
voter,36,38,tracked_state_1,9
voter,36,39,tracked_state_1,10
voter,36,40,tracked_state_1,10
voter,36,41,tracked_state_1,10
voter,36,42,tracked_state_1,10
voter,36,43,tracked_state_1,10
voter,36,44,tracked_state_1,10
voter,36,45,tracked_state_1,10
voter,36,46,tracked_state_1,10
voter,36,47,tracked_state_1,10
voter,36,48,tracked_state_1,10
voter,36,49,tracked_state_1,10
voter,36,50,tracked_state_1,11
voter,36,51,tracked_state_1,11
voter,36,52,tracked_state_1,11
voter,36,53,tracked_state_1,11
voter,36,54,tracked_state_1,11
voter,36,55,tracked_state_1,11
voter,36,56,tracked_state_1,11
voter,36,57,tracked_state_1,10
voter,36,58,tracked_state_1,10
voter,36,59,tracked_state_1,10
voter,36,60,tracked_state_1,10
voter,36,61,tracked_state_1,10
voter,36,62,tracked_state_1,10
voter,36,63,tracked_state_1,10
voter,36,64,tracked_state_1,10
voter,36,65,tracked_state_1,9
voter,36,66,tracked_state_1,9
voter,36,67,tracked_state_1,9
voter,36,68,tracked_state_1,9
voter,36,69,tracked_state_1,9
voter,36,70,tracked_state_1,9
voter,36,71,tracked_state_1,9
voter,36,72,tracked_state_1,10
voter,36,73,tracked_state_1,10
voter,36,74,tracked_state_1,10
voter,36,75,tracked_state_1,10
voter,36,76,tracked_state_1,10
voter,36,77,tracked_state_1,11
voter,36,78,tracked_state_1,11
voter,36,79,tracked_state_1,11
voter,36,80,tracked_state_1,11
voter,36,81,tracked_state_1,11
voter,36,82,tracked_state_1,11
voter,36,83,tracked_state_1,11
voter,36,84,tracked_state_1,11
voter,36,85,tracked_state_1,11
voter,36,86,tracked_state_1,11
voter,36,87,tracked_state_1,11
voter,36,88,tracked_state_1,11
voter,36,89,tracked_state_1,12
voter,36,90,tracked_state_1,12
voter,36,91,tracked_state_1,12
voter,36,92,tracked_state_1,12
voter,36,93,tracked_state_1,12
voter,36,94,tracked_state_1,12
voter,36,95,tracked_state_1,12
voter,36,96,tracked_state_1,12
voter,36,97,tracked_state_1,13
voter,36,98,tracked_state_1,13
voter,36,99,tracked_state_1,13
voter,36,100,tracked_state_1,13
voter,37,0,tracked_state_1,10
voter,37,1,tracked_state_1,9
voter,37,2,tracked_state_1,9
voter,37,3,tracked_state_1,9
voter,37,4,tracked_state_1,10
voter,37,5,tracked_state_1,11
voter,37,6,tracked_state_1,11
voter,37,7,tracked_state_1,11
voter,37,8,tracked_state_1,11
voter,37,9,tracked_state_1,11
voter,37,10,tracked_state_1,11
voter,37,11,tracked_state_1,10
voter,37,12,tracked_state_1,10
voter,37,13,tracked_state_1,10
voter,37,14,tracked_state_1,10
voter,37,15,tracked_state_1,10
voter,37,16,tracked_state_1,10
voter,37,17,tracked_state_1,10
voter,37,18,tracked_state_1,10
voter,37,19,tracked_state_1,10
voter,37,20,tracked_state_1,10
voter,37,21,tracked_state_1,10
voter,37,22,tracked_state_1,11
voter,37,23,tracked_state_1,11
voter,37,24,tracked_state_1,11
voter,37,25,tracked_state_1,11
voter,37,26,tracked_state_1,11
voter,37,27,tracked_state_1,11
voter,37,28,tracked_state_1,11
voter,37,29,tracked_state_1,11
voter,37,30,tracked_state_1,11
voter,37,31,tracked_state_1,11
voter,37,32,tracked_state_1,11
voter,37,33,tracked_state_1,11
voter,37,34,tracked_state_1,11
voter,37,35,tracked_state_1,11
voter,37,36,tracked_state_1,11
voter,37,37,tracked_state_1,11
voter,37,38,tracked_state_1,11
voter,37,39,tracked_state_1,11
voter,37,40,tracked_state_1,11
voter,37,41,tracked_state_1,11
voter,37,42,tracked_state_1,11
voter,37,43,tracked_state_1,10
voter,37,44,tracked_state_1,10
voter,37,45,tracked_state_1,10
voter,37,46,tracked_state_1,10
voter,37,47,tracked_state_1,10
voter,37,48,tracked_state_1,10
voter,37,49,tracked_state_1,10
voter,37,50,tracked_state_1,10
voter,37,51,tracked_state_1,10
voter,37,52,tracked_state_1,10
voter,37,53,tracked_state_1,10
voter,37,54,tracked_state_1,10
voter,37,55,tracked_state_1,10
voter,37,56,tracked_state_1,10
voter,37,57,tracked_state_1,10
voter,37,58,tracked_state_1,10
voter,37,59,tracked_state_1,10
voter,37,60,tracked_state_1,10
voter,37,61,tracked_state_1,10
voter,37,62,tracked_state_1,10
voter,37,63,tracked_state_1,10
voter,37,64,tracked_state_1,10
voter,37,65,tracked_state_1,10
voter,37,66,tracked_state_1,9
voter,37,67,tracked_state_1,9
voter,37,68,tracked_state_1,9
voter,37,69,tracked_state_1,9
voter,37,70,tracked_state_1,9
voter,37,71,tracked_state_1,9
voter,37,72,tracked_state_1,9
voter,37,73,tracked_state_1,9
voter,37,74,tracked_state_1,9
voter,37,75,tracked_state_1,8
voter,37,76,tracked_state_1,8
voter,37,77,tracked_state_1,8
voter,37,78,tracked_state_1,8
voter,37,79,tracked_state_1,8
voter,37,80,tracked_state_1,8
voter,37,81,tracked_state_1,8
voter,37,82,tracked_state_1,8
voter,37,83,tracked_state_1,8
voter,37,84,tracked_state_1,8
voter,37,85,tracked_state_1,9
voter,37,86,tracked_state_1,9
voter,37,87,tracked_state_1,9
voter,37,88,tracked_state_1,9
voter,37,89,tracked_state_1,9
voter,37,90,tracked_state_1,9
voter,37,91,tracked_state_1,9
voter,37,92,tracked_state_1,9
voter,37,93,tracked_state_1,9
voter,37,94,tracked_state_1,8
voter,37,95,tracked_state_1,8
voter,37,96,tracked_state_1,7
voter,37,97,tracked_state_1,7
voter,37,98,tracked_state_1,7
voter,37,99,tracked_state_1,7
voter,37,100,tracked_state_1,7
voter,38,0,tracked_state_1,10
voter,38,1,tracked_state_1,10
voter,38,2,tracked_state_1,10
voter,38,3,tracked_state_1,11
voter,38,4,tracked_state_1,11
voter,38,5,tracked_state_1,11
voter,38,6,tracked_state_1,11
voter,38,7,tracked_state_1,10
voter,38,8,tracked_state_1,10
voter,38,9,tracked_state_1,10
voter,38,10,tracked_state_1,10
voter,38,11,tracked_state_1,10
voter,38,12,tracked_state_1,11
voter,38,13,tracked_state_1,11
voter,38,14,tracked_state_1,11
voter,38,15,tracked_state_1,11
voter,38,16,tracked_state_1,11
voter,38,17,tracked_state_1,12
voter,38,18,tracked_state_1,12
voter,38,19,tracked_state_1,12
voter,38,20,tracked_state_1,12
voter,38,21,tracked_state_1,12
voter,38,22,tracked_state_1,12
voter,38,23,tracked_state_1,12
voter,38,24,tracked_state_1,12
voter,38,25,tracked_state_1,12
voter,38,26,tracked_state_1,12
voter,38,27,tracked_state_1,12
voter,38,28,tracked_state_1,12
voter,38,29,tracked_state_1,12
voter,38,30,tracked_state_1,12
voter,38,31,tracked_state_1,12
voter,38,32,tracked_state_1,12
voter,38,33,tracked_state_1,12
voter,38,34,tracked_state_1,12
voter,38,35,tracked_state_1,12
voter,38,36,tracked_state_1,12
voter,38,37,tracked_state_1,12
voter,38,38,tracked_state_1,12
voter,38,39,tracked_state_1,12
voter,38,40,tracked_state_1,12
voter,38,41,tracked_state_1,12
voter,38,42,tracked_state_1,12
voter,38,43,tracked_state_1,12
voter,38,44,tracked_state_1,12
voter,38,45,tracked_state_1,12
voter,38,46,tracked_state_1,12
voter,38,47,tracked_state_1,12
voter,38,48,tracked_state_1,12
voter,38,49,tracked_state_1,12
voter,38,50,tracked_state_1,12
voter,38,51,tracked_state_1,12
voter,38,52,tracked_state_1,12
voter,38,53,tracked_state_1,12
voter,38,54,tracked_state_1,12
voter,38,55,tracked_state_1,12
voter,38,56,tracked_state_1,12
voter,38,57,tracked_state_1,12
voter,38,58,tracked_state_1,12
voter,38,59,tracked_state_1,12
voter,38,60,tracked_state_1,12
voter,38,61,tracked_state_1,12
voter,38,62,tracked_state_1,12
voter,38,63,tracked_state_1,12
voter,38,64,tracked_state_1,12
voter,38,65,tracked_state_1,12
voter,38,66,tracked_state_1,12
voter,38,67,tracked_state_1,12
voter,38,68,tracked_state_1,12
voter,38,69,tracked_state_1,12
voter,38,70,tracked_state_1,12
voter,38,71,tracked_state_1,13
voter,38,72,tracked_state_1,13
voter,38,73,tracked_state_1,13
voter,38,74,tracked_state_1,13
voter,38,75,tracked_state_1,13
voter,38,76,tracked_state_1,13
voter,38,77,tracked_state_1,13
voter,38,78,tracked_state_1,13
voter,38,79,tracked_state_1,12
voter,38,80,tracked_state_1,12
voter,38,81,tracked_state_1,12
voter,38,82,tracked_state_1,12
voter,38,83,tracked_state_1,12
voter,38,84,tracked_state_1,12
voter,38,85,tracked_state_1,12
voter,38,86,tracked_state_1,12
voter,38,87,tracked_state_1,12
voter,38,88,tracked_state_1,12
voter,38,89,tracked_state_1,12
voter,38,90,tracked_state_1,12
voter,38,91,tracked_state_1,12
voter,38,92,tracked_state_1,12
voter,38,93,tracked_state_1,12
voter,38,94,tracked_state_1,12
voter,38,95,tracked_state_1,12
voter,38,96,tracked_state_1,12
voter,38,97,tracked_state_1,12
voter,38,98,tracked_state_1,12
voter,38,99,tracked_state_1,12
voter,38,100,tracked_state_1,12
voter,39,0,tracked_state_1,10
voter,39,1,tracked_state_1,10
voter,39,2,tracked_state_1,9
voter,39,3,tracked_state_1,9
voter,39,4,tracked_state_1,9
voter,39,5,tracked_state_1,9
voter,39,6,tracked_state_1,9
voter,39,7,tracked_state_1,9
voter,39,8,tracked_state_1,9
voter,39,9,tracked_state_1,9
voter,39,10,tracked_state_1,9
voter,39,11,tracked_state_1,9
voter,39,12,tracked_state_1,9
voter,39,13,tracked_state_1,9
voter,39,14,tracked_state_1,9
voter,39,15,tracked_state_1,9
voter,39,16,tracked_state_1,9
voter,39,17,tracked_state_1,9
voter,39,18,tracked_state_1,9
voter,39,19,tracked_state_1,9
voter,39,20,tracked_state_1,9
voter,39,21,tracked_state_1,9
voter,39,22,tracked_state_1,9
voter,39,23,tracked_state_1,9
voter,39,24,tracked_state_1,9
voter,39,25,tracked_state_1,9
voter,39,26,tracked_state_1,9
voter,39,27,tracked_state_1,9
voter,39,28,tracked_state_1,9
voter,39,29,tracked_state_1,9
voter,39,30,tracked_state_1,9
voter,39,31,tracked_state_1,9
voter,39,32,tracked_state_1,9
voter,39,33,tracked_state_1,9
voter,39,34,tracked_state_1,9
voter,39,35,tracked_state_1,10
voter,39,36,tracked_state_1,10
voter,39,37,tracked_state_1,11
voter,39,38,tracked_state_1,11
voter,39,39,tracked_state_1,11
voter,39,40,tracked_state_1,10
voter,39,41,tracked_state_1,10
voter,39,42,tracked_state_1,10
voter,39,43,tracked_state_1,10
voter,39,44,tracked_state_1,10
voter,39,45,tracked_state_1,10
voter,39,46,tracked_state_1,10
voter,39,47,tracked_state_1,10
voter,39,48,tracked_state_1,10
voter,39,49,tracked_state_1,10
voter,39,50,tracked_state_1,10
voter,39,51,tracked_state_1,10
voter,39,52,tracked_state_1,10
voter,39,53,tracked_state_1,10
voter,39,54,tracked_state_1,10
voter,39,55,tracked_state_1,10
voter,39,56,tracked_state_1,10
voter,39,57,tracked_state_1,10
voter,39,58,tracked_state_1,10
voter,39,59,tracked_state_1,11
voter,39,60,tracked_state_1,11
voter,39,61,tracked_state_1,11
voter,39,62,tracked_state_1,11
voter,39,63,tracked_state_1,11
voter,39,64,tracked_state_1,10
voter,39,65,tracked_state_1,10
voter,39,66,tracked_state_1,10
voter,39,67,tracked_state_1,9
voter,39,68,tracked_state_1,9
voter,39,69,tracked_state_1,9
voter,39,70,tracked_state_1,9
voter,39,71,tracked_state_1,9
voter,39,72,tracked_state_1,9
voter,39,73,tracked_state_1,9
voter,39,74,tracked_state_1,9
voter,39,75,tracked_state_1,9
voter,39,76,tracked_state_1,9
voter,39,77,tracked_state_1,9
voter,39,78,tracked_state_1,9
voter,39,79,tracked_state_1,8
voter,39,80,tracked_state_1,8
voter,39,81,tracked_state_1,8
voter,39,82,tracked_state_1,8
voter,39,83,tracked_state_1,8
voter,39,84,tracked_state_1,8
voter,39,85,tracked_state_1,8
voter,39,86,tracked_state_1,8
voter,39,87,tracked_state_1,8
voter,39,88,tracked_state_1,8
voter,39,89,tracked_state_1,8
voter,39,90,tracked_state_1,8
voter,39,91,tracked_state_1,8
voter,39,92,tracked_state_1,8
voter,39,93,tracked_state_1,8
voter,39,94,tracked_state_1,8
voter,39,95,tracked_state_1,8
voter,39,96,tracked_state_1,8
voter,39,97,tracked_state_1,8
voter,39,98,tracked_state_1,8
voter,39,99,tracked_state_1,8
voter,39,100,tracked_state_1,8
competitive_cascade,0,0,0,claim
competitive_cascade,0,0,1,
competitive_cascade,0,0,2,
competitive_cascade,0,0,3,
competitive_cascade,0,0,4,
competitive_cascade,0,0,5,
competitive_cascade,0,0,6,
competitive_cascade,0,0,7,
competitive_cascade,0,0,8,correction
competitive_cascade,0,2,0,claim
competitive_cascade,0,2,1,claim
competitive_cascade,0,2,2,claim
competitive_cascade,0,2,3,
competitive_cascade,0,2,4,
competitive_cascade,0,2,5,
competitive_cascade,0,2,6,correction
competitive_cascade,0,2,7,correction
competitive_cascade,0,2,8,correction
competitive_cascade,0,4,0,claim
competitive_cascade,0,4,1,claim
competitive_cascade,0,4,2,claim
competitive_cascade,0,4,3,claim
competitive_cascade,0,4,4,correction
competitive_cascade,0,4,5,correction
competitive_cascade,0,4,6,correction
competitive_cascade,0,4,7,correction
competitive_cascade,0,4,8,correction
