policy,seed,step,value
SIR,0,0,0.08823529411764706
SIR,0,1,0.058823529411764705
SIR,0,2,0.08823529411764706
SIR,0,3,0.14705882352941177
SIR,0,4,0.08823529411764706
SIR,0,5,0.058823529411764705
SIR,0,6,0.058823529411764705
SIR,0,7,0.029411764705882353
SIR,0,8,0.029411764705882353
SIR,0,9,0.029411764705882353
SIR,0,10,0.0
SIR,0,11,0.0
SIR,0,12,0.0
SIR,0,13,0.0
SIR,0,14,0.0
SIR,0,15,0.0
SIR,0,16,0.0
SIR,0,17,0.0
SIR,0,18,0.0
SIR,0,19,0.0
SIR,0,20,0.0
SIR,0,21,0.0
SIR,0,22,0.0
SIR,0,23,0.0
SIR,0,24,0.0
SIR,0,25,0.0
SIR,0,26,0.0
SIR,0,27,0.0
SIR,0,28,0.0
SIR,0,29,0.0
SIR,0,30,0.0
SIR,0,31,0.0
SIR,0,32,0.0
SIR,0,33,0.0
SIR,0,34,0.0
SIR,0,35,0.0
SIR,0,36,0.0
SIR,0,37,0.0
SIR,0,38,0.0
SIR,0,39,0.0
SIR,0,40,0.0
SIR,0,41,0.0
SIR,0,42,0.0
SIR,0,43,0.0
SIR,0,44,0.0
SIR,0,45,0.0
SIR,0,46,0.0
SIR,0,47,0.0
SIR,0,48,0.0
SIR,0,49,0.0
SIR,0,50,0.0
SIR,0,51,0.0
SIR,0,52,0.0
SIR,0,53,0.0
SIR,0,54,0.0
SIR,0,55,0.0
SIR,0,56,0.0
SIR,0,57,0.0
SIR,0,58,0.0
SIR,0,59,0.0
SIR,0,60,0.0
SIR,0,61,0.0
SIR,0,62,0.0
SIR,0,63,0.0
SIR,0,64,0.0
SIR,0,65,0.0
SIR,0,66,0.0
SIR,0,67,0.0
SIR,0,68,0.0
SIR,0,69,0.0
SIR,0,70,0.0
SIR,0,71,0.0
SIR,0,72,0.0
SIR,0,73,0.0
SIR,0,74,0.0
SIR,0,75,0.0
SIR,0,76,0.0
SIR,0,77,0.0
SIR,0,78,0.0
SIR,0,79,0.0
SIR,0,80,0.0
SIR,0,81,0.0
SIR,0,82,0.0
SIR,0,83,0.0
SIR,0,84,0.0
SIR,0,85,0.0
SIR,0,86,0.0
SIR,0,87,0.0
SIR,0,88,0.0
SIR,0,89,0.0
SIR,0,90,0.0
SIR,0,91,0.0
SIR,0,92,0.0
SIR,0,93,0.0
SIR,0,94,0.0
SIR,0,95,0.0
SIR,0,96,0.0
SIR,0,97,0.0
SIR,0,98,0.0
SIR,0,99,0.0
SIR,0,100,0.0
SIR,0,101,0.0
SIR,0,102,0.0
SIR,0,103,0.0
SIR,0,104,0.0
SIR,0,105,0.0
SIR,0,106,0.0
SIR,0,107,0.0
SIR,0,108,0.0
SIR,0,109,0.0
SIR,0,110,0.0
SIR,0,111,0.0
SIR,0,112,0.0
SIR,0,113,0.0
SIR,0,114,0.0
SIR,0,115,0.0
SIR,0,116,0.0
SIR,0,117,0.0
SIR,0,118,0.0
SIR,0,119,0.0
SIR,0,120,0.0
SIR,0,121,0.0
SIR,0,122,0.0
SIR,0,123,0.0
SIR,0,124,0.0
SIR,0,125,0.0
SIR,0,126,0.0
SIR,0,127,0.0
SIR,0,128,0.0
SIR,0,129,0.0
SIR,0,130,0.0
SIR,0,131,0.0
SIR,0,132,0.0
SIR,0,133,0.0
SIR,0,134,0.0
SIR,0,135,0.0
SIR,0,136,0.0
SIR,0,137,0.0
SIR,0,138,0.0
SIR,0,139,0.0
SIR,0,140,0.0
SIR,0,141,0.0
SIR,0,142,0.0
SIR,0,143,0.0
SIR,0,144,0.0
SIR,0,145,0.0
SIR,0,146,0.0
SIR,0,147,0.0
SIR,0,148,0.0
SIR,0,149,0.0
SIR,0,150,0.0
SIR,0,151,0.0
SIR,0,152,0.0
SIR,0,153,0.0
SIR,0,154,0.0
SIR,0,155,0.0
SIR,0,156,0.0
SIR,0,157,0.0
SIR,0,158,0.0
SIR,0,159,0.0
SIR,0,160,0.0
SIR,0,161,0.0
SIR,0,162,0.0
SIR,0,163,0.0
SIR,0,164,0.0
SIR,0,165,0.0
SIR,0,166,0.0
SIR,0,167,0.0
SIR,0,168,0.0
SIR,0,169,0.0
SIR,0,170,0.0
SIR,0,171,0.0
SIR,0,172,0.0
SIR,0,173,0.0
SIR,0,174,0.0
SIR,0,175,0.0
SIR,0,176,0.0
SIR,0,177,0.0
SIR,0,178,0.0
SIR,0,179,0.0
SIR,0,180,0.0
SIR,0,181,0.0
SIR,0,182,0.0
SIR,0,183,0.0
SIR,0,184,0.0
SIR,0,185,0.0
SIR,0,186,0.0
SIR,0,187,0.0
SIR,0,188,0.0
SIR,0,189,0.0
SIR,0,190,0.0
SIR,0,191,0.0
SIR,0,192,0.0
SIR,0,193,0.0
SIR,0,194,0.0
SIR,0,195,0.0
SIR,0,196,0.0
SIR,0,197,0.0
SIR,0,198,0.0
SIR,0,199,0.0
SIR,0,200,0.0
SIR,0,201,0.0
SIR,0,202,0.0
SIR,0,203,0.0
SIR,0,204,0.0
SIR,0,205,0.0
SIR,0,206,0.0
SIR,0,207,0.0
SIR,0,208,0.0
SIR,0,209,0.0
SIR,0,210,0.0
SIR,0,211,0.0
SIR,0,212,0.0
SIR,0,213,0.0
SIR,0,214,0.0
SIR,0,215,0.0
SIR,0,216,0.0
SIR,0,217,0.0
SIR,0,218,0.0
SIR,0,219,0.0
SIR,0,220,0.0
SIR,0,221,0.0
SIR,0,222,0.0
SIR,0,223,0.0
SIR,0,224,0.0
SIR,0,225,0.0
SIR,0,226,0.0
SIR,0,227,0.0
SIR,0,228,0.0
SIR,0,229,0.0
SIR,0,230,0.0
SIR,0,231,0.0
SIR,0,232,0.0
SIR,0,233,0.0
SIR,0,234,0.0
SIR,0,235,0.0
SIR,0,236,0.0
SIR,0,237,0.0
SIR,0,238,0.0
SIR,0,239,0.0
SIR,0,240,0.0
SIR,0,241,0.0
SIR,0,242,0.0
SIR,0,243,0.0
SIR,0,244,0.0
SIR,0,245,0.0
SIR,0,246,0.0
SIR,0,247,0.0
SIR,0,248,0.0
SIR,0,249,0.0
SIR,0,250,0.0
SIR,0,251,0.0
SIR,0,252,0.0
SIR,0,253,0.0
SIR,0,254,0.0
SIR,0,255,0.0
SIR,0,256,0.0
SIR,0,257,0.0
SIR,0,258,0.0
SIR,0,259,0.0
SIR,0,260,0.0
SIR,0,261,0.0
SIR,0,262,0.0
SIR,0,263,0.0
SIR,0,264,0.0
SIR,0,265,0.0
SIR,0,266,0.0
SIR,0,267,0.0
SIR,0,268,0.0
SIR,0,269,0.0
SIR,0,270,0.0
SIR,0,271,0.0
SIR,0,272,0.0
SIR,0,273,0.0
SIR,0,274,0.0
SIR,0,275,0.0
SIR,0,276,0.0
SIR,0,277,0.0
SIR,0,278,0.0
SIR,0,279,0.0
SIR,0,280,0.0
SIR,0,281,0.0
SIR,0,282,0.0
SIR,0,283,0.0
SIR,0,284,0.0
SIR,0,285,0.0
SIR,0,286,0.0
SIR,0,287,0.0
SIR,0,288,0.0
SIR,0,289,0.0
SIR,0,290,0.0
SIR,0,291,0.0
SIR,0,292,0.0
SIR,0,293,0.0
SIR,0,294,0.0
SIR,0,295,0.0
SIR,0,296,0.0
SIR,0,297,0.0
SIR,0,298,0.0
SIR,0,299,0.0
SIR,0,300,0.0
SIR,1,0,0.08823529411764706
SIR,1,1,0.058823529411764705
SIR,1,2,0.029411764705882353
SIR,1,3,0.058823529411764705
SIR,1,4,0.058823529411764705
SIR,1,5,0.08823529411764706
SIR,1,6,0.08823529411764706
SIR,1,7,0.14705882352941177
SIR,1,8,0.14705882352941177
SIR,1,9,0.08823529411764706
SIR,1,10,0.058823529411764705
SIR,1,11,0.058823529411764705
SIR,1,12,0.08823529411764706
SIR,1,13,0.029411764705882353
SIR,1,14,0.029411764705882353
SIR,1,15,0.029411764705882353
SIR,1,16,0.029411764705882353
SIR,1,17,0.058823529411764705
SIR,1,18,0.029411764705882353
SIR,1,19,0.029411764705882353
SIR,1,20,0.058823529411764705
SIR,1,21,0.08823529411764706
SIR,1,22,0.058823529411764705
SIR,1,23,0.08823529411764706
SIR,1,24,0.058823529411764705
SIR,1,25,0.08823529411764706
SIR,1,26,0.11764705882352941
SIR,1,27,0.11764705882352941
SIR,1,28,0.08823529411764706
SIR,1,29,0.058823529411764705
SIR,1,30,0.058823529411764705
SIR,1,31,0.058823529411764705
SIR,1,32,0.058823529411764705
SIR,1,33,0.058823529411764705
SIR,1,34,0.029411764705882353
SIR,1,35,0.029411764705882353
SIR,1,36,0.0
SIR,1,37,0.0
SIR,1,38,0.0
SIR,1,39,0.0
SIR,1,40,0.0
SIR,1,41,0.0
SIR,1,42,0.0
SIR,1,43,0.0
SIR,1,44,0.0
SIR,1,45,0.0
SIR,1,46,0.0
SIR,1,47,0.0
SIR,1,48,0.0
SIR,1,49,0.0
SIR,1,50,0.0
SIR,1,51,0.0
SIR,1,52,0.0
SIR,1,53,0.0
SIR,1,54,0.0
SIR,1,55,0.0
SIR,1,56,0.0
SIR,1,57,0.0
SIR,1,58,0.0
SIR,1,59,0.0
SIR,1,60,0.0
SIR,1,61,0.0
SIR,1,62,0.0
SIR,1,63,0.0
SIR,1,64,0.0
SIR,1,65,0.0
SIR,1,66,0.0
SIR,1,67,0.0
SIR,1,68,0.0
SIR,1,69,0.0
SIR,1,70,0.0
SIR,1,71,0.0
SIR,1,72,0.0
SIR,1,73,0.0
SIR,1,74,0.0
SIR,1,75,0.0
SIR,1,76,0.0
SIR,1,77,0.0
SIR,1,78,0.0
SIR,1,79,0.0
SIR,1,80,0.0
SIR,1,81,0.0
SIR,1,82,0.0
SIR,1,83,0.0
SIR,1,84,0.0
SIR,1,85,0.0
SIR,1,86,0.0
SIR,1,87,0.0
SIR,1,88,0.0
SIR,1,89,0.0
SIR,1,90,0.0
SIR,1,91,0.0
SIR,1,92,0.0
SIR,1,93,0.0
SIR,1,94,0.0
SIR,1,95,0.0
SIR,1,96,0.0
SIR,1,97,0.0
SIR,1,98,0.0
SIR,1,99,0.0
SIR,1,100,0.0
SIR,1,101,0.0
SIR,1,102,0.0
SIR,1,103,0.0
SIR,1,104,0.0
SIR,1,105,0.0
SIR,1,106,0.0
SIR,1,107,0.0
SIR,1,108,0.0
SIR,1,109,0.0
SIR,1,110,0.0
SIR,1,111,0.0
SIR,1,112,0.0
SIR,1,113,0.0
SIR,1,114,0.0
SIR,1,115,0.0
SIR,1,116,0.0
SIR,1,117,0.0
SIR,1,118,0.0
SIR,1,119,0.0
SIR,1,120,0.0
SIR,1,121,0.0
SIR,1,122,0.0
SIR,1,123,0.0
SIR,1,124,0.0
SIR,1,125,0.0
SIR,1,126,0.0
SIR,1,127,0.0
SIR,1,128,0.0
SIR,1,129,0.0
SIR,1,130,0.0
SIR,1,131,0.0
SIR,1,132,0.0
SIR,1,133,0.0
SIR,1,134,0.0
SIR,1,135,0.0
SIR,1,136,0.0
SIR,1,137,0.0
SIR,1,138,0.0
SIR,1,139,0.0
SIR,1,140,0.0
SIR,1,141,0.0
SIR,1,142,0.0
SIR,1,143,0.0
SIR,1,144,0.0
SIR,1,145,0.0
SIR,1,146,0.0
SIR,1,147,0.0
SIR,1,148,0.0
SIR,1,149,0.0
SIR,1,150,0.0
SIR,1,151,0.0
SIR,1,152,0.0
SIR,1,153,0.0
SIR,1,154,0.0
SIR,1,155,0.0
SIR,1,156,0.0
SIR,1,157,0.0
SIR,1,158,0.0
SIR,1,159,0.0
SIR,1,160,0.0
SIR,1,161,0.0
SIR,1,162,0.0
SIR,1,163,0.0
SIR,1,164,0.0
SIR,1,165,0.0
SIR,1,166,0.0
SIR,1,167,0.0
SIR,1,168,0.0
SIR,1,169,0.0
SIR,1,170,0.0
SIR,1,171,0.0
SIR,1,172,0.0
SIR,1,173,0.0
SIR,1,174,0.0
SIR,1,175,0.0
SIR,1,176,0.0
SIR,1,177,0.0
SIR,1,178,0.0
SIR,1,179,0.0
SIR,1,180,0.0
SIR,1,181,0.0
SIR,1,182,0.0
SIR,1,183,0.0
SIR,1,184,0.0
SIR,1,185,0.0
SIR,1,186,0.0
SIR,1,187,0.0
SIR,1,188,0.0
SIR,1,189,0.0
SIR,1,190,0.0
SIR,1,191,0.0
SIR,1,192,0.0
SIR,1,193,0.0
SIR,1,194,0.0
SIR,1,195,0.0
SIR,1,196,0.0
SIR,1,197,0.0
SIR,1,198,0.0
SIR,1,199,0.0
SIR,1,200,0.0
SIR,1,201,0.0
SIR,1,202,0.0
SIR,1,203,0.0
SIR,1,204,0.0
SIR,1,205,0.0
SIR,1,206,0.0
SIR,1,207,0.0
SIR,1,208,0.0
SIR,1,209,0.0
SIR,1,210,0.0
SIR,1,211,0.0
SIR,1,212,0.0
SIR,1,213,0.0
SIR,1,214,0.0
SIR,1,215,0.0
SIR,1,216,0.0
SIR,1,217,0.0
SIR,1,218,0.0
SIR,1,219,0.0
SIR,1,220,0.0
SIR,1,221,0.0
SIR,1,222,0.0
SIR,1,223,0.0
SIR,1,224,0.0
SIR,1,225,0.0
SIR,1,226,0.0
SIR,1,227,0.0
SIR,1,228,0.0
SIR,1,229,0.0
SIR,1,230,0.0
SIR,1,231,0.0
SIR,1,232,0.0
SIR,1,233,0.0
SIR,1,234,0.0
SIR,1,235,0.0
SIR,1,236,0.0
SIR,1,237,0.0
SIR,1,238,0.0
SIR,1,239,0.0
SIR,1,240,0.0
SIR,1,241,0.0
SIR,1,242,0.0
SIR,1,243,0.0
SIR,1,244,0.0
SIR,1,245,0.0
SIR,1,246,0.0
SIR,1,247,0.0
SIR,1,248,0.0
SIR,1,249,0.0
SIR,1,250,0.0
SIR,1,251,0.0
SIR,1,252,0.0
SIR,1,253,0.0
SIR,1,254,0.0
SIR,1,255,0.0
SIR,1,256,0.0
SIR,1,257,0.0
SIR,1,258,0.0
SIR,1,259,0.0
SIR,1,260,0.0
SIR,1,261,0.0
SIR,1,262,0.0
SIR,1,263,0.0
SIR,1,264,0.0
SIR,1,265,0.0
SIR,1,266,0.0
SIR,1,267,0.0
SIR,1,268,0.0
SIR,1,269,0.0
SIR,1,270,0.0
SIR,1,271,0.0
SIR,1,272,0.0
SIR,1,273,0.0
SIR,1,274,0.0
SIR,1,275,0.0
SIR,1,276,0.0
SIR,1,277,0.0
SIR,1,278,0.0
SIR,1,279,0.0
SIR,1,280,0.0
SIR,1,281,0.0
SIR,1,282,0.0
SIR,1,283,0.0
SIR,1,284,0.0
SIR,1,285,0.0
SIR,1,286,0.0
SIR,1,287,0.0
SIR,1,288,0.0
SIR,1,289,0.0
SIR,1,290,0.0
SIR,1,291,0.0
SIR,1,292,0.0
SIR,1,293,0.0
SIR,1,294,0.0
SIR,1,295,0.0
SIR,1,296,0.0
SIR,1,297,0.0
SIR,1,298,0.0
SIR,1,299,0.0
SIR,1,300,0.0
SIR,2,0,0.08823529411764706
SIR,2,1,0.08823529411764706
SIR,2,2,0.029411764705882353
SIR,2,3,0.029411764705882353
SIR,2,4,0.029411764705882353
SIR,2,5,0.029411764705882353
SIR,2,6,0.029411764705882353
SIR,2,7,0.029411764705882353
SIR,2,8,0.029411764705882353
SIR,2,9,0.029411764705882353
SIR,2,10,0.029411764705882353
SIR,2,11,0.029411764705882353
SIR,2,12,0.0
SIR,2,13,0.0
SIR,2,14,0.0
SIR,2,15,0.0
SIR,2,16,0.0
SIR,2,17,0.0
SIR,2,18,0.0
SIR,2,19,0.0
SIR,2,20,0.0
SIR,2,21,0.0
SIR,2,22,0.0
SIR,2,23,0.0
SIR,2,24,0.0
SIR,2,25,0.0
SIR,2,26,0.0
SIR,2,27,0.0
SIR,2,28,0.0
SIR,2,29,0.0
SIR,2,30,0.0
SIR,2,31,0.0
SIR,2,32,0.0
SIR,2,33,0.0
SIR,2,34,0.0
SIR,2,35,0.0
SIR,2,36,0.0
SIR,2,37,0.0
SIR,2,38,0.0
SIR,2,39,0.0
SIR,2,40,0.0
SIR,2,41,0.0
SIR,2,42,0.0
SIR,2,43,0.0
SIR,2,44,0.0
SIR,2,45,0.0
SIR,2,46,0.0
SIR,2,47,0.0
SIR,2,48,0.0
SIR,2,49,0.0
SIR,2,50,0.0
SIR,2,51,0.0
SIR,2,52,0.0
SIR,2,53,0.0
SIR,2,54,0.0
SIR,2,55,0.0
SIR,2,56,0.0
SIR,2,57,0.0
SIR,2,58,0.0
SIR,2,59,0.0
SIR,2,60,0.0
SIR,2,61,0.0
SIR,2,62,0.0
SIR,2,63,0.0
SIR,2,64,0.0
SIR,2,65,0.0
SIR,2,66,0.0
SIR,2,67,0.0
SIR,2,68,0.0
SIR,2,69,0.0
SIR,2,70,0.0
SIR,2,71,0.0
SIR,2,72,0.0
SIR,2,73,0.0
SIR,2,74,0.0
SIR,2,75,0.0
SIR,2,76,0.0
SIR,2,77,0.0
SIR,2,78,0.0
SIR,2,79,0.0
SIR,2,80,0.0
SIR,2,81,0.0
SIR,2,82,0.0
SIR,2,83,0.0
SIR,2,84,0.0
SIR,2,85,0.0
SIR,2,86,0.0
SIR,2,87,0.0
SIR,2,88,0.0
SIR,2,89,0.0
SIR,2,90,0.0
SIR,2,91,0.0
SIR,2,92,0.0
SIR,2,93,0.0
SIR,2,94,0.0
SIR,2,95,0.0
SIR,2,96,0.0
SIR,2,97,0.0
SIR,2,98,0.0
SIR,2,99,0.0
SIR,2,100,0.0
SIR,2,101,0.0
SIR,2,102,0.0
SIR,2,103,0.0
SIR,2,104,0.0
SIR,2,105,0.0
SIR,2,106,0.0
SIR,2,107,0.0
SIR,2,108,0.0
SIR,2,109,0.0
SIR,2,110,0.0
SIR,2,111,0.0
SIR,2,112,0.0
SIR,2,113,0.0
SIR,2,114,0.0
SIR,2,115,0.0
SIR,2,116,0.0
SIR,2,117,0.0
SIR,2,118,0.0
SIR,2,119,0.0
SIR,2,120,0.0
SIR,2,121,0.0
SIR,2,122,0.0
SIR,2,123,0.0
SIR,2,124,0.0
SIR,2,125,0.0
SIR,2,126,0.0
SIR,2,127,0.0
SIR,2,128,0.0
SIR,2,129,0.0
SIR,2,130,0.0
SIR,2,131,0.0
SIR,2,132,0.0
SIR,2,133,0.0
SIR,2,134,0.0
SIR,2,135,0.0
SIR,2,136,0.0
SIR,2,137,0.0
SIR,2,138,0.0
SIR,2,139,0.0
SIR,2,140,0.0
SIR,2,141,0.0
SIR,2,142,0.0
SIR,2,143,0.0
SIR,2,144,0.0
SIR,2,145,0.0
SIR,2,146,0.0
SIR,2,147,0.0
SIR,2,148,0.0
SIR,2,149,0.0
SIR,2,150,0.0
SIR,2,151,0.0
SIR,2,152,0.0
SIR,2,153,0.0
SIR,2,154,0.0
SIR,2,155,0.0
SIR,2,156,0.0
SIR,2,157,0.0
SIR,2,158,0.0
SIR,2,159,0.0
SIR,2,160,0.0
SIR,2,161,0.0
SIR,2,162,0.0
SIR,2,163,0.0
SIR,2,164,0.0
SIR,2,165,0.0
SIR,2,166,0.0
SIR,2,167,0.0
SIR,2,168,0.0
SIR,2,169,0.0
SIR,2,170,0.0
SIR,2,171,0.0
SIR,2,172,0.0
SIR,2,173,0.0
SIR,2,174,0.0
SIR,2,175,0.0
SIR,2,176,0.0
SIR,2,177,0.0
SIR,2,178,0.0
SIR,2,179,0.0
SIR,2,180,0.0
SIR,2,181,0.0
SIR,2,182,0.0
SIR,2,183,0.0
SIR,2,184,0.0
SIR,2,185,0.0
SIR,2,186,0.0
SIR,2,187,0.0
SIR,2,188,0.0
SIR,2,189,0.0
SIR,2,190,0.0
SIR,2,191,0.0
SIR,2,192,0.0
SIR,2,193,0.0
SIR,2,194,0.0
SIR,2,195,0.0
SIR,2,196,0.0
SIR,2,197,0.0
SIR,2,198,0.0
SIR,2,199,0.0
SIR,2,200,0.0
SIR,2,201,0.0
SIR,2,202,0.0
SIR,2,203,0.0
SIR,2,204,0.0
SIR,2,205,0.0
SIR,2,206,0.0
SIR,2,207,0.0
SIR,2,208,0.0
SIR,2,209,0.0
SIR,2,210,0.0
SIR,2,211,0.0
SIR,2,212,0.0
SIR,2,213,0.0
SIR,2,214,0.0
SIR,2,215,0.0
SIR,2,216,0.0
SIR,2,217,0.0
SIR,2,218,0.0
SIR,2,219,0.0
SIR,2,220,0.0
SIR,2,221,0.0
SIR,2,222,0.0
SIR,2,223,0.0
SIR,2,224,0.0
SIR,2,225,0.0
SIR,2,226,0.0
SIR,2,227,0.0
SIR,2,228,0.0
SIR,2,229,0.0
SIR,2,230,0.0
SIR,2,231,0.0
SIR,2,232,0.0
SIR,2,233,0.0
SIR,2,234,0.0
SIR,2,235,0.0
SIR,2,236,0.0
SIR,2,237,0.0
SIR,2,238,0.0
SIR,2,239,0.0
SIR,2,240,0.0
SIR,2,241,0.0
SIR,2,242,0.0
SIR,2,243,0.0
SIR,2,244,0.0
SIR,2,245,0.0
SIR,2,246,0.0
SIR,2,247,0.0
SIR,2,248,0.0
SIR,2,249,0.0
SIR,2,250,0.0
SIR,2,251,0.0
SIR,2,252,0.0
SIR,2,253,0.0
SIR,2,254,0.0
SIR,2,255,0.0
SIR,2,256,0.0
SIR,2,257,0.0
SIR,2,258,0.0
SIR,2,259,0.0
SIR,2,260,0.0
SIR,2,261,0.0
SIR,2,262,0.0
SIR,2,263,0.0
SIR,2,264,0.0
SIR,2,265,0.0
SIR,2,266,0.0
SIR,2,267,0.0
SIR,2,268,0.0
SIR,2,269,0.0
SIR,2,270,0.0
SIR,2,271,0.0
SIR,2,272,0.0
SIR,2,273,0.0
SIR,2,274,0.0
SIR,2,275,0.0
SIR,2,276,0.0
SIR,2,277,0.0
SIR,2,278,0.0
SIR,2,279,0.0
SIR,2,280,0.0
SIR,2,281,0.0
SIR,2,282,0.0
SIR,2,283,0.0
SIR,2,284,0.0
SIR,2,285,0.0
SIR,2,286,0.0
SIR,2,287,0.0
SIR,2,288,0.0
SIR,2,289,0.0
SIR,2,290,0.0
SIR,2,291,0.0
SIR,2,292,0.0
SIR,2,293,0.0
SIR,2,294,0.0
SIR,2,295,0.0
SIR,2,296,0.0
SIR,2,297,0.0
SIR,2,298,0.0
SIR,2,299,0.0
SIR,2,300,0.0
SIR,3,0,0.08823529411764706
SIR,3,1,0.11764705882352941
SIR,3,2,0.20588235294117646
SIR,3,3,0.17647058823529413
SIR,3,4,0.14705882352941177
SIR,3,5,0.17647058823529413
SIR,3,6,0.23529411764705882
SIR,3,7,0.3235294117647059
SIR,3,8,0.35294117647058826
SIR,3,9,0.29411764705882354
SIR,3,10,0.20588235294117646
SIR,3,11,0.20588235294117646
SIR,3,12,0.17647058823529413
SIR,3,13,0.11764705882352941
SIR,3,14,0.08823529411764706
SIR,3,15,0.058823529411764705
SIR,3,16,0.029411764705882353
SIR,3,17,0.029411764705882353
SIR,3,18,0.029411764705882353
SIR,3,19,0.0
SIR,3,20,0.0
SIR,3,21,0.0
SIR,3,22,0.0
SIR,3,23,0.0
SIR,3,24,0.0
SIR,3,25,0.0
SIR,3,26,0.0
SIR,3,27,0.0
SIR,3,28,0.0
SIR,3,29,0.0
SIR,3,30,0.0
SIR,3,31,0.0
SIR,3,32,0.0
SIR,3,33,0.0
SIR,3,34,0.0
SIR,3,35,0.0
SIR,3,36,0.0
SIR,3,37,0.0
SIR,3,38,0.0
SIR,3,39,0.0
SIR,3,40,0.0
SIR,3,41,0.0
SIR,3,42,0.0
SIR,3,43,0.0
SIR,3,44,0.0
SIR,3,45,0.0
SIR,3,46,0.0
SIR,3,47,0.0
SIR,3,48,0.0
SIR,3,49,0.0
SIR,3,50,0.0
SIR,3,51,0.0
SIR,3,52,0.0
SIR,3,53,0.0
SIR,3,54,0.0
SIR,3,55,0.0
SIR,3,56,0.0
SIR,3,57,0.0
SIR,3,58,0.0
SIR,3,59,0.0
SIR,3,60,0.0
SIR,3,61,0.0
SIR,3,62,0.0
SIR,3,63,0.0
SIR,3,64,0.0
SIR,3,65,0.0
SIR,3,66,0.0
SIR,3,67,0.0
SIR,3,68,0.0
SIR,3,69,0.0
SIR,3,70,0.0
SIR,3,71,0.0
SIR,3,72,0.0
SIR,3,73,0.0
SIR,3,74,0.0
SIR,3,75,0.0
SIR,3,76,0.0
SIR,3,77,0.0
SIR,3,78,0.0
SIR,3,79,0.0
SIR,3,80,0.0
SIR,3,81,0.0
SIR,3,82,0.0
SIR,3,83,0.0
SIR,3,84,0.0
SIR,3,85,0.0
SIR,3,86,0.0
SIR,3,87,0.0
SIR,3,88,0.0
SIR,3,89,0.0
SIR,3,90,0.0
SIR,3,91,0.0
SIR,3,92,0.0
SIR,3,93,0.0
SIR,3,94,0.0
SIR,3,95,0.0
SIR,3,96,0.0
SIR,3,97,0.0
SIR,3,98,0.0
SIR,3,99,0.0
SIR,3,100,0.0
SIR,3,101,0.0
SIR,3,102,0.0
SIR,3,103,0.0
SIR,3,104,0.0
SIR,3,105,0.0
SIR,3,106,0.0
SIR,3,107,0.0
SIR,3,108,0.0
SIR,3,109,0.0
SIR,3,110,0.0
SIR,3,111,0.0
SIR,3,112,0.0
SIR,3,113,0.0
SIR,3,114,0.0
SIR,3,115,0.0
SIR,3,116,0.0
SIR,3,117,0.0
SIR,3,118,0.0
SIR,3,119,0.0
SIR,3,120,0.0
SIR,3,121,0.0
SIR,3,122,0.0
SIR,3,123,0.0
SIR,3,124,0.0
SIR,3,125,0.0
SIR,3,126,0.0
SIR,3,127,0.0
SIR,3,128,0.0
SIR,3,129,0.0
SIR,3,130,0.0
SIR,3,131,0.0
SIR,3,132,0.0
SIR,3,133,0.0
SIR,3,134,0.0
SIR,3,135,0.0
SIR,3,136,0.0
SIR,3,137,0.0
SIR,3,138,0.0
SIR,3,139,0.0
SIR,3,140,0.0
SIR,3,141,0.0
SIR,3,142,0.0
SIR,3,143,0.0
SIR,3,144,0.0
SIR,3,145,0.0
SIR,3,146,0.0
SIR,3,147,0.0
SIR,3,148,0.0
SIR,3,149,0.0
SIR,3,150,0.0
SIR,3,151,0.0
SIR,3,152,0.0
SIR,3,153,0.0
SIR,3,154,0.0
SIR,3,155,0.0
SIR,3,156,0.0
SIR,3,157,0.0
SIR,3,158,0.0
SIR,3,159,0.0
SIR,3,160,0.0
SIR,3,161,0.0
SIR,3,162,0.0
SIR,3,163,0.0
SIR,3,164,0.0
SIR,3,165,0.0
SIR,3,166,0.0
SIR,3,167,0.0
SIR,3,168,0.0
SIR,3,169,0.0
SIR,3,170,0.0
SIR,3,171,0.0
SIR,3,172,0.0
SIR,3,173,0.0
SIR,3,174,0.0
SIR,3,175,0.0
SIR,3,176,0.0
SIR,3,177,0.0
SIR,3,178,0.0
SIR,3,179,0.0
SIR,3,180,0.0
SIR,3,181,0.0
SIR,3,182,0.0
SIR,3,183,0.0
SIR,3,184,0.0
SIR,3,185,0.0
SIR,3,186,0.0
SIR,3,187,0.0
SIR,3,188,0.0
SIR,3,189,0.0
SIR,3,190,0.0
SIR,3,191,0.0
SIR,3,192,0.0
SIR,3,193,0.0
SIR,3,194,0.0
SIR,3,195,0.0
SIR,3,196,0.0
SIR,3,197,0.0
SIR,3,198,0.0
SIR,3,199,0.0
SIR,3,200,0.0
SIR,3,201,0.0
SIR,3,202,0.0
SIR,3,203,0.0
SIR,3,204,0.0
SIR,3,205,0.0
SIR,3,206,0.0
SIR,3,207,0.0
SIR,3,208,0.0
SIR,3,209,0.0
SIR,3,210,0.0
SIR,3,211,0.0
SIR,3,212,0.0
SIR,3,213,0.0
SIR,3,214,0.0
SIR,3,215,0.0
SIR,3,216,0.0
SIR,3,217,0.0
SIR,3,218,0.0
SIR,3,219,0.0
SIR,3,220,0.0
SIR,3,221,0.0
SIR,3,222,0.0
SIR,3,223,0.0
SIR,3,224,0.0
SIR,3,225,0.0
SIR,3,226,0.0
SIR,3,227,0.0
SIR,3,228,0.0
SIR,3,229,0.0
SIR,3,230,0.0
SIR,3,231,0.0
SIR,3,232,0.0
SIR,3,233,0.0
SIR,3,234,0.0
SIR,3,235,0.0
SIR,3,236,0.0
SIR,3,237,0.0
SIR,3,238,0.0
SIR,3,239,0.0
SIR,3,240,0.0
SIR,3,241,0.0
SIR,3,242,0.0
SIR,3,243,0.0
SIR,3,244,0.0
SIR,3,245,0.0
SIR,3,246,0.0
SIR,3,247,0.0
SIR,3,248,0.0
SIR,3,249,0.0
SIR,3,250,0.0
SIR,3,251,0.0
SIR,3,252,0.0
SIR,3,253,0.0
SIR,3,254,0.0
SIR,3,255,0.0
SIR,3,256,0.0
SIR,3,257,0.0
SIR,3,258,0.0
SIR,3,259,0.0
SIR,3,260,0.0
SIR,3,261,0.0
SIR,3,262,0.0
SIR,3,263,0.0
SIR,3,264,0.0
SIR,3,265,0.0
SIR,3,266,0.0
SIR,3,267,0.0
SIR,3,268,0.0
SIR,3,269,0.0
SIR,3,270,0.0
SIR,3,271,0.0
SIR,3,272,0.0
SIR,3,273,0.0
SIR,3,274,0.0
SIR,3,275,0.0
SIR,3,276,0.0
SIR,3,277,0.0
SIR,3,278,0.0
SIR,3,279,0.0
SIR,3,280,0.0
SIR,3,281,0.0
SIR,3,282,0.0
SIR,3,283,0.0
SIR,3,284,0.0
SIR,3,285,0.0
SIR,3,286,0.0
SIR,3,287,0.0
SIR,3,288,0.0
SIR,3,289,0.0
SIR,3,290,0.0
SIR,3,291,0.0
SIR,3,292,0.0
SIR,3,293,0.0
SIR,3,294,0.0
SIR,3,295,0.0
SIR,3,296,0.0
SIR,3,297,0.0
SIR,3,298,0.0
SIR,3,299,0.0
SIR,3,300,0.0
SIR,4,0,0.08823529411764706
SIR,4,1,0.08823529411764706
SIR,4,2,0.08823529411764706
SIR,4,3,0.08823529411764706
SIR,4,4,0.11764705882352941
SIR,4,5,0.11764705882352941
SIR,4,6,0.11764705882352941
SIR,4,7,0.14705882352941177
SIR,4,8,0.14705882352941177
SIR,4,9,0.11764705882352941
SIR,4,10,0.08823529411764706
SIR,4,11,0.14705882352941177
SIR,4,12,0.17647058823529413
SIR,4,13,0.14705882352941177
SIR,4,14,0.17647058823529413
SIR,4,15,0.20588235294117646
SIR,4,16,0.23529411764705882
SIR,4,17,0.17647058823529413
SIR,4,18,0.11764705882352941
SIR,4,19,0.058823529411764705
SIR,4,20,0.0
SIR,4,21,0.0
SIR,4,22,0.0
SIR,4,23,0.0
SIR,4,24,0.0
SIR,4,25,0.0
SIR,4,26,0.0
SIR,4,27,0.0
SIR,4,28,0.0
SIR,4,29,0.0
SIR,4,30,0.0
SIR,4,31,0.0
SIR,4,32,0.0
SIR,4,33,0.0
SIR,4,34,0.0
SIR,4,35,0.0
SIR,4,36,0.0
SIR,4,37,0.0
SIR,4,38,0.0
SIR,4,39,0.0
SIR,4,40,0.0
SIR,4,41,0.0
SIR,4,42,0.0
SIR,4,43,0.0
SIR,4,44,0.0
SIR,4,45,0.0
SIR,4,46,0.0
SIR,4,47,0.0
SIR,4,48,0.0
SIR,4,49,0.0
SIR,4,50,0.0
SIR,4,51,0.0
SIR,4,52,0.0
SIR,4,53,0.0
SIR,4,54,0.0
SIR,4,55,0.0
SIR,4,56,0.0
SIR,4,57,0.0
SIR,4,58,0.0
SIR,4,59,0.0
SIR,4,60,0.0
SIR,4,61,0.0
SIR,4,62,0.0
SIR,4,63,0.0
SIR,4,64,0.0
SIR,4,65,0.0
SIR,4,66,0.0
SIR,4,67,0.0
SIR,4,68,0.0
SIR,4,69,0.0
SIR,4,70,0.0
SIR,4,71,0.0
SIR,4,72,0.0
SIR,4,73,0.0
SIR,4,74,0.0
SIR,4,75,0.0
SIR,4,76,0.0
SIR,4,77,0.0
SIR,4,78,0.0
SIR,4,79,0.0
SIR,4,80,0.0
SIR,4,81,0.0
SIR,4,82,0.0
SIR,4,83,0.0
SIR,4,84,0.0
SIR,4,85,0.0
SIR,4,86,0.0
SIR,4,87,0.0
SIR,4,88,0.0
SIR,4,89,0.0
SIR,4,90,0.0
SIR,4,91,0.0
SIR,4,92,0.0
SIR,4,93,0.0
SIR,4,94,0.0
SIR,4,95,0.0
SIR,4,96,0.0
SIR,4,97,0.0
SIR,4,98,0.0
SIR,4,99,0.0
SIR,4,100,0.0
SIR,4,101,0.0
SIR,4,102,0.0
SIR,4,103,0.0
SIR,4,104,0.0
SIR,4,105,0.0
SIR,4,106,0.0
SIR,4,107,0.0
SIR,4,108,0.0
SIR,4,109,0.0
SIR,4,110,0.0
SIR,4,111,0.0
SIR,4,112,0.0
SIR,4,113,0.0
SIR,4,114,0.0
SIR,4,115,0.0
SIR,4,116,0.0
SIR,4,117,0.0
SIR,4,118,0.0
SIR,4,119,0.0
SIR,4,120,0.0
SIR,4,121,0.0
SIR,4,122,0.0
SIR,4,123,0.0
SIR,4,124,0.0
SIR,4,125,0.0
SIR,4,126,0.0
SIR,4,127,0.0
SIR,4,128,0.0
SIR,4,129,0.0
SIR,4,130,0.0
SIR,4,131,0.0
SIR,4,132,0.0
SIR,4,133,0.0
SIR,4,134,0.0
SIR,4,135,0.0
SIR,4,136,0.0
SIR,4,137,0.0
SIR,4,138,0.0
SIR,4,139,0.0
SIR,4,140,0.0
SIR,4,141,0.0
SIR,4,142,0.0
SIR,4,143,0.0
SIR,4,144,0.0
SIR,4,145,0.0
SIR,4,146,0.0
SIR,4,147,0.0
SIR,4,148,0.0
SIR,4,149,0.0
SIR,4,150,0.0
SIR,4,151,0.0
SIR,4,152,0.0
SIR,4,153,0.0
SIR,4,154,0.0
SIR,4,155,0.0
SIR,4,156,0.0
SIR,4,157,0.0
SIR,4,158,0.0
SIR,4,159,0.0
SIR,4,160,0.0
SIR,4,161,0.0
SIR,4,162,0.0
SIR,4,163,0.0
SIR,4,164,0.0
SIR,4,165,0.0
SIR,4,166,0.0
SIR,4,167,0.0
SIR,4,168,0.0
SIR,4,169,0.0
SIR,4,170,0.0
SIR,4,171,0.0
SIR,4,172,0.0
SIR,4,173,0.0
SIR,4,174,0.0
SIR,4,175,0.0
SIR,4,176,0.0
SIR,4,177,0.0
SIR,4,178,0.0
SIR,4,179,0.0
SIR,4,180,0.0
SIR,4,181,0.0
SIR,4,182,0.0
SIR,4,183,0.0
SIR,4,184,0.0
SIR,4,185,0.0
SIR,4,186,0.0
SIR,4,187,0.0
SIR,4,188,0.0
SIR,4,189,0.0
SIR,4,190,0.0
SIR,4,191,0.0
SIR,4,192,0.0
SIR,4,193,0.0
SIR,4,194,0.0
SIR,4,195,0.0
SIR,4,196,0.0
SIR,4,197,0.0
SIR,4,198,0.0
SIR,4,199,0.0
SIR,4,200,0.0
SIR,4,201,0.0
SIR,4,202,0.0
SIR,4,203,0.0
SIR,4,204,0.0
SIR,4,205,0.0
SIR,4,206,0.0
SIR,4,207,0.0
SIR,4,208,0.0
SIR,4,209,0.0
SIR,4,210,0.0
SIR,4,211,0.0
SIR,4,212,0.0
SIR,4,213,0.0
SIR,4,214,0.0
SIR,4,215,0.0
SIR,4,216,0.0
SIR,4,217,0.0
SIR,4,218,0.0
SIR,4,219,0.0
SIR,4,220,0.0
SIR,4,221,0.0
SIR,4,222,0.0
SIR,4,223,0.0
SIR,4,224,0.0
SIR,4,225,0.0
SIR,4,226,0.0
SIR,4,227,0.0
SIR,4,228,0.0
SIR,4,229,0.0
SIR,4,230,0.0
SIR,4,231,0.0
SIR,4,232,0.0
SIR,4,233,0.0
SIR,4,234,0.0
SIR,4,235,0.0
SIR,4,236,0.0
SIR,4,237,0.0
SIR,4,238,0.0
SIR,4,239,0.0
SIR,4,240,0.0
SIR,4,241,0.0
SIR,4,242,0.0
SIR,4,243,0.0
SIR,4,244,0.0
SIR,4,245,0.0
SIR,4,246,0.0
SIR,4,247,0.0
SIR,4,248,0.0
SIR,4,249,0.0
SIR,4,250,0.0
SIR,4,251,0.0
SIR,4,252,0.0
SIR,4,253,0.0
SIR,4,254,0.0
SIR,4,255,0.0
SIR,4,256,0.0
SIR,4,257,0.0
SIR,4,258,0.0
SIR,4,259,0.0
SIR,4,260,0.0
SIR,4,261,0.0
SIR,4,262,0.0
SIR,4,263,0.0
SIR,4,264,0.0
SIR,4,265,0.0
SIR,4,266,0.0
SIR,4,267,0.0
SIR,4,268,0.0
SIR,4,269,0.0
SIR,4,270,0.0
SIR,4,271,0.0
SIR,4,272,0.0
SIR,4,273,0.0
SIR,4,274,0.0
SIR,4,275,0.0
SIR,4,276,0.0
SIR,4,277,0.0
SIR,4,278,0.0
SIR,4,279,0.0
SIR,4,280,0.0
SIR,4,281,0.0
SIR,4,282,0.0
SIR,4,283,0.0
SIR,4,284,0.0
SIR,4,285,0.0
SIR,4,286,0.0
SIR,4,287,0.0
SIR,4,288,0.0
SIR,4,289,0.0
SIR,4,290,0.0
SIR,4,291,0.0
SIR,4,292,0.0
SIR,4,293,0.0
SIR,4,294,0.0
SIR,4,295,0.0
SIR,4,296,0.0
SIR,4,297,0.0
SIR,4,298,0.0
SIR,4,299,0.0
SIR,4,300,0.0
SIR,5,0,0.08823529411764706
SIR,5,1,0.08823529411764706
SIR,5,2,0.058823529411764705
SIR,5,3,0.0
SIR,5,4,0.0
SIR,5,5,0.0
SIR,5,6,0.0
SIR,5,7,0.0
SIR,5,8,0.0
SIR,5,9,0.0
SIR,5,10,0.0
SIR,5,11,0.0
SIR,5,12,0.0
SIR,5,13,0.0
SIR,5,14,0.0
SIR,5,15,0.0
SIR,5,16,0.0
SIR,5,17,0.0
SIR,5,18,0.0
SIR,5,19,0.0
SIR,5,20,0.0
SIR,5,21,0.0
SIR,5,22,0.0
SIR,5,23,0.0
SIR,5,24,0.0
SIR,5,25,0.0
SIR,5,26,0.0
SIR,5,27,0.0
SIR,5,28,0.0
SIR,5,29,0.0
SIR,5,30,0.0
SIR,5,31,0.0
SIR,5,32,0.0
SIR,5,33,0.0
SIR,5,34,0.0
SIR,5,35,0.0
SIR,5,36,0.0
SIR,5,37,0.0
SIR,5,38,0.0
SIR,5,39,0.0
SIR,5,40,0.0
SIR,5,41,0.0
SIR,5,42,0.0
SIR,5,43,0.0
SIR,5,44,0.0
SIR,5,45,0.0
SIR,5,46,0.0
SIR,5,47,0.0
SIR,5,48,0.0
SIR,5,49,0.0
SIR,5,50,0.0
SIR,5,51,0.0
SIR,5,52,0.0
SIR,5,53,0.0
SIR,5,54,0.0
SIR,5,55,0.0
SIR,5,56,0.0
SIR,5,57,0.0
SIR,5,58,0.0
SIR,5,59,0.0
SIR,5,60,0.0
SIR,5,61,0.0
SIR,5,62,0.0
SIR,5,63,0.0
SIR,5,64,0.0
SIR,5,65,0.0
SIR,5,66,0.0
SIR,5,67,0.0
SIR,5,68,0.0
SIR,5,69,0.0
SIR,5,70,0.0
SIR,5,71,0.0
SIR,5,72,0.0
SIR,5,73,0.0
SIR,5,74,0.0
SIR,5,75,0.0
SIR,5,76,0.0
SIR,5,77,0.0
SIR,5,78,0.0
SIR,5,79,0.0
SIR,5,80,0.0
SIR,5,81,0.0
SIR,5,82,0.0
SIR,5,83,0.0
SIR,5,84,0.0
SIR,5,85,0.0
SIR,5,86,0.0
SIR,5,87,0.0
SIR,5,88,0.0
SIR,5,89,0.0
SIR,5,90,0.0
SIR,5,91,0.0
SIR,5,92,0.0
SIR,5,93,0.0
SIR,5,94,0.0
SIR,5,95,0.0
SIR,5,96,0.0
SIR,5,97,0.0
SIR,5,98,0.0
SIR,5,99,0.0
SIR,5,100,0.0
SIR,5,101,0.0
SIR,5,102,0.0
SIR,5,103,0.0
SIR,5,104,0.0
SIR,5,105,0.0
SIR,5,106,0.0
SIR,5,107,0.0
SIR,5,108,0.0
SIR,5,109,0.0
SIR,5,110,0.0
SIR,5,111,0.0
SIR,5,112,0.0
SIR,5,113,0.0
SIR,5,114,0.0
SIR,5,115,0.0
SIR,5,116,0.0
SIR,5,117,0.0
SIR,5,118,0.0
SIR,5,119,0.0
SIR,5,120,0.0
SIR,5,121,0.0
SIR,5,122,0.0
SIR,5,123,0.0
SIR,5,124,0.0
SIR,5,125,0.0
SIR,5,126,0.0
SIR,5,127,0.0
SIR,5,128,0.0
SIR,5,129,0.0
SIR,5,130,0.0
SIR,5,131,0.0
SIR,5,132,0.0
SIR,5,133,0.0
SIR,5,134,0.0
SIR,5,135,0.0
SIR,5,136,0.0
SIR,5,137,0.0
SIR,5,138,0.0
SIR,5,139,0.0
SIR,5,140,0.0
SIR,5,141,0.0
SIR,5,142,0.0
SIR,5,143,0.0
SIR,5,144,0.0
SIR,5,145,0.0
SIR,5,146,0.0
SIR,5,147,0.0
SIR,5,148,0.0
SIR,5,149,0.0
SIR,5,150,0.0
SIR,5,151,0.0
SIR,5,152,0.0
SIR,5,153,0.0
SIR,5,154,0.0
SIR,5,155,0.0
SIR,5,156,0.0
SIR,5,157,0.0
SIR,5,158,0.0
SIR,5,159,0.0
SIR,5,160,0.0
SIR,5,161,0.0
SIR,5,162,0.0
SIR,5,163,0.0
SIR,5,164,0.0
SIR,5,165,0.0
SIR,5,166,0.0
SIR,5,167,0.0
SIR,5,168,0.0
SIR,5,169,0.0
SIR,5,170,0.0
SIR,5,171,0.0
SIR,5,172,0.0
SIR,5,173,0.0
SIR,5,174,0.0
SIR,5,175,0.0
SIR,5,176,0.0
SIR,5,177,0.0
SIR,5,178,0.0
SIR,5,179,0.0
SIR,5,180,0.0
SIR,5,181,0.0
SIR,5,182,0.0
SIR,5,183,0.0
SIR,5,184,0.0
SIR,5,185,0.0
SIR,5,186,0.0
SIR,5,187,0.0
SIR,5,188,0.0
SIR,5,189,0.0
SIR,5,190,0.0
SIR,5,191,0.0
SIR,5,192,0.0
SIR,5,193,0.0
SIR,5,194,0.0
SIR,5,195,0.0
SIR,5,196,0.0
SIR,5,197,0.0
SIR,5,198,0.0
SIR,5,199,0.0
SIR,5,200,0.0
SIR,5,201,0.0
SIR,5,202,0.0
SIR,5,203,0.0
SIR,5,204,0.0
SIR,5,205,0.0
SIR,5,206,0.0
SIR,5,207,0.0
SIR,5,208,0.0
SIR,5,209,0.0
SIR,5,210,0.0
SIR,5,211,0.0
SIR,5,212,0.0
SIR,5,213,0.0
SIR,5,214,0.0
SIR,5,215,0.0
SIR,5,216,0.0
SIR,5,217,0.0
SIR,5,218,0.0
SIR,5,219,0.0
SIR,5,220,0.0
SIR,5,221,0.0
SIR,5,222,0.0
SIR,5,223,0.0
SIR,5,224,0.0
SIR,5,225,0.0
SIR,5,226,0.0
SIR,5,227,0.0
SIR,5,228,0.0
SIR,5,229,0.0
SIR,5,230,0.0
SIR,5,231,0.0
SIR,5,232,0.0
SIR,5,233,0.0
SIR,5,234,0.0
SIR,5,235,0.0
SIR,5,236,0.0
SIR,5,237,0.0
SIR,5,238,0.0
SIR,5,239,0.0
SIR,5,240,0.0
SIR,5,241,0.0
SIR,5,242,0.0
SIR,5,243,0.0
SIR,5,244,0.0
SIR,5,245,0.0
SIR,5,246,0.0
SIR,5,247,0.0
SIR,5,248,0.0
SIR,5,249,0.0
SIR,5,250,0.0
SIR,5,251,0.0
SIR,5,252,0.0
SIR,5,253,0.0
SIR,5,254,0.0
SIR,5,255,0.0
SIR,5,256,0.0
SIR,5,257,0.0
SIR,5,258,0.0
SIR,5,259,0.0
SIR,5,260,0.0
SIR,5,261,0.0
SIR,5,262,0.0
SIR,5,263,0.0
SIR,5,264,0.0
SIR,5,265,0.0
SIR,5,266,0.0
SIR,5,267,0.0
SIR,5,268,0.0
SIR,5,269,0.0
SIR,5,270,0.0
SIR,5,271,0.0
SIR,5,272,0.0
SIR,5,273,0.0
SIR,5,274,0.0
SIR,5,275,0.0
SIR,5,276,0.0
SIR,5,277,0.0
SIR,5,278,0.0
SIR,5,279,0.0
SIR,5,280,0.0
SIR,5,281,0.0
SIR,5,282,0.0
SIR,5,283,0.0
SIR,5,284,0.0
SIR,5,285,0.0
SIR,5,286,0.0
SIR,5,287,0.0
SIR,5,288,0.0
SIR,5,289,0.0
SIR,5,290,0.0
SIR,5,291,0.0
SIR,5,292,0.0
SIR,5,293,0.0
SIR,5,294,0.0
SIR,5,295,0.0
SIR,5,296,0.0
SIR,5,297,0.0
SIR,5,298,0.0
SIR,5,299,0.0
SIR,5,300,0.0
SIR,6,0,0.08823529411764706
SIR,6,1,0.17647058823529413
SIR,6,2,0.20588235294117646
SIR,6,3,0.20588235294117646
SIR,6,4,0.23529411764705882
SIR,6,5,0.23529411764705882
SIR,6,6,0.23529411764705882
SIR,6,7,0.29411764705882354
SIR,6,8,0.2647058823529412
SIR,6,9,0.20588235294117646
SIR,6,10,0.20588235294117646
SIR,6,11,0.14705882352941177
SIR,6,12,0.14705882352941177
SIR,6,13,0.11764705882352941
SIR,6,14,0.058823529411764705
SIR,6,15,0.058823529411764705
SIR,6,16,0.058823529411764705
SIR,6,17,0.058823529411764705
SIR,6,18,0.029411764705882353
SIR,6,19,0.029411764705882353
SIR,6,20,0.029411764705882353
SIR,6,21,0.029411764705882353
SIR,6,22,0.029411764705882353
SIR,6,23,0.029411764705882353
SIR,6,24,0.029411764705882353
SIR,6,25,0.029411764705882353
SIR,6,26,0.029411764705882353
SIR,6,27,0.0
SIR,6,28,0.0
SIR,6,29,0.0
SIR,6,30,0.0
SIR,6,31,0.0
SIR,6,32,0.0
SIR,6,33,0.0
SIR,6,34,0.0
SIR,6,35,0.0
SIR,6,36,0.0
SIR,6,37,0.0
SIR,6,38,0.0
SIR,6,39,0.0
SIR,6,40,0.0
SIR,6,41,0.0
SIR,6,42,0.0
SIR,6,43,0.0
SIR,6,44,0.0
SIR,6,45,0.0
SIR,6,46,0.0
SIR,6,47,0.0
SIR,6,48,0.0
SIR,6,49,0.0
SIR,6,50,0.0
SIR,6,51,0.0
SIR,6,52,0.0
SIR,6,53,0.0
SIR,6,54,0.0
SIR,6,55,0.0
SIR,6,56,0.0
SIR,6,57,0.0
SIR,6,58,0.0
SIR,6,59,0.0
SIR,6,60,0.0
SIR,6,61,0.0
SIR,6,62,0.0
SIR,6,63,0.0
SIR,6,64,0.0
SIR,6,65,0.0
SIR,6,66,0.0
SIR,6,67,0.0
SIR,6,68,0.0
SIR,6,69,0.0
SIR,6,70,0.0
SIR,6,71,0.0
SIR,6,72,0.0
SIR,6,73,0.0
SIR,6,74,0.0
SIR,6,75,0.0
SIR,6,76,0.0
SIR,6,77,0.0
SIR,6,78,0.0
SIR,6,79,0.0
SIR,6,80,0.0
SIR,6,81,0.0
SIR,6,82,0.0
SIR,6,83,0.0
SIR,6,84,0.0
SIR,6,85,0.0
SIR,6,86,0.0
SIR,6,87,0.0
SIR,6,88,0.0
SIR,6,89,0.0
SIR,6,90,0.0
SIR,6,91,0.0
SIR,6,92,0.0
SIR,6,93,0.0
SIR,6,94,0.0
SIR,6,95,0.0
SIR,6,96,0.0
SIR,6,97,0.0
SIR,6,98,0.0
SIR,6,99,0.0
SIR,6,100,0.0
SIR,6,101,0.0
SIR,6,102,0.0
SIR,6,103,0.0
SIR,6,104,0.0
SIR,6,105,0.0
SIR,6,106,0.0
SIR,6,107,0.0
SIR,6,108,0.0
SIR,6,109,0.0
SIR,6,110,0.0
SIR,6,111,0.0
SIR,6,112,0.0
SIR,6,113,0.0
SIR,6,114,0.0
SIR,6,115,0.0
SIR,6,116,0.0
SIR,6,117,0.0
SIR,6,118,0.0
SIR,6,119,0.0
SIR,6,120,0.0
SIR,6,121,0.0
SIR,6,122,0.0
SIR,6,123,0.0
SIR,6,124,0.0
SIR,6,125,0.0
SIR,6,126,0.0
SIR,6,127,0.0
SIR,6,128,0.0
SIR,6,129,0.0
SIR,6,130,0.0
SIR,6,131,0.0
SIR,6,132,0.0
SIR,6,133,0.0
SIR,6,134,0.0
SIR,6,135,0.0
SIR,6,136,0.0
SIR,6,137,0.0
SIR,6,138,0.0
SIR,6,139,0.0
SIR,6,140,0.0
SIR,6,141,0.0
SIR,6,142,0.0
SIR,6,143,0.0
SIR,6,144,0.0
SIR,6,145,0.0
SIR,6,146,0.0
SIR,6,147,0.0
SIR,6,148,0.0
SIR,6,149,0.0
SIR,6,150,0.0
SIR,6,151,0.0
SIR,6,152,0.0
SIR,6,153,0.0
SIR,6,154,0.0
SIR,6,155,0.0
SIR,6,156,0.0
SIR,6,157,0.0
SIR,6,158,0.0
SIR,6,159,0.0
SIR,6,160,0.0
SIR,6,161,0.0
SIR,6,162,0.0
SIR,6,163,0.0
SIR,6,164,0.0
SIR,6,165,0.0
SIR,6,166,0.0
SIR,6,167,0.0
SIR,6,168,0.0
SIR,6,169,0.0
SIR,6,170,0.0
SIR,6,171,0.0
SIR,6,172,0.0
SIR,6,173,0.0
SIR,6,174,0.0
SIR,6,175,0.0
SIR,6,176,0.0
SIR,6,177,0.0
SIR,6,178,0.0
SIR,6,179,0.0
SIR,6,180,0.0
SIR,6,181,0.0
SIR,6,182,0.0
SIR,6,183,0.0
SIR,6,184,0.0
SIR,6,185,0.0
SIR,6,186,0.0
SIR,6,187,0.0
SIR,6,188,0.0
SIR,6,189,0.0
SIR,6,190,0.0
SIR,6,191,0.0
SIR,6,192,0.0
SIR,6,193,0.0
SIR,6,194,0.0
SIR,6,195,0.0
SIR,6,196,0.0
SIR,6,197,0.0
SIR,6,198,0.0
SIR,6,199,0.0
SIR,6,200,0.0
SIR,6,201,0.0
SIR,6,202,0.0
SIR,6,203,0.0
SIR,6,204,0.0
SIR,6,205,0.0
SIR,6,206,0.0
SIR,6,207,0.0
SIR,6,208,0.0
SIR,6,209,0.0
SIR,6,210,0.0
SIR,6,211,0.0
SIR,6,212,0.0
SIR,6,213,0.0
SIR,6,214,0.0
SIR,6,215,0.0
SIR,6,216,0.0
SIR,6,217,0.0
SIR,6,218,0.0
SIR,6,219,0.0
SIR,6,220,0.0
SIR,6,221,0.0
SIR,6,222,0.0
SIR,6,223,0.0
SIR,6,224,0.0
SIR,6,225,0.0
SIR,6,226,0.0
SIR,6,227,0.0
SIR,6,228,0.0
SIR,6,229,0.0
SIR,6,230,0.0
SIR,6,231,0.0
SIR,6,232,0.0
SIR,6,233,0.0
SIR,6,234,0.0
SIR,6,235,0.0
SIR,6,236,0.0
SIR,6,237,0.0
SIR,6,238,0.0
SIR,6,239,0.0
SIR,6,240,0.0
SIR,6,241,0.0
SIR,6,242,0.0
SIR,6,243,0.0
SIR,6,244,0.0
SIR,6,245,0.0
SIR,6,246,0.0
SIR,6,247,0.0
SIR,6,248,0.0
SIR,6,249,0.0
SIR,6,250,0.0
SIR,6,251,0.0
SIR,6,252,0.0
SIR,6,253,0.0
SIR,6,254,0.0
SIR,6,255,0.0
SIR,6,256,0.0
SIR,6,257,0.0
SIR,6,258,0.0
SIR,6,259,0.0
SIR,6,260,0.0
SIR,6,261,0.0
SIR,6,262,0.0
SIR,6,263,0.0
SIR,6,264,0.0
SIR,6,265,0.0
SIR,6,266,0.0
SIR,6,267,0.0
SIR,6,268,0.0
SIR,6,269,0.0
SIR,6,270,0.0
SIR,6,271,0.0
SIR,6,272,0.0
SIR,6,273,0.0
SIR,6,274,0.0
SIR,6,275,0.0
SIR,6,276,0.0
SIR,6,277,0.0
SIR,6,278,0.0
SIR,6,279,0.0
SIR,6,280,0.0
SIR,6,281,0.0
SIR,6,282,0.0
SIR,6,283,0.0
SIR,6,284,0.0
SIR,6,285,0.0
SIR,6,286,0.0
SIR,6,287,0.0
SIR,6,288,0.0
SIR,6,289,0.0
SIR,6,290,0.0
SIR,6,291,0.0
SIR,6,292,0.0
SIR,6,293,0.0
SIR,6,294,0.0
SIR,6,295,0.0
SIR,6,296,0.0
SIR,6,297,0.0
SIR,6,298,0.0
SIR,6,299,0.0
SIR,6,300,0.0
SIR,7,0,0.08823529411764706
SIR,7,1,0.058823529411764705
SIR,7,2,0.058823529411764705
SIR,7,3,0.029411764705882353
SIR,7,4,0.029411764705882353
SIR,7,5,0.029411764705882353
SIR,7,6,0.0
SIR,7,7,0.0
SIR,7,8,0.0
SIR,7,9,0.0
SIR,7,10,0.0
SIR,7,11,0.0
SIR,7,12,0.0
SIR,7,13,0.0
SIR,7,14,0.0
SIR,7,15,0.0
SIR,7,16,0.0
SIR,7,17,0.0
SIR,7,18,0.0
SIR,7,19,0.0
SIR,7,20,0.0
SIR,7,21,0.0
SIR,7,22,0.0
SIR,7,23,0.0
SIR,7,24,0.0
SIR,7,25,0.0
SIR,7,26,0.0
SIR,7,27,0.0
SIR,7,28,0.0
SIR,7,29,0.0
SIR,7,30,0.0
SIR,7,31,0.0
SIR,7,32,0.0
SIR,7,33,0.0
SIR,7,34,0.0
SIR,7,35,0.0
SIR,7,36,0.0
SIR,7,37,0.0
SIR,7,38,0.0
SIR,7,39,0.0
SIR,7,40,0.0
SIR,7,41,0.0
SIR,7,42,0.0
SIR,7,43,0.0
SIR,7,44,0.0
SIR,7,45,0.0
SIR,7,46,0.0
SIR,7,47,0.0
SIR,7,48,0.0
SIR,7,49,0.0
SIR,7,50,0.0
SIR,7,51,0.0
SIR,7,52,0.0
SIR,7,53,0.0
SIR,7,54,0.0
SIR,7,55,0.0
SIR,7,56,0.0
SIR,7,57,0.0
SIR,7,58,0.0
SIR,7,59,0.0
SIR,7,60,0.0
SIR,7,61,0.0
SIR,7,62,0.0
SIR,7,63,0.0
SIR,7,64,0.0
SIR,7,65,0.0
SIR,7,66,0.0
SIR,7,67,0.0
SIR,7,68,0.0
SIR,7,69,0.0
SIR,7,70,0.0
SIR,7,71,0.0
SIR,7,72,0.0
SIR,7,73,0.0
SIR,7,74,0.0
SIR,7,75,0.0
SIR,7,76,0.0
SIR,7,77,0.0
SIR,7,78,0.0
SIR,7,79,0.0
SIR,7,80,0.0
SIR,7,81,0.0
SIR,7,82,0.0
SIR,7,83,0.0
SIR,7,84,0.0
SIR,7,85,0.0
SIR,7,86,0.0
SIR,7,87,0.0
SIR,7,88,0.0
SIR,7,89,0.0
SIR,7,90,0.0
SIR,7,91,0.0
SIR,7,92,0.0
SIR,7,93,0.0
SIR,7,94,0.0
SIR,7,95,0.0
SIR,7,96,0.0
SIR,7,97,0.0
SIR,7,98,0.0
SIR,7,99,0.0
SIR,7,100,0.0
SIR,7,101,0.0
SIR,7,102,0.0
SIR,7,103,0.0
SIR,7,104,0.0
SIR,7,105,0.0
SIR,7,106,0.0
SIR,7,107,0.0
SIR,7,108,0.0
SIR,7,109,0.0
SIR,7,110,0.0
SIR,7,111,0.0
SIR,7,112,0.0
SIR,7,113,0.0
SIR,7,114,0.0
SIR,7,115,0.0
SIR,7,116,0.0
SIR,7,117,0.0
SIR,7,118,0.0
SIR,7,119,0.0
SIR,7,120,0.0
SIR,7,121,0.0
SIR,7,122,0.0
SIR,7,123,0.0
SIR,7,124,0.0
SIR,7,125,0.0
SIR,7,126,0.0
SIR,7,127,0.0
SIR,7,128,0.0
SIR,7,129,0.0
SIR,7,130,0.0
SIR,7,131,0.0
SIR,7,132,0.0
SIR,7,133,0.0
SIR,7,134,0.0
SIR,7,135,0.0
SIR,7,136,0.0
SIR,7,137,0.0
SIR,7,138,0.0
SIR,7,139,0.0
SIR,7,140,0.0
SIR,7,141,0.0
SIR,7,142,0.0
SIR,7,143,0.0
SIR,7,144,0.0
SIR,7,145,0.0
SIR,7,146,0.0
SIR,7,147,0.0
SIR,7,148,0.0
SIR,7,149,0.0
SIR,7,150,0.0
SIR,7,151,0.0
SIR,7,152,0.0
SIR,7,153,0.0
SIR,7,154,0.0
SIR,7,155,0.0
SIR,7,156,0.0
SIR,7,157,0.0
SIR,7,158,0.0
SIR,7,159,0.0
SIR,7,160,0.0
SIR,7,161,0.0
SIR,7,162,0.0
SIR,7,163,0.0
SIR,7,164,0.0
SIR,7,165,0.0
SIR,7,166,0.0
SIR,7,167,0.0
SIR,7,168,0.0
SIR,7,169,0.0
SIR,7,170,0.0
SIR,7,171,0.0
SIR,7,172,0.0
SIR,7,173,0.0
SIR,7,174,0.0
SIR,7,175,0.0
SIR,7,176,0.0
SIR,7,177,0.0
SIR,7,178,0.0
SIR,7,179,0.0
SIR,7,180,0.0
SIR,7,181,0.0
SIR,7,182,0.0
SIR,7,183,0.0
SIR,7,184,0.0
SIR,7,185,0.0
SIR,7,186,0.0
SIR,7,187,0.0
SIR,7,188,0.0
SIR,7,189,0.0
SIR,7,190,0.0
SIR,7,191,0.0
SIR,7,192,0.0
SIR,7,193,0.0
SIR,7,194,0.0
SIR,7,195,0.0
SIR,7,196,0.0
SIR,7,197,0.0
SIR,7,198,0.0
SIR,7,199,0.0
SIR,7,200,0.0
SIR,7,201,0.0
SIR,7,202,0.0
SIR,7,203,0.0
SIR,7,204,0.0
SIR,7,205,0.0
SIR,7,206,0.0
SIR,7,207,0.0
SIR,7,208,0.0
SIR,7,209,0.0
SIR,7,210,0.0
SIR,7,211,0.0
SIR,7,212,0.0
SIR,7,213,0.0
SIR,7,214,0.0
SIR,7,215,0.0
SIR,7,216,0.0
SIR,7,217,0.0
SIR,7,218,0.0
SIR,7,219,0.0
SIR,7,220,0.0
SIR,7,221,0.0
SIR,7,222,0.0
SIR,7,223,0.0
SIR,7,224,0.0
SIR,7,225,0.0
SIR,7,226,0.0
SIR,7,227,0.0
SIR,7,228,0.0
SIR,7,229,0.0
SIR,7,230,0.0
SIR,7,231,0.0
SIR,7,232,0.0
SIR,7,233,0.0
SIR,7,234,0.0
SIR,7,235,0.0
SIR,7,236,0.0
SIR,7,237,0.0
SIR,7,238,0.0
SIR,7,239,0.0
SIR,7,240,0.0
SIR,7,241,0.0
SIR,7,242,0.0
SIR,7,243,0.0
SIR,7,244,0.0
SIR,7,245,0.0
SIR,7,246,0.0
SIR,7,247,0.0
SIR,7,248,0.0
SIR,7,249,0.0
SIR,7,250,0.0
SIR,7,251,0.0
SIR,7,252,0.0
SIR,7,253,0.0
SIR,7,254,0.0
SIR,7,255,0.0
SIR,7,256,0.0
SIR,7,257,0.0
SIR,7,258,0.0
SIR,7,259,0.0
SIR,7,260,0.0
SIR,7,261,0.0
SIR,7,262,0.0
SIR,7,263,0.0
SIR,7,264,0.0
SIR,7,265,0.0
SIR,7,266,0.0
SIR,7,267,0.0
SIR,7,268,0.0
SIR,7,269,0.0
SIR,7,270,0.0
SIR,7,271,0.0
SIR,7,272,0.0
SIR,7,273,0.0
SIR,7,274,0.0
SIR,7,275,0.0
SIR,7,276,0.0
SIR,7,277,0.0
SIR,7,278,0.0
SIR,7,279,0.0
SIR,7,280,0.0
SIR,7,281,0.0
SIR,7,282,0.0
SIR,7,283,0.0
SIR,7,284,0.0
SIR,7,285,0.0
SIR,7,286,0.0
SIR,7,287,0.0
SIR,7,288,0.0
SIR,7,289,0.0
SIR,7,290,0.0
SIR,7,291,0.0
SIR,7,292,0.0
SIR,7,293,0.0
SIR,7,294,0.0
SIR,7,295,0.0
SIR,7,296,0.0
SIR,7,297,0.0
SIR,7,298,0.0
SIR,7,299,0.0
SIR,7,300,0.0
SIR,8,0,0.08823529411764706
SIR,8,1,0.11764705882352941
SIR,8,2,0.17647058823529413
SIR,8,3,0.17647058823529413
SIR,8,4,0.14705882352941177
SIR,8,5,0.14705882352941177
SIR,8,6,0.14705882352941177
SIR,8,7,0.11764705882352941
SIR,8,8,0.11764705882352941
SIR,8,9,0.11764705882352941
SIR,8,10,0.20588235294117646
SIR,8,11,0.20588235294117646
SIR,8,12,0.20588235294117646
SIR,8,13,0.14705882352941177
SIR,8,14,0.14705882352941177
SIR,8,15,0.08823529411764706
SIR,8,16,0.11764705882352941
SIR,8,17,0.08823529411764706
SIR,8,18,0.08823529411764706
SIR,8,19,0.029411764705882353
SIR,8,20,0.029411764705882353
SIR,8,21,0.0
SIR,8,22,0.0
SIR,8,23,0.0
SIR,8,24,0.0
SIR,8,25,0.0
SIR,8,26,0.0
SIR,8,27,0.0
SIR,8,28,0.0
SIR,8,29,0.0
SIR,8,30,0.0
SIR,8,31,0.0
SIR,8,32,0.0
SIR,8,33,0.0
SIR,8,34,0.0
SIR,8,35,0.0
SIR,8,36,0.0
SIR,8,37,0.0
SIR,8,38,0.0
SIR,8,39,0.0
SIR,8,40,0.0
SIR,8,41,0.0
SIR,8,42,0.0
SIR,8,43,0.0
SIR,8,44,0.0
SIR,8,45,0.0
SIR,8,46,0.0
SIR,8,47,0.0
SIR,8,48,0.0
SIR,8,49,0.0
SIR,8,50,0.0
SIR,8,51,0.0
SIR,8,52,0.0
SIR,8,53,0.0
SIR,8,54,0.0
SIR,8,55,0.0
SIR,8,56,0.0
SIR,8,57,0.0
SIR,8,58,0.0
SIR,8,59,0.0
SIR,8,60,0.0
SIR,8,61,0.0
SIR,8,62,0.0
SIR,8,63,0.0
SIR,8,64,0.0
SIR,8,65,0.0
SIR,8,66,0.0
SIR,8,67,0.0
SIR,8,68,0.0
SIR,8,69,0.0
SIR,8,70,0.0
SIR,8,71,0.0
SIR,8,72,0.0
SIR,8,73,0.0
SIR,8,74,0.0
SIR,8,75,0.0
SIR,8,76,0.0
SIR,8,77,0.0
SIR,8,78,0.0
SIR,8,79,0.0
SIR,8,80,0.0
SIR,8,81,0.0
SIR,8,82,0.0
SIR,8,83,0.0
SIR,8,84,0.0
SIR,8,85,0.0
SIR,8,86,0.0
SIR,8,87,0.0
SIR,8,88,0.0
SIR,8,89,0.0
SIR,8,90,0.0
SIR,8,91,0.0
SIR,8,92,0.0
SIR,8,93,0.0
SIR,8,94,0.0
SIR,8,95,0.0
SIR,8,96,0.0
SIR,8,97,0.0
SIR,8,98,0.0
SIR,8,99,0.0
SIR,8,100,0.0
SIR,8,101,0.0
SIR,8,102,0.0
SIR,8,103,0.0
SIR,8,104,0.0
SIR,8,105,0.0
SIR,8,106,0.0
SIR,8,107,0.0
SIR,8,108,0.0
SIR,8,109,0.0
SIR,8,110,0.0
SIR,8,111,0.0
SIR,8,112,0.0
SIR,8,113,0.0
SIR,8,114,0.0
SIR,8,115,0.0
SIR,8,116,0.0
SIR,8,117,0.0
SIR,8,118,0.0
SIR,8,119,0.0
SIR,8,120,0.0
SIR,8,121,0.0
SIR,8,122,0.0
SIR,8,123,0.0
SIR,8,124,0.0
SIR,8,125,0.0
SIR,8,126,0.0
SIR,8,127,0.0
SIR,8,128,0.0
SIR,8,129,0.0
SIR,8,130,0.0
SIR,8,131,0.0
SIR,8,132,0.0
SIR,8,133,0.0
SIR,8,134,0.0
SIR,8,135,0.0
SIR,8,136,0.0
SIR,8,137,0.0
SIR,8,138,0.0
SIR,8,139,0.0
SIR,8,140,0.0
SIR,8,141,0.0
SIR,8,142,0.0
SIR,8,143,0.0
SIR,8,144,0.0
SIR,8,145,0.0
SIR,8,146,0.0
SIR,8,147,0.0
SIR,8,148,0.0
SIR,8,149,0.0
SIR,8,150,0.0
SIR,8,151,0.0
SIR,8,152,0.0
SIR,8,153,0.0
SIR,8,154,0.0
SIR,8,155,0.0
SIR,8,156,0.0
SIR,8,157,0.0
SIR,8,158,0.0
SIR,8,159,0.0
SIR,8,160,0.0
SIR,8,161,0.0
SIR,8,162,0.0
SIR,8,163,0.0
SIR,8,164,0.0
SIR,8,165,0.0
SIR,8,166,0.0
SIR,8,167,0.0
SIR,8,168,0.0
SIR,8,169,0.0
SIR,8,170,0.0
SIR,8,171,0.0
SIR,8,172,0.0
SIR,8,173,0.0
SIR,8,174,0.0
SIR,8,175,0.0
SIR,8,176,0.0
SIR,8,177,0.0
SIR,8,178,0.0
SIR,8,179,0.0
SIR,8,180,0.0
SIR,8,181,0.0
SIR,8,182,0.0
SIR,8,183,0.0
SIR,8,184,0.0
SIR,8,185,0.0
SIR,8,186,0.0
SIR,8,187,0.0
SIR,8,188,0.0
SIR,8,189,0.0
SIR,8,190,0.0
SIR,8,191,0.0
SIR,8,192,0.0
SIR,8,193,0.0
SIR,8,194,0.0
SIR,8,195,0.0
SIR,8,196,0.0
SIR,8,197,0.0
SIR,8,198,0.0
SIR,8,199,0.0
SIR,8,200,0.0
SIR,8,201,0.0
SIR,8,202,0.0
SIR,8,203,0.0
SIR,8,204,0.0
SIR,8,205,0.0
SIR,8,206,0.0
SIR,8,207,0.0
SIR,8,208,0.0
SIR,8,209,0.0
SIR,8,210,0.0
SIR,8,211,0.0
SIR,8,212,0.0
SIR,8,213,0.0
SIR,8,214,0.0
SIR,8,215,0.0
SIR,8,216,0.0
SIR,8,217,0.0
SIR,8,218,0.0
SIR,8,219,0.0
SIR,8,220,0.0
SIR,8,221,0.0
SIR,8,222,0.0
SIR,8,223,0.0
SIR,8,224,0.0
SIR,8,225,0.0
SIR,8,226,0.0
SIR,8,227,0.0
SIR,8,228,0.0
SIR,8,229,0.0
SIR,8,230,0.0
SIR,8,231,0.0
SIR,8,232,0.0
SIR,8,233,0.0
SIR,8,234,0.0
SIR,8,235,0.0
SIR,8,236,0.0
SIR,8,237,0.0
SIR,8,238,0.0
SIR,8,239,0.0
SIR,8,240,0.0
SIR,8,241,0.0
SIR,8,242,0.0
SIR,8,243,0.0
SIR,8,244,0.0
SIR,8,245,0.0
SIR,8,246,0.0
SIR,8,247,0.0
SIR,8,248,0.0
SIR,8,249,0.0
SIR,8,250,0.0
SIR,8,251,0.0
SIR,8,252,0.0
SIR,8,253,0.0
SIR,8,254,0.0
SIR,8,255,0.0
SIR,8,256,0.0
SIR,8,257,0.0
SIR,8,258,0.0
SIR,8,259,0.0
SIR,8,260,0.0
SIR,8,261,0.0
SIR,8,262,0.0
SIR,8,263,0.0
SIR,8,264,0.0
SIR,8,265,0.0
SIR,8,266,0.0
SIR,8,267,0.0
SIR,8,268,0.0
SIR,8,269,0.0
SIR,8,270,0.0
SIR,8,271,0.0
SIR,8,272,0.0
SIR,8,273,0.0
SIR,8,274,0.0
SIR,8,275,0.0
SIR,8,276,0.0
SIR,8,277,0.0
SIR,8,278,0.0
SIR,8,279,0.0
SIR,8,280,0.0
SIR,8,281,0.0
SIR,8,282,0.0
SIR,8,283,0.0
SIR,8,284,0.0
SIR,8,285,0.0
SIR,8,286,0.0
SIR,8,287,0.0
SIR,8,288,0.0
SIR,8,289,0.0
SIR,8,290,0.0
SIR,8,291,0.0
SIR,8,292,0.0
SIR,8,293,0.0
SIR,8,294,0.0
SIR,8,295,0.0
SIR,8,296,0.0
SIR,8,297,0.0
SIR,8,298,0.0
SIR,8,299,0.0
SIR,8,300,0.0
SIR,9,0,0.08823529411764706
SIR,9,1,0.11764705882352941
SIR,9,2,0.17647058823529413
SIR,9,3,0.2647058823529412
SIR,9,4,0.29411764705882354
SIR,9,5,0.29411764705882354
SIR,9,6,0.29411764705882354
SIR,9,7,0.2647058823529412
SIR,9,8,0.23529411764705882
SIR,9,9,0.17647058823529413
SIR,9,10,0.14705882352941177
SIR,9,11,0.14705882352941177
SIR,9,12,0.17647058823529413
SIR,9,13,0.2647058823529412
SIR,9,14,0.20588235294117646
SIR,9,15,0.17647058823529413
SIR,9,16,0.14705882352941177
SIR,9,17,0.14705882352941177
SIR,9,18,0.17647058823529413
SIR,9,19,0.14705882352941177
SIR,9,20,0.11764705882352941
SIR,9,21,0.08823529411764706
SIR,9,22,0.058823529411764705
SIR,9,23,0.058823529411764705
SIR,9,24,0.058823529411764705
SIR,9,25,0.058823529411764705
SIR,9,26,0.058823529411764705
SIR,9,27,0.058823529411764705
SIR,9,28,0.058823529411764705
SIR,9,29,0.058823529411764705
SIR,9,30,0.029411764705882353
SIR,9,31,0.029411764705882353
SIR,9,32,0.0
SIR,9,33,0.0
SIR,9,34,0.0
SIR,9,35,0.0
SIR,9,36,0.0
SIR,9,37,0.0
SIR,9,38,0.0
SIR,9,39,0.0
SIR,9,40,0.0
SIR,9,41,0.0
SIR,9,42,0.0
SIR,9,43,0.0
SIR,9,44,0.0
SIR,9,45,0.0
SIR,9,46,0.0
SIR,9,47,0.0
SIR,9,48,0.0
SIR,9,49,0.0
SIR,9,50,0.0
SIR,9,51,0.0
SIR,9,52,0.0
SIR,9,53,0.0
SIR,9,54,0.0
SIR,9,55,0.0
SIR,9,56,0.0
SIR,9,57,0.0
SIR,9,58,0.0
SIR,9,59,0.0
SIR,9,60,0.0
SIR,9,61,0.0
SIR,9,62,0.0
SIR,9,63,0.0
SIR,9,64,0.0
SIR,9,65,0.0
SIR,9,66,0.0
SIR,9,67,0.0
SIR,9,68,0.0
SIR,9,69,0.0
SIR,9,70,0.0
SIR,9,71,0.0
SIR,9,72,0.0
SIR,9,73,0.0
SIR,9,74,0.0
SIR,9,75,0.0
SIR,9,76,0.0
SIR,9,77,0.0
SIR,9,78,0.0
SIR,9,79,0.0
SIR,9,80,0.0
SIR,9,81,0.0
SIR,9,82,0.0
SIR,9,83,0.0
SIR,9,84,0.0
SIR,9,85,0.0
SIR,9,86,0.0
SIR,9,87,0.0
SIR,9,88,0.0
SIR,9,89,0.0
SIR,9,90,0.0
SIR,9,91,0.0
SIR,9,92,0.0
SIR,9,93,0.0
SIR,9,94,0.0
SIR,9,95,0.0
SIR,9,96,0.0
SIR,9,97,0.0
SIR,9,98,0.0
SIR,9,99,0.0
SIR,9,100,0.0
SIR,9,101,0.0
SIR,9,102,0.0
SIR,9,103,0.0
SIR,9,104,0.0
SIR,9,105,0.0
SIR,9,106,0.0
SIR,9,107,0.0
SIR,9,108,0.0
SIR,9,109,0.0
SIR,9,110,0.0
SIR,9,111,0.0
SIR,9,112,0.0
SIR,9,113,0.0
SIR,9,114,0.0
SIR,9,115,0.0
SIR,9,116,0.0
SIR,9,117,0.0
SIR,9,118,0.0
SIR,9,119,0.0
SIR,9,120,0.0
SIR,9,121,0.0
SIR,9,122,0.0
SIR,9,123,0.0
SIR,9,124,0.0
SIR,9,125,0.0
SIR,9,126,0.0
SIR,9,127,0.0
SIR,9,128,0.0
SIR,9,129,0.0
SIR,9,130,0.0
SIR,9,131,0.0
SIR,9,132,0.0
SIR,9,133,0.0
SIR,9,134,0.0
SIR,9,135,0.0
SIR,9,136,0.0
SIR,9,137,0.0
SIR,9,138,0.0
SIR,9,139,0.0
SIR,9,140,0.0
SIR,9,141,0.0
SIR,9,142,0.0
SIR,9,143,0.0
SIR,9,144,0.0
SIR,9,145,0.0
SIR,9,146,0.0
SIR,9,147,0.0
SIR,9,148,0.0
SIR,9,149,0.0
SIR,9,150,0.0
SIR,9,151,0.0
SIR,9,152,0.0
SIR,9,153,0.0
SIR,9,154,0.0
SIR,9,155,0.0
SIR,9,156,0.0
SIR,9,157,0.0
SIR,9,158,0.0
SIR,9,159,0.0
SIR,9,160,0.0
SIR,9,161,0.0
SIR,9,162,0.0
SIR,9,163,0.0
SIR,9,164,0.0
SIR,9,165,0.0
SIR,9,166,0.0
SIR,9,167,0.0
SIR,9,168,0.0
SIR,9,169,0.0
SIR,9,170,0.0
SIR,9,171,0.0
SIR,9,172,0.0
SIR,9,173,0.0
SIR,9,174,0.0
SIR,9,175,0.0
SIR,9,176,0.0
SIR,9,177,0.0
SIR,9,178,0.0
SIR,9,179,0.0
SIR,9,180,0.0
SIR,9,181,0.0
SIR,9,182,0.0
SIR,9,183,0.0
SIR,9,184,0.0
SIR,9,185,0.0
SIR,9,186,0.0
SIR,9,187,0.0
SIR,9,188,0.0
SIR,9,189,0.0
SIR,9,190,0.0
SIR,9,191,0.0
SIR,9,192,0.0
SIR,9,193,0.0
SIR,9,194,0.0
SIR,9,195,0.0
SIR,9,196,0.0
SIR,9,197,0.0
SIR,9,198,0.0
SIR,9,199,0.0
SIR,9,200,0.0
SIR,9,201,0.0
SIR,9,202,0.0
SIR,9,203,0.0
SIR,9,204,0.0
SIR,9,205,0.0
SIR,9,206,0.0
SIR,9,207,0.0
SIR,9,208,0.0
SIR,9,209,0.0
SIR,9,210,0.0
SIR,9,211,0.0
SIR,9,212,0.0
SIR,9,213,0.0
SIR,9,214,0.0
SIR,9,215,0.0
SIR,9,216,0.0
SIR,9,217,0.0
SIR,9,218,0.0
SIR,9,219,0.0
SIR,9,220,0.0
SIR,9,221,0.0
SIR,9,222,0.0
SIR,9,223,0.0
SIR,9,224,0.0
SIR,9,225,0.0
SIR,9,226,0.0
SIR,9,227,0.0
SIR,9,228,0.0
SIR,9,229,0.0
SIR,9,230,0.0
SIR,9,231,0.0
SIR,9,232,0.0
SIR,9,233,0.0
SIR,9,234,0.0
SIR,9,235,0.0
SIR,9,236,0.0
SIR,9,237,0.0
SIR,9,238,0.0
SIR,9,239,0.0
SIR,9,240,0.0
SIR,9,241,0.0
SIR,9,242,0.0
SIR,9,243,0.0
SIR,9,244,0.0
SIR,9,245,0.0
SIR,9,246,0.0
SIR,9,247,0.0
SIR,9,248,0.0
SIR,9,249,0.0
SIR,9,250,0.0
SIR,9,251,0.0
SIR,9,252,0.0
SIR,9,253,0.0
SIR,9,254,0.0
SIR,9,255,0.0
SIR,9,256,0.0
SIR,9,257,0.0
SIR,9,258,0.0
SIR,9,259,0.0
SIR,9,260,0.0
SIR,9,261,0.0
SIR,9,262,0.0
SIR,9,263,0.0
SIR,9,264,0.0
SIR,9,265,0.0
SIR,9,266,0.0
SIR,9,267,0.0
SIR,9,268,0.0
SIR,9,269,0.0
SIR,9,270,0.0
SIR,9,271,0.0
SIR,9,272,0.0
SIR,9,273,0.0
SIR,9,274,0.0
SIR,9,275,0.0
SIR,9,276,0.0
SIR,9,277,0.0
SIR,9,278,0.0
SIR,9,279,0.0
SIR,9,280,0.0
SIR,9,281,0.0
SIR,9,282,0.0
SIR,9,283,0.0
SIR,9,284,0.0
SIR,9,285,0.0
SIR,9,286,0.0
SIR,9,287,0.0
SIR,9,288,0.0
SIR,9,289,0.0
SIR,9,290,0.0
SIR,9,291,0.0
SIR,9,292,0.0
SIR,9,293,0.0
SIR,9,294,0.0
SIR,9,295,0.0
SIR,9,296,0.0
SIR,9,297,0.0
SIR,9,298,0.0
SIR,9,299,0.0
SIR,9,300,0.0
SIR,10,0,0.08823529411764706
SIR,10,1,0.08823529411764706
SIR,10,2,0.08823529411764706
SIR,10,3,0.08823529411764706
SIR,10,4,0.08823529411764706
SIR,10,5,0.058823529411764705
SIR,10,6,0.08823529411764706
SIR,10,7,0.029411764705882353
SIR,10,8,0.0
SIR,10,9,0.0
SIR,10,10,0.0
SIR,10,11,0.0
SIR,10,12,0.0
SIR,10,13,0.0
SIR,10,14,0.0
SIR,10,15,0.0
SIR,10,16,0.0
SIR,10,17,0.0
SIR,10,18,0.0
SIR,10,19,0.0
SIR,10,20,0.0
SIR,10,21,0.0
SIR,10,22,0.0
SIR,10,23,0.0
SIR,10,24,0.0
SIR,10,25,0.0
SIR,10,26,0.0
SIR,10,27,0.0
SIR,10,28,0.0
SIR,10,29,0.0
SIR,10,30,0.0
SIR,10,31,0.0
SIR,10,32,0.0
SIR,10,33,0.0
SIR,10,34,0.0
SIR,10,35,0.0
SIR,10,36,0.0
SIR,10,37,0.0
SIR,10,38,0.0
SIR,10,39,0.0
SIR,10,40,0.0
SIR,10,41,0.0
SIR,10,42,0.0
SIR,10,43,0.0
SIR,10,44,0.0
SIR,10,45,0.0
SIR,10,46,0.0
SIR,10,47,0.0
SIR,10,48,0.0
SIR,10,49,0.0
SIR,10,50,0.0
SIR,10,51,0.0
SIR,10,52,0.0
SIR,10,53,0.0
SIR,10,54,0.0
SIR,10,55,0.0
SIR,10,56,0.0
SIR,10,57,0.0
SIR,10,58,0.0
SIR,10,59,0.0
SIR,10,60,0.0
SIR,10,61,0.0
SIR,10,62,0.0
SIR,10,63,0.0
SIR,10,64,0.0
SIR,10,65,0.0
SIR,10,66,0.0
SIR,10,67,0.0
SIR,10,68,0.0
SIR,10,69,0.0
SIR,10,70,0.0
SIR,10,71,0.0
SIR,10,72,0.0
SIR,10,73,0.0
SIR,10,74,0.0
SIR,10,75,0.0
SIR,10,76,0.0
SIR,10,77,0.0
SIR,10,78,0.0
SIR,10,79,0.0
SIR,10,80,0.0
SIR,10,81,0.0
SIR,10,82,0.0
SIR,10,83,0.0
SIR,10,84,0.0
SIR,10,85,0.0
SIR,10,86,0.0
SIR,10,87,0.0
SIR,10,88,0.0
SIR,10,89,0.0
SIR,10,90,0.0
SIR,10,91,0.0
SIR,10,92,0.0
SIR,10,93,0.0
SIR,10,94,0.0
SIR,10,95,0.0
SIR,10,96,0.0
SIR,10,97,0.0
SIR,10,98,0.0
SIR,10,99,0.0
SIR,10,100,0.0
SIR,10,101,0.0
SIR,10,102,0.0
SIR,10,103,0.0
SIR,10,104,0.0
SIR,10,105,0.0
SIR,10,106,0.0
SIR,10,107,0.0
SIR,10,108,0.0
SIR,10,109,0.0
SIR,10,110,0.0
SIR,10,111,0.0
SIR,10,112,0.0
SIR,10,113,0.0
SIR,10,114,0.0
SIR,10,115,0.0
SIR,10,116,0.0
SIR,10,117,0.0
SIR,10,118,0.0
SIR,10,119,0.0
SIR,10,120,0.0
SIR,10,121,0.0
SIR,10,122,0.0
SIR,10,123,0.0
SIR,10,124,0.0
SIR,10,125,0.0
SIR,10,126,0.0
SIR,10,127,0.0
SIR,10,128,0.0
SIR,10,129,0.0
SIR,10,130,0.0
SIR,10,131,0.0
SIR,10,132,0.0
SIR,10,133,0.0
SIR,10,134,0.0
SIR,10,135,0.0
SIR,10,136,0.0
SIR,10,137,0.0
SIR,10,138,0.0
SIR,10,139,0.0
SIR,10,140,0.0
SIR,10,141,0.0
SIR,10,142,0.0
SIR,10,143,0.0
SIR,10,144,0.0
SIR,10,145,0.0
SIR,10,146,0.0
SIR,10,147,0.0
SIR,10,148,0.0
SIR,10,149,0.0
SIR,10,150,0.0
SIR,10,151,0.0
SIR,10,152,0.0
SIR,10,153,0.0
SIR,10,154,0.0
SIR,10,155,0.0
SIR,10,156,0.0
SIR,10,157,0.0
SIR,10,158,0.0
SIR,10,159,0.0
SIR,10,160,0.0
SIR,10,161,0.0
SIR,10,162,0.0
SIR,10,163,0.0
SIR,10,164,0.0
SIR,10,165,0.0
SIR,10,166,0.0
SIR,10,167,0.0
SIR,10,168,0.0
SIR,10,169,0.0
SIR,10,170,0.0
SIR,10,171,0.0
SIR,10,172,0.0
SIR,10,173,0.0
SIR,10,174,0.0
SIR,10,175,0.0
SIR,10,176,0.0
SIR,10,177,0.0
SIR,10,178,0.0
SIR,10,179,0.0
SIR,10,180,0.0
SIR,10,181,0.0
SIR,10,182,0.0
SIR,10,183,0.0
SIR,10,184,0.0
SIR,10,185,0.0
SIR,10,186,0.0
SIR,10,187,0.0
SIR,10,188,0.0
SIR,10,189,0.0
SIR,10,190,0.0
SIR,10,191,0.0
SIR,10,192,0.0
SIR,10,193,0.0
SIR,10,194,0.0
SIR,10,195,0.0
SIR,10,196,0.0
SIR,10,197,0.0
SIR,10,198,0.0
SIR,10,199,0.0
SIR,10,200,0.0
SIR,10,201,0.0
SIR,10,202,0.0
SIR,10,203,0.0
SIR,10,204,0.0
SIR,10,205,0.0
SIR,10,206,0.0
SIR,10,207,0.0
SIR,10,208,0.0
SIR,10,209,0.0
SIR,10,210,0.0
SIR,10,211,0.0
SIR,10,212,0.0
SIR,10,213,0.0
SIR,10,214,0.0
SIR,10,215,0.0
SIR,10,216,0.0
SIR,10,217,0.0
SIR,10,218,0.0
SIR,10,219,0.0
SIR,10,220,0.0
SIR,10,221,0.0
SIR,10,222,0.0
SIR,10,223,0.0
SIR,10,224,0.0
SIR,10,225,0.0
SIR,10,226,0.0
SIR,10,227,0.0
SIR,10,228,0.0
SIR,10,229,0.0
SIR,10,230,0.0
SIR,10,231,0.0
SIR,10,232,0.0
SIR,10,233,0.0
SIR,10,234,0.0
SIR,10,235,0.0
SIR,10,236,0.0
SIR,10,237,0.0
SIR,10,238,0.0
SIR,10,239,0.0
SIR,10,240,0.0
SIR,10,241,0.0
SIR,10,242,0.0
SIR,10,243,0.0
SIR,10,244,0.0
SIR,10,245,0.0
SIR,10,246,0.0
SIR,10,247,0.0
SIR,10,248,0.0
SIR,10,249,0.0
SIR,10,250,0.0
SIR,10,251,0.0
SIR,10,252,0.0
SIR,10,253,0.0
SIR,10,254,0.0
SIR,10,255,0.0
SIR,10,256,0.0
SIR,10,257,0.0
SIR,10,258,0.0
SIR,10,259,0.0
SIR,10,260,0.0
SIR,10,261,0.0
SIR,10,262,0.0
SIR,10,263,0.0
SIR,10,264,0.0
SIR,10,265,0.0
SIR,10,266,0.0
SIR,10,267,0.0
SIR,10,268,0.0
SIR,10,269,0.0
SIR,10,270,0.0
SIR,10,271,0.0
SIR,10,272,0.0
SIR,10,273,0.0
SIR,10,274,0.0
SIR,10,275,0.0
SIR,10,276,0.0
SIR,10,277,0.0
SIR,10,278,0.0
SIR,10,279,0.0
SIR,10,280,0.0
SIR,10,281,0.0
SIR,10,282,0.0
SIR,10,283,0.0
SIR,10,284,0.0
SIR,10,285,0.0
SIR,10,286,0.0
SIR,10,287,0.0
SIR,10,288,0.0
SIR,10,289,0.0
SIR,10,290,0.0
SIR,10,291,0.0
SIR,10,292,0.0
SIR,10,293,0.0
SIR,10,294,0.0
SIR,10,295,0.0
SIR,10,296,0.0
SIR,10,297,0.0
SIR,10,298,0.0
SIR,10,299,0.0
SIR,10,300,0.0
SIR,11,0,0.08823529411764706
SIR,11,1,0.08823529411764706
SIR,11,2,0.14705882352941177
SIR,11,3,0.14705882352941177
SIR,11,4,0.23529411764705882
SIR,11,5,0.23529411764705882
SIR,11,6,0.3235294117647059
SIR,11,7,0.35294117647058826
SIR,11,8,0.4411764705882353
SIR,11,9,0.3235294117647059
SIR,11,10,0.2647058823529412
SIR,11,11,0.23529411764705882
SIR,11,12,0.23529411764705882
SIR,11,13,0.14705882352941177
SIR,11,14,0.14705882352941177
SIR,11,15,0.08823529411764706
SIR,11,16,0.08823529411764706
SIR,11,17,0.058823529411764705
SIR,11,18,0.058823529411764705
SIR,11,19,0.058823529411764705
SIR,11,20,0.029411764705882353
SIR,11,21,0.058823529411764705
SIR,11,22,0.058823529411764705
SIR,11,23,0.029411764705882353
SIR,11,24,0.029411764705882353
SIR,11,25,0.029411764705882353
SIR,11,26,0.029411764705882353
SIR,11,27,0.029411764705882353
SIR,11,28,0.029411764705882353
SIR,11,29,0.029411764705882353
SIR,11,30,0.029411764705882353
SIR,11,31,0.0
SIR,11,32,0.0
SIR,11,33,0.0
SIR,11,34,0.0
SIR,11,35,0.0
SIR,11,36,0.0
SIR,11,37,0.0
SIR,11,38,0.0
SIR,11,39,0.0
SIR,11,40,0.0
SIR,11,41,0.0
SIR,11,42,0.0
SIR,11,43,0.0
SIR,11,44,0.0
SIR,11,45,0.0
SIR,11,46,0.0
SIR,11,47,0.0
SIR,11,48,0.0
SIR,11,49,0.0
SIR,11,50,0.0
SIR,11,51,0.0
SIR,11,52,0.0
SIR,11,53,0.0
SIR,11,54,0.0
SIR,11,55,0.0
SIR,11,56,0.0
SIR,11,57,0.0
SIR,11,58,0.0
SIR,11,59,0.0
SIR,11,60,0.0
SIR,11,61,0.0
SIR,11,62,0.0
SIR,11,63,0.0
SIR,11,64,0.0
SIR,11,65,0.0
SIR,11,66,0.0
SIR,11,67,0.0
SIR,11,68,0.0
SIR,11,69,0.0
SIR,11,70,0.0
SIR,11,71,0.0
SIR,11,72,0.0
SIR,11,73,0.0
SIR,11,74,0.0
SIR,11,75,0.0
SIR,11,76,0.0
SIR,11,77,0.0
SIR,11,78,0.0
SIR,11,79,0.0
SIR,11,80,0.0
SIR,11,81,0.0
SIR,11,82,0.0
SIR,11,83,0.0
SIR,11,84,0.0
SIR,11,85,0.0
SIR,11,86,0.0
SIR,11,87,0.0
SIR,11,88,0.0
SIR,11,89,0.0
SIR,11,90,0.0
SIR,11,91,0.0
SIR,11,92,0.0
SIR,11,93,0.0
SIR,11,94,0.0
SIR,11,95,0.0
SIR,11,96,0.0
SIR,11,97,0.0
SIR,11,98,0.0
SIR,11,99,0.0
SIR,11,100,0.0
SIR,11,101,0.0
SIR,11,102,0.0
SIR,11,103,0.0
SIR,11,104,0.0
SIR,11,105,0.0
SIR,11,106,0.0
SIR,11,107,0.0
SIR,11,108,0.0
SIR,11,109,0.0
SIR,11,110,0.0
SIR,11,111,0.0
SIR,11,112,0.0
SIR,11,113,0.0
SIR,11,114,0.0
SIR,11,115,0.0
SIR,11,116,0.0
SIR,11,117,0.0
SIR,11,118,0.0
SIR,11,119,0.0
SIR,11,120,0.0
SIR,11,121,0.0
SIR,11,122,0.0
SIR,11,123,0.0
SIR,11,124,0.0
SIR,11,125,0.0
SIR,11,126,0.0
SIR,11,127,0.0
SIR,11,128,0.0
SIR,11,129,0.0
SIR,11,130,0.0
SIR,11,131,0.0
SIR,11,132,0.0
SIR,11,133,0.0
SIR,11,134,0.0
SIR,11,135,0.0
SIR,11,136,0.0
SIR,11,137,0.0
SIR,11,138,0.0
SIR,11,139,0.0
SIR,11,140,0.0
SIR,11,141,0.0
SIR,11,142,0.0
SIR,11,143,0.0
SIR,11,144,0.0
SIR,11,145,0.0
SIR,11,146,0.0
SIR,11,147,0.0
SIR,11,148,0.0
SIR,11,149,0.0
SIR,11,150,0.0
SIR,11,151,0.0
SIR,11,152,0.0
SIR,11,153,0.0
SIR,11,154,0.0
SIR,11,155,0.0
SIR,11,156,0.0
SIR,11,157,0.0
SIR,11,158,0.0
SIR,11,159,0.0
SIR,11,160,0.0
SIR,11,161,0.0
SIR,11,162,0.0
SIR,11,163,0.0
SIR,11,164,0.0
SIR,11,165,0.0
SIR,11,166,0.0
SIR,11,167,0.0
SIR,11,168,0.0
SIR,11,169,0.0
SIR,11,170,0.0
SIR,11,171,0.0
SIR,11,172,0.0
SIR,11,173,0.0
SIR,11,174,0.0
SIR,11,175,0.0
SIR,11,176,0.0
SIR,11,177,0.0
SIR,11,178,0.0
SIR,11,179,0.0
SIR,11,180,0.0
SIR,11,181,0.0
SIR,11,182,0.0
SIR,11,183,0.0
SIR,11,184,0.0
SIR,11,185,0.0
SIR,11,186,0.0
SIR,11,187,0.0
SIR,11,188,0.0
SIR,11,189,0.0
SIR,11,190,0.0
SIR,11,191,0.0
SIR,11,192,0.0
SIR,11,193,0.0
SIR,11,194,0.0
SIR,11,195,0.0
SIR,11,196,0.0
SIR,11,197,0.0
SIR,11,198,0.0
SIR,11,199,0.0
SIR,11,200,0.0
SIR,11,201,0.0
SIR,11,202,0.0
SIR,11,203,0.0
SIR,11,204,0.0
SIR,11,205,0.0
SIR,11,206,0.0
SIR,11,207,0.0
SIR,11,208,0.0
SIR,11,209,0.0
SIR,11,210,0.0
SIR,11,211,0.0
SIR,11,212,0.0
SIR,11,213,0.0
SIR,11,214,0.0
SIR,11,215,0.0
SIR,11,216,0.0
SIR,11,217,0.0
SIR,11,218,0.0
SIR,11,219,0.0
SIR,11,220,0.0
SIR,11,221,0.0
SIR,11,222,0.0
SIR,11,223,0.0
SIR,11,224,0.0
SIR,11,225,0.0
SIR,11,226,0.0
SIR,11,227,0.0
SIR,11,228,0.0
SIR,11,229,0.0
SIR,11,230,0.0
SIR,11,231,0.0
SIR,11,232,0.0
SIR,11,233,0.0
SIR,11,234,0.0
SIR,11,235,0.0
SIR,11,236,0.0
SIR,11,237,0.0
SIR,11,238,0.0
SIR,11,239,0.0
SIR,11,240,0.0
SIR,11,241,0.0
SIR,11,242,0.0
SIR,11,243,0.0
SIR,11,244,0.0
SIR,11,245,0.0
SIR,11,246,0.0
SIR,11,247,0.0
SIR,11,248,0.0
SIR,11,249,0.0
SIR,11,250,0.0
SIR,11,251,0.0
SIR,11,252,0.0
SIR,11,253,0.0
SIR,11,254,0.0
SIR,11,255,0.0
SIR,11,256,0.0
SIR,11,257,0.0
SIR,11,258,0.0
SIR,11,259,0.0
SIR,11,260,0.0
SIR,11,261,0.0
SIR,11,262,0.0
SIR,11,263,0.0
SIR,11,264,0.0
SIR,11,265,0.0
SIR,11,266,0.0
SIR,11,267,0.0
SIR,11,268,0.0
SIR,11,269,0.0
SIR,11,270,0.0
SIR,11,271,0.0
SIR,11,272,0.0
SIR,11,273,0.0
SIR,11,274,0.0
SIR,11,275,0.0
SIR,11,276,0.0
SIR,11,277,0.0
SIR,11,278,0.0
SIR,11,279,0.0
SIR,11,280,0.0
SIR,11,281,0.0
SIR,11,282,0.0
SIR,11,283,0.0
SIR,11,284,0.0
SIR,11,285,0.0
SIR,11,286,0.0
SIR,11,287,0.0
SIR,11,288,0.0
SIR,11,289,0.0
SIR,11,290,0.0
SIR,11,291,0.0
SIR,11,292,0.0
SIR,11,293,0.0
SIR,11,294,0.0
SIR,11,295,0.0
SIR,11,296,0.0
SIR,11,297,0.0
SIR,11,298,0.0
SIR,11,299,0.0
SIR,11,300,0.0
SIR,12,0,0.08823529411764706
SIR,12,1,0.11764705882352941
SIR,12,2,0.17647058823529413
SIR,12,3,0.20588235294117646
SIR,12,4,0.20588235294117646
SIR,12,5,0.2647058823529412
SIR,12,6,0.29411764705882354
SIR,12,7,0.29411764705882354
SIR,12,8,0.20588235294117646
SIR,12,9,0.14705882352941177
SIR,12,10,0.11764705882352941
SIR,12,11,0.11764705882352941
SIR,12,12,0.08823529411764706
SIR,12,13,0.058823529411764705
SIR,12,14,0.029411764705882353
SIR,12,15,0.029411764705882353
SIR,12,16,0.0
SIR,12,17,0.0
SIR,12,18,0.0
SIR,12,19,0.0
SIR,12,20,0.0
SIR,12,21,0.0
SIR,12,22,0.0
SIR,12,23,0.0
SIR,12,24,0.0
SIR,12,25,0.0
SIR,12,26,0.0
SIR,12,27,0.0
SIR,12,28,0.0
SIR,12,29,0.0
SIR,12,30,0.0
SIR,12,31,0.0
SIR,12,32,0.0
SIR,12,33,0.0
SIR,12,34,0.0
SIR,12,35,0.0
SIR,12,36,0.0
SIR,12,37,0.0
SIR,12,38,0.0
SIR,12,39,0.0
SIR,12,40,0.0
SIR,12,41,0.0
SIR,12,42,0.0
SIR,12,43,0.0
SIR,12,44,0.0
SIR,12,45,0.0
SIR,12,46,0.0
SIR,12,47,0.0
SIR,12,48,0.0
SIR,12,49,0.0
SIR,12,50,0.0
SIR,12,51,0.0
SIR,12,52,0.0
SIR,12,53,0.0
SIR,12,54,0.0
SIR,12,55,0.0
SIR,12,56,0.0
SIR,12,57,0.0
SIR,12,58,0.0
SIR,12,59,0.0
SIR,12,60,0.0
SIR,12,61,0.0
SIR,12,62,0.0
SIR,12,63,0.0
SIR,12,64,0.0
SIR,12,65,0.0
SIR,12,66,0.0
SIR,12,67,0.0
SIR,12,68,0.0
SIR,12,69,0.0
SIR,12,70,0.0
SIR,12,71,0.0
SIR,12,72,0.0
SIR,12,73,0.0
SIR,12,74,0.0
SIR,12,75,0.0
SIR,12,76,0.0
SIR,12,77,0.0
SIR,12,78,0.0
SIR,12,79,0.0
SIR,12,80,0.0
SIR,12,81,0.0
SIR,12,82,0.0
SIR,12,83,0.0
SIR,12,84,0.0
SIR,12,85,0.0
SIR,12,86,0.0
SIR,12,87,0.0
SIR,12,88,0.0
SIR,12,89,0.0
SIR,12,90,0.0
SIR,12,91,0.0
SIR,12,92,0.0
SIR,12,93,0.0
SIR,12,94,0.0
SIR,12,95,0.0
SIR,12,96,0.0
SIR,12,97,0.0
SIR,12,98,0.0
SIR,12,99,0.0
SIR,12,100,0.0
SIR,12,101,0.0
SIR,12,102,0.0
SIR,12,103,0.0
SIR,12,104,0.0
SIR,12,105,0.0
SIR,12,106,0.0
SIR,12,107,0.0
SIR,12,108,0.0
SIR,12,109,0.0
SIR,12,110,0.0
SIR,12,111,0.0
SIR,12,112,0.0
SIR,12,113,0.0
SIR,12,114,0.0
SIR,12,115,0.0
SIR,12,116,0.0
SIR,12,117,0.0
SIR,12,118,0.0
SIR,12,119,0.0
SIR,12,120,0.0
SIR,12,121,0.0
SIR,12,122,0.0
SIR,12,123,0.0
SIR,12,124,0.0
SIR,12,125,0.0
SIR,12,126,0.0
SIR,12,127,0.0
SIR,12,128,0.0
SIR,12,129,0.0
SIR,12,130,0.0
SIR,12,131,0.0
SIR,12,132,0.0
SIR,12,133,0.0
SIR,12,134,0.0
SIR,12,135,0.0
SIR,12,136,0.0
SIR,12,137,0.0
SIR,12,138,0.0
SIR,12,139,0.0
SIR,12,140,0.0
SIR,12,141,0.0
SIR,12,142,0.0
SIR,12,143,0.0
SIR,12,144,0.0
SIR,12,145,0.0
SIR,12,146,0.0
SIR,12,147,0.0
SIR,12,148,0.0
SIR,12,149,0.0
SIR,12,150,0.0
SIR,12,151,0.0
SIR,12,152,0.0
SIR,12,153,0.0
SIR,12,154,0.0
SIR,12,155,0.0
SIR,12,156,0.0
SIR,12,157,0.0
SIR,12,158,0.0
SIR,12,159,0.0
SIR,12,160,0.0
SIR,12,161,0.0
SIR,12,162,0.0
SIR,12,163,0.0
SIR,12,164,0.0
SIR,12,165,0.0
SIR,12,166,0.0
SIR,12,167,0.0
SIR,12,168,0.0
SIR,12,169,0.0
SIR,12,170,0.0
SIR,12,171,0.0
SIR,12,172,0.0
SIR,12,173,0.0
SIR,12,174,0.0
SIR,12,175,0.0
SIR,12,176,0.0
SIR,12,177,0.0
SIR,12,178,0.0
SIR,12,179,0.0
SIR,12,180,0.0
SIR,12,181,0.0
SIR,12,182,0.0
SIR,12,183,0.0
SIR,12,184,0.0
SIR,12,185,0.0
SIR,12,186,0.0
SIR,12,187,0.0
SIR,12,188,0.0
SIR,12,189,0.0
SIR,12,190,0.0
SIR,12,191,0.0
SIR,12,192,0.0
SIR,12,193,0.0
SIR,12,194,0.0
SIR,12,195,0.0
SIR,12,196,0.0
SIR,12,197,0.0
SIR,12,198,0.0
SIR,12,199,0.0
SIR,12,200,0.0
SIR,12,201,0.0
SIR,12,202,0.0
SIR,12,203,0.0
SIR,12,204,0.0
SIR,12,205,0.0
SIR,12,206,0.0
SIR,12,207,0.0
SIR,12,208,0.0
SIR,12,209,0.0
SIR,12,210,0.0
SIR,12,211,0.0
SIR,12,212,0.0
SIR,12,213,0.0
SIR,12,214,0.0
SIR,12,215,0.0
SIR,12,216,0.0
SIR,12,217,0.0
SIR,12,218,0.0
SIR,12,219,0.0
SIR,12,220,0.0
SIR,12,221,0.0
SIR,12,222,0.0
SIR,12,223,0.0
SIR,12,224,0.0
SIR,12,225,0.0
SIR,12,226,0.0
SIR,12,227,0.0
SIR,12,228,0.0
SIR,12,229,0.0
SIR,12,230,0.0
SIR,12,231,0.0
SIR,12,232,0.0
SIR,12,233,0.0
SIR,12,234,0.0
SIR,12,235,0.0
SIR,12,236,0.0
SIR,12,237,0.0
SIR,12,238,0.0
SIR,12,239,0.0
SIR,12,240,0.0
SIR,12,241,0.0
SIR,12,242,0.0
SIR,12,243,0.0
SIR,12,244,0.0
SIR,12,245,0.0
SIR,12,246,0.0
SIR,12,247,0.0
SIR,12,248,0.0
SIR,12,249,0.0
SIR,12,250,0.0
SIR,12,251,0.0
SIR,12,252,0.0
SIR,12,253,0.0
SIR,12,254,0.0
SIR,12,255,0.0
SIR,12,256,0.0
SIR,12,257,0.0
SIR,12,258,0.0
SIR,12,259,0.0
SIR,12,260,0.0
SIR,12,261,0.0
SIR,12,262,0.0
SIR,12,263,0.0
SIR,12,264,0.0
SIR,12,265,0.0
SIR,12,266,0.0
SIR,12,267,0.0
SIR,12,268,0.0
SIR,12,269,0.0
SIR,12,270,0.0
SIR,12,271,0.0
SIR,12,272,0.0
SIR,12,273,0.0
SIR,12,274,0.0
SIR,12,275,0.0
SIR,12,276,0.0
SIR,12,277,0.0
SIR,12,278,0.0
SIR,12,279,0.0
SIR,12,280,0.0
SIR,12,281,0.0
SIR,12,282,0.0
SIR,12,283,0.0
SIR,12,284,0.0
SIR,12,285,0.0
SIR,12,286,0.0
SIR,12,287,0.0
SIR,12,288,0.0
SIR,12,289,0.0
SIR,12,290,0.0
SIR,12,291,0.0
SIR,12,292,0.0
SIR,12,293,0.0
SIR,12,294,0.0
SIR,12,295,0.0
SIR,12,296,0.0
SIR,12,297,0.0
SIR,12,298,0.0
SIR,12,299,0.0
SIR,12,300,0.0
SIR,13,0,0.08823529411764706
SIR,13,1,0.11764705882352941
SIR,13,2,0.14705882352941177
SIR,13,3,0.14705882352941177
SIR,13,4,0.14705882352941177
SIR,13,5,0.23529411764705882
SIR,13,6,0.29411764705882354
SIR,13,7,0.3235294117647059
SIR,13,8,0.29411764705882354
SIR,13,9,0.23529411764705882
SIR,13,10,0.2647058823529412
SIR,13,11,0.17647058823529413
SIR,13,12,0.11764705882352941
SIR,13,13,0.029411764705882353
SIR,13,14,0.0
SIR,13,15,0.0
SIR,13,16,0.0
SIR,13,17,0.0
SIR,13,18,0.0
SIR,13,19,0.0
SIR,13,20,0.0
SIR,13,21,0.0
SIR,13,22,0.0
SIR,13,23,0.0
SIR,13,24,0.0
SIR,13,25,0.0
SIR,13,26,0.0
SIR,13,27,0.0
SIR,13,28,0.0
SIR,13,29,0.0
SIR,13,30,0.0
SIR,13,31,0.0
SIR,13,32,0.0
SIR,13,33,0.0
SIR,13,34,0.0
SIR,13,35,0.0
SIR,13,36,0.0
SIR,13,37,0.0
SIR,13,38,0.0
SIR,13,39,0.0
SIR,13,40,0.0
SIR,13,41,0.0
SIR,13,42,0.0
SIR,13,43,0.0
SIR,13,44,0.0
SIR,13,45,0.0
SIR,13,46,0.0
SIR,13,47,0.0
SIR,13,48,0.0
SIR,13,49,0.0
SIR,13,50,0.0
SIR,13,51,0.0
SIR,13,52,0.0
SIR,13,53,0.0
SIR,13,54,0.0
SIR,13,55,0.0
SIR,13,56,0.0
SIR,13,57,0.0
SIR,13,58,0.0
SIR,13,59,0.0
SIR,13,60,0.0
SIR,13,61,0.0
SIR,13,62,0.0
SIR,13,63,0.0
SIR,13,64,0.0
SIR,13,65,0.0
SIR,13,66,0.0
SIR,13,67,0.0
SIR,13,68,0.0
SIR,13,69,0.0
SIR,13,70,0.0
SIR,13,71,0.0
SIR,13,72,0.0
SIR,13,73,0.0
SIR,13,74,0.0
SIR,13,75,0.0
SIR,13,76,0.0
SIR,13,77,0.0
SIR,13,78,0.0
SIR,13,79,0.0
SIR,13,80,0.0
SIR,13,81,0.0
SIR,13,82,0.0
SIR,13,83,0.0
SIR,13,84,0.0
SIR,13,85,0.0
SIR,13,86,0.0
SIR,13,87,0.0
SIR,13,88,0.0
SIR,13,89,0.0
SIR,13,90,0.0
SIR,13,91,0.0
SIR,13,92,0.0
SIR,13,93,0.0
SIR,13,94,0.0
SIR,13,95,0.0
SIR,13,96,0.0
SIR,13,97,0.0
SIR,13,98,0.0
SIR,13,99,0.0
SIR,13,100,0.0
SIR,13,101,0.0
SIR,13,102,0.0
SIR,13,103,0.0
SIR,13,104,0.0
SIR,13,105,0.0
SIR,13,106,0.0
SIR,13,107,0.0
SIR,13,108,0.0
SIR,13,109,0.0
SIR,13,110,0.0
SIR,13,111,0.0
SIR,13,112,0.0
SIR,13,113,0.0
SIR,13,114,0.0
SIR,13,115,0.0
SIR,13,116,0.0
SIR,13,117,0.0
SIR,13,118,0.0
SIR,13,119,0.0
SIR,13,120,0.0
SIR,13,121,0.0
SIR,13,122,0.0
SIR,13,123,0.0
SIR,13,124,0.0
SIR,13,125,0.0
SIR,13,126,0.0
SIR,13,127,0.0
SIR,13,128,0.0
SIR,13,129,0.0
SIR,13,130,0.0
SIR,13,131,0.0
SIR,13,132,0.0
SIR,13,133,0.0
SIR,13,134,0.0
SIR,13,135,0.0
SIR,13,136,0.0
SIR,13,137,0.0
SIR,13,138,0.0
SIR,13,139,0.0
SIR,13,140,0.0
SIR,13,141,0.0
SIR,13,142,0.0
SIR,13,143,0.0
SIR,13,144,0.0
SIR,13,145,0.0
SIR,13,146,0.0
SIR,13,147,0.0
SIR,13,148,0.0
SIR,13,149,0.0
SIR,13,150,0.0
SIR,13,151,0.0
SIR,13,152,0.0
SIR,13,153,0.0
SIR,13,154,0.0
SIR,13,155,0.0
SIR,13,156,0.0
SIR,13,157,0.0
SIR,13,158,0.0
SIR,13,159,0.0
SIR,13,160,0.0
SIR,13,161,0.0
SIR,13,162,0.0
SIR,13,163,0.0
SIR,13,164,0.0
SIR,13,165,0.0
SIR,13,166,0.0
SIR,13,167,0.0
SIR,13,168,0.0
SIR,13,169,0.0
SIR,13,170,0.0
SIR,13,171,0.0
SIR,13,172,0.0
SIR,13,173,0.0
SIR,13,174,0.0
SIR,13,175,0.0
SIR,13,176,0.0
SIR,13,177,0.0
SIR,13,178,0.0
SIR,13,179,0.0
SIR,13,180,0.0
SIR,13,181,0.0
SIR,13,182,0.0
SIR,13,183,0.0
SIR,13,184,0.0
SIR,13,185,0.0
SIR,13,186,0.0
SIR,13,187,0.0
SIR,13,188,0.0
SIR,13,189,0.0
SIR,13,190,0.0
SIR,13,191,0.0
SIR,13,192,0.0
SIR,13,193,0.0
SIR,13,194,0.0
SIR,13,195,0.0
SIR,13,196,0.0
SIR,13,197,0.0
SIR,13,198,0.0
SIR,13,199,0.0
SIR,13,200,0.0
SIR,13,201,0.0
SIR,13,202,0.0
SIR,13,203,0.0
SIR,13,204,0.0
SIR,13,205,0.0
SIR,13,206,0.0
SIR,13,207,0.0
SIR,13,208,0.0
SIR,13,209,0.0
SIR,13,210,0.0
SIR,13,211,0.0
SIR,13,212,0.0
SIR,13,213,0.0
SIR,13,214,0.0
SIR,13,215,0.0
SIR,13,216,0.0
SIR,13,217,0.0
SIR,13,218,0.0
SIR,13,219,0.0
SIR,13,220,0.0
SIR,13,221,0.0
SIR,13,222,0.0
SIR,13,223,0.0
SIR,13,224,0.0
SIR,13,225,0.0
SIR,13,226,0.0
SIR,13,227,0.0
SIR,13,228,0.0
SIR,13,229,0.0
SIR,13,230,0.0
SIR,13,231,0.0
SIR,13,232,0.0
SIR,13,233,0.0
SIR,13,234,0.0
SIR,13,235,0.0
SIR,13,236,0.0
SIR,13,237,0.0
SIR,13,238,0.0
SIR,13,239,0.0
SIR,13,240,0.0
SIR,13,241,0.0
SIR,13,242,0.0
SIR,13,243,0.0
SIR,13,244,0.0
SIR,13,245,0.0
SIR,13,246,0.0
SIR,13,247,0.0
SIR,13,248,0.0
SIR,13,249,0.0
SIR,13,250,0.0
SIR,13,251,0.0
SIR,13,252,0.0
SIR,13,253,0.0
SIR,13,254,0.0
SIR,13,255,0.0
SIR,13,256,0.0
SIR,13,257,0.0
SIR,13,258,0.0
SIR,13,259,0.0
SIR,13,260,0.0
SIR,13,261,0.0
SIR,13,262,0.0
SIR,13,263,0.0
SIR,13,264,0.0
SIR,13,265,0.0
SIR,13,266,0.0
SIR,13,267,0.0
SIR,13,268,0.0
SIR,13,269,0.0
SIR,13,270,0.0
SIR,13,271,0.0
SIR,13,272,0.0
SIR,13,273,0.0
SIR,13,274,0.0
SIR,13,275,0.0
SIR,13,276,0.0
SIR,13,277,0.0
SIR,13,278,0.0
SIR,13,279,0.0
SIR,13,280,0.0
SIR,13,281,0.0
SIR,13,282,0.0
SIR,13,283,0.0
SIR,13,284,0.0
SIR,13,285,0.0
SIR,13,286,0.0
SIR,13,287,0.0
SIR,13,288,0.0
SIR,13,289,0.0
SIR,13,290,0.0
SIR,13,291,0.0
SIR,13,292,0.0
SIR,13,293,0.0
SIR,13,294,0.0
SIR,13,295,0.0
SIR,13,296,0.0
SIR,13,297,0.0
SIR,13,298,0.0
SIR,13,299,0.0
SIR,13,300,0.0
SIR,14,0,0.08823529411764706
SIR,14,1,0.14705882352941177
SIR,14,2,0.14705882352941177
SIR,14,3,0.11764705882352941
SIR,14,4,0.11764705882352941
SIR,14,5,0.14705882352941177
SIR,14,6,0.14705882352941177
SIR,14,7,0.14705882352941177
SIR,14,8,0.17647058823529413
SIR,14,9,0.14705882352941177
SIR,14,10,0.20588235294117646
SIR,14,11,0.08823529411764706
SIR,14,12,0.058823529411764705
SIR,14,13,0.058823529411764705
SIR,14,14,0.058823529411764705
SIR,14,15,0.058823529411764705
SIR,14,16,0.058823529411764705
SIR,14,17,0.029411764705882353
SIR,14,18,0.0
SIR,14,19,0.0
SIR,14,20,0.0
SIR,14,21,0.0
SIR,14,22,0.0
SIR,14,23,0.0
SIR,14,24,0.0
SIR,14,25,0.0
SIR,14,26,0.0
SIR,14,27,0.0
SIR,14,28,0.0
SIR,14,29,0.0
SIR,14,30,0.0
SIR,14,31,0.0
SIR,14,32,0.0
SIR,14,33,0.0
SIR,14,34,0.0
SIR,14,35,0.0
SIR,14,36,0.0
SIR,14,37,0.0
SIR,14,38,0.0
SIR,14,39,0.0
SIR,14,40,0.0
SIR,14,41,0.0
SIR,14,42,0.0
SIR,14,43,0.0
SIR,14,44,0.0
SIR,14,45,0.0
SIR,14,46,0.0
SIR,14,47,0.0
SIR,14,48,0.0
SIR,14,49,0.0
SIR,14,50,0.0
SIR,14,51,0.0
SIR,14,52,0.0
SIR,14,53,0.0
SIR,14,54,0.0
SIR,14,55,0.0
SIR,14,56,0.0
SIR,14,57,0.0
SIR,14,58,0.0
SIR,14,59,0.0
SIR,14,60,0.0
SIR,14,61,0.0
SIR,14,62,0.0
SIR,14,63,0.0
SIR,14,64,0.0
SIR,14,65,0.0
SIR,14,66,0.0
SIR,14,67,0.0
SIR,14,68,0.0
SIR,14,69,0.0
SIR,14,70,0.0
SIR,14,71,0.0
SIR,14,72,0.0
SIR,14,73,0.0
SIR,14,74,0.0
SIR,14,75,0.0
SIR,14,76,0.0
SIR,14,77,0.0
SIR,14,78,0.0
SIR,14,79,0.0
SIR,14,80,0.0
SIR,14,81,0.0
SIR,14,82,0.0
SIR,14,83,0.0
SIR,14,84,0.0
SIR,14,85,0.0
SIR,14,86,0.0
SIR,14,87,0.0
SIR,14,88,0.0
SIR,14,89,0.0
SIR,14,90,0.0
SIR,14,91,0.0
SIR,14,92,0.0
SIR,14,93,0.0
SIR,14,94,0.0
SIR,14,95,0.0
SIR,14,96,0.0
SIR,14,97,0.0
SIR,14,98,0.0
SIR,14,99,0.0
SIR,14,100,0.0
SIR,14,101,0.0
SIR,14,102,0.0
SIR,14,103,0.0
SIR,14,104,0.0
SIR,14,105,0.0
SIR,14,106,0.0
SIR,14,107,0.0
SIR,14,108,0.0
SIR,14,109,0.0
SIR,14,110,0.0
SIR,14,111,0.0
SIR,14,112,0.0
SIR,14,113,0.0
SIR,14,114,0.0
SIR,14,115,0.0
SIR,14,116,0.0
SIR,14,117,0.0
SIR,14,118,0.0
SIR,14,119,0.0
SIR,14,120,0.0
SIR,14,121,0.0
SIR,14,122,0.0
SIR,14,123,0.0
SIR,14,124,0.0
SIR,14,125,0.0
SIR,14,126,0.0
SIR,14,127,0.0
SIR,14,128,0.0
SIR,14,129,0.0
SIR,14,130,0.0
SIR,14,131,0.0
SIR,14,132,0.0
SIR,14,133,0.0
SIR,14,134,0.0
SIR,14,135,0.0
SIR,14,136,0.0
SIR,14,137,0.0
SIR,14,138,0.0
SIR,14,139,0.0
SIR,14,140,0.0
SIR,14,141,0.0
SIR,14,142,0.0
SIR,14,143,0.0
SIR,14,144,0.0
SIR,14,145,0.0
SIR,14,146,0.0
SIR,14,147,0.0
SIR,14,148,0.0
SIR,14,149,0.0
SIR,14,150,0.0
SIR,14,151,0.0
SIR,14,152,0.0
SIR,14,153,0.0
SIR,14,154,0.0
SIR,14,155,0.0
SIR,14,156,0.0
SIR,14,157,0.0
SIR,14,158,0.0
SIR,14,159,0.0
SIR,14,160,0.0
SIR,14,161,0.0
SIR,14,162,0.0
SIR,14,163,0.0
SIR,14,164,0.0
SIR,14,165,0.0
SIR,14,166,0.0
SIR,14,167,0.0
SIR,14,168,0.0
SIR,14,169,0.0
SIR,14,170,0.0
SIR,14,171,0.0
SIR,14,172,0.0
SIR,14,173,0.0
SIR,14,174,0.0
SIR,14,175,0.0
SIR,14,176,0.0
SIR,14,177,0.0
SIR,14,178,0.0
SIR,14,179,0.0
SIR,14,180,0.0
SIR,14,181,0.0
SIR,14,182,0.0
SIR,14,183,0.0
SIR,14,184,0.0
SIR,14,185,0.0
SIR,14,186,0.0
SIR,14,187,0.0
SIR,14,188,0.0
SIR,14,189,0.0
SIR,14,190,0.0
SIR,14,191,0.0
SIR,14,192,0.0
SIR,14,193,0.0
SIR,14,194,0.0
SIR,14,195,0.0
SIR,14,196,0.0
SIR,14,197,0.0
SIR,14,198,0.0
SIR,14,199,0.0
SIR,14,200,0.0
SIR,14,201,0.0
SIR,14,202,0.0
SIR,14,203,0.0
SIR,14,204,0.0
SIR,14,205,0.0
SIR,14,206,0.0
SIR,14,207,0.0
SIR,14,208,0.0
SIR,14,209,0.0
SIR,14,210,0.0
SIR,14,211,0.0
SIR,14,212,0.0
SIR,14,213,0.0
SIR,14,214,0.0
SIR,14,215,0.0
SIR,14,216,0.0
SIR,14,217,0.0
SIR,14,218,0.0
SIR,14,219,0.0
SIR,14,220,0.0
SIR,14,221,0.0
SIR,14,222,0.0
SIR,14,223,0.0
SIR,14,224,0.0
SIR,14,225,0.0
SIR,14,226,0.0
SIR,14,227,0.0
SIR,14,228,0.0
SIR,14,229,0.0
SIR,14,230,0.0
SIR,14,231,0.0
SIR,14,232,0.0
SIR,14,233,0.0
SIR,14,234,0.0
SIR,14,235,0.0
SIR,14,236,0.0
SIR,14,237,0.0
SIR,14,238,0.0
SIR,14,239,0.0
SIR,14,240,0.0
SIR,14,241,0.0
SIR,14,242,0.0
SIR,14,243,0.0
SIR,14,244,0.0
SIR,14,245,0.0
SIR,14,246,0.0
SIR,14,247,0.0
SIR,14,248,0.0
SIR,14,249,0.0
SIR,14,250,0.0
SIR,14,251,0.0
SIR,14,252,0.0
SIR,14,253,0.0
SIR,14,254,0.0
SIR,14,255,0.0
SIR,14,256,0.0
SIR,14,257,0.0
SIR,14,258,0.0
SIR,14,259,0.0
SIR,14,260,0.0
SIR,14,261,0.0
SIR,14,262,0.0
SIR,14,263,0.0
SIR,14,264,0.0
SIR,14,265,0.0
SIR,14,266,0.0
SIR,14,267,0.0
SIR,14,268,0.0
SIR,14,269,0.0
SIR,14,270,0.0
SIR,14,271,0.0
SIR,14,272,0.0
SIR,14,273,0.0
SIR,14,274,0.0
SIR,14,275,0.0
SIR,14,276,0.0
SIR,14,277,0.0
SIR,14,278,0.0
SIR,14,279,0.0
SIR,14,280,0.0
SIR,14,281,0.0
SIR,14,282,0.0
SIR,14,283,0.0
SIR,14,284,0.0
SIR,14,285,0.0
SIR,14,286,0.0
SIR,14,287,0.0
SIR,14,288,0.0
SIR,14,289,0.0
SIR,14,290,0.0
SIR,14,291,0.0
SIR,14,292,0.0
SIR,14,293,0.0
SIR,14,294,0.0
SIR,14,295,0.0
SIR,14,296,0.0
SIR,14,297,0.0
SIR,14,298,0.0
SIR,14,299,0.0
SIR,14,300,0.0
SIR,15,0,0.08823529411764706
SIR,15,1,0.08823529411764706
SIR,15,2,0.08823529411764706
SIR,15,3,0.11764705882352941
SIR,15,4,0.14705882352941177
SIR,15,5,0.11764705882352941
SIR,15,6,0.08823529411764706
SIR,15,7,0.08823529411764706
SIR,15,8,0.058823529411764705
SIR,15,9,0.029411764705882353
SIR,15,10,0.029411764705882353
SIR,15,11,0.058823529411764705
SIR,15,12,0.08823529411764706
SIR,15,13,0.08823529411764706
SIR,15,14,0.08823529411764706
SIR,15,15,0.11764705882352941
SIR,15,16,0.058823529411764705
SIR,15,17,0.08823529411764706
SIR,15,18,0.08823529411764706
SIR,15,19,0.058823529411764705
SIR,15,20,0.058823529411764705
SIR,15,21,0.08823529411764706
SIR,15,22,0.20588235294117646
SIR,15,23,0.23529411764705882
SIR,15,24,0.17647058823529413
SIR,15,25,0.17647058823529413
SIR,15,26,0.14705882352941177
SIR,15,27,0.14705882352941177
SIR,15,28,0.14705882352941177
SIR,15,29,0.11764705882352941
SIR,15,30,0.11764705882352941
SIR,15,31,0.11764705882352941
SIR,15,32,0.14705882352941177
SIR,15,33,0.11764705882352941
SIR,15,34,0.14705882352941177
SIR,15,35,0.11764705882352941
SIR,15,36,0.11764705882352941
SIR,15,37,0.11764705882352941
SIR,15,38,0.11764705882352941
SIR,15,39,0.11764705882352941
SIR,15,40,0.08823529411764706
SIR,15,41,0.08823529411764706
SIR,15,42,0.029411764705882353
SIR,15,43,0.029411764705882353
SIR,15,44,0.0
SIR,15,45,0.0
SIR,15,46,0.0
SIR,15,47,0.0
SIR,15,48,0.0
SIR,15,49,0.0
SIR,15,50,0.0
SIR,15,51,0.0
SIR,15,52,0.0
SIR,15,53,0.0
SIR,15,54,0.0
SIR,15,55,0.0
SIR,15,56,0.0
SIR,15,57,0.0
SIR,15,58,0.0
SIR,15,59,0.0
SIR,15,60,0.0
SIR,15,61,0.0
SIR,15,62,0.0
SIR,15,63,0.0
SIR,15,64,0.0
SIR,15,65,0.0
SIR,15,66,0.0
SIR,15,67,0.0
SIR,15,68,0.0
SIR,15,69,0.0
SIR,15,70,0.0
SIR,15,71,0.0
SIR,15,72,0.0
SIR,15,73,0.0
SIR,15,74,0.0
SIR,15,75,0.0
SIR,15,76,0.0
SIR,15,77,0.0
SIR,15,78,0.0
SIR,15,79,0.0
SIR,15,80,0.0
SIR,15,81,0.0
SIR,15,82,0.0
SIR,15,83,0.0
SIR,15,84,0.0
SIR,15,85,0.0
SIR,15,86,0.0
SIR,15,87,0.0
SIR,15,88,0.0
SIR,15,89,0.0
SIR,15,90,0.0
SIR,15,91,0.0
SIR,15,92,0.0
SIR,15,93,0.0
SIR,15,94,0.0
SIR,15,95,0.0
SIR,15,96,0.0
SIR,15,97,0.0
SIR,15,98,0.0
SIR,15,99,0.0
SIR,15,100,0.0
SIR,15,101,0.0
SIR,15,102,0.0
SIR,15,103,0.0
SIR,15,104,0.0
SIR,15,105,0.0
SIR,15,106,0.0
SIR,15,107,0.0
SIR,15,108,0.0
SIR,15,109,0.0
SIR,15,110,0.0
SIR,15,111,0.0
SIR,15,112,0.0
SIR,15,113,0.0
SIR,15,114,0.0
SIR,15,115,0.0
SIR,15,116,0.0
SIR,15,117,0.0
SIR,15,118,0.0
SIR,15,119,0.0
SIR,15,120,0.0
SIR,15,121,0.0
SIR,15,122,0.0
SIR,15,123,0.0
SIR,15,124,0.0
SIR,15,125,0.0
SIR,15,126,0.0
SIR,15,127,0.0
SIR,15,128,0.0
SIR,15,129,0.0
SIR,15,130,0.0
SIR,15,131,0.0
SIR,15,132,0.0
SIR,15,133,0.0
SIR,15,134,0.0
SIR,15,135,0.0
SIR,15,136,0.0
SIR,15,137,0.0
SIR,15,138,0.0
SIR,15,139,0.0
SIR,15,140,0.0
SIR,15,141,0.0
SIR,15,142,0.0
SIR,15,143,0.0
SIR,15,144,0.0
SIR,15,145,0.0
SIR,15,146,0.0
SIR,15,147,0.0
SIR,15,148,0.0
SIR,15,149,0.0
SIR,15,150,0.0
SIR,15,151,0.0
SIR,15,152,0.0
SIR,15,153,0.0
SIR,15,154,0.0
SIR,15,155,0.0
SIR,15,156,0.0
SIR,15,157,0.0
SIR,15,158,0.0
SIR,15,159,0.0
SIR,15,160,0.0
SIR,15,161,0.0
SIR,15,162,0.0
SIR,15,163,0.0
SIR,15,164,0.0
SIR,15,165,0.0
SIR,15,166,0.0
SIR,15,167,0.0
SIR,15,168,0.0
SIR,15,169,0.0
SIR,15,170,0.0
SIR,15,171,0.0
SIR,15,172,0.0
SIR,15,173,0.0
SIR,15,174,0.0
SIR,15,175,0.0
SIR,15,176,0.0
SIR,15,177,0.0
SIR,15,178,0.0
SIR,15,179,0.0
SIR,15,180,0.0
SIR,15,181,0.0
SIR,15,182,0.0
SIR,15,183,0.0
SIR,15,184,0.0
SIR,15,185,0.0
SIR,15,186,0.0
SIR,15,187,0.0
SIR,15,188,0.0
SIR,15,189,0.0
SIR,15,190,0.0
SIR,15,191,0.0
SIR,15,192,0.0
SIR,15,193,0.0
SIR,15,194,0.0
SIR,15,195,0.0
SIR,15,196,0.0
SIR,15,197,0.0
SIR,15,198,0.0
SIR,15,199,0.0
SIR,15,200,0.0
SIR,15,201,0.0
SIR,15,202,0.0
SIR,15,203,0.0
SIR,15,204,0.0
SIR,15,205,0.0
SIR,15,206,0.0
SIR,15,207,0.0
SIR,15,208,0.0
SIR,15,209,0.0
SIR,15,210,0.0
SIR,15,211,0.0
SIR,15,212,0.0
SIR,15,213,0.0
SIR,15,214,0.0
SIR,15,215,0.0
SIR,15,216,0.0
SIR,15,217,0.0
SIR,15,218,0.0
SIR,15,219,0.0
SIR,15,220,0.0
SIR,15,221,0.0
SIR,15,222,0.0
SIR,15,223,0.0
SIR,15,224,0.0
SIR,15,225,0.0
SIR,15,226,0.0
SIR,15,227,0.0
SIR,15,228,0.0
SIR,15,229,0.0
SIR,15,230,0.0
SIR,15,231,0.0
SIR,15,232,0.0
SIR,15,233,0.0
SIR,15,234,0.0
SIR,15,235,0.0
SIR,15,236,0.0
SIR,15,237,0.0
SIR,15,238,0.0
SIR,15,239,0.0
SIR,15,240,0.0
SIR,15,241,0.0
SIR,15,242,0.0
SIR,15,243,0.0
SIR,15,244,0.0
SIR,15,245,0.0
SIR,15,246,0.0
SIR,15,247,0.0
SIR,15,248,0.0
SIR,15,249,0.0
SIR,15,250,0.0
SIR,15,251,0.0
SIR,15,252,0.0
SIR,15,253,0.0
SIR,15,254,0.0
SIR,15,255,0.0
SIR,15,256,0.0
SIR,15,257,0.0
SIR,15,258,0.0
SIR,15,259,0.0
SIR,15,260,0.0
SIR,15,261,0.0
SIR,15,262,0.0
SIR,15,263,0.0
SIR,15,264,0.0
SIR,15,265,0.0
SIR,15,266,0.0
SIR,15,267,0.0
SIR,15,268,0.0
SIR,15,269,0.0
SIR,15,270,0.0
SIR,15,271,0.0
SIR,15,272,0.0
SIR,15,273,0.0
SIR,15,274,0.0
SIR,15,275,0.0
SIR,15,276,0.0
SIR,15,277,0.0
SIR,15,278,0.0
SIR,15,279,0.0
SIR,15,280,0.0
SIR,15,281,0.0
SIR,15,282,0.0
SIR,15,283,0.0
SIR,15,284,0.0
SIR,15,285,0.0
SIR,15,286,0.0
SIR,15,287,0.0
SIR,15,288,0.0
SIR,15,289,0.0
SIR,15,290,0.0
SIR,15,291,0.0
SIR,15,292,0.0
SIR,15,293,0.0
SIR,15,294,0.0
SIR,15,295,0.0
SIR,15,296,0.0
SIR,15,297,0.0
SIR,15,298,0.0
SIR,15,299,0.0
SIR,15,300,0.0
SIR,16,0,0.08823529411764706
SIR,16,1,0.08823529411764706
SIR,16,2,0.23529411764705882
SIR,16,3,0.2647058823529412
SIR,16,4,0.2647058823529412
SIR,16,5,0.3235294117647059
SIR,16,6,0.35294117647058826
SIR,16,7,0.35294117647058826
SIR,16,8,0.2647058823529412
SIR,16,9,0.23529411764705882
SIR,16,10,0.17647058823529413
SIR,16,11,0.17647058823529413
SIR,16,12,0.11764705882352941
SIR,16,13,0.08823529411764706
SIR,16,14,0.058823529411764705
SIR,16,15,0.029411764705882353
SIR,16,16,0.0
SIR,16,17,0.0
SIR,16,18,0.0
SIR,16,19,0.0
SIR,16,20,0.0
SIR,16,21,0.0
SIR,16,22,0.0
SIR,16,23,0.0
SIR,16,24,0.0
SIR,16,25,0.0
SIR,16,26,0.0
SIR,16,27,0.0
SIR,16,28,0.0
SIR,16,29,0.0
SIR,16,30,0.0
SIR,16,31,0.0
SIR,16,32,0.0
SIR,16,33,0.0
SIR,16,34,0.0
SIR,16,35,0.0
SIR,16,36,0.0
SIR,16,37,0.0
SIR,16,38,0.0
SIR,16,39,0.0
SIR,16,40,0.0
SIR,16,41,0.0
SIR,16,42,0.0
SIR,16,43,0.0
SIR,16,44,0.0
SIR,16,45,0.0
SIR,16,46,0.0
SIR,16,47,0.0
SIR,16,48,0.0
SIR,16,49,0.0
SIR,16,50,0.0
SIR,16,51,0.0
SIR,16,52,0.0
SIR,16,53,0.0
SIR,16,54,0.0
SIR,16,55,0.0
SIR,16,56,0.0
SIR,16,57,0.0
SIR,16,58,0.0
SIR,16,59,0.0
SIR,16,60,0.0
SIR,16,61,0.0
SIR,16,62,0.0
SIR,16,63,0.0
SIR,16,64,0.0
SIR,16,65,0.0
SIR,16,66,0.0
SIR,16,67,0.0
SIR,16,68,0.0
SIR,16,69,0.0
SIR,16,70,0.0
SIR,16,71,0.0
SIR,16,72,0.0
SIR,16,73,0.0
SIR,16,74,0.0
SIR,16,75,0.0
SIR,16,76,0.0
SIR,16,77,0.0
SIR,16,78,0.0
SIR,16,79,0.0
SIR,16,80,0.0
SIR,16,81,0.0
SIR,16,82,0.0
SIR,16,83,0.0
SIR,16,84,0.0
SIR,16,85,0.0
SIR,16,86,0.0
SIR,16,87,0.0
SIR,16,88,0.0
SIR,16,89,0.0
SIR,16,90,0.0
SIR,16,91,0.0
SIR,16,92,0.0
SIR,16,93,0.0
SIR,16,94,0.0
SIR,16,95,0.0
SIR,16,96,0.0
SIR,16,97,0.0
SIR,16,98,0.0
SIR,16,99,0.0
SIR,16,100,0.0
SIR,16,101,0.0
SIR,16,102,0.0
SIR,16,103,0.0
SIR,16,104,0.0
SIR,16,105,0.0
SIR,16,106,0.0
SIR,16,107,0.0
SIR,16,108,0.0
SIR,16,109,0.0
SIR,16,110,0.0
SIR,16,111,0.0
SIR,16,112,0.0
SIR,16,113,0.0
SIR,16,114,0.0
SIR,16,115,0.0
SIR,16,116,0.0
SIR,16,117,0.0
SIR,16,118,0.0
SIR,16,119,0.0
SIR,16,120,0.0
SIR,16,121,0.0
SIR,16,122,0.0
SIR,16,123,0.0
SIR,16,124,0.0
SIR,16,125,0.0
SIR,16,126,0.0
SIR,16,127,0.0
SIR,16,128,0.0
SIR,16,129,0.0
SIR,16,130,0.0
SIR,16,131,0.0
SIR,16,132,0.0
SIR,16,133,0.0
SIR,16,134,0.0
SIR,16,135,0.0
SIR,16,136,0.0
SIR,16,137,0.0
SIR,16,138,0.0
SIR,16,139,0.0
SIR,16,140,0.0
SIR,16,141,0.0
SIR,16,142,0.0
SIR,16,143,0.0
SIR,16,144,0.0
SIR,16,145,0.0
SIR,16,146,0.0
SIR,16,147,0.0
SIR,16,148,0.0
SIR,16,149,0.0
SIR,16,150,0.0
SIR,16,151,0.0
SIR,16,152,0.0
SIR,16,153,0.0
SIR,16,154,0.0
SIR,16,155,0.0
SIR,16,156,0.0
SIR,16,157,0.0
SIR,16,158,0.0
SIR,16,159,0.0
SIR,16,160,0.0
SIR,16,161,0.0
SIR,16,162,0.0
SIR,16,163,0.0
SIR,16,164,0.0
SIR,16,165,0.0
SIR,16,166,0.0
SIR,16,167,0.0
SIR,16,168,0.0
SIR,16,169,0.0
SIR,16,170,0.0
SIR,16,171,0.0
SIR,16,172,0.0
SIR,16,173,0.0
SIR,16,174,0.0
SIR,16,175,0.0
SIR,16,176,0.0
SIR,16,177,0.0
SIR,16,178,0.0
SIR,16,179,0.0
SIR,16,180,0.0
SIR,16,181,0.0
SIR,16,182,0.0
SIR,16,183,0.0
SIR,16,184,0.0
SIR,16,185,0.0
SIR,16,186,0.0
SIR,16,187,0.0
SIR,16,188,0.0
SIR,16,189,0.0
SIR,16,190,0.0
SIR,16,191,0.0
SIR,16,192,0.0
SIR,16,193,0.0
SIR,16,194,0.0
SIR,16,195,0.0
SIR,16,196,0.0
SIR,16,197,0.0
SIR,16,198,0.0
SIR,16,199,0.0
SIR,16,200,0.0
SIR,16,201,0.0
SIR,16,202,0.0
SIR,16,203,0.0
SIR,16,204,0.0
SIR,16,205,0.0
SIR,16,206,0.0
SIR,16,207,0.0
SIR,16,208,0.0
SIR,16,209,0.0
SIR,16,210,0.0
SIR,16,211,0.0
SIR,16,212,0.0
SIR,16,213,0.0
SIR,16,214,0.0
SIR,16,215,0.0
SIR,16,216,0.0
SIR,16,217,0.0
SIR,16,218,0.0
SIR,16,219,0.0
SIR,16,220,0.0
SIR,16,221,0.0
SIR,16,222,0.0
SIR,16,223,0.0
SIR,16,224,0.0
SIR,16,225,0.0
SIR,16,226,0.0
SIR,16,227,0.0
SIR,16,228,0.0
SIR,16,229,0.0
SIR,16,230,0.0
SIR,16,231,0.0
SIR,16,232,0.0
SIR,16,233,0.0
SIR,16,234,0.0
SIR,16,235,0.0
SIR,16,236,0.0
SIR,16,237,0.0
SIR,16,238,0.0
SIR,16,239,0.0
SIR,16,240,0.0
SIR,16,241,0.0
SIR,16,242,0.0
SIR,16,243,0.0
SIR,16,244,0.0
SIR,16,245,0.0
SIR,16,246,0.0
SIR,16,247,0.0
SIR,16,248,0.0
SIR,16,249,0.0
SIR,16,250,0.0
SIR,16,251,0.0
SIR,16,252,0.0
SIR,16,253,0.0
SIR,16,254,0.0
SIR,16,255,0.0
SIR,16,256,0.0
SIR,16,257,0.0
SIR,16,258,0.0
SIR,16,259,0.0
SIR,16,260,0.0
SIR,16,261,0.0
SIR,16,262,0.0
SIR,16,263,0.0
SIR,16,264,0.0
SIR,16,265,0.0
SIR,16,266,0.0
SIR,16,267,0.0
SIR,16,268,0.0
SIR,16,269,0.0
SIR,16,270,0.0
SIR,16,271,0.0
SIR,16,272,0.0
SIR,16,273,0.0
SIR,16,274,0.0
SIR,16,275,0.0
SIR,16,276,0.0
SIR,16,277,0.0
SIR,16,278,0.0
SIR,16,279,0.0
SIR,16,280,0.0
SIR,16,281,0.0
SIR,16,282,0.0
SIR,16,283,0.0
SIR,16,284,0.0
SIR,16,285,0.0
SIR,16,286,0.0
SIR,16,287,0.0
SIR,16,288,0.0
SIR,16,289,0.0
SIR,16,290,0.0
SIR,16,291,0.0
SIR,16,292,0.0
SIR,16,293,0.0
SIR,16,294,0.0
SIR,16,295,0.0
SIR,16,296,0.0
SIR,16,297,0.0
SIR,16,298,0.0
SIR,16,299,0.0
SIR,16,300,0.0
SIR,17,0,0.08823529411764706
SIR,17,1,0.029411764705882353
SIR,17,2,0.029411764705882353
SIR,17,3,0.0
SIR,17,4,0.0
SIR,17,5,0.0
SIR,17,6,0.0
SIR,17,7,0.0
SIR,17,8,0.0
SIR,17,9,0.0
SIR,17,10,0.0
SIR,17,11,0.0
SIR,17,12,0.0
SIR,17,13,0.0
SIR,17,14,0.0
SIR,17,15,0.0
SIR,17,16,0.0
SIR,17,17,0.0
SIR,17,18,0.0
SIR,17,19,0.0
SIR,17,20,0.0
SIR,17,21,0.0
SIR,17,22,0.0
SIR,17,23,0.0
SIR,17,24,0.0
SIR,17,25,0.0
SIR,17,26,0.0
SIR,17,27,0.0
SIR,17,28,0.0
SIR,17,29,0.0
SIR,17,30,0.0
SIR,17,31,0.0
SIR,17,32,0.0
SIR,17,33,0.0
SIR,17,34,0.0
SIR,17,35,0.0
SIR,17,36,0.0
SIR,17,37,0.0
SIR,17,38,0.0
SIR,17,39,0.0
SIR,17,40,0.0
SIR,17,41,0.0
SIR,17,42,0.0
SIR,17,43,0.0
SIR,17,44,0.0
SIR,17,45,0.0
SIR,17,46,0.0
SIR,17,47,0.0
SIR,17,48,0.0
SIR,17,49,0.0
SIR,17,50,0.0
SIR,17,51,0.0
SIR,17,52,0.0
SIR,17,53,0.0
SIR,17,54,0.0
SIR,17,55,0.0
SIR,17,56,0.0
SIR,17,57,0.0
SIR,17,58,0.0
SIR,17,59,0.0
SIR,17,60,0.0
SIR,17,61,0.0
SIR,17,62,0.0
SIR,17,63,0.0
SIR,17,64,0.0
SIR,17,65,0.0
SIR,17,66,0.0
SIR,17,67,0.0
SIR,17,68,0.0
SIR,17,69,0.0
SIR,17,70,0.0
SIR,17,71,0.0
SIR,17,72,0.0
SIR,17,73,0.0
SIR,17,74,0.0
SIR,17,75,0.0
SIR,17,76,0.0
SIR,17,77,0.0
SIR,17,78,0.0
SIR,17,79,0.0
SIR,17,80,0.0
SIR,17,81,0.0
SIR,17,82,0.0
SIR,17,83,0.0
SIR,17,84,0.0
SIR,17,85,0.0
SIR,17,86,0.0
SIR,17,87,0.0
SIR,17,88,0.0
SIR,17,89,0.0
SIR,17,90,0.0
SIR,17,91,0.0
SIR,17,92,0.0
SIR,17,93,0.0
SIR,17,94,0.0
SIR,17,95,0.0
SIR,17,96,0.0
SIR,17,97,0.0
SIR,17,98,0.0
SIR,17,99,0.0
SIR,17,100,0.0
SIR,17,101,0.0
SIR,17,102,0.0
SIR,17,103,0.0
SIR,17,104,0.0
SIR,17,105,0.0
SIR,17,106,0.0
SIR,17,107,0.0
SIR,17,108,0.0
SIR,17,109,0.0
SIR,17,110,0.0
SIR,17,111,0.0
SIR,17,112,0.0
SIR,17,113,0.0
SIR,17,114,0.0
SIR,17,115,0.0
SIR,17,116,0.0
SIR,17,117,0.0
SIR,17,118,0.0
SIR,17,119,0.0
SIR,17,120,0.0
SIR,17,121,0.0
SIR,17,122,0.0
SIR,17,123,0.0
SIR,17,124,0.0
SIR,17,125,0.0
SIR,17,126,0.0
SIR,17,127,0.0
SIR,17,128,0.0
SIR,17,129,0.0
SIR,17,130,0.0
SIR,17,131,0.0
SIR,17,132,0.0
SIR,17,133,0.0
SIR,17,134,0.0
SIR,17,135,0.0
SIR,17,136,0.0
SIR,17,137,0.0
SIR,17,138,0.0
SIR,17,139,0.0
SIR,17,140,0.0
SIR,17,141,0.0
SIR,17,142,0.0
SIR,17,143,0.0
SIR,17,144,0.0
SIR,17,145,0.0
SIR,17,146,0.0
SIR,17,147,0.0
SIR,17,148,0.0
SIR,17,149,0.0
SIR,17,150,0.0
SIR,17,151,0.0
SIR,17,152,0.0
SIR,17,153,0.0
SIR,17,154,0.0
SIR,17,155,0.0
SIR,17,156,0.0
SIR,17,157,0.0
SIR,17,158,0.0
SIR,17,159,0.0
SIR,17,160,0.0
SIR,17,161,0.0
SIR,17,162,0.0
SIR,17,163,0.0
SIR,17,164,0.0
SIR,17,165,0.0
SIR,17,166,0.0
SIR,17,167,0.0
SIR,17,168,0.0
SIR,17,169,0.0
SIR,17,170,0.0
SIR,17,171,0.0
SIR,17,172,0.0
SIR,17,173,0.0
SIR,17,174,0.0
SIR,17,175,0.0
SIR,17,176,0.0
SIR,17,177,0.0
SIR,17,178,0.0
SIR,17,179,0.0
SIR,17,180,0.0
SIR,17,181,0.0
SIR,17,182,0.0
SIR,17,183,0.0
SIR,17,184,0.0
SIR,17,185,0.0
SIR,17,186,0.0
SIR,17,187,0.0
SIR,17,188,0.0
SIR,17,189,0.0
SIR,17,190,0.0
SIR,17,191,0.0
SIR,17,192,0.0
SIR,17,193,0.0
SIR,17,194,0.0
SIR,17,195,0.0
SIR,17,196,0.0
SIR,17,197,0.0
SIR,17,198,0.0
SIR,17,199,0.0
SIR,17,200,0.0
SIR,17,201,0.0
SIR,17,202,0.0
SIR,17,203,0.0
SIR,17,204,0.0
SIR,17,205,0.0
SIR,17,206,0.0
SIR,17,207,0.0
SIR,17,208,0.0
SIR,17,209,0.0
SIR,17,210,0.0
SIR,17,211,0.0
SIR,17,212,0.0
SIR,17,213,0.0
SIR,17,214,0.0
SIR,17,215,0.0
SIR,17,216,0.0
SIR,17,217,0.0
SIR,17,218,0.0
SIR,17,219,0.0
SIR,17,220,0.0
SIR,17,221,0.0
SIR,17,222,0.0
SIR,17,223,0.0
SIR,17,224,0.0
SIR,17,225,0.0
SIR,17,226,0.0
SIR,17,227,0.0
SIR,17,228,0.0
SIR,17,229,0.0
SIR,17,230,0.0
SIR,17,231,0.0
SIR,17,232,0.0
SIR,17,233,0.0
SIR,17,234,0.0
SIR,17,235,0.0
SIR,17,236,0.0
SIR,17,237,0.0
SIR,17,238,0.0
SIR,17,239,0.0
SIR,17,240,0.0
SIR,17,241,0.0
SIR,17,242,0.0
SIR,17,243,0.0
SIR,17,244,0.0
SIR,17,245,0.0
SIR,17,246,0.0
SIR,17,247,0.0
SIR,17,248,0.0
SIR,17,249,0.0
SIR,17,250,0.0
SIR,17,251,0.0
SIR,17,252,0.0
SIR,17,253,0.0
SIR,17,254,0.0
SIR,17,255,0.0
SIR,17,256,0.0
SIR,17,257,0.0
SIR,17,258,0.0
SIR,17,259,0.0
SIR,17,260,0.0
SIR,17,261,0.0
SIR,17,262,0.0
SIR,17,263,0.0
SIR,17,264,0.0
SIR,17,265,0.0
SIR,17,266,0.0
SIR,17,267,0.0
SIR,17,268,0.0
SIR,17,269,0.0
SIR,17,270,0.0
SIR,17,271,0.0
SIR,17,272,0.0
SIR,17,273,0.0
SIR,17,274,0.0
SIR,17,275,0.0
SIR,17,276,0.0
SIR,17,277,0.0
SIR,17,278,0.0
SIR,17,279,0.0
SIR,17,280,0.0
SIR,17,281,0.0
SIR,17,282,0.0
SIR,17,283,0.0
SIR,17,284,0.0
SIR,17,285,0.0
SIR,17,286,0.0
SIR,17,287,0.0
SIR,17,288,0.0
SIR,17,289,0.0
SIR,17,290,0.0
SIR,17,291,0.0
SIR,17,292,0.0
SIR,17,293,0.0
SIR,17,294,0.0
SIR,17,295,0.0
SIR,17,296,0.0
SIR,17,297,0.0
SIR,17,298,0.0
SIR,17,299,0.0
SIR,17,300,0.0
SIR,18,0,0.08823529411764706
SIR,18,1,0.058823529411764705
SIR,18,2,0.029411764705882353
SIR,18,3,0.058823529411764705
SIR,18,4,0.11764705882352941
SIR,18,5,0.20588235294117646
SIR,18,6,0.17647058823529413
SIR,18,7,0.14705882352941177
SIR,18,8,0.17647058823529413
SIR,18,9,0.14705882352941177
SIR,18,10,0.11764705882352941
SIR,18,11,0.17647058823529413
SIR,18,12,0.20588235294117646
SIR,18,13,0.20588235294117646
SIR,18,14,0.2647058823529412
SIR,18,15,0.23529411764705882
SIR,18,16,0.20588235294117646
SIR,18,17,0.17647058823529413
SIR,18,18,0.11764705882352941
SIR,18,19,0.11764705882352941
SIR,18,20,0.11764705882352941
SIR,18,21,0.11764705882352941
SIR,18,22,0.11764705882352941
SIR,18,23,0.08823529411764706
SIR,18,24,0.058823529411764705
SIR,18,25,0.058823529411764705
SIR,18,26,0.029411764705882353
SIR,18,27,0.029411764705882353
SIR,18,28,0.029411764705882353
SIR,18,29,0.029411764705882353
SIR,18,30,0.029411764705882353
SIR,18,31,0.029411764705882353
SIR,18,32,0.029411764705882353
SIR,18,33,0.029411764705882353
SIR,18,34,0.0
SIR,18,35,0.0
SIR,18,36,0.0
SIR,18,37,0.0
SIR,18,38,0.0
SIR,18,39,0.0
SIR,18,40,0.0
SIR,18,41,0.0
SIR,18,42,0.0
SIR,18,43,0.0
SIR,18,44,0.0
SIR,18,45,0.0
SIR,18,46,0.0
SIR,18,47,0.0
SIR,18,48,0.0
SIR,18,49,0.0
SIR,18,50,0.0
SIR,18,51,0.0
SIR,18,52,0.0
SIR,18,53,0.0
SIR,18,54,0.0
SIR,18,55,0.0
SIR,18,56,0.0
SIR,18,57,0.0
SIR,18,58,0.0
SIR,18,59,0.0
SIR,18,60,0.0
SIR,18,61,0.0
SIR,18,62,0.0
SIR,18,63,0.0
SIR,18,64,0.0
SIR,18,65,0.0
SIR,18,66,0.0
SIR,18,67,0.0
SIR,18,68,0.0
SIR,18,69,0.0
SIR,18,70,0.0
SIR,18,71,0.0
SIR,18,72,0.0
SIR,18,73,0.0
SIR,18,74,0.0
SIR,18,75,0.0
SIR,18,76,0.0
SIR,18,77,0.0
SIR,18,78,0.0
SIR,18,79,0.0
SIR,18,80,0.0
SIR,18,81,0.0
SIR,18,82,0.0
SIR,18,83,0.0
SIR,18,84,0.0
SIR,18,85,0.0
SIR,18,86,0.0
SIR,18,87,0.0
SIR,18,88,0.0
SIR,18,89,0.0
SIR,18,90,0.0
SIR,18,91,0.0
SIR,18,92,0.0
SIR,18,93,0.0
SIR,18,94,0.0
SIR,18,95,0.0
SIR,18,96,0.0
SIR,18,97,0.0
SIR,18,98,0.0
SIR,18,99,0.0
SIR,18,100,0.0
SIR,18,101,0.0
SIR,18,102,0.0
SIR,18,103,0.0
SIR,18,104,0.0
SIR,18,105,0.0
SIR,18,106,0.0
SIR,18,107,0.0
SIR,18,108,0.0
SIR,18,109,0.0
SIR,18,110,0.0
SIR,18,111,0.0
SIR,18,112,0.0
SIR,18,113,0.0
SIR,18,114,0.0
SIR,18,115,0.0
SIR,18,116,0.0
SIR,18,117,0.0
SIR,18,118,0.0
SIR,18,119,0.0
SIR,18,120,0.0
SIR,18,121,0.0
SIR,18,122,0.0
SIR,18,123,0.0
SIR,18,124,0.0
SIR,18,125,0.0
SIR,18,126,0.0
SIR,18,127,0.0
SIR,18,128,0.0
SIR,18,129,0.0
SIR,18,130,0.0
SIR,18,131,0.0
SIR,18,132,0.0
SIR,18,133,0.0
SIR,18,134,0.0
SIR,18,135,0.0
SIR,18,136,0.0
SIR,18,137,0.0
SIR,18,138,0.0
SIR,18,139,0.0
SIR,18,140,0.0
SIR,18,141,0.0
SIR,18,142,0.0
SIR,18,143,0.0
SIR,18,144,0.0
SIR,18,145,0.0
SIR,18,146,0.0
SIR,18,147,0.0
SIR,18,148,0.0
SIR,18,149,0.0
SIR,18,150,0.0
SIR,18,151,0.0
SIR,18,152,0.0
SIR,18,153,0.0
SIR,18,154,0.0
SIR,18,155,0.0
SIR,18,156,0.0
SIR,18,157,0.0
SIR,18,158,0.0
SIR,18,159,0.0
SIR,18,160,0.0
SIR,18,161,0.0
SIR,18,162,0.0
SIR,18,163,0.0
SIR,18,164,0.0
SIR,18,165,0.0
SIR,18,166,0.0
SIR,18,167,0.0
SIR,18,168,0.0
SIR,18,169,0.0
SIR,18,170,0.0
SIR,18,171,0.0
SIR,18,172,0.0
SIR,18,173,0.0
SIR,18,174,0.0
SIR,18,175,0.0
SIR,18,176,0.0
SIR,18,177,0.0
SIR,18,178,0.0
SIR,18,179,0.0
SIR,18,180,0.0
SIR,18,181,0.0
SIR,18,182,0.0
SIR,18,183,0.0
SIR,18,184,0.0
SIR,18,185,0.0
SIR,18,186,0.0
SIR,18,187,0.0
SIR,18,188,0.0
SIR,18,189,0.0
SIR,18,190,0.0
SIR,18,191,0.0
SIR,18,192,0.0
SIR,18,193,0.0
SIR,18,194,0.0
SIR,18,195,0.0
SIR,18,196,0.0
SIR,18,197,0.0
SIR,18,198,0.0
SIR,18,199,0.0
SIR,18,200,0.0
SIR,18,201,0.0
SIR,18,202,0.0
SIR,18,203,0.0
SIR,18,204,0.0
SIR,18,205,0.0
SIR,18,206,0.0
SIR,18,207,0.0
SIR,18,208,0.0
SIR,18,209,0.0
SIR,18,210,0.0
SIR,18,211,0.0
SIR,18,212,0.0
SIR,18,213,0.0
SIR,18,214,0.0
SIR,18,215,0.0
SIR,18,216,0.0
SIR,18,217,0.0
SIR,18,218,0.0
SIR,18,219,0.0
SIR,18,220,0.0
SIR,18,221,0.0
SIR,18,222,0.0
SIR,18,223,0.0
SIR,18,224,0.0
SIR,18,225,0.0
SIR,18,226,0.0
SIR,18,227,0.0
SIR,18,228,0.0
SIR,18,229,0.0
SIR,18,230,0.0
SIR,18,231,0.0
SIR,18,232,0.0
SIR,18,233,0.0
SIR,18,234,0.0
SIR,18,235,0.0
SIR,18,236,0.0
SIR,18,237,0.0
SIR,18,238,0.0
SIR,18,239,0.0
SIR,18,240,0.0
SIR,18,241,0.0
SIR,18,242,0.0
SIR,18,243,0.0
SIR,18,244,0.0
SIR,18,245,0.0
SIR,18,246,0.0
SIR,18,247,0.0
SIR,18,248,0.0
SIR,18,249,0.0
SIR,18,250,0.0
SIR,18,251,0.0
SIR,18,252,0.0
SIR,18,253,0.0
SIR,18,254,0.0
SIR,18,255,0.0
SIR,18,256,0.0
SIR,18,257,0.0
SIR,18,258,0.0
SIR,18,259,0.0
SIR,18,260,0.0
SIR,18,261,0.0
SIR,18,262,0.0
SIR,18,263,0.0
SIR,18,264,0.0
SIR,18,265,0.0
SIR,18,266,0.0
SIR,18,267,0.0
SIR,18,268,0.0
SIR,18,269,0.0
SIR,18,270,0.0
SIR,18,271,0.0
SIR,18,272,0.0
SIR,18,273,0.0
SIR,18,274,0.0
SIR,18,275,0.0
SIR,18,276,0.0
SIR,18,277,0.0
SIR,18,278,0.0
SIR,18,279,0.0
SIR,18,280,0.0
SIR,18,281,0.0
SIR,18,282,0.0
SIR,18,283,0.0
SIR,18,284,0.0
SIR,18,285,0.0
SIR,18,286,0.0
SIR,18,287,0.0
SIR,18,288,0.0
SIR,18,289,0.0
SIR,18,290,0.0
SIR,18,291,0.0
SIR,18,292,0.0
SIR,18,293,0.0
SIR,18,294,0.0
SIR,18,295,0.0
SIR,18,296,0.0
SIR,18,297,0.0
SIR,18,298,0.0
SIR,18,299,0.0
SIR,18,300,0.0
SIR,19,0,0.08823529411764706
SIR,19,1,0.11764705882352941
SIR,19,2,0.14705882352941177
SIR,19,3,0.17647058823529413
SIR,19,4,0.14705882352941177
SIR,19,5,0.23529411764705882
SIR,19,6,0.20588235294117646
SIR,19,7,0.23529411764705882
SIR,19,8,0.14705882352941177
SIR,19,9,0.17647058823529413
SIR,19,10,0.14705882352941177
SIR,19,11,0.11764705882352941
SIR,19,12,0.20588235294117646
SIR,19,13,0.20588235294117646
SIR,19,14,0.11764705882352941
SIR,19,15,0.11764705882352941
SIR,19,16,0.11764705882352941
SIR,19,17,0.058823529411764705
SIR,19,18,0.058823529411764705
SIR,19,19,0.058823529411764705
SIR,19,20,0.058823529411764705
SIR,19,21,0.029411764705882353
SIR,19,22,0.0
SIR,19,23,0.0
SIR,19,24,0.0
SIR,19,25,0.0
SIR,19,26,0.0
SIR,19,27,0.0
SIR,19,28,0.0
SIR,19,29,0.0
SIR,19,30,0.0
SIR,19,31,0.0
SIR,19,32,0.0
SIR,19,33,0.0
SIR,19,34,0.0
SIR,19,35,0.0
SIR,19,36,0.0
SIR,19,37,0.0
SIR,19,38,0.0
SIR,19,39,0.0
SIR,19,40,0.0
SIR,19,41,0.0
SIR,19,42,0.0
SIR,19,43,0.0
SIR,19,44,0.0
SIR,19,45,0.0
SIR,19,46,0.0
SIR,19,47,0.0
SIR,19,48,0.0
SIR,19,49,0.0
SIR,19,50,0.0
SIR,19,51,0.0
SIR,19,52,0.0
SIR,19,53,0.0
SIR,19,54,0.0
SIR,19,55,0.0
SIR,19,56,0.0
SIR,19,57,0.0
SIR,19,58,0.0
SIR,19,59,0.0
SIR,19,60,0.0
SIR,19,61,0.0
SIR,19,62,0.0
SIR,19,63,0.0
SIR,19,64,0.0
SIR,19,65,0.0
SIR,19,66,0.0
SIR,19,67,0.0
SIR,19,68,0.0
SIR,19,69,0.0
SIR,19,70,0.0
SIR,19,71,0.0
SIR,19,72,0.0
SIR,19,73,0.0
SIR,19,74,0.0
SIR,19,75,0.0
SIR,19,76,0.0
SIR,19,77,0.0
SIR,19,78,0.0
SIR,19,79,0.0
SIR,19,80,0.0
SIR,19,81,0.0
SIR,19,82,0.0
SIR,19,83,0.0
SIR,19,84,0.0
SIR,19,85,0.0
SIR,19,86,0.0
SIR,19,87,0.0
SIR,19,88,0.0
SIR,19,89,0.0
SIR,19,90,0.0
SIR,19,91,0.0
SIR,19,92,0.0
SIR,19,93,0.0
SIR,19,94,0.0
SIR,19,95,0.0
SIR,19,96,0.0
SIR,19,97,0.0
SIR,19,98,0.0
SIR,19,99,0.0
SIR,19,100,0.0
SIR,19,101,0.0
SIR,19,102,0.0
SIR,19,103,0.0
SIR,19,104,0.0
SIR,19,105,0.0
SIR,19,106,0.0
SIR,19,107,0.0
SIR,19,108,0.0
SIR,19,109,0.0
SIR,19,110,0.0
SIR,19,111,0.0
SIR,19,112,0.0
SIR,19,113,0.0
SIR,19,114,0.0
SIR,19,115,0.0
SIR,19,116,0.0
SIR,19,117,0.0
SIR,19,118,0.0
SIR,19,119,0.0
SIR,19,120,0.0
SIR,19,121,0.0
SIR,19,122,0.0
SIR,19,123,0.0
SIR,19,124,0.0
SIR,19,125,0.0
SIR,19,126,0.0
SIR,19,127,0.0
SIR,19,128,0.0
SIR,19,129,0.0
SIR,19,130,0.0
SIR,19,131,0.0
SIR,19,132,0.0
SIR,19,133,0.0
SIR,19,134,0.0
SIR,19,135,0.0
SIR,19,136,0.0
SIR,19,137,0.0
SIR,19,138,0.0
SIR,19,139,0.0
SIR,19,140,0.0
SIR,19,141,0.0
SIR,19,142,0.0
SIR,19,143,0.0
SIR,19,144,0.0
SIR,19,145,0.0
SIR,19,146,0.0
SIR,19,147,0.0
SIR,19,148,0.0
SIR,19,149,0.0
SIR,19,150,0.0
SIR,19,151,0.0
SIR,19,152,0.0
SIR,19,153,0.0
SIR,19,154,0.0
SIR,19,155,0.0
SIR,19,156,0.0
SIR,19,157,0.0
SIR,19,158,0.0
SIR,19,159,0.0
SIR,19,160,0.0
SIR,19,161,0.0
SIR,19,162,0.0
SIR,19,163,0.0
SIR,19,164,0.0
SIR,19,165,0.0
SIR,19,166,0.0
SIR,19,167,0.0
SIR,19,168,0.0
SIR,19,169,0.0
SIR,19,170,0.0
SIR,19,171,0.0
SIR,19,172,0.0
SIR,19,173,0.0
SIR,19,174,0.0
SIR,19,175,0.0
SIR,19,176,0.0
SIR,19,177,0.0
SIR,19,178,0.0
SIR,19,179,0.0
SIR,19,180,0.0
SIR,19,181,0.0
SIR,19,182,0.0
SIR,19,183,0.0
SIR,19,184,0.0
SIR,19,185,0.0
SIR,19,186,0.0
SIR,19,187,0.0
SIR,19,188,0.0
SIR,19,189,0.0
SIR,19,190,0.0
SIR,19,191,0.0
SIR,19,192,0.0
SIR,19,193,0.0
SIR,19,194,0.0
SIR,19,195,0.0
SIR,19,196,0.0
SIR,19,197,0.0
SIR,19,198,0.0
SIR,19,199,0.0
SIR,19,200,0.0
SIR,19,201,0.0
SIR,19,202,0.0
SIR,19,203,0.0
SIR,19,204,0.0
SIR,19,205,0.0
SIR,19,206,0.0
SIR,19,207,0.0
SIR,19,208,0.0
SIR,19,209,0.0
SIR,19,210,0.0
SIR,19,211,0.0
SIR,19,212,0.0
SIR,19,213,0.0
SIR,19,214,0.0
SIR,19,215,0.0
SIR,19,216,0.0
SIR,19,217,0.0
SIR,19,218,0.0
SIR,19,219,0.0
SIR,19,220,0.0
SIR,19,221,0.0
SIR,19,222,0.0
SIR,19,223,0.0
SIR,19,224,0.0
SIR,19,225,0.0
SIR,19,226,0.0
SIR,19,227,0.0
SIR,19,228,0.0
SIR,19,229,0.0
SIR,19,230,0.0
SIR,19,231,0.0
SIR,19,232,0.0
SIR,19,233,0.0
SIR,19,234,0.0
SIR,19,235,0.0
SIR,19,236,0.0
SIR,19,237,0.0
SIR,19,238,0.0
SIR,19,239,0.0
SIR,19,240,0.0
SIR,19,241,0.0
SIR,19,242,0.0
SIR,19,243,0.0
SIR,19,244,0.0
SIR,19,245,0.0
SIR,19,246,0.0
SIR,19,247,0.0
SIR,19,248,0.0
SIR,19,249,0.0
SIR,19,250,0.0
SIR,19,251,0.0
SIR,19,252,0.0
SIR,19,253,0.0
SIR,19,254,0.0
SIR,19,255,0.0
SIR,19,256,0.0
SIR,19,257,0.0
SIR,19,258,0.0
SIR,19,259,0.0
SIR,19,260,0.0
SIR,19,261,0.0
SIR,19,262,0.0
SIR,19,263,0.0
SIR,19,264,0.0
SIR,19,265,0.0
SIR,19,266,0.0
SIR,19,267,0.0
SIR,19,268,0.0
SIR,19,269,0.0
SIR,19,270,0.0
SIR,19,271,0.0
SIR,19,272,0.0
SIR,19,273,0.0
SIR,19,274,0.0
SIR,19,275,0.0
SIR,19,276,0.0
SIR,19,277,0.0
SIR,19,278,0.0
SIR,19,279,0.0
SIR,19,280,0.0
SIR,19,281,0.0
SIR,19,282,0.0
SIR,19,283,0.0
SIR,19,284,0.0
SIR,19,285,0.0
SIR,19,286,0.0
SIR,19,287,0.0
SIR,19,288,0.0
SIR,19,289,0.0
SIR,19,290,0.0
SIR,19,291,0.0
SIR,19,292,0.0
SIR,19,293,0.0
SIR,19,294,0.0
SIR,19,295,0.0
SIR,19,296,0.0
SIR,19,297,0.0
SIR,19,298,0.0
SIR,19,299,0.0
SIR,19,300,0.0
SIR,20,0,0.08823529411764706
SIR,20,1,0.11764705882352941
SIR,20,2,0.14705882352941177
SIR,20,3,0.23529411764705882
SIR,20,4,0.20588235294117646
SIR,20,5,0.2647058823529412
SIR,20,6,0.2647058823529412
SIR,20,7,0.3235294117647059
SIR,20,8,0.23529411764705882
SIR,20,9,0.20588235294117646
SIR,20,10,0.20588235294117646
SIR,20,11,0.17647058823529413
SIR,20,12,0.14705882352941177
SIR,20,13,0.11764705882352941
SIR,20,14,0.058823529411764705
SIR,20,15,0.058823529411764705
SIR,20,16,0.0
SIR,20,17,0.0
SIR,20,18,0.0
SIR,20,19,0.0
SIR,20,20,0.0
SIR,20,21,0.0
SIR,20,22,0.0
SIR,20,23,0.0
SIR,20,24,0.0
SIR,20,25,0.0
SIR,20,26,0.0
SIR,20,27,0.0
SIR,20,28,0.0
SIR,20,29,0.0
SIR,20,30,0.0
SIR,20,31,0.0
SIR,20,32,0.0
SIR,20,33,0.0
SIR,20,34,0.0
SIR,20,35,0.0
SIR,20,36,0.0
SIR,20,37,0.0
SIR,20,38,0.0
SIR,20,39,0.0
SIR,20,40,0.0
SIR,20,41,0.0
SIR,20,42,0.0
SIR,20,43,0.0
SIR,20,44,0.0
SIR,20,45,0.0
SIR,20,46,0.0
SIR,20,47,0.0
SIR,20,48,0.0
SIR,20,49,0.0
SIR,20,50,0.0
SIR,20,51,0.0
SIR,20,52,0.0
SIR,20,53,0.0
SIR,20,54,0.0
SIR,20,55,0.0
SIR,20,56,0.0
SIR,20,57,0.0
SIR,20,58,0.0
SIR,20,59,0.0
SIR,20,60,0.0
SIR,20,61,0.0
SIR,20,62,0.0
SIR,20,63,0.0
SIR,20,64,0.0
SIR,20,65,0.0
SIR,20,66,0.0
SIR,20,67,0.0
SIR,20,68,0.0
SIR,20,69,0.0
SIR,20,70,0.0
SIR,20,71,0.0
SIR,20,72,0.0
SIR,20,73,0.0
SIR,20,74,0.0
SIR,20,75,0.0
SIR,20,76,0.0
SIR,20,77,0.0
SIR,20,78,0.0
SIR,20,79,0.0
SIR,20,80,0.0
SIR,20,81,0.0
SIR,20,82,0.0
SIR,20,83,0.0
SIR,20,84,0.0
SIR,20,85,0.0
SIR,20,86,0.0
SIR,20,87,0.0
SIR,20,88,0.0
SIR,20,89,0.0
SIR,20,90,0.0
SIR,20,91,0.0
SIR,20,92,0.0
SIR,20,93,0.0
SIR,20,94,0.0
SIR,20,95,0.0
SIR,20,96,0.0
SIR,20,97,0.0
SIR,20,98,0.0
SIR,20,99,0.0
SIR,20,100,0.0
SIR,20,101,0.0
SIR,20,102,0.0
SIR,20,103,0.0
SIR,20,104,0.0
SIR,20,105,0.0
SIR,20,106,0.0
SIR,20,107,0.0
SIR,20,108,0.0
SIR,20,109,0.0
SIR,20,110,0.0
SIR,20,111,0.0
SIR,20,112,0.0
SIR,20,113,0.0
SIR,20,114,0.0
SIR,20,115,0.0
SIR,20,116,0.0
SIR,20,117,0.0
SIR,20,118,0.0
SIR,20,119,0.0
SIR,20,120,0.0
SIR,20,121,0.0
SIR,20,122,0.0
SIR,20,123,0.0
SIR,20,124,0.0
SIR,20,125,0.0
SIR,20,126,0.0
SIR,20,127,0.0
SIR,20,128,0.0
SIR,20,129,0.0
SIR,20,130,0.0
SIR,20,131,0.0
SIR,20,132,0.0
SIR,20,133,0.0
SIR,20,134,0.0
SIR,20,135,0.0
SIR,20,136,0.0
SIR,20,137,0.0
SIR,20,138,0.0
SIR,20,139,0.0
SIR,20,140,0.0
SIR,20,141,0.0
SIR,20,142,0.0
SIR,20,143,0.0
SIR,20,144,0.0
SIR,20,145,0.0
SIR,20,146,0.0
SIR,20,147,0.0
SIR,20,148,0.0
SIR,20,149,0.0
SIR,20,150,0.0
SIR,20,151,0.0
SIR,20,152,0.0
SIR,20,153,0.0
SIR,20,154,0.0
SIR,20,155,0.0
SIR,20,156,0.0
SIR,20,157,0.0
SIR,20,158,0.0
SIR,20,159,0.0
SIR,20,160,0.0
SIR,20,161,0.0
SIR,20,162,0.0
SIR,20,163,0.0
SIR,20,164,0.0
SIR,20,165,0.0
SIR,20,166,0.0
SIR,20,167,0.0
SIR,20,168,0.0
SIR,20,169,0.0
SIR,20,170,0.0
SIR,20,171,0.0
SIR,20,172,0.0
SIR,20,173,0.0
SIR,20,174,0.0
SIR,20,175,0.0
SIR,20,176,0.0
SIR,20,177,0.0
SIR,20,178,0.0
SIR,20,179,0.0
SIR,20,180,0.0
SIR,20,181,0.0
SIR,20,182,0.0
SIR,20,183,0.0
SIR,20,184,0.0
SIR,20,185,0.0
SIR,20,186,0.0
SIR,20,187,0.0
SIR,20,188,0.0
SIR,20,189,0.0
SIR,20,190,0.0
SIR,20,191,0.0
SIR,20,192,0.0
SIR,20,193,0.0
SIR,20,194,0.0
SIR,20,195,0.0
SIR,20,196,0.0
SIR,20,197,0.0
SIR,20,198,0.0
SIR,20,199,0.0
SIR,20,200,0.0
SIR,20,201,0.0
SIR,20,202,0.0
SIR,20,203,0.0
SIR,20,204,0.0
SIR,20,205,0.0
SIR,20,206,0.0
SIR,20,207,0.0
SIR,20,208,0.0
SIR,20,209,0.0
SIR,20,210,0.0
SIR,20,211,0.0
SIR,20,212,0.0
SIR,20,213,0.0
SIR,20,214,0.0
SIR,20,215,0.0
SIR,20,216,0.0
SIR,20,217,0.0
SIR,20,218,0.0
SIR,20,219,0.0
SIR,20,220,0.0
SIR,20,221,0.0
SIR,20,222,0.0
SIR,20,223,0.0
SIR,20,224,0.0
SIR,20,225,0.0
SIR,20,226,0.0
SIR,20,227,0.0
SIR,20,228,0.0
SIR,20,229,0.0
SIR,20,230,0.0
SIR,20,231,0.0
SIR,20,232,0.0
SIR,20,233,0.0
SIR,20,234,0.0
SIR,20,235,0.0
SIR,20,236,0.0
SIR,20,237,0.0
SIR,20,238,0.0
SIR,20,239,0.0
SIR,20,240,0.0
SIR,20,241,0.0
SIR,20,242,0.0
SIR,20,243,0.0
SIR,20,244,0.0
SIR,20,245,0.0
SIR,20,246,0.0
SIR,20,247,0.0
SIR,20,248,0.0
SIR,20,249,0.0
SIR,20,250,0.0
SIR,20,251,0.0
SIR,20,252,0.0
SIR,20,253,0.0
SIR,20,254,0.0
SIR,20,255,0.0
SIR,20,256,0.0
SIR,20,257,0.0
SIR,20,258,0.0
SIR,20,259,0.0
SIR,20,260,0.0
SIR,20,261,0.0
SIR,20,262,0.0
SIR,20,263,0.0
SIR,20,264,0.0
SIR,20,265,0.0
SIR,20,266,0.0
SIR,20,267,0.0
SIR,20,268,0.0
SIR,20,269,0.0
SIR,20,270,0.0
SIR,20,271,0.0
SIR,20,272,0.0
SIR,20,273,0.0
SIR,20,274,0.0
SIR,20,275,0.0
SIR,20,276,0.0
SIR,20,277,0.0
SIR,20,278,0.0
SIR,20,279,0.0
SIR,20,280,0.0
SIR,20,281,0.0
SIR,20,282,0.0
SIR,20,283,0.0
SIR,20,284,0.0
SIR,20,285,0.0
SIR,20,286,0.0
SIR,20,287,0.0
SIR,20,288,0.0
SIR,20,289,0.0
SIR,20,290,0.0
SIR,20,291,0.0
SIR,20,292,0.0
SIR,20,293,0.0
SIR,20,294,0.0
SIR,20,295,0.0
SIR,20,296,0.0
SIR,20,297,0.0
SIR,20,298,0.0
SIR,20,299,0.0
SIR,20,300,0.0
SIR,21,0,0.08823529411764706
SIR,21,1,0.08823529411764706
SIR,21,2,0.058823529411764705
SIR,21,3,0.058823529411764705
SIR,21,4,0.058823529411764705
SIR,21,5,0.058823529411764705
SIR,21,6,0.058823529411764705
SIR,21,7,0.058823529411764705
SIR,21,8,0.058823529411764705
SIR,21,9,0.08823529411764706
SIR,21,10,0.14705882352941177
SIR,21,11,0.17647058823529413
SIR,21,12,0.17647058823529413
SIR,21,13,0.17647058823529413
SIR,21,14,0.20588235294117646
SIR,21,15,0.2647058823529412
SIR,21,16,0.2647058823529412
SIR,21,17,0.17647058823529413
SIR,21,18,0.14705882352941177
SIR,21,19,0.14705882352941177
SIR,21,20,0.14705882352941177
SIR,21,21,0.11764705882352941
SIR,21,22,0.08823529411764706
SIR,21,23,0.058823529411764705
SIR,21,24,0.058823529411764705
SIR,21,25,0.058823529411764705
SIR,21,26,0.058823529411764705
SIR,21,27,0.029411764705882353
SIR,21,28,0.029411764705882353
SIR,21,29,0.029411764705882353
SIR,21,30,0.029411764705882353
SIR,21,31,0.029411764705882353
SIR,21,32,0.029411764705882353
SIR,21,33,0.029411764705882353
SIR,21,34,0.0
SIR,21,35,0.0
SIR,21,36,0.0
SIR,21,37,0.0
SIR,21,38,0.0
SIR,21,39,0.0
SIR,21,40,0.0
SIR,21,41,0.0
SIR,21,42,0.0
SIR,21,43,0.0
SIR,21,44,0.0
SIR,21,45,0.0
SIR,21,46,0.0
SIR,21,47,0.0
SIR,21,48,0.0
SIR,21,49,0.0
SIR,21,50,0.0
SIR,21,51,0.0
SIR,21,52,0.0
SIR,21,53,0.0
SIR,21,54,0.0
SIR,21,55,0.0
SIR,21,56,0.0
SIR,21,57,0.0
SIR,21,58,0.0
SIR,21,59,0.0
SIR,21,60,0.0
SIR,21,61,0.0
SIR,21,62,0.0
SIR,21,63,0.0
SIR,21,64,0.0
SIR,21,65,0.0
SIR,21,66,0.0
SIR,21,67,0.0
SIR,21,68,0.0
SIR,21,69,0.0
SIR,21,70,0.0
SIR,21,71,0.0
SIR,21,72,0.0
SIR,21,73,0.0
SIR,21,74,0.0
SIR,21,75,0.0
SIR,21,76,0.0
SIR,21,77,0.0
SIR,21,78,0.0
SIR,21,79,0.0
SIR,21,80,0.0
SIR,21,81,0.0
SIR,21,82,0.0
SIR,21,83,0.0
SIR,21,84,0.0
SIR,21,85,0.0
SIR,21,86,0.0
SIR,21,87,0.0
SIR,21,88,0.0
SIR,21,89,0.0
SIR,21,90,0.0
SIR,21,91,0.0
SIR,21,92,0.0
SIR,21,93,0.0
SIR,21,94,0.0
SIR,21,95,0.0
SIR,21,96,0.0
SIR,21,97,0.0
SIR,21,98,0.0
SIR,21,99,0.0
SIR,21,100,0.0
SIR,21,101,0.0
SIR,21,102,0.0
SIR,21,103,0.0
SIR,21,104,0.0
SIR,21,105,0.0
SIR,21,106,0.0
SIR,21,107,0.0
SIR,21,108,0.0
SIR,21,109,0.0
SIR,21,110,0.0
SIR,21,111,0.0
SIR,21,112,0.0
SIR,21,113,0.0
SIR,21,114,0.0
SIR,21,115,0.0
SIR,21,116,0.0
SIR,21,117,0.0
SIR,21,118,0.0
SIR,21,119,0.0
SIR,21,120,0.0
SIR,21,121,0.0
SIR,21,122,0.0
SIR,21,123,0.0
SIR,21,124,0.0
SIR,21,125,0.0
SIR,21,126,0.0
SIR,21,127,0.0
SIR,21,128,0.0
SIR,21,129,0.0
SIR,21,130,0.0
SIR,21,131,0.0
SIR,21,132,0.0
SIR,21,133,0.0
SIR,21,134,0.0
SIR,21,135,0.0
SIR,21,136,0.0
SIR,21,137,0.0
SIR,21,138,0.0
SIR,21,139,0.0
SIR,21,140,0.0
SIR,21,141,0.0
SIR,21,142,0.0
SIR,21,143,0.0
SIR,21,144,0.0
SIR,21,145,0.0
SIR,21,146,0.0
SIR,21,147,0.0
SIR,21,148,0.0
SIR,21,149,0.0
SIR,21,150,0.0
SIR,21,151,0.0
SIR,21,152,0.0
SIR,21,153,0.0
SIR,21,154,0.0
SIR,21,155,0.0
SIR,21,156,0.0
SIR,21,157,0.0
SIR,21,158,0.0
SIR,21,159,0.0
SIR,21,160,0.0
SIR,21,161,0.0
SIR,21,162,0.0
SIR,21,163,0.0
SIR,21,164,0.0
SIR,21,165,0.0
SIR,21,166,0.0
SIR,21,167,0.0
SIR,21,168,0.0
SIR,21,169,0.0
SIR,21,170,0.0
SIR,21,171,0.0
SIR,21,172,0.0
SIR,21,173,0.0
SIR,21,174,0.0
SIR,21,175,0.0
SIR,21,176,0.0
SIR,21,177,0.0
SIR,21,178,0.0
SIR,21,179,0.0
SIR,21,180,0.0
SIR,21,181,0.0
SIR,21,182,0.0
SIR,21,183,0.0
SIR,21,184,0.0
SIR,21,185,0.0
SIR,21,186,0.0
SIR,21,187,0.0
SIR,21,188,0.0
SIR,21,189,0.0
SIR,21,190,0.0
SIR,21,191,0.0
SIR,21,192,0.0
SIR,21,193,0.0
SIR,21,194,0.0
SIR,21,195,0.0
SIR,21,196,0.0
SIR,21,197,0.0
SIR,21,198,0.0
SIR,21,199,0.0
SIR,21,200,0.0
SIR,21,201,0.0
SIR,21,202,0.0
SIR,21,203,0.0
SIR,21,204,0.0
SIR,21,205,0.0
SIR,21,206,0.0
SIR,21,207,0.0
SIR,21,208,0.0
SIR,21,209,0.0
SIR,21,210,0.0
SIR,21,211,0.0
SIR,21,212,0.0
SIR,21,213,0.0
SIR,21,214,0.0
SIR,21,215,0.0
SIR,21,216,0.0
SIR,21,217,0.0
SIR,21,218,0.0
SIR,21,219,0.0
SIR,21,220,0.0
SIR,21,221,0.0
SIR,21,222,0.0
SIR,21,223,0.0
SIR,21,224,0.0
SIR,21,225,0.0
SIR,21,226,0.0
SIR,21,227,0.0
SIR,21,228,0.0
SIR,21,229,0.0
SIR,21,230,0.0
SIR,21,231,0.0
SIR,21,232,0.0
SIR,21,233,0.0
SIR,21,234,0.0
SIR,21,235,0.0
SIR,21,236,0.0
SIR,21,237,0.0
SIR,21,238,0.0
SIR,21,239,0.0
SIR,21,240,0.0
SIR,21,241,0.0
SIR,21,242,0.0
SIR,21,243,0.0
SIR,21,244,0.0
SIR,21,245,0.0
SIR,21,246,0.0
SIR,21,247,0.0
SIR,21,248,0.0
SIR,21,249,0.0
SIR,21,250,0.0
SIR,21,251,0.0
SIR,21,252,0.0
SIR,21,253,0.0
SIR,21,254,0.0
SIR,21,255,0.0
SIR,21,256,0.0
SIR,21,257,0.0
SIR,21,258,0.0
SIR,21,259,0.0
SIR,21,260,0.0
SIR,21,261,0.0
SIR,21,262,0.0
SIR,21,263,0.0
SIR,21,264,0.0
SIR,21,265,0.0
SIR,21,266,0.0
SIR,21,267,0.0
SIR,21,268,0.0
SIR,21,269,0.0
SIR,21,270,0.0
SIR,21,271,0.0
SIR,21,272,0.0
SIR,21,273,0.0
SIR,21,274,0.0
SIR,21,275,0.0
SIR,21,276,0.0
SIR,21,277,0.0
SIR,21,278,0.0
SIR,21,279,0.0
SIR,21,280,0.0
SIR,21,281,0.0
SIR,21,282,0.0
SIR,21,283,0.0
SIR,21,284,0.0
SIR,21,285,0.0
SIR,21,286,0.0
SIR,21,287,0.0
SIR,21,288,0.0
SIR,21,289,0.0
SIR,21,290,0.0
SIR,21,291,0.0
SIR,21,292,0.0
SIR,21,293,0.0
SIR,21,294,0.0
SIR,21,295,0.0
SIR,21,296,0.0
SIR,21,297,0.0
SIR,21,298,0.0
SIR,21,299,0.0
SIR,21,300,0.0
SIR,22,0,0.08823529411764706
SIR,22,1,0.11764705882352941
SIR,22,2,0.14705882352941177
SIR,22,3,0.11764705882352941
SIR,22,4,0.11764705882352941
SIR,22,5,0.17647058823529413
SIR,22,6,0.2647058823529412
SIR,22,7,0.2647058823529412
SIR,22,8,0.2647058823529412
SIR,22,9,0.20588235294117646
SIR,22,10,0.20588235294117646
SIR,22,11,0.20588235294117646
SIR,22,12,0.17647058823529413
SIR,22,13,0.14705882352941177
SIR,22,14,0.11764705882352941
SIR,22,15,0.11764705882352941
SIR,22,16,0.11764705882352941
SIR,22,17,0.08823529411764706
SIR,22,18,0.058823529411764705
SIR,22,19,0.058823529411764705
SIR,22,20,0.029411764705882353
SIR,22,21,0.029411764705882353
SIR,22,22,0.029411764705882353
SIR,22,23,0.029411764705882353
SIR,22,24,0.029411764705882353
SIR,22,25,0.058823529411764705
SIR,22,26,0.058823529411764705
SIR,22,27,0.0
SIR,22,28,0.0
SIR,22,29,0.0
SIR,22,30,0.0
SIR,22,31,0.0
SIR,22,32,0.0
SIR,22,33,0.0
SIR,22,34,0.0
SIR,22,35,0.0
SIR,22,36,0.0
SIR,22,37,0.0
SIR,22,38,0.0
SIR,22,39,0.0
SIR,22,40,0.0
SIR,22,41,0.0
SIR,22,42,0.0
SIR,22,43,0.0
SIR,22,44,0.0
SIR,22,45,0.0
SIR,22,46,0.0
SIR,22,47,0.0
SIR,22,48,0.0
SIR,22,49,0.0
SIR,22,50,0.0
SIR,22,51,0.0
SIR,22,52,0.0
SIR,22,53,0.0
SIR,22,54,0.0
SIR,22,55,0.0
SIR,22,56,0.0
SIR,22,57,0.0
SIR,22,58,0.0
SIR,22,59,0.0
SIR,22,60,0.0
SIR,22,61,0.0
SIR,22,62,0.0
SIR,22,63,0.0
SIR,22,64,0.0
SIR,22,65,0.0
SIR,22,66,0.0
SIR,22,67,0.0
SIR,22,68,0.0
SIR,22,69,0.0
SIR,22,70,0.0
SIR,22,71,0.0
SIR,22,72,0.0
SIR,22,73,0.0
SIR,22,74,0.0
SIR,22,75,0.0
SIR,22,76,0.0
SIR,22,77,0.0
SIR,22,78,0.0
SIR,22,79,0.0
SIR,22,80,0.0
SIR,22,81,0.0
SIR,22,82,0.0
SIR,22,83,0.0
SIR,22,84,0.0
SIR,22,85,0.0
SIR,22,86,0.0
SIR,22,87,0.0
SIR,22,88,0.0
SIR,22,89,0.0
SIR,22,90,0.0
SIR,22,91,0.0
SIR,22,92,0.0
SIR,22,93,0.0
SIR,22,94,0.0
SIR,22,95,0.0
SIR,22,96,0.0
SIR,22,97,0.0
SIR,22,98,0.0
SIR,22,99,0.0
SIR,22,100,0.0
SIR,22,101,0.0
SIR,22,102,0.0
SIR,22,103,0.0
SIR,22,104,0.0
SIR,22,105,0.0
SIR,22,106,0.0
SIR,22,107,0.0
SIR,22,108,0.0
SIR,22,109,0.0
SIR,22,110,0.0
SIR,22,111,0.0
SIR,22,112,0.0
SIR,22,113,0.0
SIR,22,114,0.0
SIR,22,115,0.0
SIR,22,116,0.0
SIR,22,117,0.0
SIR,22,118,0.0
SIR,22,119,0.0
SIR,22,120,0.0
SIR,22,121,0.0
SIR,22,122,0.0
SIR,22,123,0.0
SIR,22,124,0.0
SIR,22,125,0.0
SIR,22,126,0.0
SIR,22,127,0.0
SIR,22,128,0.0
SIR,22,129,0.0
SIR,22,130,0.0
SIR,22,131,0.0
SIR,22,132,0.0
SIR,22,133,0.0
SIR,22,134,0.0
SIR,22,135,0.0
SIR,22,136,0.0
SIR,22,137,0.0
SIR,22,138,0.0
SIR,22,139,0.0
SIR,22,140,0.0
SIR,22,141,0.0
SIR,22,142,0.0
SIR,22,143,0.0
SIR,22,144,0.0
SIR,22,145,0.0
SIR,22,146,0.0
SIR,22,147,0.0
SIR,22,148,0.0
SIR,22,149,0.0
SIR,22,150,0.0
SIR,22,151,0.0
SIR,22,152,0.0
SIR,22,153,0.0
SIR,22,154,0.0
SIR,22,155,0.0
SIR,22,156,0.0
SIR,22,157,0.0
SIR,22,158,0.0
SIR,22,159,0.0
SIR,22,160,0.0
SIR,22,161,0.0
SIR,22,162,0.0
SIR,22,163,0.0
SIR,22,164,0.0
SIR,22,165,0.0
SIR,22,166,0.0
SIR,22,167,0.0
SIR,22,168,0.0
SIR,22,169,0.0
SIR,22,170,0.0
SIR,22,171,0.0
SIR,22,172,0.0
SIR,22,173,0.0
SIR,22,174,0.0
SIR,22,175,0.0
SIR,22,176,0.0
SIR,22,177,0.0
SIR,22,178,0.0
SIR,22,179,0.0
SIR,22,180,0.0
SIR,22,181,0.0
SIR,22,182,0.0
SIR,22,183,0.0
SIR,22,184,0.0
SIR,22,185,0.0
SIR,22,186,0.0
SIR,22,187,0.0
SIR,22,188,0.0
SIR,22,189,0.0
SIR,22,190,0.0
SIR,22,191,0.0
SIR,22,192,0.0
SIR,22,193,0.0
SIR,22,194,0.0
SIR,22,195,0.0
SIR,22,196,0.0
SIR,22,197,0.0
SIR,22,198,0.0
SIR,22,199,0.0
SIR,22,200,0.0
SIR,22,201,0.0
SIR,22,202,0.0
SIR,22,203,0.0
SIR,22,204,0.0
SIR,22,205,0.0
SIR,22,206,0.0
SIR,22,207,0.0
SIR,22,208,0.0
SIR,22,209,0.0
SIR,22,210,0.0
SIR,22,211,0.0
SIR,22,212,0.0
SIR,22,213,0.0
SIR,22,214,0.0
SIR,22,215,0.0
SIR,22,216,0.0
SIR,22,217,0.0
SIR,22,218,0.0
SIR,22,219,0.0
SIR,22,220,0.0
SIR,22,221,0.0
SIR,22,222,0.0
SIR,22,223,0.0
SIR,22,224,0.0
SIR,22,225,0.0
SIR,22,226,0.0
SIR,22,227,0.0
SIR,22,228,0.0
SIR,22,229,0.0
SIR,22,230,0.0
SIR,22,231,0.0
SIR,22,232,0.0
SIR,22,233,0.0
SIR,22,234,0.0
SIR,22,235,0.0
SIR,22,236,0.0
SIR,22,237,0.0
SIR,22,238,0.0
SIR,22,239,0.0
SIR,22,240,0.0
SIR,22,241,0.0
SIR,22,242,0.0
SIR,22,243,0.0
SIR,22,244,0.0
SIR,22,245,0.0
SIR,22,246,0.0
SIR,22,247,0.0
SIR,22,248,0.0
SIR,22,249,0.0
SIR,22,250,0.0
SIR,22,251,0.0
SIR,22,252,0.0
SIR,22,253,0.0
SIR,22,254,0.0
SIR,22,255,0.0
SIR,22,256,0.0
SIR,22,257,0.0
SIR,22,258,0.0
SIR,22,259,0.0
SIR,22,260,0.0
SIR,22,261,0.0
SIR,22,262,0.0
SIR,22,263,0.0
SIR,22,264,0.0
SIR,22,265,0.0
SIR,22,266,0.0
SIR,22,267,0.0
SIR,22,268,0.0
SIR,22,269,0.0
SIR,22,270,0.0
SIR,22,271,0.0
SIR,22,272,0.0
SIR,22,273,0.0
SIR,22,274,0.0
SIR,22,275,0.0
SIR,22,276,0.0
SIR,22,277,0.0
SIR,22,278,0.0
SIR,22,279,0.0
SIR,22,280,0.0
SIR,22,281,0.0
SIR,22,282,0.0
SIR,22,283,0.0
SIR,22,284,0.0
SIR,22,285,0.0
SIR,22,286,0.0
SIR,22,287,0.0
SIR,22,288,0.0
SIR,22,289,0.0
SIR,22,290,0.0
SIR,22,291,0.0
SIR,22,292,0.0
SIR,22,293,0.0
SIR,22,294,0.0
SIR,22,295,0.0
SIR,22,296,0.0
SIR,22,297,0.0
SIR,22,298,0.0
SIR,22,299,0.0
SIR,22,300,0.0
SIR,23,0,0.08823529411764706
SIR,23,1,0.08823529411764706
SIR,23,2,0.058823529411764705
SIR,23,3,0.08823529411764706
SIR,23,4,0.14705882352941177
SIR,23,5,0.14705882352941177
SIR,23,6,0.14705882352941177
SIR,23,7,0.14705882352941177
SIR,23,8,0.23529411764705882
SIR,23,9,0.20588235294117646
SIR,23,10,0.17647058823529413
SIR,23,11,0.23529411764705882
SIR,23,12,0.3235294117647059
SIR,23,13,0.2647058823529412
SIR,23,14,0.17647058823529413
SIR,23,15,0.14705882352941177
SIR,23,16,0.11764705882352941
SIR,23,17,0.11764705882352941
SIR,23,18,0.11764705882352941
SIR,23,19,0.11764705882352941
SIR,23,20,0.08823529411764706
SIR,23,21,0.058823529411764705
SIR,23,22,0.058823529411764705
SIR,23,23,0.058823529411764705
SIR,23,24,0.058823529411764705
SIR,23,25,0.08823529411764706
SIR,23,26,0.08823529411764706
SIR,23,27,0.058823529411764705
SIR,23,28,0.058823529411764705
SIR,23,29,0.058823529411764705
SIR,23,30,0.058823529411764705
SIR,23,31,0.058823529411764705
SIR,23,32,0.058823529411764705
SIR,23,33,0.029411764705882353
SIR,23,34,0.029411764705882353
SIR,23,35,0.0
SIR,23,36,0.0
SIR,23,37,0.0
SIR,23,38,0.0
SIR,23,39,0.0
SIR,23,40,0.0
SIR,23,41,0.0
SIR,23,42,0.0
SIR,23,43,0.0
SIR,23,44,0.0
SIR,23,45,0.0
SIR,23,46,0.0
SIR,23,47,0.0
SIR,23,48,0.0
SIR,23,49,0.0
SIR,23,50,0.0
SIR,23,51,0.0
SIR,23,52,0.0
SIR,23,53,0.0
SIR,23,54,0.0
SIR,23,55,0.0
SIR,23,56,0.0
SIR,23,57,0.0
SIR,23,58,0.0
SIR,23,59,0.0
SIR,23,60,0.0
SIR,23,61,0.0
SIR,23,62,0.0
SIR,23,63,0.0
SIR,23,64,0.0
SIR,23,65,0.0
SIR,23,66,0.0
SIR,23,67,0.0
SIR,23,68,0.0
SIR,23,69,0.0
SIR,23,70,0.0
SIR,23,71,0.0
SIR,23,72,0.0
SIR,23,73,0.0
SIR,23,74,0.0
SIR,23,75,0.0
SIR,23,76,0.0
SIR,23,77,0.0
SIR,23,78,0.0
SIR,23,79,0.0
SIR,23,80,0.0
SIR,23,81,0.0
SIR,23,82,0.0
SIR,23,83,0.0
SIR,23,84,0.0
SIR,23,85,0.0
SIR,23,86,0.0
SIR,23,87,0.0
SIR,23,88,0.0
SIR,23,89,0.0
SIR,23,90,0.0
SIR,23,91,0.0
SIR,23,92,0.0
SIR,23,93,0.0
SIR,23,94,0.0
SIR,23,95,0.0
SIR,23,96,0.0
SIR,23,97,0.0
SIR,23,98,0.0
SIR,23,99,0.0
SIR,23,100,0.0
SIR,23,101,0.0
SIR,23,102,0.0
SIR,23,103,0.0
SIR,23,104,0.0
SIR,23,105,0.0
SIR,23,106,0.0
SIR,23,107,0.0
SIR,23,108,0.0
SIR,23,109,0.0
SIR,23,110,0.0
SIR,23,111,0.0
SIR,23,112,0.0
SIR,23,113,0.0
SIR,23,114,0.0
SIR,23,115,0.0
SIR,23,116,0.0
SIR,23,117,0.0
SIR,23,118,0.0
SIR,23,119,0.0
SIR,23,120,0.0
SIR,23,121,0.0
SIR,23,122,0.0
SIR,23,123,0.0
SIR,23,124,0.0
SIR,23,125,0.0
SIR,23,126,0.0
SIR,23,127,0.0
SIR,23,128,0.0
SIR,23,129,0.0
SIR,23,130,0.0
SIR,23,131,0.0
SIR,23,132,0.0
SIR,23,133,0.0
SIR,23,134,0.0
SIR,23,135,0.0
SIR,23,136,0.0
SIR,23,137,0.0
SIR,23,138,0.0
SIR,23,139,0.0
SIR,23,140,0.0
SIR,23,141,0.0
SIR,23,142,0.0
SIR,23,143,0.0
SIR,23,144,0.0
SIR,23,145,0.0
SIR,23,146,0.0
SIR,23,147,0.0
SIR,23,148,0.0
SIR,23,149,0.0
SIR,23,150,0.0
SIR,23,151,0.0
SIR,23,152,0.0
SIR,23,153,0.0
SIR,23,154,0.0
SIR,23,155,0.0
SIR,23,156,0.0
SIR,23,157,0.0
SIR,23,158,0.0
SIR,23,159,0.0
SIR,23,160,0.0
SIR,23,161,0.0
SIR,23,162,0.0
SIR,23,163,0.0
SIR,23,164,0.0
SIR,23,165,0.0
SIR,23,166,0.0
SIR,23,167,0.0
SIR,23,168,0.0
SIR,23,169,0.0
SIR,23,170,0.0
SIR,23,171,0.0
SIR,23,172,0.0
SIR,23,173,0.0
SIR,23,174,0.0
SIR,23,175,0.0
SIR,23,176,0.0
SIR,23,177,0.0
SIR,23,178,0.0
SIR,23,179,0.0
SIR,23,180,0.0
SIR,23,181,0.0
SIR,23,182,0.0
SIR,23,183,0.0
SIR,23,184,0.0
SIR,23,185,0.0
SIR,23,186,0.0
SIR,23,187,0.0
SIR,23,188,0.0
SIR,23,189,0.0
SIR,23,190,0.0
SIR,23,191,0.0
SIR,23,192,0.0
SIR,23,193,0.0
SIR,23,194,0.0
SIR,23,195,0.0
SIR,23,196,0.0
SIR,23,197,0.0
SIR,23,198,0.0
SIR,23,199,0.0
SIR,23,200,0.0
SIR,23,201,0.0
SIR,23,202,0.0
SIR,23,203,0.0
SIR,23,204,0.0
SIR,23,205,0.0
SIR,23,206,0.0
SIR,23,207,0.0
SIR,23,208,0.0
SIR,23,209,0.0
SIR,23,210,0.0
SIR,23,211,0.0
SIR,23,212,0.0
SIR,23,213,0.0
SIR,23,214,0.0
SIR,23,215,0.0
SIR,23,216,0.0
SIR,23,217,0.0
SIR,23,218,0.0
SIR,23,219,0.0
SIR,23,220,0.0
SIR,23,221,0.0
SIR,23,222,0.0
SIR,23,223,0.0
SIR,23,224,0.0
SIR,23,225,0.0
SIR,23,226,0.0
SIR,23,227,0.0
SIR,23,228,0.0
SIR,23,229,0.0
SIR,23,230,0.0
SIR,23,231,0.0
SIR,23,232,0.0
SIR,23,233,0.0
SIR,23,234,0.0
SIR,23,235,0.0
SIR,23,236,0.0
SIR,23,237,0.0
SIR,23,238,0.0
SIR,23,239,0.0
SIR,23,240,0.0
SIR,23,241,0.0
SIR,23,242,0.0
SIR,23,243,0.0
SIR,23,244,0.0
SIR,23,245,0.0
SIR,23,246,0.0
SIR,23,247,0.0
SIR,23,248,0.0
SIR,23,249,0.0
SIR,23,250,0.0
SIR,23,251,0.0
SIR,23,252,0.0
SIR,23,253,0.0
SIR,23,254,0.0
SIR,23,255,0.0
SIR,23,256,0.0
SIR,23,257,0.0
SIR,23,258,0.0
SIR,23,259,0.0
SIR,23,260,0.0
SIR,23,261,0.0
SIR,23,262,0.0
SIR,23,263,0.0
SIR,23,264,0.0
SIR,23,265,0.0
SIR,23,266,0.0
SIR,23,267,0.0
SIR,23,268,0.0
SIR,23,269,0.0
SIR,23,270,0.0
SIR,23,271,0.0
SIR,23,272,0.0
SIR,23,273,0.0
SIR,23,274,0.0
SIR,23,275,0.0
SIR,23,276,0.0
SIR,23,277,0.0
SIR,23,278,0.0
SIR,23,279,0.0
SIR,23,280,0.0
SIR,23,281,0.0
SIR,23,282,0.0
SIR,23,283,0.0
SIR,23,284,0.0
SIR,23,285,0.0
SIR,23,286,0.0
SIR,23,287,0.0
SIR,23,288,0.0
SIR,23,289,0.0
SIR,23,290,0.0
SIR,23,291,0.0
SIR,23,292,0.0
SIR,23,293,0.0
SIR,23,294,0.0
SIR,23,295,0.0
SIR,23,296,0.0
SIR,23,297,0.0
SIR,23,298,0.0
SIR,23,299,0.0
SIR,23,300,0.0
SIR,24,0,0.08823529411764706
SIR,24,1,0.17647058823529413
SIR,24,2,0.11764705882352941
SIR,24,3,0.08823529411764706
SIR,24,4,0.14705882352941177
SIR,24,5,0.17647058823529413
SIR,24,6,0.17647058823529413
SIR,24,7,0.20588235294117646
SIR,24,8,0.23529411764705882
SIR,24,9,0.20588235294117646
SIR,24,10,0.29411764705882354
SIR,24,11,0.17647058823529413
SIR,24,12,0.20588235294117646
SIR,24,13,0.14705882352941177
SIR,24,14,0.14705882352941177
SIR,24,15,0.08823529411764706
SIR,24,16,0.058823529411764705
SIR,24,17,0.058823529411764705
SIR,24,18,0.058823529411764705
SIR,24,19,0.029411764705882353
SIR,24,20,0.029411764705882353
SIR,24,21,0.029411764705882353
SIR,24,22,0.029411764705882353
SIR,24,23,0.029411764705882353
SIR,24,24,0.029411764705882353
SIR,24,25,0.029411764705882353
SIR,24,26,0.029411764705882353
SIR,24,27,0.029411764705882353
SIR,24,28,0.029411764705882353
SIR,24,29,0.029411764705882353
SIR,24,30,0.029411764705882353
SIR,24,31,0.029411764705882353
SIR,24,32,0.029411764705882353
SIR,24,33,0.029411764705882353
SIR,24,34,0.029411764705882353
SIR,24,35,0.029411764705882353
SIR,24,36,0.029411764705882353
SIR,24,37,0.0
SIR,24,38,0.0
SIR,24,39,0.0
SIR,24,40,0.0
SIR,24,41,0.0
SIR,24,42,0.0
SIR,24,43,0.0
SIR,24,44,0.0
SIR,24,45,0.0
SIR,24,46,0.0
SIR,24,47,0.0
SIR,24,48,0.0
SIR,24,49,0.0
SIR,24,50,0.0
SIR,24,51,0.0
SIR,24,52,0.0
SIR,24,53,0.0
SIR,24,54,0.0
SIR,24,55,0.0
SIR,24,56,0.0
SIR,24,57,0.0
SIR,24,58,0.0
SIR,24,59,0.0
SIR,24,60,0.0
SIR,24,61,0.0
SIR,24,62,0.0
SIR,24,63,0.0
SIR,24,64,0.0
SIR,24,65,0.0
SIR,24,66,0.0
SIR,24,67,0.0
SIR,24,68,0.0
SIR,24,69,0.0
SIR,24,70,0.0
SIR,24,71,0.0
SIR,24,72,0.0
SIR,24,73,0.0
SIR,24,74,0.0
SIR,24,75,0.0
SIR,24,76,0.0
SIR,24,77,0.0
SIR,24,78,0.0
SIR,24,79,0.0
SIR,24,80,0.0
SIR,24,81,0.0
SIR,24,82,0.0
SIR,24,83,0.0
SIR,24,84,0.0
SIR,24,85,0.0
SIR,24,86,0.0
SIR,24,87,0.0
SIR,24,88,0.0
SIR,24,89,0.0
SIR,24,90,0.0
SIR,24,91,0.0
SIR,24,92,0.0
SIR,24,93,0.0
SIR,24,94,0.0
SIR,24,95,0.0
SIR,24,96,0.0
SIR,24,97,0.0
SIR,24,98,0.0
SIR,24,99,0.0
SIR,24,100,0.0
SIR,24,101,0.0
SIR,24,102,0.0
SIR,24,103,0.0
SIR,24,104,0.0
SIR,24,105,0.0
SIR,24,106,0.0
SIR,24,107,0.0
SIR,24,108,0.0
SIR,24,109,0.0
SIR,24,110,0.0
SIR,24,111,0.0
SIR,24,112,0.0
SIR,24,113,0.0
SIR,24,114,0.0
SIR,24,115,0.0
SIR,24,116,0.0
SIR,24,117,0.0
SIR,24,118,0.0
SIR,24,119,0.0
SIR,24,120,0.0
SIR,24,121,0.0
SIR,24,122,0.0
SIR,24,123,0.0
SIR,24,124,0.0
SIR,24,125,0.0
SIR,24,126,0.0
SIR,24,127,0.0
SIR,24,128,0.0
SIR,24,129,0.0
SIR,24,130,0.0
SIR,24,131,0.0
SIR,24,132,0.0
SIR,24,133,0.0
SIR,24,134,0.0
SIR,24,135,0.0
SIR,24,136,0.0
SIR,24,137,0.0
SIR,24,138,0.0
SIR,24,139,0.0
SIR,24,140,0.0
SIR,24,141,0.0
SIR,24,142,0.0
SIR,24,143,0.0
SIR,24,144,0.0
SIR,24,145,0.0
SIR,24,146,0.0
SIR,24,147,0.0
SIR,24,148,0.0
SIR,24,149,0.0
SIR,24,150,0.0
SIR,24,151,0.0
SIR,24,152,0.0
SIR,24,153,0.0
SIR,24,154,0.0
SIR,24,155,0.0
SIR,24,156,0.0
SIR,24,157,0.0
SIR,24,158,0.0
SIR,24,159,0.0
SIR,24,160,0.0
SIR,24,161,0.0
SIR,24,162,0.0
SIR,24,163,0.0
SIR,24,164,0.0
SIR,24,165,0.0
SIR,24,166,0.0
SIR,24,167,0.0
SIR,24,168,0.0
SIR,24,169,0.0
SIR,24,170,0.0
SIR,24,171,0.0
SIR,24,172,0.0
SIR,24,173,0.0
SIR,24,174,0.0
SIR,24,175,0.0
SIR,24,176,0.0
SIR,24,177,0.0
SIR,24,178,0.0
SIR,24,179,0.0
SIR,24,180,0.0
SIR,24,181,0.0
SIR,24,182,0.0
SIR,24,183,0.0
SIR,24,184,0.0
SIR,24,185,0.0
SIR,24,186,0.0
SIR,24,187,0.0
SIR,24,188,0.0
SIR,24,189,0.0
SIR,24,190,0.0
SIR,24,191,0.0
SIR,24,192,0.0
SIR,24,193,0.0
SIR,24,194,0.0
SIR,24,195,0.0
SIR,24,196,0.0
SIR,24,197,0.0
SIR,24,198,0.0
SIR,24,199,0.0
SIR,24,200,0.0
SIR,24,201,0.0
SIR,24,202,0.0
SIR,24,203,0.0
SIR,24,204,0.0
SIR,24,205,0.0
SIR,24,206,0.0
SIR,24,207,0.0
SIR,24,208,0.0
SIR,24,209,0.0
SIR,24,210,0.0
SIR,24,211,0.0
SIR,24,212,0.0
SIR,24,213,0.0
SIR,24,214,0.0
SIR,24,215,0.0
SIR,24,216,0.0
SIR,24,217,0.0
SIR,24,218,0.0
SIR,24,219,0.0
SIR,24,220,0.0
SIR,24,221,0.0
SIR,24,222,0.0
SIR,24,223,0.0
SIR,24,224,0.0
SIR,24,225,0.0
SIR,24,226,0.0
SIR,24,227,0.0
SIR,24,228,0.0
SIR,24,229,0.0
SIR,24,230,0.0
SIR,24,231,0.0
SIR,24,232,0.0
SIR,24,233,0.0
SIR,24,234,0.0
SIR,24,235,0.0
SIR,24,236,0.0
SIR,24,237,0.0
SIR,24,238,0.0
SIR,24,239,0.0
SIR,24,240,0.0
SIR,24,241,0.0
SIR,24,242,0.0
SIR,24,243,0.0
SIR,24,244,0.0
SIR,24,245,0.0
SIR,24,246,0.0
SIR,24,247,0.0
SIR,24,248,0.0
SIR,24,249,0.0
SIR,24,250,0.0
SIR,24,251,0.0
SIR,24,252,0.0
SIR,24,253,0.0
SIR,24,254,0.0
SIR,24,255,0.0
SIR,24,256,0.0
SIR,24,257,0.0
SIR,24,258,0.0
SIR,24,259,0.0
SIR,24,260,0.0
SIR,24,261,0.0
SIR,24,262,0.0
SIR,24,263,0.0
SIR,24,264,0.0
SIR,24,265,0.0
SIR,24,266,0.0
SIR,24,267,0.0
SIR,24,268,0.0
SIR,24,269,0.0
SIR,24,270,0.0
SIR,24,271,0.0
SIR,24,272,0.0
SIR,24,273,0.0
SIR,24,274,0.0
SIR,24,275,0.0
SIR,24,276,0.0
SIR,24,277,0.0
SIR,24,278,0.0
SIR,24,279,0.0
SIR,24,280,0.0
SIR,24,281,0.0
SIR,24,282,0.0
SIR,24,283,0.0
SIR,24,284,0.0
SIR,24,285,0.0
SIR,24,286,0.0
SIR,24,287,0.0
SIR,24,288,0.0
SIR,24,289,0.0
SIR,24,290,0.0
SIR,24,291,0.0
SIR,24,292,0.0
SIR,24,293,0.0
SIR,24,294,0.0
SIR,24,295,0.0
SIR,24,296,0.0
SIR,24,297,0.0
SIR,24,298,0.0
SIR,24,299,0.0
SIR,24,300,0.0
SIR,25,0,0.08823529411764706
SIR,25,1,0.11764705882352941
SIR,25,2,0.029411764705882353
SIR,25,3,0.029411764705882353
SIR,25,4,0.029411764705882353
SIR,25,5,0.0
SIR,25,6,0.0
SIR,25,7,0.0
SIR,25,8,0.0
SIR,25,9,0.0
SIR,25,10,0.0
SIR,25,11,0.0
SIR,25,12,0.0
SIR,25,13,0.0
SIR,25,14,0.0
SIR,25,15,0.0
SIR,25,16,0.0
SIR,25,17,0.0
SIR,25,18,0.0
SIR,25,19,0.0
SIR,25,20,0.0
SIR,25,21,0.0
SIR,25,22,0.0
SIR,25,23,0.0
SIR,25,24,0.0
SIR,25,25,0.0
SIR,25,26,0.0
SIR,25,27,0.0
SIR,25,28,0.0
SIR,25,29,0.0
SIR,25,30,0.0
SIR,25,31,0.0
SIR,25,32,0.0
SIR,25,33,0.0
SIR,25,34,0.0
SIR,25,35,0.0
SIR,25,36,0.0
SIR,25,37,0.0
SIR,25,38,0.0
SIR,25,39,0.0
SIR,25,40,0.0
SIR,25,41,0.0
SIR,25,42,0.0
SIR,25,43,0.0
SIR,25,44,0.0
SIR,25,45,0.0
SIR,25,46,0.0
SIR,25,47,0.0
SIR,25,48,0.0
SIR,25,49,0.0
SIR,25,50,0.0
SIR,25,51,0.0
SIR,25,52,0.0
SIR,25,53,0.0
SIR,25,54,0.0
SIR,25,55,0.0
SIR,25,56,0.0
SIR,25,57,0.0
SIR,25,58,0.0
SIR,25,59,0.0
SIR,25,60,0.0
SIR,25,61,0.0
SIR,25,62,0.0
SIR,25,63,0.0
SIR,25,64,0.0
SIR,25,65,0.0
SIR,25,66,0.0
SIR,25,67,0.0
SIR,25,68,0.0
SIR,25,69,0.0
SIR,25,70,0.0
SIR,25,71,0.0
SIR,25,72,0.0
SIR,25,73,0.0
SIR,25,74,0.0
SIR,25,75,0.0
SIR,25,76,0.0
SIR,25,77,0.0
SIR,25,78,0.0
SIR,25,79,0.0
SIR,25,80,0.0
SIR,25,81,0.0
SIR,25,82,0.0
SIR,25,83,0.0
SIR,25,84,0.0
SIR,25,85,0.0
SIR,25,86,0.0
SIR,25,87,0.0
SIR,25,88,0.0
SIR,25,89,0.0
SIR,25,90,0.0
SIR,25,91,0.0
SIR,25,92,0.0
SIR,25,93,0.0
SIR,25,94,0.0
SIR,25,95,0.0
SIR,25,96,0.0
SIR,25,97,0.0
SIR,25,98,0.0
SIR,25,99,0.0
SIR,25,100,0.0
SIR,25,101,0.0
SIR,25,102,0.0
SIR,25,103,0.0
SIR,25,104,0.0
SIR,25,105,0.0
SIR,25,106,0.0
SIR,25,107,0.0
SIR,25,108,0.0
SIR,25,109,0.0
SIR,25,110,0.0
SIR,25,111,0.0
SIR,25,112,0.0
SIR,25,113,0.0
SIR,25,114,0.0
SIR,25,115,0.0
SIR,25,116,0.0
SIR,25,117,0.0
SIR,25,118,0.0
SIR,25,119,0.0
SIR,25,120,0.0
SIR,25,121,0.0
SIR,25,122,0.0
SIR,25,123,0.0
SIR,25,124,0.0
SIR,25,125,0.0
SIR,25,126,0.0
SIR,25,127,0.0
SIR,25,128,0.0
SIR,25,129,0.0
SIR,25,130,0.0
SIR,25,131,0.0
SIR,25,132,0.0
SIR,25,133,0.0
SIR,25,134,0.0
SIR,25,135,0.0
SIR,25,136,0.0
SIR,25,137,0.0
SIR,25,138,0.0
SIR,25,139,0.0
SIR,25,140,0.0
SIR,25,141,0.0
SIR,25,142,0.0
SIR,25,143,0.0
SIR,25,144,0.0
SIR,25,145,0.0
SIR,25,146,0.0
SIR,25,147,0.0
SIR,25,148,0.0
SIR,25,149,0.0
SIR,25,150,0.0
SIR,25,151,0.0
SIR,25,152,0.0
SIR,25,153,0.0
SIR,25,154,0.0
SIR,25,155,0.0
SIR,25,156,0.0
SIR,25,157,0.0
SIR,25,158,0.0
SIR,25,159,0.0
SIR,25,160,0.0
SIR,25,161,0.0
SIR,25,162,0.0
SIR,25,163,0.0
SIR,25,164,0.0
SIR,25,165,0.0
SIR,25,166,0.0
SIR,25,167,0.0
SIR,25,168,0.0
SIR,25,169,0.0
SIR,25,170,0.0
SIR,25,171,0.0
SIR,25,172,0.0
SIR,25,173,0.0
SIR,25,174,0.0
SIR,25,175,0.0
SIR,25,176,0.0
SIR,25,177,0.0
SIR,25,178,0.0
SIR,25,179,0.0
SIR,25,180,0.0
SIR,25,181,0.0
SIR,25,182,0.0
SIR,25,183,0.0
SIR,25,184,0.0
SIR,25,185,0.0
SIR,25,186,0.0
SIR,25,187,0.0
SIR,25,188,0.0
SIR,25,189,0.0
SIR,25,190,0.0
SIR,25,191,0.0
SIR,25,192,0.0
SIR,25,193,0.0
SIR,25,194,0.0
SIR,25,195,0.0
SIR,25,196,0.0
SIR,25,197,0.0
SIR,25,198,0.0
SIR,25,199,0.0
SIR,25,200,0.0
SIR,25,201,0.0
SIR,25,202,0.0
SIR,25,203,0.0
SIR,25,204,0.0
SIR,25,205,0.0
SIR,25,206,0.0
SIR,25,207,0.0
SIR,25,208,0.0
SIR,25,209,0.0
SIR,25,210,0.0
SIR,25,211,0.0
SIR,25,212,0.0
SIR,25,213,0.0
SIR,25,214,0.0
SIR,25,215,0.0
SIR,25,216,0.0
SIR,25,217,0.0
SIR,25,218,0.0
SIR,25,219,0.0
SIR,25,220,0.0
SIR,25,221,0.0
SIR,25,222,0.0
SIR,25,223,0.0
SIR,25,224,0.0
SIR,25,225,0.0
SIR,25,226,0.0
SIR,25,227,0.0
SIR,25,228,0.0
SIR,25,229,0.0
SIR,25,230,0.0
SIR,25,231,0.0
SIR,25,232,0.0
SIR,25,233,0.0
SIR,25,234,0.0
SIR,25,235,0.0
SIR,25,236,0.0
SIR,25,237,0.0
SIR,25,238,0.0
SIR,25,239,0.0
SIR,25,240,0.0
SIR,25,241,0.0
SIR,25,242,0.0
SIR,25,243,0.0
SIR,25,244,0.0
SIR,25,245,0.0
SIR,25,246,0.0
SIR,25,247,0.0
SIR,25,248,0.0
SIR,25,249,0.0
SIR,25,250,0.0
SIR,25,251,0.0
SIR,25,252,0.0
SIR,25,253,0.0
SIR,25,254,0.0
SIR,25,255,0.0
SIR,25,256,0.0
SIR,25,257,0.0
SIR,25,258,0.0
SIR,25,259,0.0
SIR,25,260,0.0
SIR,25,261,0.0
SIR,25,262,0.0
SIR,25,263,0.0
SIR,25,264,0.0
SIR,25,265,0.0
SIR,25,266,0.0
SIR,25,267,0.0
SIR,25,268,0.0
SIR,25,269,0.0
SIR,25,270,0.0
SIR,25,271,0.0
SIR,25,272,0.0
SIR,25,273,0.0
SIR,25,274,0.0
SIR,25,275,0.0
SIR,25,276,0.0
SIR,25,277,0.0
SIR,25,278,0.0
SIR,25,279,0.0
SIR,25,280,0.0
SIR,25,281,0.0
SIR,25,282,0.0
SIR,25,283,0.0
SIR,25,284,0.0
SIR,25,285,0.0
SIR,25,286,0.0
SIR,25,287,0.0
SIR,25,288,0.0
SIR,25,289,0.0
SIR,25,290,0.0
SIR,25,291,0.0
SIR,25,292,0.0
SIR,25,293,0.0
SIR,25,294,0.0
SIR,25,295,0.0
SIR,25,296,0.0
SIR,25,297,0.0
SIR,25,298,0.0
SIR,25,299,0.0
SIR,25,300,0.0
SIR,26,0,0.08823529411764706
SIR,26,1,0.058823529411764705
SIR,26,2,0.058823529411764705
SIR,26,3,0.08823529411764706
SIR,26,4,0.14705882352941177
SIR,26,5,0.11764705882352941
SIR,26,6,0.17647058823529413
SIR,26,7,0.3235294117647059
SIR,26,8,0.3235294117647059
SIR,26,9,0.29411764705882354
SIR,26,10,0.29411764705882354
SIR,26,11,0.29411764705882354
SIR,26,12,0.23529411764705882
SIR,26,13,0.20588235294117646
SIR,26,14,0.20588235294117646
SIR,26,15,0.14705882352941177
SIR,26,16,0.11764705882352941
SIR,26,17,0.058823529411764705
SIR,26,18,0.058823529411764705
SIR,26,19,0.058823529411764705
SIR,26,20,0.029411764705882353
SIR,26,21,0.0
SIR,26,22,0.0
SIR,26,23,0.0
SIR,26,24,0.0
SIR,26,25,0.0
SIR,26,26,0.0
SIR,26,27,0.0
SIR,26,28,0.0
SIR,26,29,0.0
SIR,26,30,0.0
SIR,26,31,0.0
SIR,26,32,0.0
SIR,26,33,0.0
SIR,26,34,0.0
SIR,26,35,0.0
SIR,26,36,0.0
SIR,26,37,0.0
SIR,26,38,0.0
SIR,26,39,0.0
SIR,26,40,0.0
SIR,26,41,0.0
SIR,26,42,0.0
SIR,26,43,0.0
SIR,26,44,0.0
SIR,26,45,0.0
SIR,26,46,0.0
SIR,26,47,0.0
SIR,26,48,0.0
SIR,26,49,0.0
SIR,26,50,0.0
SIR,26,51,0.0
SIR,26,52,0.0
SIR,26,53,0.0
SIR,26,54,0.0
SIR,26,55,0.0
SIR,26,56,0.0
SIR,26,57,0.0
SIR,26,58,0.0
SIR,26,59,0.0
SIR,26,60,0.0
SIR,26,61,0.0
SIR,26,62,0.0
SIR,26,63,0.0
SIR,26,64,0.0
SIR,26,65,0.0
SIR,26,66,0.0
SIR,26,67,0.0
SIR,26,68,0.0
SIR,26,69,0.0
SIR,26,70,0.0
SIR,26,71,0.0
SIR,26,72,0.0
SIR,26,73,0.0
SIR,26,74,0.0
SIR,26,75,0.0
SIR,26,76,0.0
SIR,26,77,0.0
SIR,26,78,0.0
SIR,26,79,0.0
SIR,26,80,0.0
SIR,26,81,0.0
SIR,26,82,0.0
SIR,26,83,0.0
SIR,26,84,0.0
SIR,26,85,0.0
SIR,26,86,0.0
SIR,26,87,0.0
SIR,26,88,0.0
SIR,26,89,0.0
SIR,26,90,0.0
SIR,26,91,0.0
SIR,26,92,0.0
SIR,26,93,0.0
SIR,26,94,0.0
SIR,26,95,0.0
SIR,26,96,0.0
SIR,26,97,0.0
SIR,26,98,0.0
SIR,26,99,0.0
SIR,26,100,0.0
SIR,26,101,0.0
SIR,26,102,0.0
SIR,26,103,0.0
SIR,26,104,0.0
SIR,26,105,0.0
SIR,26,106,0.0
SIR,26,107,0.0
SIR,26,108,0.0
SIR,26,109,0.0
SIR,26,110,0.0
SIR,26,111,0.0
SIR,26,112,0.0
SIR,26,113,0.0
SIR,26,114,0.0
SIR,26,115,0.0
SIR,26,116,0.0
SIR,26,117,0.0
SIR,26,118,0.0
SIR,26,119,0.0
SIR,26,120,0.0
SIR,26,121,0.0
SIR,26,122,0.0
SIR,26,123,0.0
SIR,26,124,0.0
SIR,26,125,0.0
SIR,26,126,0.0
SIR,26,127,0.0
SIR,26,128,0.0
SIR,26,129,0.0
SIR,26,130,0.0
SIR,26,131,0.0
SIR,26,132,0.0
SIR,26,133,0.0
SIR,26,134,0.0
SIR,26,135,0.0
SIR,26,136,0.0
SIR,26,137,0.0
SIR,26,138,0.0
SIR,26,139,0.0
SIR,26,140,0.0
SIR,26,141,0.0
SIR,26,142,0.0
SIR,26,143,0.0
SIR,26,144,0.0
SIR,26,145,0.0
SIR,26,146,0.0
SIR,26,147,0.0
SIR,26,148,0.0
SIR,26,149,0.0
SIR,26,150,0.0
SIR,26,151,0.0
SIR,26,152,0.0
SIR,26,153,0.0
SIR,26,154,0.0
SIR,26,155,0.0
SIR,26,156,0.0
SIR,26,157,0.0
SIR,26,158,0.0
SIR,26,159,0.0
SIR,26,160,0.0
SIR,26,161,0.0
SIR,26,162,0.0
SIR,26,163,0.0
SIR,26,164,0.0
SIR,26,165,0.0
SIR,26,166,0.0
SIR,26,167,0.0
SIR,26,168,0.0
SIR,26,169,0.0
SIR,26,170,0.0
SIR,26,171,0.0
SIR,26,172,0.0
SIR,26,173,0.0
SIR,26,174,0.0
SIR,26,175,0.0
SIR,26,176,0.0
SIR,26,177,0.0
SIR,26,178,0.0
SIR,26,179,0.0
SIR,26,180,0.0
SIR,26,181,0.0
SIR,26,182,0.0
SIR,26,183,0.0
SIR,26,184,0.0
SIR,26,185,0.0
SIR,26,186,0.0
SIR,26,187,0.0
SIR,26,188,0.0
SIR,26,189,0.0
SIR,26,190,0.0
SIR,26,191,0.0
SIR,26,192,0.0
SIR,26,193,0.0
SIR,26,194,0.0
SIR,26,195,0.0
SIR,26,196,0.0
SIR,26,197,0.0
SIR,26,198,0.0
SIR,26,199,0.0
SIR,26,200,0.0
SIR,26,201,0.0
SIR,26,202,0.0
SIR,26,203,0.0
SIR,26,204,0.0
SIR,26,205,0.0
SIR,26,206,0.0
SIR,26,207,0.0
SIR,26,208,0.0
SIR,26,209,0.0
SIR,26,210,0.0
SIR,26,211,0.0
SIR,26,212,0.0
SIR,26,213,0.0
SIR,26,214,0.0
SIR,26,215,0.0
SIR,26,216,0.0
SIR,26,217,0.0
SIR,26,218,0.0
SIR,26,219,0.0
SIR,26,220,0.0
SIR,26,221,0.0
SIR,26,222,0.0
SIR,26,223,0.0
SIR,26,224,0.0
SIR,26,225,0.0
SIR,26,226,0.0
SIR,26,227,0.0
SIR,26,228,0.0
SIR,26,229,0.0
SIR,26,230,0.0
SIR,26,231,0.0
SIR,26,232,0.0
SIR,26,233,0.0
SIR,26,234,0.0
SIR,26,235,0.0
SIR,26,236,0.0
SIR,26,237,0.0
SIR,26,238,0.0
SIR,26,239,0.0
SIR,26,240,0.0
SIR,26,241,0.0
SIR,26,242,0.0
SIR,26,243,0.0
SIR,26,244,0.0
SIR,26,245,0.0
SIR,26,246,0.0
SIR,26,247,0.0
SIR,26,248,0.0
SIR,26,249,0.0
SIR,26,250,0.0
SIR,26,251,0.0
SIR,26,252,0.0
SIR,26,253,0.0
SIR,26,254,0.0
SIR,26,255,0.0
SIR,26,256,0.0
SIR,26,257,0.0
SIR,26,258,0.0
SIR,26,259,0.0
SIR,26,260,0.0
SIR,26,261,0.0
SIR,26,262,0.0
SIR,26,263,0.0
SIR,26,264,0.0
SIR,26,265,0.0
SIR,26,266,0.0
SIR,26,267,0.0
SIR,26,268,0.0
SIR,26,269,0.0
SIR,26,270,0.0
SIR,26,271,0.0
SIR,26,272,0.0
SIR,26,273,0.0
SIR,26,274,0.0
SIR,26,275,0.0
SIR,26,276,0.0
SIR,26,277,0.0
SIR,26,278,0.0
SIR,26,279,0.0
SIR,26,280,0.0
SIR,26,281,0.0
SIR,26,282,0.0
SIR,26,283,0.0
SIR,26,284,0.0
SIR,26,285,0.0
SIR,26,286,0.0
SIR,26,287,0.0
SIR,26,288,0.0
SIR,26,289,0.0
SIR,26,290,0.0
SIR,26,291,0.0
SIR,26,292,0.0
SIR,26,293,0.0
SIR,26,294,0.0
SIR,26,295,0.0
SIR,26,296,0.0
SIR,26,297,0.0
SIR,26,298,0.0
SIR,26,299,0.0
SIR,26,300,0.0
SIR,27,0,0.08823529411764706
SIR,27,1,0.058823529411764705
SIR,27,2,0.11764705882352941
SIR,27,3,0.11764705882352941
SIR,27,4,0.11764705882352941
SIR,27,5,0.14705882352941177
SIR,27,6,0.14705882352941177
SIR,27,7,0.11764705882352941
SIR,27,8,0.08823529411764706
SIR,27,9,0.08823529411764706
SIR,27,10,0.058823529411764705
SIR,27,11,0.058823529411764705
SIR,27,12,0.058823529411764705
SIR,27,13,0.029411764705882353
SIR,27,14,0.029411764705882353
SIR,27,15,0.029411764705882353
SIR,27,16,0.029411764705882353
SIR,27,17,0.058823529411764705
SIR,27,18,0.058823529411764705
SIR,27,19,0.058823529411764705
SIR,27,20,0.029411764705882353
SIR,27,21,0.029411764705882353
SIR,27,22,0.029411764705882353
SIR,27,23,0.0
SIR,27,24,0.0
SIR,27,25,0.0
SIR,27,26,0.0
SIR,27,27,0.0
SIR,27,28,0.0
SIR,27,29,0.0
SIR,27,30,0.0
SIR,27,31,0.0
SIR,27,32,0.0
SIR,27,33,0.0
SIR,27,34,0.0
SIR,27,35,0.0
SIR,27,36,0.0
SIR,27,37,0.0
SIR,27,38,0.0
SIR,27,39,0.0
SIR,27,40,0.0
SIR,27,41,0.0
SIR,27,42,0.0
SIR,27,43,0.0
SIR,27,44,0.0
SIR,27,45,0.0
SIR,27,46,0.0
SIR,27,47,0.0
SIR,27,48,0.0
SIR,27,49,0.0
SIR,27,50,0.0
SIR,27,51,0.0
SIR,27,52,0.0
SIR,27,53,0.0
SIR,27,54,0.0
SIR,27,55,0.0
SIR,27,56,0.0
SIR,27,57,0.0
SIR,27,58,0.0
SIR,27,59,0.0
SIR,27,60,0.0
SIR,27,61,0.0
SIR,27,62,0.0
SIR,27,63,0.0
SIR,27,64,0.0
SIR,27,65,0.0
SIR,27,66,0.0
SIR,27,67,0.0
SIR,27,68,0.0
SIR,27,69,0.0
SIR,27,70,0.0
SIR,27,71,0.0
SIR,27,72,0.0
SIR,27,73,0.0
SIR,27,74,0.0
SIR,27,75,0.0
SIR,27,76,0.0
SIR,27,77,0.0
SIR,27,78,0.0
SIR,27,79,0.0
SIR,27,80,0.0
SIR,27,81,0.0
SIR,27,82,0.0
SIR,27,83,0.0
SIR,27,84,0.0
SIR,27,85,0.0
SIR,27,86,0.0
SIR,27,87,0.0
SIR,27,88,0.0
SIR,27,89,0.0
SIR,27,90,0.0
SIR,27,91,0.0
SIR,27,92,0.0
SIR,27,93,0.0
SIR,27,94,0.0
SIR,27,95,0.0
SIR,27,96,0.0
SIR,27,97,0.0
SIR,27,98,0.0
SIR,27,99,0.0
SIR,27,100,0.0
SIR,27,101,0.0
SIR,27,102,0.0
SIR,27,103,0.0
SIR,27,104,0.0
SIR,27,105,0.0
SIR,27,106,0.0
SIR,27,107,0.0
SIR,27,108,0.0
SIR,27,109,0.0
SIR,27,110,0.0
SIR,27,111,0.0
SIR,27,112,0.0
SIR,27,113,0.0
SIR,27,114,0.0
SIR,27,115,0.0
SIR,27,116,0.0
SIR,27,117,0.0
SIR,27,118,0.0
SIR,27,119,0.0
SIR,27,120,0.0
SIR,27,121,0.0
SIR,27,122,0.0
SIR,27,123,0.0
SIR,27,124,0.0
SIR,27,125,0.0
SIR,27,126,0.0
SIR,27,127,0.0
SIR,27,128,0.0
SIR,27,129,0.0
SIR,27,130,0.0
SIR,27,131,0.0
SIR,27,132,0.0
SIR,27,133,0.0
SIR,27,134,0.0
SIR,27,135,0.0
SIR,27,136,0.0
SIR,27,137,0.0
SIR,27,138,0.0
SIR,27,139,0.0
SIR,27,140,0.0
SIR,27,141,0.0
SIR,27,142,0.0
SIR,27,143,0.0
SIR,27,144,0.0
SIR,27,145,0.0
SIR,27,146,0.0
SIR,27,147,0.0
SIR,27,148,0.0
SIR,27,149,0.0
SIR,27,150,0.0
SIR,27,151,0.0
SIR,27,152,0.0
SIR,27,153,0.0
SIR,27,154,0.0
SIR,27,155,0.0
SIR,27,156,0.0
SIR,27,157,0.0
SIR,27,158,0.0
SIR,27,159,0.0
SIR,27,160,0.0
SIR,27,161,0.0
SIR,27,162,0.0
SIR,27,163,0.0
SIR,27,164,0.0
SIR,27,165,0.0
SIR,27,166,0.0
SIR,27,167,0.0
SIR,27,168,0.0
SIR,27,169,0.0
SIR,27,170,0.0
SIR,27,171,0.0
SIR,27,172,0.0
SIR,27,173,0.0
SIR,27,174,0.0
SIR,27,175,0.0
SIR,27,176,0.0
SIR,27,177,0.0
SIR,27,178,0.0
SIR,27,179,0.0
SIR,27,180,0.0
SIR,27,181,0.0
SIR,27,182,0.0
SIR,27,183,0.0
SIR,27,184,0.0
SIR,27,185,0.0
SIR,27,186,0.0
SIR,27,187,0.0
SIR,27,188,0.0
SIR,27,189,0.0
SIR,27,190,0.0
SIR,27,191,0.0
SIR,27,192,0.0
SIR,27,193,0.0
SIR,27,194,0.0
SIR,27,195,0.0
SIR,27,196,0.0
SIR,27,197,0.0
SIR,27,198,0.0
SIR,27,199,0.0
SIR,27,200,0.0
SIR,27,201,0.0
SIR,27,202,0.0
SIR,27,203,0.0
SIR,27,204,0.0
SIR,27,205,0.0
SIR,27,206,0.0
SIR,27,207,0.0
SIR,27,208,0.0
SIR,27,209,0.0
SIR,27,210,0.0
SIR,27,211,0.0
SIR,27,212,0.0
SIR,27,213,0.0
SIR,27,214,0.0
SIR,27,215,0.0
SIR,27,216,0.0
SIR,27,217,0.0
SIR,27,218,0.0
SIR,27,219,0.0
SIR,27,220,0.0
SIR,27,221,0.0
SIR,27,222,0.0
SIR,27,223,0.0
SIR,27,224,0.0
SIR,27,225,0.0
SIR,27,226,0.0
SIR,27,227,0.0
SIR,27,228,0.0
SIR,27,229,0.0
SIR,27,230,0.0
SIR,27,231,0.0
SIR,27,232,0.0
SIR,27,233,0.0
SIR,27,234,0.0
SIR,27,235,0.0
SIR,27,236,0.0
SIR,27,237,0.0
SIR,27,238,0.0
SIR,27,239,0.0
SIR,27,240,0.0
SIR,27,241,0.0
SIR,27,242,0.0
SIR,27,243,0.0
SIR,27,244,0.0
SIR,27,245,0.0
SIR,27,246,0.0
SIR,27,247,0.0
SIR,27,248,0.0
SIR,27,249,0.0
SIR,27,250,0.0
SIR,27,251,0.0
SIR,27,252,0.0
SIR,27,253,0.0
SIR,27,254,0.0
SIR,27,255,0.0
SIR,27,256,0.0
SIR,27,257,0.0
SIR,27,258,0.0
SIR,27,259,0.0
SIR,27,260,0.0
SIR,27,261,0.0
SIR,27,262,0.0
SIR,27,263,0.0
SIR,27,264,0.0
SIR,27,265,0.0
SIR,27,266,0.0
SIR,27,267,0.0
SIR,27,268,0.0
SIR,27,269,0.0
SIR,27,270,0.0
SIR,27,271,0.0
SIR,27,272,0.0
SIR,27,273,0.0
SIR,27,274,0.0
SIR,27,275,0.0
SIR,27,276,0.0
SIR,27,277,0.0
SIR,27,278,0.0
SIR,27,279,0.0
SIR,27,280,0.0
SIR,27,281,0.0
SIR,27,282,0.0
SIR,27,283,0.0
SIR,27,284,0.0
SIR,27,285,0.0
SIR,27,286,0.0
SIR,27,287,0.0
SIR,27,288,0.0
SIR,27,289,0.0
SIR,27,290,0.0
SIR,27,291,0.0
SIR,27,292,0.0
SIR,27,293,0.0
SIR,27,294,0.0
SIR,27,295,0.0
SIR,27,296,0.0
SIR,27,297,0.0
SIR,27,298,0.0
SIR,27,299,0.0
SIR,27,300,0.0
SIR,28,0,0.08823529411764706
SIR,28,1,0.14705882352941177
SIR,28,2,0.23529411764705882
SIR,28,3,0.23529411764705882
SIR,28,4,0.29411764705882354
SIR,28,5,0.3235294117647059
SIR,28,6,0.23529411764705882
SIR,28,7,0.20588235294117646
SIR,28,8,0.20588235294117646
SIR,28,9,0.14705882352941177
SIR,28,10,0.14705882352941177
SIR,28,11,0.14705882352941177
SIR,28,12,0.17647058823529413
SIR,28,13,0.14705882352941177
SIR,28,14,0.17647058823529413
SIR,28,15,0.14705882352941177
SIR,28,16,0.11764705882352941
SIR,28,17,0.14705882352941177
SIR,28,18,0.17647058823529413
SIR,28,19,0.11764705882352941
SIR,28,20,0.08823529411764706
SIR,28,21,0.08823529411764706
SIR,28,22,0.08823529411764706
SIR,28,23,0.029411764705882353
SIR,28,24,0.029411764705882353
SIR,28,25,0.029411764705882353
SIR,28,26,0.029411764705882353
SIR,28,27,0.029411764705882353
SIR,28,28,0.029411764705882353
SIR,28,29,0.0
SIR,28,30,0.0
SIR,28,31,0.0
SIR,28,32,0.0
SIR,28,33,0.0
SIR,28,34,0.0
SIR,28,35,0.0
SIR,28,36,0.0
SIR,28,37,0.0
SIR,28,38,0.0
SIR,28,39,0.0
SIR,28,40,0.0
SIR,28,41,0.0
SIR,28,42,0.0
SIR,28,43,0.0
SIR,28,44,0.0
SIR,28,45,0.0
SIR,28,46,0.0
SIR,28,47,0.0
SIR,28,48,0.0
SIR,28,49,0.0
SIR,28,50,0.0
SIR,28,51,0.0
SIR,28,52,0.0
SIR,28,53,0.0
SIR,28,54,0.0
SIR,28,55,0.0
SIR,28,56,0.0
SIR,28,57,0.0
SIR,28,58,0.0
SIR,28,59,0.0
SIR,28,60,0.0
SIR,28,61,0.0
SIR,28,62,0.0
SIR,28,63,0.0
SIR,28,64,0.0
SIR,28,65,0.0
SIR,28,66,0.0
SIR,28,67,0.0
SIR,28,68,0.0
SIR,28,69,0.0
SIR,28,70,0.0
SIR,28,71,0.0
SIR,28,72,0.0
SIR,28,73,0.0
SIR,28,74,0.0
SIR,28,75,0.0
SIR,28,76,0.0
SIR,28,77,0.0
SIR,28,78,0.0
SIR,28,79,0.0
SIR,28,80,0.0
SIR,28,81,0.0
SIR,28,82,0.0
SIR,28,83,0.0
SIR,28,84,0.0
SIR,28,85,0.0
SIR,28,86,0.0
SIR,28,87,0.0
SIR,28,88,0.0
SIR,28,89,0.0
SIR,28,90,0.0
SIR,28,91,0.0
SIR,28,92,0.0
SIR,28,93,0.0
SIR,28,94,0.0
SIR,28,95,0.0
SIR,28,96,0.0
SIR,28,97,0.0
SIR,28,98,0.0
SIR,28,99,0.0
SIR,28,100,0.0
SIR,28,101,0.0
SIR,28,102,0.0
SIR,28,103,0.0
SIR,28,104,0.0
SIR,28,105,0.0
SIR,28,106,0.0
SIR,28,107,0.0
SIR,28,108,0.0
SIR,28,109,0.0
SIR,28,110,0.0
SIR,28,111,0.0
SIR,28,112,0.0
SIR,28,113,0.0
SIR,28,114,0.0
SIR,28,115,0.0
SIR,28,116,0.0
SIR,28,117,0.0
SIR,28,118,0.0
SIR,28,119,0.0
SIR,28,120,0.0
SIR,28,121,0.0
SIR,28,122,0.0
SIR,28,123,0.0
SIR,28,124,0.0
SIR,28,125,0.0
SIR,28,126,0.0
SIR,28,127,0.0
SIR,28,128,0.0
SIR,28,129,0.0
SIR,28,130,0.0
SIR,28,131,0.0
SIR,28,132,0.0
SIR,28,133,0.0
SIR,28,134,0.0
SIR,28,135,0.0
SIR,28,136,0.0
SIR,28,137,0.0
SIR,28,138,0.0
SIR,28,139,0.0
SIR,28,140,0.0
SIR,28,141,0.0
SIR,28,142,0.0
SIR,28,143,0.0
SIR,28,144,0.0
SIR,28,145,0.0
SIR,28,146,0.0
SIR,28,147,0.0
SIR,28,148,0.0
SIR,28,149,0.0
SIR,28,150,0.0
SIR,28,151,0.0
SIR,28,152,0.0
SIR,28,153,0.0
SIR,28,154,0.0
SIR,28,155,0.0
SIR,28,156,0.0
SIR,28,157,0.0
SIR,28,158,0.0
SIR,28,159,0.0
SIR,28,160,0.0
SIR,28,161,0.0
SIR,28,162,0.0
SIR,28,163,0.0
SIR,28,164,0.0
SIR,28,165,0.0
SIR,28,166,0.0
SIR,28,167,0.0
SIR,28,168,0.0
SIR,28,169,0.0
SIR,28,170,0.0
SIR,28,171,0.0
SIR,28,172,0.0
SIR,28,173,0.0
SIR,28,174,0.0
SIR,28,175,0.0
SIR,28,176,0.0
SIR,28,177,0.0
SIR,28,178,0.0
SIR,28,179,0.0
SIR,28,180,0.0
SIR,28,181,0.0
SIR,28,182,0.0
SIR,28,183,0.0
SIR,28,184,0.0
SIR,28,185,0.0
SIR,28,186,0.0
SIR,28,187,0.0
SIR,28,188,0.0
SIR,28,189,0.0
SIR,28,190,0.0
SIR,28,191,0.0
SIR,28,192,0.0
SIR,28,193,0.0
SIR,28,194,0.0
SIR,28,195,0.0
SIR,28,196,0.0
SIR,28,197,0.0
SIR,28,198,0.0
SIR,28,199,0.0
SIR,28,200,0.0
SIR,28,201,0.0
SIR,28,202,0.0
SIR,28,203,0.0
SIR,28,204,0.0
SIR,28,205,0.0
SIR,28,206,0.0
SIR,28,207,0.0
SIR,28,208,0.0
SIR,28,209,0.0
SIR,28,210,0.0
SIR,28,211,0.0
SIR,28,212,0.0
SIR,28,213,0.0
SIR,28,214,0.0
SIR,28,215,0.0
SIR,28,216,0.0
SIR,28,217,0.0
SIR,28,218,0.0
SIR,28,219,0.0
SIR,28,220,0.0
SIR,28,221,0.0
SIR,28,222,0.0
SIR,28,223,0.0
SIR,28,224,0.0
SIR,28,225,0.0
SIR,28,226,0.0
SIR,28,227,0.0
SIR,28,228,0.0
SIR,28,229,0.0
SIR,28,230,0.0
SIR,28,231,0.0
SIR,28,232,0.0
SIR,28,233,0.0
SIR,28,234,0.0
SIR,28,235,0.0
SIR,28,236,0.0
SIR,28,237,0.0
SIR,28,238,0.0
SIR,28,239,0.0
SIR,28,240,0.0
SIR,28,241,0.0
SIR,28,242,0.0
SIR,28,243,0.0
SIR,28,244,0.0
SIR,28,245,0.0
SIR,28,246,0.0
SIR,28,247,0.0
SIR,28,248,0.0
SIR,28,249,0.0
SIR,28,250,0.0
SIR,28,251,0.0
SIR,28,252,0.0
SIR,28,253,0.0
SIR,28,254,0.0
SIR,28,255,0.0
SIR,28,256,0.0
SIR,28,257,0.0
SIR,28,258,0.0
SIR,28,259,0.0
SIR,28,260,0.0
SIR,28,261,0.0
SIR,28,262,0.0
SIR,28,263,0.0
SIR,28,264,0.0
SIR,28,265,0.0
SIR,28,266,0.0
SIR,28,267,0.0
SIR,28,268,0.0
SIR,28,269,0.0
SIR,28,270,0.0
SIR,28,271,0.0
SIR,28,272,0.0
SIR,28,273,0.0
SIR,28,274,0.0
SIR,28,275,0.0
SIR,28,276,0.0
SIR,28,277,0.0
SIR,28,278,0.0
SIR,28,279,0.0
SIR,28,280,0.0
SIR,28,281,0.0
SIR,28,282,0.0
SIR,28,283,0.0
SIR,28,284,0.0
SIR,28,285,0.0
SIR,28,286,0.0
SIR,28,287,0.0
SIR,28,288,0.0
SIR,28,289,0.0
SIR,28,290,0.0
SIR,28,291,0.0
SIR,28,292,0.0
SIR,28,293,0.0
SIR,28,294,0.0
SIR,28,295,0.0
SIR,28,296,0.0
SIR,28,297,0.0
SIR,28,298,0.0
SIR,28,299,0.0
SIR,28,300,0.0
SIR,29,0,0.08823529411764706
SIR,29,1,0.11764705882352941
SIR,29,2,0.08823529411764706
SIR,29,3,0.08823529411764706
SIR,29,4,0.23529411764705882
SIR,29,5,0.20588235294117646
SIR,29,6,0.20588235294117646
SIR,29,7,0.20588235294117646
SIR,29,8,0.11764705882352941
SIR,29,9,0.11764705882352941
SIR,29,10,0.08823529411764706
SIR,29,11,0.08823529411764706
SIR,29,12,0.11764705882352941
SIR,29,13,0.11764705882352941
SIR,29,14,0.17647058823529413
SIR,29,15,0.17647058823529413
SIR,29,16,0.11764705882352941
SIR,29,17,0.11764705882352941
SIR,29,18,0.08823529411764706
SIR,29,19,0.058823529411764705
SIR,29,20,0.058823529411764705
SIR,29,21,0.029411764705882353
SIR,29,22,0.029411764705882353
SIR,29,23,0.0
SIR,29,24,0.0
SIR,29,25,0.0
SIR,29,26,0.0
SIR,29,27,0.0
SIR,29,28,0.0
SIR,29,29,0.0
SIR,29,30,0.0
SIR,29,31,0.0
SIR,29,32,0.0
SIR,29,33,0.0
SIR,29,34,0.0
SIR,29,35,0.0
SIR,29,36,0.0
SIR,29,37,0.0
SIR,29,38,0.0
SIR,29,39,0.0
SIR,29,40,0.0
SIR,29,41,0.0
SIR,29,42,0.0
SIR,29,43,0.0
SIR,29,44,0.0
SIR,29,45,0.0
SIR,29,46,0.0
SIR,29,47,0.0
SIR,29,48,0.0
SIR,29,49,0.0
SIR,29,50,0.0
SIR,29,51,0.0
SIR,29,52,0.0
SIR,29,53,0.0
SIR,29,54,0.0
SIR,29,55,0.0
SIR,29,56,0.0
SIR,29,57,0.0
SIR,29,58,0.0
SIR,29,59,0.0
SIR,29,60,0.0
SIR,29,61,0.0
SIR,29,62,0.0
SIR,29,63,0.0
SIR,29,64,0.0
SIR,29,65,0.0
SIR,29,66,0.0
SIR,29,67,0.0
SIR,29,68,0.0
SIR,29,69,0.0
SIR,29,70,0.0
SIR,29,71,0.0
SIR,29,72,0.0
SIR,29,73,0.0
SIR,29,74,0.0
SIR,29,75,0.0
SIR,29,76,0.0
SIR,29,77,0.0
SIR,29,78,0.0
SIR,29,79,0.0
SIR,29,80,0.0
SIR,29,81,0.0
SIR,29,82,0.0
SIR,29,83,0.0
SIR,29,84,0.0
SIR,29,85,0.0
SIR,29,86,0.0
SIR,29,87,0.0
SIR,29,88,0.0
SIR,29,89,0.0
SIR,29,90,0.0
SIR,29,91,0.0
SIR,29,92,0.0
SIR,29,93,0.0
SIR,29,94,0.0
SIR,29,95,0.0
SIR,29,96,0.0
SIR,29,97,0.0
SIR,29,98,0.0
SIR,29,99,0.0
SIR,29,100,0.0
SIR,29,101,0.0
SIR,29,102,0.0
SIR,29,103,0.0
SIR,29,104,0.0
SIR,29,105,0.0
SIR,29,106,0.0
SIR,29,107,0.0
SIR,29,108,0.0
SIR,29,109,0.0
SIR,29,110,0.0
SIR,29,111,0.0
SIR,29,112,0.0
SIR,29,113,0.0
SIR,29,114,0.0
SIR,29,115,0.0
SIR,29,116,0.0
SIR,29,117,0.0
SIR,29,118,0.0
SIR,29,119,0.0
SIR,29,120,0.0
SIR,29,121,0.0
SIR,29,122,0.0
SIR,29,123,0.0
SIR,29,124,0.0
SIR,29,125,0.0
SIR,29,126,0.0
SIR,29,127,0.0
SIR,29,128,0.0
SIR,29,129,0.0
SIR,29,130,0.0
SIR,29,131,0.0
SIR,29,132,0.0
SIR,29,133,0.0
SIR,29,134,0.0
SIR,29,135,0.0
SIR,29,136,0.0
SIR,29,137,0.0
SIR,29,138,0.0
SIR,29,139,0.0
SIR,29,140,0.0
SIR,29,141,0.0
SIR,29,142,0.0
SIR,29,143,0.0
SIR,29,144,0.0
SIR,29,145,0.0
SIR,29,146,0.0
SIR,29,147,0.0
SIR,29,148,0.0
SIR,29,149,0.0
SIR,29,150,0.0
SIR,29,151,0.0
SIR,29,152,0.0
SIR,29,153,0.0
SIR,29,154,0.0
SIR,29,155,0.0
SIR,29,156,0.0
SIR,29,157,0.0
SIR,29,158,0.0
SIR,29,159,0.0
SIR,29,160,0.0
SIR,29,161,0.0
SIR,29,162,0.0
SIR,29,163,0.0
SIR,29,164,0.0
SIR,29,165,0.0
SIR,29,166,0.0
SIR,29,167,0.0
SIR,29,168,0.0
SIR,29,169,0.0
SIR,29,170,0.0
SIR,29,171,0.0
SIR,29,172,0.0
SIR,29,173,0.0
SIR,29,174,0.0
SIR,29,175,0.0
SIR,29,176,0.0
SIR,29,177,0.0
SIR,29,178,0.0
SIR,29,179,0.0
SIR,29,180,0.0
SIR,29,181,0.0
SIR,29,182,0.0
SIR,29,183,0.0
SIR,29,184,0.0
SIR,29,185,0.0
SIR,29,186,0.0
SIR,29,187,0.0
SIR,29,188,0.0
SIR,29,189,0.0
SIR,29,190,0.0
SIR,29,191,0.0
SIR,29,192,0.0
SIR,29,193,0.0
SIR,29,194,0.0
SIR,29,195,0.0
SIR,29,196,0.0
SIR,29,197,0.0
SIR,29,198,0.0
SIR,29,199,0.0
SIR,29,200,0.0
SIR,29,201,0.0
SIR,29,202,0.0
SIR,29,203,0.0
SIR,29,204,0.0
SIR,29,205,0.0
SIR,29,206,0.0
SIR,29,207,0.0
SIR,29,208,0.0
SIR,29,209,0.0
SIR,29,210,0.0
SIR,29,211,0.0
SIR,29,212,0.0
SIR,29,213,0.0
SIR,29,214,0.0
SIR,29,215,0.0
SIR,29,216,0.0
SIR,29,217,0.0
SIR,29,218,0.0
SIR,29,219,0.0
SIR,29,220,0.0
SIR,29,221,0.0
SIR,29,222,0.0
SIR,29,223,0.0
SIR,29,224,0.0
SIR,29,225,0.0
SIR,29,226,0.0
SIR,29,227,0.0
SIR,29,228,0.0
SIR,29,229,0.0
SIR,29,230,0.0
SIR,29,231,0.0
SIR,29,232,0.0
SIR,29,233,0.0
SIR,29,234,0.0
SIR,29,235,0.0
SIR,29,236,0.0
SIR,29,237,0.0
SIR,29,238,0.0
SIR,29,239,0.0
SIR,29,240,0.0
SIR,29,241,0.0
SIR,29,242,0.0
SIR,29,243,0.0
SIR,29,244,0.0
SIR,29,245,0.0
SIR,29,246,0.0
SIR,29,247,0.0
SIR,29,248,0.0
SIR,29,249,0.0
SIR,29,250,0.0
SIR,29,251,0.0
SIR,29,252,0.0
SIR,29,253,0.0
SIR,29,254,0.0
SIR,29,255,0.0
SIR,29,256,0.0
SIR,29,257,0.0
SIR,29,258,0.0
SIR,29,259,0.0
SIR,29,260,0.0
SIR,29,261,0.0
SIR,29,262,0.0
SIR,29,263,0.0
SIR,29,264,0.0
SIR,29,265,0.0
SIR,29,266,0.0
SIR,29,267,0.0
SIR,29,268,0.0
SIR,29,269,0.0
SIR,29,270,0.0
SIR,29,271,0.0
SIR,29,272,0.0
SIR,29,273,0.0
SIR,29,274,0.0
SIR,29,275,0.0
SIR,29,276,0.0
SIR,29,277,0.0
SIR,29,278,0.0
SIR,29,279,0.0
SIR,29,280,0.0
SIR,29,281,0.0
SIR,29,282,0.0
SIR,29,283,0.0
SIR,29,284,0.0
SIR,29,285,0.0
SIR,29,286,0.0
SIR,29,287,0.0
SIR,29,288,0.0
SIR,29,289,0.0
SIR,29,290,0.0
SIR,29,291,0.0
SIR,29,292,0.0
SIR,29,293,0.0
SIR,29,294,0.0
SIR,29,295,0.0
SIR,29,296,0.0
SIR,29,297,0.0
SIR,29,298,0.0
SIR,29,299,0.0
SIR,29,300,0.0
SIR,30,0,0.08823529411764706
SIR,30,1,0.058823529411764705
SIR,30,2,0.058823529411764705
SIR,30,3,0.08823529411764706
SIR,30,4,0.058823529411764705
SIR,30,5,0.08823529411764706
SIR,30,6,0.14705882352941177
SIR,30,7,0.11764705882352941
SIR,30,8,0.14705882352941177
SIR,30,9,0.17647058823529413
SIR,30,10,0.20588235294117646
SIR,30,11,0.20588235294117646
SIR,30,12,0.20588235294117646
SIR,30,13,0.14705882352941177
SIR,30,14,0.14705882352941177
SIR,30,15,0.11764705882352941
SIR,30,16,0.11764705882352941
SIR,30,17,0.11764705882352941
SIR,30,18,0.11764705882352941
SIR,30,19,0.11764705882352941
SIR,30,20,0.11764705882352941
SIR,30,21,0.14705882352941177
SIR,30,22,0.14705882352941177
SIR,30,23,0.14705882352941177
SIR,30,24,0.11764705882352941
SIR,30,25,0.11764705882352941
SIR,30,26,0.11764705882352941
SIR,30,27,0.11764705882352941
SIR,30,28,0.08823529411764706
SIR,30,29,0.14705882352941177
SIR,30,30,0.17647058823529413
SIR,30,31,0.14705882352941177
SIR,30,32,0.14705882352941177
SIR,30,33,0.14705882352941177
SIR,30,34,0.14705882352941177
SIR,30,35,0.14705882352941177
SIR,30,36,0.11764705882352941
SIR,30,37,0.08823529411764706
SIR,30,38,0.08823529411764706
SIR,30,39,0.08823529411764706
SIR,30,40,0.08823529411764706
SIR,30,41,0.058823529411764705
SIR,30,42,0.029411764705882353
SIR,30,43,0.029411764705882353
SIR,30,44,0.029411764705882353
SIR,30,45,0.0
SIR,30,46,0.0
SIR,30,47,0.0
SIR,30,48,0.0
SIR,30,49,0.0
SIR,30,50,0.0
SIR,30,51,0.0
SIR,30,52,0.0
SIR,30,53,0.0
SIR,30,54,0.0
SIR,30,55,0.0
SIR,30,56,0.0
SIR,30,57,0.0
SIR,30,58,0.0
SIR,30,59,0.0
SIR,30,60,0.0
SIR,30,61,0.0
SIR,30,62,0.0
SIR,30,63,0.0
SIR,30,64,0.0
SIR,30,65,0.0
SIR,30,66,0.0
SIR,30,67,0.0
SIR,30,68,0.0
SIR,30,69,0.0
SIR,30,70,0.0
SIR,30,71,0.0
SIR,30,72,0.0
SIR,30,73,0.0
SIR,30,74,0.0
SIR,30,75,0.0
SIR,30,76,0.0
SIR,30,77,0.0
SIR,30,78,0.0
SIR,30,79,0.0
SIR,30,80,0.0
SIR,30,81,0.0
SIR,30,82,0.0
SIR,30,83,0.0
SIR,30,84,0.0
SIR,30,85,0.0
SIR,30,86,0.0
SIR,30,87,0.0
SIR,30,88,0.0
SIR,30,89,0.0
SIR,30,90,0.0
SIR,30,91,0.0
SIR,30,92,0.0
SIR,30,93,0.0
SIR,30,94,0.0
SIR,30,95,0.0
SIR,30,96,0.0
SIR,30,97,0.0
SIR,30,98,0.0
SIR,30,99,0.0
SIR,30,100,0.0
SIR,30,101,0.0
SIR,30,102,0.0
SIR,30,103,0.0
SIR,30,104,0.0
SIR,30,105,0.0
SIR,30,106,0.0
SIR,30,107,0.0
SIR,30,108,0.0
SIR,30,109,0.0
SIR,30,110,0.0
SIR,30,111,0.0
SIR,30,112,0.0
SIR,30,113,0.0
SIR,30,114,0.0
SIR,30,115,0.0
SIR,30,116,0.0
SIR,30,117,0.0
SIR,30,118,0.0
SIR,30,119,0.0
SIR,30,120,0.0
SIR,30,121,0.0
SIR,30,122,0.0
SIR,30,123,0.0
SIR,30,124,0.0
SIR,30,125,0.0
SIR,30,126,0.0
SIR,30,127,0.0
SIR,30,128,0.0
SIR,30,129,0.0
SIR,30,130,0.0
SIR,30,131,0.0
SIR,30,132,0.0
SIR,30,133,0.0
SIR,30,134,0.0
SIR,30,135,0.0
SIR,30,136,0.0
SIR,30,137,0.0
SIR,30,138,0.0
SIR,30,139,0.0
SIR,30,140,0.0
SIR,30,141,0.0
SIR,30,142,0.0
SIR,30,143,0.0
SIR,30,144,0.0
SIR,30,145,0.0
SIR,30,146,0.0
SIR,30,147,0.0
SIR,30,148,0.0
SIR,30,149,0.0
SIR,30,150,0.0
SIR,30,151,0.0
SIR,30,152,0.0
SIR,30,153,0.0
SIR,30,154,0.0
SIR,30,155,0.0
SIR,30,156,0.0
SIR,30,157,0.0
SIR,30,158,0.0
SIR,30,159,0.0
SIR,30,160,0.0
SIR,30,161,0.0
SIR,30,162,0.0
SIR,30,163,0.0
SIR,30,164,0.0
SIR,30,165,0.0
SIR,30,166,0.0
SIR,30,167,0.0
SIR,30,168,0.0
SIR,30,169,0.0
SIR,30,170,0.0
SIR,30,171,0.0
SIR,30,172,0.0
SIR,30,173,0.0
SIR,30,174,0.0
SIR,30,175,0.0
SIR,30,176,0.0
SIR,30,177,0.0
SIR,30,178,0.0
SIR,30,179,0.0
SIR,30,180,0.0
SIR,30,181,0.0
SIR,30,182,0.0
SIR,30,183,0.0
SIR,30,184,0.0
SIR,30,185,0.0
SIR,30,186,0.0
SIR,30,187,0.0
SIR,30,188,0.0
SIR,30,189,0.0
SIR,30,190,0.0
SIR,30,191,0.0
SIR,30,192,0.0
SIR,30,193,0.0
SIR,30,194,0.0
SIR,30,195,0.0
SIR,30,196,0.0
SIR,30,197,0.0
SIR,30,198,0.0
SIR,30,199,0.0
SIR,30,200,0.0
SIR,30,201,0.0
SIR,30,202,0.0
SIR,30,203,0.0
SIR,30,204,0.0
SIR,30,205,0.0
SIR,30,206,0.0
SIR,30,207,0.0
SIR,30,208,0.0
SIR,30,209,0.0
SIR,30,210,0.0
SIR,30,211,0.0
SIR,30,212,0.0
SIR,30,213,0.0
SIR,30,214,0.0
SIR,30,215,0.0
SIR,30,216,0.0
SIR,30,217,0.0
SIR,30,218,0.0
SIR,30,219,0.0
SIR,30,220,0.0
SIR,30,221,0.0
SIR,30,222,0.0
SIR,30,223,0.0
SIR,30,224,0.0
SIR,30,225,0.0
SIR,30,226,0.0
SIR,30,227,0.0
SIR,30,228,0.0
SIR,30,229,0.0
SIR,30,230,0.0
SIR,30,231,0.0
SIR,30,232,0.0
SIR,30,233,0.0
SIR,30,234,0.0
SIR,30,235,0.0
SIR,30,236,0.0
SIR,30,237,0.0
SIR,30,238,0.0
SIR,30,239,0.0
SIR,30,240,0.0
SIR,30,241,0.0
SIR,30,242,0.0
SIR,30,243,0.0
SIR,30,244,0.0
SIR,30,245,0.0
SIR,30,246,0.0
SIR,30,247,0.0
SIR,30,248,0.0
SIR,30,249,0.0
SIR,30,250,0.0
SIR,30,251,0.0
SIR,30,252,0.0
SIR,30,253,0.0
SIR,30,254,0.0
SIR,30,255,0.0
SIR,30,256,0.0
SIR,30,257,0.0
SIR,30,258,0.0
SIR,30,259,0.0
SIR,30,260,0.0
SIR,30,261,0.0
SIR,30,262,0.0
SIR,30,263,0.0
SIR,30,264,0.0
SIR,30,265,0.0
SIR,30,266,0.0
SIR,30,267,0.0
SIR,30,268,0.0
SIR,30,269,0.0
SIR,30,270,0.0
SIR,30,271,0.0
SIR,30,272,0.0
SIR,30,273,0.0
SIR,30,274,0.0
SIR,30,275,0.0
SIR,30,276,0.0
SIR,30,277,0.0
SIR,30,278,0.0
SIR,30,279,0.0
SIR,30,280,0.0
SIR,30,281,0.0
SIR,30,282,0.0
SIR,30,283,0.0
SIR,30,284,0.0
SIR,30,285,0.0
SIR,30,286,0.0
SIR,30,287,0.0
SIR,30,288,0.0
SIR,30,289,0.0
SIR,30,290,0.0
SIR,30,291,0.0
SIR,30,292,0.0
SIR,30,293,0.0
SIR,30,294,0.0
SIR,30,295,0.0
SIR,30,296,0.0
SIR,30,297,0.0
SIR,30,298,0.0
SIR,30,299,0.0
SIR,30,300,0.0
SIR,31,0,0.08823529411764706
SIR,31,1,0.11764705882352941
SIR,31,2,0.17647058823529413
SIR,31,3,0.17647058823529413
SIR,31,4,0.20588235294117646
SIR,31,5,0.20588235294117646
SIR,31,6,0.11764705882352941
SIR,31,7,0.11764705882352941
SIR,31,8,0.08823529411764706
SIR,31,9,0.08823529411764706
SIR,31,10,0.08823529411764706
SIR,31,11,0.029411764705882353
SIR,31,12,0.029411764705882353
SIR,31,13,0.058823529411764705
SIR,31,14,0.029411764705882353
SIR,31,15,0.0
SIR,31,16,0.0
SIR,31,17,0.0
SIR,31,18,0.0
SIR,31,19,0.0
SIR,31,20,0.0
SIR,31,21,0.0
SIR,31,22,0.0
SIR,31,23,0.0
SIR,31,24,0.0
SIR,31,25,0.0
SIR,31,26,0.0
SIR,31,27,0.0
SIR,31,28,0.0
SIR,31,29,0.0
SIR,31,30,0.0
SIR,31,31,0.0
SIR,31,32,0.0
SIR,31,33,0.0
SIR,31,34,0.0
SIR,31,35,0.0
SIR,31,36,0.0
SIR,31,37,0.0
SIR,31,38,0.0
SIR,31,39,0.0
SIR,31,40,0.0
SIR,31,41,0.0
SIR,31,42,0.0
SIR,31,43,0.0
SIR,31,44,0.0
SIR,31,45,0.0
SIR,31,46,0.0
SIR,31,47,0.0
SIR,31,48,0.0
SIR,31,49,0.0
SIR,31,50,0.0
SIR,31,51,0.0
SIR,31,52,0.0
SIR,31,53,0.0
SIR,31,54,0.0
SIR,31,55,0.0
SIR,31,56,0.0
SIR,31,57,0.0
SIR,31,58,0.0
SIR,31,59,0.0
SIR,31,60,0.0
SIR,31,61,0.0
SIR,31,62,0.0
SIR,31,63,0.0
SIR,31,64,0.0
SIR,31,65,0.0
SIR,31,66,0.0
SIR,31,67,0.0
SIR,31,68,0.0
SIR,31,69,0.0
SIR,31,70,0.0
SIR,31,71,0.0
SIR,31,72,0.0
SIR,31,73,0.0
SIR,31,74,0.0
SIR,31,75,0.0
SIR,31,76,0.0
SIR,31,77,0.0
SIR,31,78,0.0
SIR,31,79,0.0
SIR,31,80,0.0
SIR,31,81,0.0
SIR,31,82,0.0
SIR,31,83,0.0
SIR,31,84,0.0
SIR,31,85,0.0
SIR,31,86,0.0
SIR,31,87,0.0
SIR,31,88,0.0
SIR,31,89,0.0
SIR,31,90,0.0
SIR,31,91,0.0
SIR,31,92,0.0
SIR,31,93,0.0
SIR,31,94,0.0
SIR,31,95,0.0
SIR,31,96,0.0
SIR,31,97,0.0
SIR,31,98,0.0
SIR,31,99,0.0
SIR,31,100,0.0
SIR,31,101,0.0
SIR,31,102,0.0
SIR,31,103,0.0
SIR,31,104,0.0
SIR,31,105,0.0
SIR,31,106,0.0
SIR,31,107,0.0
SIR,31,108,0.0
SIR,31,109,0.0
SIR,31,110,0.0
SIR,31,111,0.0
SIR,31,112,0.0
SIR,31,113,0.0
SIR,31,114,0.0
SIR,31,115,0.0
SIR,31,116,0.0
SIR,31,117,0.0
SIR,31,118,0.0
SIR,31,119,0.0
SIR,31,120,0.0
SIR,31,121,0.0
SIR,31,122,0.0
SIR,31,123,0.0
SIR,31,124,0.0
SIR,31,125,0.0
SIR,31,126,0.0
SIR,31,127,0.0
SIR,31,128,0.0
SIR,31,129,0.0
SIR,31,130,0.0
SIR,31,131,0.0
SIR,31,132,0.0
SIR,31,133,0.0
SIR,31,134,0.0
SIR,31,135,0.0
SIR,31,136,0.0
SIR,31,137,0.0
SIR,31,138,0.0
SIR,31,139,0.0
SIR,31,140,0.0
SIR,31,141,0.0
SIR,31,142,0.0
SIR,31,143,0.0
SIR,31,144,0.0
SIR,31,145,0.0
SIR,31,146,0.0
SIR,31,147,0.0
SIR,31,148,0.0
SIR,31,149,0.0
SIR,31,150,0.0
SIR,31,151,0.0
SIR,31,152,0.0
SIR,31,153,0.0
SIR,31,154,0.0
SIR,31,155,0.0
SIR,31,156,0.0
SIR,31,157,0.0
SIR,31,158,0.0
SIR,31,159,0.0
SIR,31,160,0.0
SIR,31,161,0.0
SIR,31,162,0.0
SIR,31,163,0.0
SIR,31,164,0.0
SIR,31,165,0.0
SIR,31,166,0.0
SIR,31,167,0.0
SIR,31,168,0.0
SIR,31,169,0.0
SIR,31,170,0.0
SIR,31,171,0.0
SIR,31,172,0.0
SIR,31,173,0.0
SIR,31,174,0.0
SIR,31,175,0.0
SIR,31,176,0.0
SIR,31,177,0.0
SIR,31,178,0.0
SIR,31,179,0.0
SIR,31,180,0.0
SIR,31,181,0.0
SIR,31,182,0.0
SIR,31,183,0.0
SIR,31,184,0.0
SIR,31,185,0.0
SIR,31,186,0.0
SIR,31,187,0.0
SIR,31,188,0.0
SIR,31,189,0.0
SIR,31,190,0.0
SIR,31,191,0.0
SIR,31,192,0.0
SIR,31,193,0.0
SIR,31,194,0.0
SIR,31,195,0.0
SIR,31,196,0.0
SIR,31,197,0.0
SIR,31,198,0.0
SIR,31,199,0.0
SIR,31,200,0.0
SIR,31,201,0.0
SIR,31,202,0.0
SIR,31,203,0.0
SIR,31,204,0.0
SIR,31,205,0.0
SIR,31,206,0.0
SIR,31,207,0.0
SIR,31,208,0.0
SIR,31,209,0.0
SIR,31,210,0.0
SIR,31,211,0.0
SIR,31,212,0.0
SIR,31,213,0.0
SIR,31,214,0.0
SIR,31,215,0.0
SIR,31,216,0.0
SIR,31,217,0.0
SIR,31,218,0.0
SIR,31,219,0.0
SIR,31,220,0.0
SIR,31,221,0.0
SIR,31,222,0.0
SIR,31,223,0.0
SIR,31,224,0.0
SIR,31,225,0.0
SIR,31,226,0.0
SIR,31,227,0.0
SIR,31,228,0.0
SIR,31,229,0.0
SIR,31,230,0.0
SIR,31,231,0.0
SIR,31,232,0.0
SIR,31,233,0.0
SIR,31,234,0.0
SIR,31,235,0.0
SIR,31,236,0.0
SIR,31,237,0.0
SIR,31,238,0.0
SIR,31,239,0.0
SIR,31,240,0.0
SIR,31,241,0.0
SIR,31,242,0.0
SIR,31,243,0.0
SIR,31,244,0.0
SIR,31,245,0.0
SIR,31,246,0.0
SIR,31,247,0.0
SIR,31,248,0.0
SIR,31,249,0.0
SIR,31,250,0.0
SIR,31,251,0.0
SIR,31,252,0.0
SIR,31,253,0.0
SIR,31,254,0.0
SIR,31,255,0.0
SIR,31,256,0.0
SIR,31,257,0.0
SIR,31,258,0.0
SIR,31,259,0.0
SIR,31,260,0.0
SIR,31,261,0.0
SIR,31,262,0.0
SIR,31,263,0.0
SIR,31,264,0.0
SIR,31,265,0.0
SIR,31,266,0.0
SIR,31,267,0.0
SIR,31,268,0.0
SIR,31,269,0.0
SIR,31,270,0.0
SIR,31,271,0.0
SIR,31,272,0.0
SIR,31,273,0.0
SIR,31,274,0.0
SIR,31,275,0.0
SIR,31,276,0.0
SIR,31,277,0.0
SIR,31,278,0.0
SIR,31,279,0.0
SIR,31,280,0.0
SIR,31,281,0.0
SIR,31,282,0.0
SIR,31,283,0.0
SIR,31,284,0.0
SIR,31,285,0.0
SIR,31,286,0.0
SIR,31,287,0.0
SIR,31,288,0.0
SIR,31,289,0.0
SIR,31,290,0.0
SIR,31,291,0.0
SIR,31,292,0.0
SIR,31,293,0.0
SIR,31,294,0.0
SIR,31,295,0.0
SIR,31,296,0.0
SIR,31,297,0.0
SIR,31,298,0.0
SIR,31,299,0.0
SIR,31,300,0.0
SIR,32,0,0.08823529411764706
SIR,32,1,0.08823529411764706
SIR,32,2,0.11764705882352941
SIR,32,3,0.20588235294117646
SIR,32,4,0.20588235294117646
SIR,32,5,0.23529411764705882
SIR,32,6,0.17647058823529413
SIR,32,7,0.08823529411764706
SIR,32,8,0.058823529411764705
SIR,32,9,0.058823529411764705
SIR,32,10,0.058823529411764705
SIR,32,11,0.058823529411764705
SIR,32,12,0.058823529411764705
SIR,32,13,0.058823529411764705
SIR,32,14,0.058823529411764705
SIR,32,15,0.029411764705882353
SIR,32,16,0.029411764705882353
SIR,32,17,0.029411764705882353
SIR,32,18,0.029411764705882353
SIR,32,19,0.029411764705882353
SIR,32,20,0.058823529411764705
SIR,32,21,0.029411764705882353
SIR,32,22,0.029411764705882353
SIR,32,23,0.029411764705882353
SIR,32,24,0.029411764705882353
SIR,32,25,0.058823529411764705
SIR,32,26,0.058823529411764705
SIR,32,27,0.058823529411764705
SIR,32,28,0.058823529411764705
SIR,32,29,0.0
SIR,32,30,0.0
SIR,32,31,0.0
SIR,32,32,0.0
SIR,32,33,0.0
SIR,32,34,0.0
SIR,32,35,0.0
SIR,32,36,0.0
SIR,32,37,0.0
SIR,32,38,0.0
SIR,32,39,0.0
SIR,32,40,0.0
SIR,32,41,0.0
SIR,32,42,0.0
SIR,32,43,0.0
SIR,32,44,0.0
SIR,32,45,0.0
SIR,32,46,0.0
SIR,32,47,0.0
SIR,32,48,0.0
SIR,32,49,0.0
SIR,32,50,0.0
SIR,32,51,0.0
SIR,32,52,0.0
SIR,32,53,0.0
SIR,32,54,0.0
SIR,32,55,0.0
SIR,32,56,0.0
SIR,32,57,0.0
SIR,32,58,0.0
SIR,32,59,0.0
SIR,32,60,0.0
SIR,32,61,0.0
SIR,32,62,0.0
SIR,32,63,0.0
SIR,32,64,0.0
SIR,32,65,0.0
SIR,32,66,0.0
SIR,32,67,0.0
SIR,32,68,0.0
SIR,32,69,0.0
SIR,32,70,0.0
SIR,32,71,0.0
SIR,32,72,0.0
SIR,32,73,0.0
SIR,32,74,0.0
SIR,32,75,0.0
SIR,32,76,0.0
SIR,32,77,0.0
SIR,32,78,0.0
SIR,32,79,0.0
SIR,32,80,0.0
SIR,32,81,0.0
SIR,32,82,0.0
SIR,32,83,0.0
SIR,32,84,0.0
SIR,32,85,0.0
SIR,32,86,0.0
SIR,32,87,0.0
SIR,32,88,0.0
SIR,32,89,0.0
SIR,32,90,0.0
SIR,32,91,0.0
SIR,32,92,0.0
SIR,32,93,0.0
SIR,32,94,0.0
SIR,32,95,0.0
SIR,32,96,0.0
SIR,32,97,0.0
SIR,32,98,0.0
SIR,32,99,0.0
SIR,32,100,0.0
SIR,32,101,0.0
SIR,32,102,0.0
SIR,32,103,0.0
SIR,32,104,0.0
SIR,32,105,0.0
SIR,32,106,0.0
SIR,32,107,0.0
SIR,32,108,0.0
SIR,32,109,0.0
SIR,32,110,0.0
SIR,32,111,0.0
SIR,32,112,0.0
SIR,32,113,0.0
SIR,32,114,0.0
SIR,32,115,0.0
SIR,32,116,0.0
SIR,32,117,0.0
SIR,32,118,0.0
SIR,32,119,0.0
SIR,32,120,0.0
SIR,32,121,0.0
SIR,32,122,0.0
SIR,32,123,0.0
SIR,32,124,0.0
SIR,32,125,0.0
SIR,32,126,0.0
SIR,32,127,0.0
SIR,32,128,0.0
SIR,32,129,0.0
SIR,32,130,0.0
SIR,32,131,0.0
SIR,32,132,0.0
SIR,32,133,0.0
SIR,32,134,0.0
SIR,32,135,0.0
SIR,32,136,0.0
SIR,32,137,0.0
SIR,32,138,0.0
SIR,32,139,0.0
SIR,32,140,0.0
SIR,32,141,0.0
SIR,32,142,0.0
SIR,32,143,0.0
SIR,32,144,0.0
SIR,32,145,0.0
SIR,32,146,0.0
SIR,32,147,0.0
SIR,32,148,0.0
SIR,32,149,0.0
SIR,32,150,0.0
SIR,32,151,0.0
SIR,32,152,0.0
SIR,32,153,0.0
SIR,32,154,0.0
SIR,32,155,0.0
SIR,32,156,0.0
SIR,32,157,0.0
SIR,32,158,0.0
SIR,32,159,0.0
SIR,32,160,0.0
SIR,32,161,0.0
SIR,32,162,0.0
SIR,32,163,0.0
SIR,32,164,0.0
SIR,32,165,0.0
SIR,32,166,0.0
SIR,32,167,0.0
SIR,32,168,0.0
SIR,32,169,0.0
SIR,32,170,0.0
SIR,32,171,0.0
SIR,32,172,0.0
SIR,32,173,0.0
SIR,32,174,0.0
SIR,32,175,0.0
SIR,32,176,0.0
SIR,32,177,0.0
SIR,32,178,0.0
SIR,32,179,0.0
SIR,32,180,0.0
SIR,32,181,0.0
SIR,32,182,0.0
SIR,32,183,0.0
SIR,32,184,0.0
SIR,32,185,0.0
SIR,32,186,0.0
SIR,32,187,0.0
SIR,32,188,0.0
SIR,32,189,0.0
SIR,32,190,0.0
SIR,32,191,0.0
SIR,32,192,0.0
SIR,32,193,0.0
SIR,32,194,0.0
SIR,32,195,0.0
SIR,32,196,0.0
SIR,32,197,0.0
SIR,32,198,0.0
SIR,32,199,0.0
SIR,32,200,0.0
SIR,32,201,0.0
SIR,32,202,0.0
SIR,32,203,0.0
SIR,32,204,0.0
SIR,32,205,0.0
SIR,32,206,0.0
SIR,32,207,0.0
SIR,32,208,0.0
SIR,32,209,0.0
SIR,32,210,0.0
SIR,32,211,0.0
SIR,32,212,0.0
SIR,32,213,0.0
SIR,32,214,0.0
SIR,32,215,0.0
SIR,32,216,0.0
SIR,32,217,0.0
SIR,32,218,0.0
SIR,32,219,0.0
SIR,32,220,0.0
SIR,32,221,0.0
SIR,32,222,0.0
SIR,32,223,0.0
SIR,32,224,0.0
SIR,32,225,0.0
SIR,32,226,0.0
SIR,32,227,0.0
SIR,32,228,0.0
SIR,32,229,0.0
SIR,32,230,0.0
SIR,32,231,0.0
SIR,32,232,0.0
SIR,32,233,0.0
SIR,32,234,0.0
SIR,32,235,0.0
SIR,32,236,0.0
SIR,32,237,0.0
SIR,32,238,0.0
SIR,32,239,0.0
SIR,32,240,0.0
SIR,32,241,0.0
SIR,32,242,0.0
SIR,32,243,0.0
SIR,32,244,0.0
SIR,32,245,0.0
SIR,32,246,0.0
SIR,32,247,0.0
SIR,32,248,0.0
SIR,32,249,0.0
SIR,32,250,0.0
SIR,32,251,0.0
SIR,32,252,0.0
SIR,32,253,0.0
SIR,32,254,0.0
SIR,32,255,0.0
SIR,32,256,0.0
SIR,32,257,0.0
SIR,32,258,0.0
SIR,32,259,0.0
SIR,32,260,0.0
SIR,32,261,0.0
SIR,32,262,0.0
SIR,32,263,0.0
SIR,32,264,0.0
SIR,32,265,0.0
SIR,32,266,0.0
SIR,32,267,0.0
SIR,32,268,0.0
SIR,32,269,0.0
SIR,32,270,0.0
SIR,32,271,0.0
SIR,32,272,0.0
SIR,32,273,0.0
SIR,32,274,0.0
SIR,32,275,0.0
SIR,32,276,0.0
SIR,32,277,0.0
SIR,32,278,0.0
SIR,32,279,0.0
SIR,32,280,0.0
SIR,32,281,0.0
SIR,32,282,0.0
SIR,32,283,0.0
SIR,32,284,0.0
SIR,32,285,0.0
SIR,32,286,0.0
SIR,32,287,0.0
SIR,32,288,0.0
SIR,32,289,0.0
SIR,32,290,0.0
SIR,32,291,0.0
SIR,32,292,0.0
SIR,32,293,0.0
SIR,32,294,0.0
SIR,32,295,0.0
SIR,32,296,0.0
SIR,32,297,0.0
SIR,32,298,0.0
SIR,32,299,0.0
SIR,32,300,0.0
SIR,33,0,0.08823529411764706
SIR,33,1,0.08823529411764706
SIR,33,2,0.11764705882352941
SIR,33,3,0.08823529411764706
SIR,33,4,0.08823529411764706
SIR,33,5,0.08823529411764706
SIR,33,6,0.08823529411764706
SIR,33,7,0.029411764705882353
SIR,33,8,0.029411764705882353
SIR,33,9,0.029411764705882353
SIR,33,10,0.029411764705882353
SIR,33,11,0.029411764705882353
SIR,33,12,0.029411764705882353
SIR,33,13,0.029411764705882353
SIR,33,14,0.029411764705882353
SIR,33,15,0.029411764705882353
SIR,33,16,0.029411764705882353
SIR,33,17,0.029411764705882353
SIR,33,18,0.029411764705882353
SIR,33,19,0.029411764705882353
SIR,33,20,0.029411764705882353
SIR,33,21,0.0
SIR,33,22,0.0
SIR,33,23,0.0
SIR,33,24,0.0
SIR,33,25,0.0
SIR,33,26,0.0
SIR,33,27,0.0
SIR,33,28,0.0
SIR,33,29,0.0
SIR,33,30,0.0
SIR,33,31,0.0
SIR,33,32,0.0
SIR,33,33,0.0
SIR,33,34,0.0
SIR,33,35,0.0
SIR,33,36,0.0
SIR,33,37,0.0
SIR,33,38,0.0
SIR,33,39,0.0
SIR,33,40,0.0
SIR,33,41,0.0
SIR,33,42,0.0
SIR,33,43,0.0
SIR,33,44,0.0
SIR,33,45,0.0
SIR,33,46,0.0
SIR,33,47,0.0
SIR,33,48,0.0
SIR,33,49,0.0
SIR,33,50,0.0
SIR,33,51,0.0
SIR,33,52,0.0
SIR,33,53,0.0
SIR,33,54,0.0
SIR,33,55,0.0
SIR,33,56,0.0
SIR,33,57,0.0
SIR,33,58,0.0
SIR,33,59,0.0
SIR,33,60,0.0
SIR,33,61,0.0
SIR,33,62,0.0
SIR,33,63,0.0
SIR,33,64,0.0
SIR,33,65,0.0
SIR,33,66,0.0
SIR,33,67,0.0
SIR,33,68,0.0
SIR,33,69,0.0
SIR,33,70,0.0
SIR,33,71,0.0
SIR,33,72,0.0
SIR,33,73,0.0
SIR,33,74,0.0
SIR,33,75,0.0
SIR,33,76,0.0
SIR,33,77,0.0
SIR,33,78,0.0
SIR,33,79,0.0
SIR,33,80,0.0
SIR,33,81,0.0
SIR,33,82,0.0
SIR,33,83,0.0
SIR,33,84,0.0
SIR,33,85,0.0
SIR,33,86,0.0
SIR,33,87,0.0
SIR,33,88,0.0
SIR,33,89,0.0
SIR,33,90,0.0
SIR,33,91,0.0
SIR,33,92,0.0
SIR,33,93,0.0
SIR,33,94,0.0
SIR,33,95,0.0
SIR,33,96,0.0
SIR,33,97,0.0
SIR,33,98,0.0
SIR,33,99,0.0
SIR,33,100,0.0
SIR,33,101,0.0
SIR,33,102,0.0
SIR,33,103,0.0
SIR,33,104,0.0
SIR,33,105,0.0
SIR,33,106,0.0
SIR,33,107,0.0
SIR,33,108,0.0
SIR,33,109,0.0
SIR,33,110,0.0
SIR,33,111,0.0
SIR,33,112,0.0
SIR,33,113,0.0
SIR,33,114,0.0
SIR,33,115,0.0
SIR,33,116,0.0
SIR,33,117,0.0
SIR,33,118,0.0
SIR,33,119,0.0
SIR,33,120,0.0
SIR,33,121,0.0
SIR,33,122,0.0
SIR,33,123,0.0
SIR,33,124,0.0
SIR,33,125,0.0
SIR,33,126,0.0
SIR,33,127,0.0
SIR,33,128,0.0
SIR,33,129,0.0
SIR,33,130,0.0
SIR,33,131,0.0
SIR,33,132,0.0
SIR,33,133,0.0
SIR,33,134,0.0
SIR,33,135,0.0
SIR,33,136,0.0
SIR,33,137,0.0
SIR,33,138,0.0
SIR,33,139,0.0
SIR,33,140,0.0
SIR,33,141,0.0
SIR,33,142,0.0
SIR,33,143,0.0
SIR,33,144,0.0
SIR,33,145,0.0
SIR,33,146,0.0
SIR,33,147,0.0
SIR,33,148,0.0
SIR,33,149,0.0
SIR,33,150,0.0
SIR,33,151,0.0
SIR,33,152,0.0
SIR,33,153,0.0
SIR,33,154,0.0
SIR,33,155,0.0
SIR,33,156,0.0
SIR,33,157,0.0
SIR,33,158,0.0
SIR,33,159,0.0
SIR,33,160,0.0
SIR,33,161,0.0
SIR,33,162,0.0
SIR,33,163,0.0
SIR,33,164,0.0
SIR,33,165,0.0
SIR,33,166,0.0
SIR,33,167,0.0
SIR,33,168,0.0
SIR,33,169,0.0
SIR,33,170,0.0
SIR,33,171,0.0
SIR,33,172,0.0
SIR,33,173,0.0
SIR,33,174,0.0
SIR,33,175,0.0
SIR,33,176,0.0
SIR,33,177,0.0
SIR,33,178,0.0
SIR,33,179,0.0
SIR,33,180,0.0
SIR,33,181,0.0
SIR,33,182,0.0
SIR,33,183,0.0
SIR,33,184,0.0
SIR,33,185,0.0
SIR,33,186,0.0
SIR,33,187,0.0
SIR,33,188,0.0
SIR,33,189,0.0
SIR,33,190,0.0
SIR,33,191,0.0
SIR,33,192,0.0
SIR,33,193,0.0
SIR,33,194,0.0
SIR,33,195,0.0
SIR,33,196,0.0
SIR,33,197,0.0
SIR,33,198,0.0
SIR,33,199,0.0
SIR,33,200,0.0
SIR,33,201,0.0
SIR,33,202,0.0
SIR,33,203,0.0
SIR,33,204,0.0
SIR,33,205,0.0
SIR,33,206,0.0
SIR,33,207,0.0
SIR,33,208,0.0
SIR,33,209,0.0
SIR,33,210,0.0
SIR,33,211,0.0
SIR,33,212,0.0
SIR,33,213,0.0
SIR,33,214,0.0
SIR,33,215,0.0
SIR,33,216,0.0
SIR,33,217,0.0
SIR,33,218,0.0
SIR,33,219,0.0
SIR,33,220,0.0
SIR,33,221,0.0
SIR,33,222,0.0
SIR,33,223,0.0
SIR,33,224,0.0
SIR,33,225,0.0
SIR,33,226,0.0
SIR,33,227,0.0
SIR,33,228,0.0
SIR,33,229,0.0
SIR,33,230,0.0
SIR,33,231,0.0
SIR,33,232,0.0
SIR,33,233,0.0
SIR,33,234,0.0
SIR,33,235,0.0
SIR,33,236,0.0
SIR,33,237,0.0
SIR,33,238,0.0
SIR,33,239,0.0
SIR,33,240,0.0
SIR,33,241,0.0
SIR,33,242,0.0
SIR,33,243,0.0
SIR,33,244,0.0
SIR,33,245,0.0
SIR,33,246,0.0
SIR,33,247,0.0
SIR,33,248,0.0
SIR,33,249,0.0
SIR,33,250,0.0
SIR,33,251,0.0
SIR,33,252,0.0
SIR,33,253,0.0
SIR,33,254,0.0
SIR,33,255,0.0
SIR,33,256,0.0
SIR,33,257,0.0
SIR,33,258,0.0
SIR,33,259,0.0
SIR,33,260,0.0
SIR,33,261,0.0
SIR,33,262,0.0
SIR,33,263,0.0
SIR,33,264,0.0
SIR,33,265,0.0
SIR,33,266,0.0
SIR,33,267,0.0
SIR,33,268,0.0
SIR,33,269,0.0
SIR,33,270,0.0
SIR,33,271,0.0
SIR,33,272,0.0
SIR,33,273,0.0
SIR,33,274,0.0
SIR,33,275,0.0
SIR,33,276,0.0
SIR,33,277,0.0
SIR,33,278,0.0
SIR,33,279,0.0
SIR,33,280,0.0
SIR,33,281,0.0
SIR,33,282,0.0
SIR,33,283,0.0
SIR,33,284,0.0
SIR,33,285,0.0
SIR,33,286,0.0
SIR,33,287,0.0
SIR,33,288,0.0
SIR,33,289,0.0
SIR,33,290,0.0
SIR,33,291,0.0
SIR,33,292,0.0
SIR,33,293,0.0
SIR,33,294,0.0
SIR,33,295,0.0
SIR,33,296,0.0
SIR,33,297,0.0
SIR,33,298,0.0
SIR,33,299,0.0
SIR,33,300,0.0
SIR,34,0,0.08823529411764706
SIR,34,1,0.058823529411764705
SIR,34,2,0.08823529411764706
SIR,34,3,0.08823529411764706
SIR,34,4,0.11764705882352941
SIR,34,5,0.14705882352941177
SIR,34,6,0.2647058823529412
SIR,34,7,0.29411764705882354
SIR,34,8,0.3235294117647059
SIR,34,9,0.3235294117647059
SIR,34,10,0.29411764705882354
SIR,34,11,0.3235294117647059
SIR,34,12,0.2647058823529412
SIR,34,13,0.20588235294117646
SIR,34,14,0.17647058823529413
SIR,34,15,0.20588235294117646
SIR,34,16,0.17647058823529413
SIR,34,17,0.11764705882352941
SIR,34,18,0.11764705882352941
SIR,34,19,0.11764705882352941
SIR,34,20,0.11764705882352941
SIR,34,21,0.08823529411764706
SIR,34,22,0.058823529411764705
SIR,34,23,0.058823529411764705
SIR,34,24,0.058823529411764705
SIR,34,25,0.029411764705882353
SIR,34,26,0.029411764705882353
SIR,34,27,0.029411764705882353
SIR,34,28,0.029411764705882353
SIR,34,29,0.0
SIR,34,30,0.0
SIR,34,31,0.0
SIR,34,32,0.0
SIR,34,33,0.0
SIR,34,34,0.0
SIR,34,35,0.0
SIR,34,36,0.0
SIR,34,37,0.0
SIR,34,38,0.0
SIR,34,39,0.0
SIR,34,40,0.0
SIR,34,41,0.0
SIR,34,42,0.0
SIR,34,43,0.0
SIR,34,44,0.0
SIR,34,45,0.0
SIR,34,46,0.0
SIR,34,47,0.0
SIR,34,48,0.0
SIR,34,49,0.0
SIR,34,50,0.0
SIR,34,51,0.0
SIR,34,52,0.0
SIR,34,53,0.0
SIR,34,54,0.0
SIR,34,55,0.0
SIR,34,56,0.0
SIR,34,57,0.0
SIR,34,58,0.0
SIR,34,59,0.0
SIR,34,60,0.0
SIR,34,61,0.0
SIR,34,62,0.0
SIR,34,63,0.0
SIR,34,64,0.0
SIR,34,65,0.0
SIR,34,66,0.0
SIR,34,67,0.0
SIR,34,68,0.0
SIR,34,69,0.0
SIR,34,70,0.0
SIR,34,71,0.0
SIR,34,72,0.0
SIR,34,73,0.0
SIR,34,74,0.0
SIR,34,75,0.0
SIR,34,76,0.0
SIR,34,77,0.0
SIR,34,78,0.0
SIR,34,79,0.0
SIR,34,80,0.0
SIR,34,81,0.0
SIR,34,82,0.0
SIR,34,83,0.0
SIR,34,84,0.0
SIR,34,85,0.0
SIR,34,86,0.0
SIR,34,87,0.0
SIR,34,88,0.0
SIR,34,89,0.0
SIR,34,90,0.0
SIR,34,91,0.0
SIR,34,92,0.0
SIR,34,93,0.0
SIR,34,94,0.0
SIR,34,95,0.0
SIR,34,96,0.0
SIR,34,97,0.0
SIR,34,98,0.0
SIR,34,99,0.0
SIR,34,100,0.0
SIR,34,101,0.0
SIR,34,102,0.0
SIR,34,103,0.0
SIR,34,104,0.0
SIR,34,105,0.0
SIR,34,106,0.0
SIR,34,107,0.0
SIR,34,108,0.0
SIR,34,109,0.0
SIR,34,110,0.0
SIR,34,111,0.0
SIR,34,112,0.0
SIR,34,113,0.0
SIR,34,114,0.0
SIR,34,115,0.0
SIR,34,116,0.0
SIR,34,117,0.0
SIR,34,118,0.0
SIR,34,119,0.0
SIR,34,120,0.0
SIR,34,121,0.0
SIR,34,122,0.0
SIR,34,123,0.0
SIR,34,124,0.0
SIR,34,125,0.0
SIR,34,126,0.0
SIR,34,127,0.0
SIR,34,128,0.0
SIR,34,129,0.0
SIR,34,130,0.0
SIR,34,131,0.0
SIR,34,132,0.0
SIR,34,133,0.0
SIR,34,134,0.0
SIR,34,135,0.0
SIR,34,136,0.0
SIR,34,137,0.0
SIR,34,138,0.0
SIR,34,139,0.0
SIR,34,140,0.0
SIR,34,141,0.0
SIR,34,142,0.0
SIR,34,143,0.0
SIR,34,144,0.0
SIR,34,145,0.0
SIR,34,146,0.0
SIR,34,147,0.0
SIR,34,148,0.0
SIR,34,149,0.0
SIR,34,150,0.0
SIR,34,151,0.0
SIR,34,152,0.0
SIR,34,153,0.0
SIR,34,154,0.0
SIR,34,155,0.0
SIR,34,156,0.0
SIR,34,157,0.0
SIR,34,158,0.0
SIR,34,159,0.0
SIR,34,160,0.0
SIR,34,161,0.0
SIR,34,162,0.0
SIR,34,163,0.0
SIR,34,164,0.0
SIR,34,165,0.0
SIR,34,166,0.0
SIR,34,167,0.0
SIR,34,168,0.0
SIR,34,169,0.0
SIR,34,170,0.0
SIR,34,171,0.0
SIR,34,172,0.0
SIR,34,173,0.0
SIR,34,174,0.0
SIR,34,175,0.0
SIR,34,176,0.0
SIR,34,177,0.0
SIR,34,178,0.0
SIR,34,179,0.0
SIR,34,180,0.0
SIR,34,181,0.0
SIR,34,182,0.0
SIR,34,183,0.0
SIR,34,184,0.0
SIR,34,185,0.0
SIR,34,186,0.0
SIR,34,187,0.0
SIR,34,188,0.0
SIR,34,189,0.0
SIR,34,190,0.0
SIR,34,191,0.0
SIR,34,192,0.0
SIR,34,193,0.0
SIR,34,194,0.0
SIR,34,195,0.0
SIR,34,196,0.0
SIR,34,197,0.0
SIR,34,198,0.0
SIR,34,199,0.0
SIR,34,200,0.0
SIR,34,201,0.0
SIR,34,202,0.0
SIR,34,203,0.0
SIR,34,204,0.0
SIR,34,205,0.0
SIR,34,206,0.0
SIR,34,207,0.0
SIR,34,208,0.0
SIR,34,209,0.0
SIR,34,210,0.0
SIR,34,211,0.0
SIR,34,212,0.0
SIR,34,213,0.0
SIR,34,214,0.0
SIR,34,215,0.0
SIR,34,216,0.0
SIR,34,217,0.0
SIR,34,218,0.0
SIR,34,219,0.0
SIR,34,220,0.0
SIR,34,221,0.0
SIR,34,222,0.0
SIR,34,223,0.0
SIR,34,224,0.0
SIR,34,225,0.0
SIR,34,226,0.0
SIR,34,227,0.0
SIR,34,228,0.0
SIR,34,229,0.0
SIR,34,230,0.0
SIR,34,231,0.0
SIR,34,232,0.0
SIR,34,233,0.0
SIR,34,234,0.0
SIR,34,235,0.0
SIR,34,236,0.0
SIR,34,237,0.0
SIR,34,238,0.0
SIR,34,239,0.0
SIR,34,240,0.0
SIR,34,241,0.0
SIR,34,242,0.0
SIR,34,243,0.0
SIR,34,244,0.0
SIR,34,245,0.0
SIR,34,246,0.0
SIR,34,247,0.0
SIR,34,248,0.0
SIR,34,249,0.0
SIR,34,250,0.0
SIR,34,251,0.0
SIR,34,252,0.0
SIR,34,253,0.0
SIR,34,254,0.0
SIR,34,255,0.0
SIR,34,256,0.0
SIR,34,257,0.0
SIR,34,258,0.0
SIR,34,259,0.0
SIR,34,260,0.0
SIR,34,261,0.0
SIR,34,262,0.0
SIR,34,263,0.0
SIR,34,264,0.0
SIR,34,265,0.0
SIR,34,266,0.0
SIR,34,267,0.0
SIR,34,268,0.0
SIR,34,269,0.0
SIR,34,270,0.0
SIR,34,271,0.0
SIR,34,272,0.0
SIR,34,273,0.0
SIR,34,274,0.0
SIR,34,275,0.0
SIR,34,276,0.0
SIR,34,277,0.0
SIR,34,278,0.0
SIR,34,279,0.0
SIR,34,280,0.0
SIR,34,281,0.0
SIR,34,282,0.0
SIR,34,283,0.0
SIR,34,284,0.0
SIR,34,285,0.0
SIR,34,286,0.0
SIR,34,287,0.0
SIR,34,288,0.0
SIR,34,289,0.0
SIR,34,290,0.0
SIR,34,291,0.0
SIR,34,292,0.0
SIR,34,293,0.0
SIR,34,294,0.0
SIR,34,295,0.0
SIR,34,296,0.0
SIR,34,297,0.0
SIR,34,298,0.0
SIR,34,299,0.0
SIR,34,300,0.0
SIR,35,0,0.08823529411764706
SIR,35,1,0.08823529411764706
SIR,35,2,0.058823529411764705
SIR,35,3,0.029411764705882353
SIR,35,4,0.029411764705882353
SIR,35,5,0.0
SIR,35,6,0.0
SIR,35,7,0.0
SIR,35,8,0.0
SIR,35,9,0.0
SIR,35,10,0.0
SIR,35,11,0.0
SIR,35,12,0.0
SIR,35,13,0.0
SIR,35,14,0.0
SIR,35,15,0.0
SIR,35,16,0.0
SIR,35,17,0.0
SIR,35,18,0.0
SIR,35,19,0.0
SIR,35,20,0.0
SIR,35,21,0.0
SIR,35,22,0.0
SIR,35,23,0.0
SIR,35,24,0.0
SIR,35,25,0.0
SIR,35,26,0.0
SIR,35,27,0.0
SIR,35,28,0.0
SIR,35,29,0.0
SIR,35,30,0.0
SIR,35,31,0.0
SIR,35,32,0.0
SIR,35,33,0.0
SIR,35,34,0.0
SIR,35,35,0.0
SIR,35,36,0.0
SIR,35,37,0.0
SIR,35,38,0.0
SIR,35,39,0.0
SIR,35,40,0.0
SIR,35,41,0.0
SIR,35,42,0.0
SIR,35,43,0.0
SIR,35,44,0.0
SIR,35,45,0.0
SIR,35,46,0.0
SIR,35,47,0.0
SIR,35,48,0.0
SIR,35,49,0.0
SIR,35,50,0.0
SIR,35,51,0.0
SIR,35,52,0.0
SIR,35,53,0.0
SIR,35,54,0.0
SIR,35,55,0.0
SIR,35,56,0.0
SIR,35,57,0.0
SIR,35,58,0.0
SIR,35,59,0.0
SIR,35,60,0.0
SIR,35,61,0.0
SIR,35,62,0.0
SIR,35,63,0.0
SIR,35,64,0.0
SIR,35,65,0.0
SIR,35,66,0.0
SIR,35,67,0.0
SIR,35,68,0.0
SIR,35,69,0.0
SIR,35,70,0.0
SIR,35,71,0.0
SIR,35,72,0.0
SIR,35,73,0.0
SIR,35,74,0.0
SIR,35,75,0.0
SIR,35,76,0.0
SIR,35,77,0.0
SIR,35,78,0.0
SIR,35,79,0.0
SIR,35,80,0.0
SIR,35,81,0.0
SIR,35,82,0.0
SIR,35,83,0.0
SIR,35,84,0.0
SIR,35,85,0.0
SIR,35,86,0.0
SIR,35,87,0.0
SIR,35,88,0.0
SIR,35,89,0.0
SIR,35,90,0.0
SIR,35,91,0.0
SIR,35,92,0.0
SIR,35,93,0.0
SIR,35,94,0.0
SIR,35,95,0.0
SIR,35,96,0.0
SIR,35,97,0.0
SIR,35,98,0.0
SIR,35,99,0.0
SIR,35,100,0.0
SIR,35,101,0.0
SIR,35,102,0.0
SIR,35,103,0.0
SIR,35,104,0.0
SIR,35,105,0.0
SIR,35,106,0.0
SIR,35,107,0.0
SIR,35,108,0.0
SIR,35,109,0.0
SIR,35,110,0.0
SIR,35,111,0.0
SIR,35,112,0.0
SIR,35,113,0.0
SIR,35,114,0.0
SIR,35,115,0.0
SIR,35,116,0.0
SIR,35,117,0.0
SIR,35,118,0.0
SIR,35,119,0.0
SIR,35,120,0.0
SIR,35,121,0.0
SIR,35,122,0.0
SIR,35,123,0.0
SIR,35,124,0.0
SIR,35,125,0.0
SIR,35,126,0.0
SIR,35,127,0.0
SIR,35,128,0.0
SIR,35,129,0.0
SIR,35,130,0.0
SIR,35,131,0.0
SIR,35,132,0.0
SIR,35,133,0.0
SIR,35,134,0.0
SIR,35,135,0.0
SIR,35,136,0.0
SIR,35,137,0.0
SIR,35,138,0.0
SIR,35,139,0.0
SIR,35,140,0.0
SIR,35,141,0.0
SIR,35,142,0.0
SIR,35,143,0.0
SIR,35,144,0.0
SIR,35,145,0.0
SIR,35,146,0.0
SIR,35,147,0.0
SIR,35,148,0.0
SIR,35,149,0.0
SIR,35,150,0.0
SIR,35,151,0.0
SIR,35,152,0.0
SIR,35,153,0.0
SIR,35,154,0.0
SIR,35,155,0.0
SIR,35,156,0.0
SIR,35,157,0.0
SIR,35,158,0.0
SIR,35,159,0.0
SIR,35,160,0.0
SIR,35,161,0.0
SIR,35,162,0.0
SIR,35,163,0.0
SIR,35,164,0.0
SIR,35,165,0.0
SIR,35,166,0.0
SIR,35,167,0.0
SIR,35,168,0.0
SIR,35,169,0.0
SIR,35,170,0.0
SIR,35,171,0.0
SIR,35,172,0.0
SIR,35,173,0.0
SIR,35,174,0.0
SIR,35,175,0.0
SIR,35,176,0.0
SIR,35,177,0.0
SIR,35,178,0.0
SIR,35,179,0.0
SIR,35,180,0.0
SIR,35,181,0.0
SIR,35,182,0.0
SIR,35,183,0.0
SIR,35,184,0.0
SIR,35,185,0.0
SIR,35,186,0.0
SIR,35,187,0.0
SIR,35,188,0.0
SIR,35,189,0.0
SIR,35,190,0.0
SIR,35,191,0.0
SIR,35,192,0.0
SIR,35,193,0.0
SIR,35,194,0.0
SIR,35,195,0.0
SIR,35,196,0.0
SIR,35,197,0.0
SIR,35,198,0.0
SIR,35,199,0.0
SIR,35,200,0.0
SIR,35,201,0.0
SIR,35,202,0.0
SIR,35,203,0.0
SIR,35,204,0.0
SIR,35,205,0.0
SIR,35,206,0.0
SIR,35,207,0.0
SIR,35,208,0.0
SIR,35,209,0.0
SIR,35,210,0.0
SIR,35,211,0.0
SIR,35,212,0.0
SIR,35,213,0.0
SIR,35,214,0.0
SIR,35,215,0.0
SIR,35,216,0.0
SIR,35,217,0.0
SIR,35,218,0.0
SIR,35,219,0.0
SIR,35,220,0.0
SIR,35,221,0.0
SIR,35,222,0.0
SIR,35,223,0.0
SIR,35,224,0.0
SIR,35,225,0.0
SIR,35,226,0.0
SIR,35,227,0.0
SIR,35,228,0.0
SIR,35,229,0.0
SIR,35,230,0.0
SIR,35,231,0.0
SIR,35,232,0.0
SIR,35,233,0.0
SIR,35,234,0.0
SIR,35,235,0.0
SIR,35,236,0.0
SIR,35,237,0.0
SIR,35,238,0.0
SIR,35,239,0.0
SIR,35,240,0.0
SIR,35,241,0.0
SIR,35,242,0.0
SIR,35,243,0.0
SIR,35,244,0.0
SIR,35,245,0.0
SIR,35,246,0.0
SIR,35,247,0.0
SIR,35,248,0.0
SIR,35,249,0.0
SIR,35,250,0.0
SIR,35,251,0.0
SIR,35,252,0.0
SIR,35,253,0.0
SIR,35,254,0.0
SIR,35,255,0.0
SIR,35,256,0.0
SIR,35,257,0.0
SIR,35,258,0.0
SIR,35,259,0.0
SIR,35,260,0.0
SIR,35,261,0.0
SIR,35,262,0.0
SIR,35,263,0.0
SIR,35,264,0.0
SIR,35,265,0.0
SIR,35,266,0.0
SIR,35,267,0.0
SIR,35,268,0.0
SIR,35,269,0.0
SIR,35,270,0.0
SIR,35,271,0.0
SIR,35,272,0.0
SIR,35,273,0.0
SIR,35,274,0.0
SIR,35,275,0.0
SIR,35,276,0.0
SIR,35,277,0.0
SIR,35,278,0.0
SIR,35,279,0.0
SIR,35,280,0.0
SIR,35,281,0.0
SIR,35,282,0.0
SIR,35,283,0.0
SIR,35,284,0.0
SIR,35,285,0.0
SIR,35,286,0.0
SIR,35,287,0.0
SIR,35,288,0.0
SIR,35,289,0.0
SIR,35,290,0.0
SIR,35,291,0.0
SIR,35,292,0.0
SIR,35,293,0.0
SIR,35,294,0.0
SIR,35,295,0.0
SIR,35,296,0.0
SIR,35,297,0.0
SIR,35,298,0.0
SIR,35,299,0.0
SIR,35,300,0.0
SIR,36,0,0.08823529411764706
SIR,36,1,0.08823529411764706
SIR,36,2,0.08823529411764706
SIR,36,3,0.08823529411764706
SIR,36,4,0.08823529411764706
SIR,36,5,0.11764705882352941
SIR,36,6,0.11764705882352941
SIR,36,7,0.14705882352941177
SIR,36,8,0.14705882352941177
SIR,36,9,0.14705882352941177
SIR,36,10,0.17647058823529413
SIR,36,11,0.20588235294117646
SIR,36,12,0.14705882352941177
SIR,36,13,0.14705882352941177
SIR,36,14,0.08823529411764706
SIR,36,15,0.08823529411764706
SIR,36,16,0.08823529411764706
SIR,36,17,0.029411764705882353
SIR,36,18,0.0
SIR,36,19,0.0
SIR,36,20,0.0
SIR,36,21,0.0
SIR,36,22,0.0
SIR,36,23,0.0
SIR,36,24,0.0
SIR,36,25,0.0
SIR,36,26,0.0
SIR,36,27,0.0
SIR,36,28,0.0
SIR,36,29,0.0
SIR,36,30,0.0
SIR,36,31,0.0
SIR,36,32,0.0
SIR,36,33,0.0
SIR,36,34,0.0
SIR,36,35,0.0
SIR,36,36,0.0
SIR,36,37,0.0
SIR,36,38,0.0
SIR,36,39,0.0
SIR,36,40,0.0
SIR,36,41,0.0
SIR,36,42,0.0
SIR,36,43,0.0
SIR,36,44,0.0
SIR,36,45,0.0
SIR,36,46,0.0
SIR,36,47,0.0
SIR,36,48,0.0
SIR,36,49,0.0
SIR,36,50,0.0
SIR,36,51,0.0
SIR,36,52,0.0
SIR,36,53,0.0
SIR,36,54,0.0
SIR,36,55,0.0
SIR,36,56,0.0
SIR,36,57,0.0
SIR,36,58,0.0
SIR,36,59,0.0
SIR,36,60,0.0
SIR,36,61,0.0
SIR,36,62,0.0
SIR,36,63,0.0
SIR,36,64,0.0
SIR,36,65,0.0
SIR,36,66,0.0
SIR,36,67,0.0
SIR,36,68,0.0
SIR,36,69,0.0
SIR,36,70,0.0
SIR,36,71,0.0
SIR,36,72,0.0
SIR,36,73,0.0
SIR,36,74,0.0
SIR,36,75,0.0
SIR,36,76,0.0
SIR,36,77,0.0
SIR,36,78,0.0
SIR,36,79,0.0
SIR,36,80,0.0
SIR,36,81,0.0
SIR,36,82,0.0
SIR,36,83,0.0
SIR,36,84,0.0
SIR,36,85,0.0
SIR,36,86,0.0
SIR,36,87,0.0
SIR,36,88,0.0
SIR,36,89,0.0
SIR,36,90,0.0
SIR,36,91,0.0
SIR,36,92,0.0
SIR,36,93,0.0
SIR,36,94,0.0
SIR,36,95,0.0
SIR,36,96,0.0
SIR,36,97,0.0
SIR,36,98,0.0
SIR,36,99,0.0
SIR,36,100,0.0
SIR,36,101,0.0
SIR,36,102,0.0
SIR,36,103,0.0
SIR,36,104,0.0
SIR,36,105,0.0
SIR,36,106,0.0
SIR,36,107,0.0
SIR,36,108,0.0
SIR,36,109,0.0
SIR,36,110,0.0
SIR,36,111,0.0
SIR,36,112,0.0
SIR,36,113,0.0
SIR,36,114,0.0
SIR,36,115,0.0
SIR,36,116,0.0
SIR,36,117,0.0
SIR,36,118,0.0
SIR,36,119,0.0
SIR,36,120,0.0
SIR,36,121,0.0
SIR,36,122,0.0
SIR,36,123,0.0
SIR,36,124,0.0
SIR,36,125,0.0
SIR,36,126,0.0
SIR,36,127,0.0
SIR,36,128,0.0
SIR,36,129,0.0
SIR,36,130,0.0
SIR,36,131,0.0
SIR,36,132,0.0
SIR,36,133,0.0
SIR,36,134,0.0
SIR,36,135,0.0
SIR,36,136,0.0
SIR,36,137,0.0
SIR,36,138,0.0
SIR,36,139,0.0
SIR,36,140,0.0
SIR,36,141,0.0
SIR,36,142,0.0
SIR,36,143,0.0
SIR,36,144,0.0
SIR,36,145,0.0
SIR,36,146,0.0
SIR,36,147,0.0
SIR,36,148,0.0
SIR,36,149,0.0
SIR,36,150,0.0
SIR,36,151,0.0
SIR,36,152,0.0
SIR,36,153,0.0
SIR,36,154,0.0
SIR,36,155,0.0
SIR,36,156,0.0
SIR,36,157,0.0
SIR,36,158,0.0
SIR,36,159,0.0
SIR,36,160,0.0
SIR,36,161,0.0
SIR,36,162,0.0
SIR,36,163,0.0
SIR,36,164,0.0
SIR,36,165,0.0
SIR,36,166,0.0
SIR,36,167,0.0
SIR,36,168,0.0
SIR,36,169,0.0
SIR,36,170,0.0
SIR,36,171,0.0
SIR,36,172,0.0
SIR,36,173,0.0
SIR,36,174,0.0
SIR,36,175,0.0
SIR,36,176,0.0
SIR,36,177,0.0
SIR,36,178,0.0
SIR,36,179,0.0
SIR,36,180,0.0
SIR,36,181,0.0
SIR,36,182,0.0
SIR,36,183,0.0
SIR,36,184,0.0
SIR,36,185,0.0
SIR,36,186,0.0
SIR,36,187,0.0
SIR,36,188,0.0
SIR,36,189,0.0
SIR,36,190,0.0
SIR,36,191,0.0
SIR,36,192,0.0
SIR,36,193,0.0
SIR,36,194,0.0
SIR,36,195,0.0
SIR,36,196,0.0
SIR,36,197,0.0
SIR,36,198,0.0
SIR,36,199,0.0
SIR,36,200,0.0
SIR,36,201,0.0
SIR,36,202,0.0
SIR,36,203,0.0
SIR,36,204,0.0
SIR,36,205,0.0
SIR,36,206,0.0
SIR,36,207,0.0
SIR,36,208,0.0
SIR,36,209,0.0
SIR,36,210,0.0
SIR,36,211,0.0
SIR,36,212,0.0
SIR,36,213,0.0
SIR,36,214,0.0
SIR,36,215,0.0
SIR,36,216,0.0
SIR,36,217,0.0
SIR,36,218,0.0
SIR,36,219,0.0
SIR,36,220,0.0
SIR,36,221,0.0
SIR,36,222,0.0
SIR,36,223,0.0
SIR,36,224,0.0
SIR,36,225,0.0
SIR,36,226,0.0
SIR,36,227,0.0
SIR,36,228,0.0
SIR,36,229,0.0
SIR,36,230,0.0
SIR,36,231,0.0
SIR,36,232,0.0
SIR,36,233,0.0
SIR,36,234,0.0
SIR,36,235,0.0
SIR,36,236,0.0
SIR,36,237,0.0
SIR,36,238,0.0
SIR,36,239,0.0
SIR,36,240,0.0
SIR,36,241,0.0
SIR,36,242,0.0
SIR,36,243,0.0
SIR,36,244,0.0
SIR,36,245,0.0
SIR,36,246,0.0
SIR,36,247,0.0
SIR,36,248,0.0
SIR,36,249,0.0
SIR,36,250,0.0
SIR,36,251,0.0
SIR,36,252,0.0
SIR,36,253,0.0
SIR,36,254,0.0
SIR,36,255,0.0
SIR,36,256,0.0
SIR,36,257,0.0
SIR,36,258,0.0
SIR,36,259,0.0
SIR,36,260,0.0
SIR,36,261,0.0
SIR,36,262,0.0
SIR,36,263,0.0
SIR,36,264,0.0
SIR,36,265,0.0
SIR,36,266,0.0
SIR,36,267,0.0
SIR,36,268,0.0
SIR,36,269,0.0
SIR,36,270,0.0
SIR,36,271,0.0
SIR,36,272,0.0
SIR,36,273,0.0
SIR,36,274,0.0
SIR,36,275,0.0
SIR,36,276,0.0
SIR,36,277,0.0
SIR,36,278,0.0
SIR,36,279,0.0
SIR,36,280,0.0
SIR,36,281,0.0
SIR,36,282,0.0
SIR,36,283,0.0
SIR,36,284,0.0
SIR,36,285,0.0
SIR,36,286,0.0
SIR,36,287,0.0
SIR,36,288,0.0
SIR,36,289,0.0
SIR,36,290,0.0
SIR,36,291,0.0
SIR,36,292,0.0
SIR,36,293,0.0
SIR,36,294,0.0
SIR,36,295,0.0
SIR,36,296,0.0
SIR,36,297,0.0
SIR,36,298,0.0
SIR,36,299,0.0
SIR,36,300,0.0
SIR,37,0,0.08823529411764706
SIR,37,1,0.08823529411764706
SIR,37,2,0.08823529411764706
SIR,37,3,0.08823529411764706
SIR,37,4,0.08823529411764706
SIR,37,5,0.08823529411764706
SIR,37,6,0.08823529411764706
SIR,37,7,0.17647058823529413
SIR,37,8,0.17647058823529413
SIR,37,9,0.23529411764705882
SIR,37,10,0.29411764705882354
SIR,37,11,0.2647058823529412
SIR,37,12,0.2647058823529412
SIR,37,13,0.14705882352941177
SIR,37,14,0.17647058823529413
SIR,37,15,0.23529411764705882
SIR,37,16,0.23529411764705882
SIR,37,17,0.17647058823529413
SIR,37,18,0.14705882352941177
SIR,37,19,0.17647058823529413
SIR,37,20,0.11764705882352941
SIR,37,21,0.08823529411764706
SIR,37,22,0.08823529411764706
SIR,37,23,0.11764705882352941
SIR,37,24,0.11764705882352941
SIR,37,25,0.11764705882352941
SIR,37,26,0.08823529411764706
SIR,37,27,0.08823529411764706
SIR,37,28,0.058823529411764705
SIR,37,29,0.029411764705882353
SIR,37,30,0.029411764705882353
SIR,37,31,0.0
SIR,37,32,0.0
SIR,37,33,0.0
SIR,37,34,0.0
SIR,37,35,0.0
SIR,37,36,0.0
SIR,37,37,0.0
SIR,37,38,0.0
SIR,37,39,0.0
SIR,37,40,0.0
SIR,37,41,0.0
SIR,37,42,0.0
SIR,37,43,0.0
SIR,37,44,0.0
SIR,37,45,0.0
SIR,37,46,0.0
SIR,37,47,0.0
SIR,37,48,0.0
SIR,37,49,0.0
SIR,37,50,0.0
SIR,37,51,0.0
SIR,37,52,0.0
SIR,37,53,0.0
SIR,37,54,0.0
SIR,37,55,0.0
SIR,37,56,0.0
SIR,37,57,0.0
SIR,37,58,0.0
SIR,37,59,0.0
SIR,37,60,0.0
SIR,37,61,0.0
SIR,37,62,0.0
SIR,37,63,0.0
SIR,37,64,0.0
SIR,37,65,0.0
SIR,37,66,0.0
SIR,37,67,0.0
SIR,37,68,0.0
SIR,37,69,0.0
SIR,37,70,0.0
SIR,37,71,0.0
SIR,37,72,0.0
SIR,37,73,0.0
SIR,37,74,0.0
SIR,37,75,0.0
SIR,37,76,0.0
SIR,37,77,0.0
SIR,37,78,0.0
SIR,37,79,0.0
SIR,37,80,0.0
SIR,37,81,0.0
SIR,37,82,0.0
SIR,37,83,0.0
SIR,37,84,0.0
SIR,37,85,0.0
SIR,37,86,0.0
SIR,37,87,0.0
SIR,37,88,0.0
SIR,37,89,0.0
SIR,37,90,0.0
SIR,37,91,0.0
SIR,37,92,0.0
SIR,37,93,0.0
SIR,37,94,0.0
SIR,37,95,0.0
SIR,37,96,0.0
SIR,37,97,0.0
SIR,37,98,0.0
SIR,37,99,0.0
SIR,37,100,0.0
SIR,37,101,0.0
SIR,37,102,0.0
SIR,37,103,0.0
SIR,37,104,0.0
SIR,37,105,0.0
SIR,37,106,0.0
SIR,37,107,0.0
SIR,37,108,0.0
SIR,37,109,0.0
SIR,37,110,0.0
SIR,37,111,0.0
SIR,37,112,0.0
SIR,37,113,0.0
SIR,37,114,0.0
SIR,37,115,0.0
SIR,37,116,0.0
SIR,37,117,0.0
SIR,37,118,0.0
SIR,37,119,0.0
SIR,37,120,0.0
SIR,37,121,0.0
SIR,37,122,0.0
SIR,37,123,0.0
SIR,37,124,0.0
SIR,37,125,0.0
SIR,37,126,0.0
SIR,37,127,0.0
SIR,37,128,0.0
SIR,37,129,0.0
SIR,37,130,0.0
SIR,37,131,0.0
SIR,37,132,0.0
SIR,37,133,0.0
SIR,37,134,0.0
SIR,37,135,0.0
SIR,37,136,0.0
SIR,37,137,0.0
SIR,37,138,0.0
SIR,37,139,0.0
SIR,37,140,0.0
SIR,37,141,0.0
SIR,37,142,0.0
SIR,37,143,0.0
SIR,37,144,0.0
SIR,37,145,0.0
SIR,37,146,0.0
SIR,37,147,0.0
SIR,37,148,0.0
SIR,37,149,0.0
SIR,37,150,0.0
SIR,37,151,0.0
SIR,37,152,0.0
SIR,37,153,0.0
SIR,37,154,0.0
SIR,37,155,0.0
SIR,37,156,0.0
SIR,37,157,0.0
SIR,37,158,0.0
SIR,37,159,0.0
SIR,37,160,0.0
SIR,37,161,0.0
SIR,37,162,0.0
SIR,37,163,0.0
SIR,37,164,0.0
SIR,37,165,0.0
SIR,37,166,0.0
SIR,37,167,0.0
SIR,37,168,0.0
SIR,37,169,0.0
SIR,37,170,0.0
SIR,37,171,0.0
SIR,37,172,0.0
SIR,37,173,0.0
SIR,37,174,0.0
SIR,37,175,0.0
SIR,37,176,0.0
SIR,37,177,0.0
SIR,37,178,0.0
SIR,37,179,0.0
SIR,37,180,0.0
SIR,37,181,0.0
SIR,37,182,0.0
SIR,37,183,0.0
SIR,37,184,0.0
SIR,37,185,0.0
SIR,37,186,0.0
SIR,37,187,0.0
SIR,37,188,0.0
SIR,37,189,0.0
SIR,37,190,0.0
SIR,37,191,0.0
SIR,37,192,0.0
SIR,37,193,0.0
SIR,37,194,0.0
SIR,37,195,0.0
SIR,37,196,0.0
SIR,37,197,0.0
SIR,37,198,0.0
SIR,37,199,0.0
SIR,37,200,0.0
SIR,37,201,0.0
SIR,37,202,0.0
SIR,37,203,0.0
SIR,37,204,0.0
SIR,37,205,0.0
SIR,37,206,0.0
SIR,37,207,0.0
SIR,37,208,0.0
SIR,37,209,0.0
SIR,37,210,0.0
SIR,37,211,0.0
SIR,37,212,0.0
SIR,37,213,0.0
SIR,37,214,0.0
SIR,37,215,0.0
SIR,37,216,0.0
SIR,37,217,0.0
SIR,37,218,0.0
SIR,37,219,0.0
SIR,37,220,0.0
SIR,37,221,0.0
SIR,37,222,0.0
SIR,37,223,0.0
SIR,37,224,0.0
SIR,37,225,0.0
SIR,37,226,0.0
SIR,37,227,0.0
SIR,37,228,0.0
SIR,37,229,0.0
SIR,37,230,0.0
SIR,37,231,0.0
SIR,37,232,0.0
SIR,37,233,0.0
SIR,37,234,0.0
SIR,37,235,0.0
SIR,37,236,0.0
SIR,37,237,0.0
SIR,37,238,0.0
SIR,37,239,0.0
SIR,37,240,0.0
SIR,37,241,0.0
SIR,37,242,0.0
SIR,37,243,0.0
SIR,37,244,0.0
SIR,37,245,0.0
SIR,37,246,0.0
SIR,37,247,0.0
SIR,37,248,0.0
SIR,37,249,0.0
SIR,37,250,0.0
SIR,37,251,0.0
SIR,37,252,0.0
SIR,37,253,0.0
SIR,37,254,0.0
SIR,37,255,0.0
SIR,37,256,0.0
SIR,37,257,0.0
SIR,37,258,0.0
SIR,37,259,0.0
SIR,37,260,0.0
SIR,37,261,0.0
SIR,37,262,0.0
SIR,37,263,0.0
SIR,37,264,0.0
SIR,37,265,0.0
SIR,37,266,0.0
SIR,37,267,0.0
SIR,37,268,0.0
SIR,37,269,0.0
SIR,37,270,0.0
SIR,37,271,0.0
SIR,37,272,0.0
SIR,37,273,0.0
SIR,37,274,0.0
SIR,37,275,0.0
SIR,37,276,0.0
SIR,37,277,0.0
SIR,37,278,0.0
SIR,37,279,0.0
SIR,37,280,0.0
SIR,37,281,0.0
SIR,37,282,0.0
SIR,37,283,0.0
SIR,37,284,0.0
SIR,37,285,0.0
SIR,37,286,0.0
SIR,37,287,0.0
SIR,37,288,0.0
SIR,37,289,0.0
SIR,37,290,0.0
SIR,37,291,0.0
SIR,37,292,0.0
SIR,37,293,0.0
SIR,37,294,0.0
SIR,37,295,0.0
SIR,37,296,0.0
SIR,37,297,0.0
SIR,37,298,0.0
SIR,37,299,0.0
SIR,37,300,0.0
SIR,38,0,0.08823529411764706
SIR,38,1,0.11764705882352941
SIR,38,2,0.11764705882352941
SIR,38,3,0.2647058823529412
SIR,38,4,0.20588235294117646
SIR,38,5,0.17647058823529413
SIR,38,6,0.20588235294117646
SIR,38,7,0.17647058823529413
SIR,38,8,0.14705882352941177
SIR,38,9,0.14705882352941177
SIR,38,10,0.17647058823529413
SIR,38,11,0.17647058823529413
SIR,38,12,0.14705882352941177
SIR,38,13,0.14705882352941177
SIR,38,14,0.08823529411764706
SIR,38,15,0.08823529411764706
SIR,38,16,0.058823529411764705
SIR,38,17,0.058823529411764705
SIR,38,18,0.058823529411764705
SIR,38,19,0.058823529411764705
SIR,38,20,0.058823529411764705
SIR,38,21,0.029411764705882353
SIR,38,22,0.029411764705882353
SIR,38,23,0.029411764705882353
SIR,38,24,0.029411764705882353
SIR,38,25,0.029411764705882353
SIR,38,26,0.0
SIR,38,27,0.0
SIR,38,28,0.0
SIR,38,29,0.0
SIR,38,30,0.0
SIR,38,31,0.0
SIR,38,32,0.0
SIR,38,33,0.0
SIR,38,34,0.0
SIR,38,35,0.0
SIR,38,36,0.0
SIR,38,37,0.0
SIR,38,38,0.0
SIR,38,39,0.0
SIR,38,40,0.0
SIR,38,41,0.0
SIR,38,42,0.0
SIR,38,43,0.0
SIR,38,44,0.0
SIR,38,45,0.0
SIR,38,46,0.0
SIR,38,47,0.0
SIR,38,48,0.0
SIR,38,49,0.0
SIR,38,50,0.0
SIR,38,51,0.0
SIR,38,52,0.0
SIR,38,53,0.0
SIR,38,54,0.0
SIR,38,55,0.0
SIR,38,56,0.0
SIR,38,57,0.0
SIR,38,58,0.0
SIR,38,59,0.0
SIR,38,60,0.0
SIR,38,61,0.0
SIR,38,62,0.0
SIR,38,63,0.0
SIR,38,64,0.0
SIR,38,65,0.0
SIR,38,66,0.0
SIR,38,67,0.0
SIR,38,68,0.0
SIR,38,69,0.0
SIR,38,70,0.0
SIR,38,71,0.0
SIR,38,72,0.0
SIR,38,73,0.0
SIR,38,74,0.0
SIR,38,75,0.0
SIR,38,76,0.0
SIR,38,77,0.0
SIR,38,78,0.0
SIR,38,79,0.0
SIR,38,80,0.0
SIR,38,81,0.0
SIR,38,82,0.0
SIR,38,83,0.0
SIR,38,84,0.0
SIR,38,85,0.0
SIR,38,86,0.0
SIR,38,87,0.0
SIR,38,88,0.0
SIR,38,89,0.0
SIR,38,90,0.0
SIR,38,91,0.0
SIR,38,92,0.0
SIR,38,93,0.0
SIR,38,94,0.0
SIR,38,95,0.0
SIR,38,96,0.0
SIR,38,97,0.0
SIR,38,98,0.0
SIR,38,99,0.0
SIR,38,100,0.0
SIR,38,101,0.0
SIR,38,102,0.0
SIR,38,103,0.0
SIR,38,104,0.0
SIR,38,105,0.0
SIR,38,106,0.0
SIR,38,107,0.0
SIR,38,108,0.0
SIR,38,109,0.0
SIR,38,110,0.0
SIR,38,111,0.0
SIR,38,112,0.0
SIR,38,113,0.0
SIR,38,114,0.0
SIR,38,115,0.0
SIR,38,116,0.0
SIR,38,117,0.0
SIR,38,118,0.0
SIR,38,119,0.0
SIR,38,120,0.0
SIR,38,121,0.0
SIR,38,122,0.0
SIR,38,123,0.0
SIR,38,124,0.0
SIR,38,125,0.0
SIR,38,126,0.0
SIR,38,127,0.0
SIR,38,128,0.0
SIR,38,129,0.0
SIR,38,130,0.0
SIR,38,131,0.0
SIR,38,132,0.0
SIR,38,133,0.0
SIR,38,134,0.0
SIR,38,135,0.0
SIR,38,136,0.0
SIR,38,137,0.0
SIR,38,138,0.0
SIR,38,139,0.0
SIR,38,140,0.0
SIR,38,141,0.0
SIR,38,142,0.0
SIR,38,143,0.0
SIR,38,144,0.0
SIR,38,145,0.0
SIR,38,146,0.0
SIR,38,147,0.0
SIR,38,148,0.0
SIR,38,149,0.0
SIR,38,150,0.0
SIR,38,151,0.0
SIR,38,152,0.0
SIR,38,153,0.0
SIR,38,154,0.0
SIR,38,155,0.0
SIR,38,156,0.0
SIR,38,157,0.0
SIR,38,158,0.0
SIR,38,159,0.0
SIR,38,160,0.0
SIR,38,161,0.0
SIR,38,162,0.0
SIR,38,163,0.0
SIR,38,164,0.0
SIR,38,165,0.0
SIR,38,166,0.0
SIR,38,167,0.0
SIR,38,168,0.0
SIR,38,169,0.0
SIR,38,170,0.0
SIR,38,171,0.0
SIR,38,172,0.0
SIR,38,173,0.0
SIR,38,174,0.0
SIR,38,175,0.0
SIR,38,176,0.0
SIR,38,177,0.0
SIR,38,178,0.0
SIR,38,179,0.0
SIR,38,180,0.0
SIR,38,181,0.0
SIR,38,182,0.0
SIR,38,183,0.0
SIR,38,184,0.0
SIR,38,185,0.0
SIR,38,186,0.0
SIR,38,187,0.0
SIR,38,188,0.0
SIR,38,189,0.0
SIR,38,190,0.0
SIR,38,191,0.0
SIR,38,192,0.0
SIR,38,193,0.0
SIR,38,194,0.0
SIR,38,195,0.0
SIR,38,196,0.0
SIR,38,197,0.0
SIR,38,198,0.0
SIR,38,199,0.0
SIR,38,200,0.0
SIR,38,201,0.0
SIR,38,202,0.0
SIR,38,203,0.0
SIR,38,204,0.0
SIR,38,205,0.0
SIR,38,206,0.0
SIR,38,207,0.0
SIR,38,208,0.0
SIR,38,209,0.0
SIR,38,210,0.0
SIR,38,211,0.0
SIR,38,212,0.0
SIR,38,213,0.0
SIR,38,214,0.0
SIR,38,215,0.0
SIR,38,216,0.0
SIR,38,217,0.0
SIR,38,218,0.0
SIR,38,219,0.0
SIR,38,220,0.0
SIR,38,221,0.0
SIR,38,222,0.0
SIR,38,223,0.0
SIR,38,224,0.0
SIR,38,225,0.0
SIR,38,226,0.0
SIR,38,227,0.0
SIR,38,228,0.0
SIR,38,229,0.0
SIR,38,230,0.0
SIR,38,231,0.0
SIR,38,232,0.0
SIR,38,233,0.0
SIR,38,234,0.0
SIR,38,235,0.0
SIR,38,236,0.0
SIR,38,237,0.0
SIR,38,238,0.0
SIR,38,239,0.0
SIR,38,240,0.0
SIR,38,241,0.0
SIR,38,242,0.0
SIR,38,243,0.0
SIR,38,244,0.0
SIR,38,245,0.0
SIR,38,246,0.0
SIR,38,247,0.0
SIR,38,248,0.0
SIR,38,249,0.0
SIR,38,250,0.0
SIR,38,251,0.0
SIR,38,252,0.0
SIR,38,253,0.0
SIR,38,254,0.0
SIR,38,255,0.0
SIR,38,256,0.0
SIR,38,257,0.0
SIR,38,258,0.0
SIR,38,259,0.0
SIR,38,260,0.0
SIR,38,261,0.0
SIR,38,262,0.0
SIR,38,263,0.0
SIR,38,264,0.0
SIR,38,265,0.0
SIR,38,266,0.0
SIR,38,267,0.0
SIR,38,268,0.0
SIR,38,269,0.0
SIR,38,270,0.0
SIR,38,271,0.0
SIR,38,272,0.0
SIR,38,273,0.0
SIR,38,274,0.0
SIR,38,275,0.0
SIR,38,276,0.0
SIR,38,277,0.0
SIR,38,278,0.0
SIR,38,279,0.0
SIR,38,280,0.0
SIR,38,281,0.0
SIR,38,282,0.0
SIR,38,283,0.0
SIR,38,284,0.0
SIR,38,285,0.0
SIR,38,286,0.0
SIR,38,287,0.0
SIR,38,288,0.0
SIR,38,289,0.0
SIR,38,290,0.0
SIR,38,291,0.0
SIR,38,292,0.0
SIR,38,293,0.0
SIR,38,294,0.0
SIR,38,295,0.0
SIR,38,296,0.0
SIR,38,297,0.0
SIR,38,298,0.0
SIR,38,299,0.0
SIR,38,300,0.0
SIR,39,0,0.08823529411764706
SIR,39,1,0.08823529411764706
SIR,39,2,0.11764705882352941
SIR,39,3,0.14705882352941177
SIR,39,4,0.23529411764705882
SIR,39,5,0.3235294117647059
SIR,39,6,0.3235294117647059
SIR,39,7,0.3235294117647059
SIR,39,8,0.29411764705882354
SIR,39,9,0.3235294117647059
SIR,39,10,0.38235294117647056
SIR,39,11,0.38235294117647056
SIR,39,12,0.3235294117647059
SIR,39,13,0.2647058823529412
SIR,39,14,0.23529411764705882
SIR,39,15,0.2647058823529412
SIR,39,16,0.11764705882352941
SIR,39,17,0.11764705882352941
SIR,39,18,0.08823529411764706
SIR,39,19,0.08823529411764706
SIR,39,20,0.058823529411764705
SIR,39,21,0.029411764705882353
SIR,39,22,0.029411764705882353
SIR,39,23,0.0
SIR,39,24,0.0
SIR,39,25,0.0
SIR,39,26,0.0
SIR,39,27,0.0
SIR,39,28,0.0
SIR,39,29,0.0
SIR,39,30,0.0
SIR,39,31,0.0
SIR,39,32,0.0
SIR,39,33,0.0
SIR,39,34,0.0
SIR,39,35,0.0
SIR,39,36,0.0
SIR,39,37,0.0
SIR,39,38,0.0
SIR,39,39,0.0
SIR,39,40,0.0
SIR,39,41,0.0
SIR,39,42,0.0
SIR,39,43,0.0
SIR,39,44,0.0
SIR,39,45,0.0
SIR,39,46,0.0
SIR,39,47,0.0
SIR,39,48,0.0
SIR,39,49,0.0
SIR,39,50,0.0
SIR,39,51,0.0
SIR,39,52,0.0
SIR,39,53,0.0
SIR,39,54,0.0
SIR,39,55,0.0
SIR,39,56,0.0
SIR,39,57,0.0
SIR,39,58,0.0
SIR,39,59,0.0
SIR,39,60,0.0
SIR,39,61,0.0
SIR,39,62,0.0
SIR,39,63,0.0
SIR,39,64,0.0
SIR,39,65,0.0
SIR,39,66,0.0
SIR,39,67,0.0
SIR,39,68,0.0
SIR,39,69,0.0
SIR,39,70,0.0
SIR,39,71,0.0
SIR,39,72,0.0
SIR,39,73,0.0
SIR,39,74,0.0
SIR,39,75,0.0
SIR,39,76,0.0
SIR,39,77,0.0
SIR,39,78,0.0
SIR,39,79,0.0
SIR,39,80,0.0
SIR,39,81,0.0
SIR,39,82,0.0
SIR,39,83,0.0
SIR,39,84,0.0
SIR,39,85,0.0
SIR,39,86,0.0
SIR,39,87,0.0
SIR,39,88,0.0
SIR,39,89,0.0
SIR,39,90,0.0
SIR,39,91,0.0
SIR,39,92,0.0
SIR,39,93,0.0
SIR,39,94,0.0
SIR,39,95,0.0
SIR,39,96,0.0
SIR,39,97,0.0
SIR,39,98,0.0
SIR,39,99,0.0
SIR,39,100,0.0
SIR,39,101,0.0
SIR,39,102,0.0
SIR,39,103,0.0
SIR,39,104,0.0
SIR,39,105,0.0
SIR,39,106,0.0
SIR,39,107,0.0
SIR,39,108,0.0
SIR,39,109,0.0
SIR,39,110,0.0
SIR,39,111,0.0
SIR,39,112,0.0
SIR,39,113,0.0
SIR,39,114,0.0
SIR,39,115,0.0
SIR,39,116,0.0
SIR,39,117,0.0
SIR,39,118,0.0
SIR,39,119,0.0
SIR,39,120,0.0
SIR,39,121,0.0
SIR,39,122,0.0
SIR,39,123,0.0
SIR,39,124,0.0
SIR,39,125,0.0
SIR,39,126,0.0
SIR,39,127,0.0
SIR,39,128,0.0
SIR,39,129,0.0
SIR,39,130,0.0
SIR,39,131,0.0
SIR,39,132,0.0
SIR,39,133,0.0
SIR,39,134,0.0
SIR,39,135,0.0
SIR,39,136,0.0
SIR,39,137,0.0
SIR,39,138,0.0
SIR,39,139,0.0
SIR,39,140,0.0
SIR,39,141,0.0
SIR,39,142,0.0
SIR,39,143,0.0
SIR,39,144,0.0
SIR,39,145,0.0
SIR,39,146,0.0
SIR,39,147,0.0
SIR,39,148,0.0
SIR,39,149,0.0
SIR,39,150,0.0
SIR,39,151,0.0
SIR,39,152,0.0
SIR,39,153,0.0
SIR,39,154,0.0
SIR,39,155,0.0
SIR,39,156,0.0
SIR,39,157,0.0
SIR,39,158,0.0
SIR,39,159,0.0
SIR,39,160,0.0
SIR,39,161,0.0
SIR,39,162,0.0
SIR,39,163,0.0
SIR,39,164,0.0
SIR,39,165,0.0
SIR,39,166,0.0
SIR,39,167,0.0
SIR,39,168,0.0
SIR,39,169,0.0
SIR,39,170,0.0
SIR,39,171,0.0
SIR,39,172,0.0
SIR,39,173,0.0
SIR,39,174,0.0
SIR,39,175,0.0
SIR,39,176,0.0
SIR,39,177,0.0
SIR,39,178,0.0
SIR,39,179,0.0
SIR,39,180,0.0
SIR,39,181,0.0
SIR,39,182,0.0
SIR,39,183,0.0
SIR,39,184,0.0
SIR,39,185,0.0
SIR,39,186,0.0
SIR,39,187,0.0
SIR,39,188,0.0
SIR,39,189,0.0
SIR,39,190,0.0
SIR,39,191,0.0
SIR,39,192,0.0
SIR,39,193,0.0
SIR,39,194,0.0
SIR,39,195,0.0
SIR,39,196,0.0
SIR,39,197,0.0
SIR,39,198,0.0
SIR,39,199,0.0
SIR,39,200,0.0
SIR,39,201,0.0
SIR,39,202,0.0
SIR,39,203,0.0
SIR,39,204,0.0
SIR,39,205,0.0
SIR,39,206,0.0
SIR,39,207,0.0
SIR,39,208,0.0
SIR,39,209,0.0
SIR,39,210,0.0
SIR,39,211,0.0
SIR,39,212,0.0
SIR,39,213,0.0
SIR,39,214,0.0
SIR,39,215,0.0
SIR,39,216,0.0
SIR,39,217,0.0
SIR,39,218,0.0
SIR,39,219,0.0
SIR,39,220,0.0
SIR,39,221,0.0
SIR,39,222,0.0
SIR,39,223,0.0
SIR,39,224,0.0
SIR,39,225,0.0
SIR,39,226,0.0
SIR,39,227,0.0
SIR,39,228,0.0
SIR,39,229,0.0
SIR,39,230,0.0
SIR,39,231,0.0
SIR,39,232,0.0
SIR,39,233,0.0
SIR,39,234,0.0
SIR,39,235,0.0
SIR,39,236,0.0
SIR,39,237,0.0
SIR,39,238,0.0
SIR,39,239,0.0
SIR,39,240,0.0
SIR,39,241,0.0
SIR,39,242,0.0
SIR,39,243,0.0
SIR,39,244,0.0
SIR,39,245,0.0
SIR,39,246,0.0
SIR,39,247,0.0
SIR,39,248,0.0
SIR,39,249,0.0
SIR,39,250,0.0
SIR,39,251,0.0
SIR,39,252,0.0
SIR,39,253,0.0
SIR,39,254,0.0
SIR,39,255,0.0
SIR,39,256,0.0
SIR,39,257,0.0
SIR,39,258,0.0
SIR,39,259,0.0
SIR,39,260,0.0
SIR,39,261,0.0
SIR,39,262,0.0
SIR,39,263,0.0
SIR,39,264,0.0
SIR,39,265,0.0
SIR,39,266,0.0
SIR,39,267,0.0
SIR,39,268,0.0
SIR,39,269,0.0
SIR,39,270,0.0
SIR,39,271,0.0
SIR,39,272,0.0
SIR,39,273,0.0
SIR,39,274,0.0
SIR,39,275,0.0
SIR,39,276,0.0
SIR,39,277,0.0
SIR,39,278,0.0
SIR,39,279,0.0
SIR,39,280,0.0
SIR,39,281,0.0
SIR,39,282,0.0
SIR,39,283,0.0
SIR,39,284,0.0
SIR,39,285,0.0
SIR,39,286,0.0
SIR,39,287,0.0
SIR,39,288,0.0
SIR,39,289,0.0
SIR,39,290,0.0
SIR,39,291,0.0
SIR,39,292,0.0
SIR,39,293,0.0
SIR,39,294,0.0
SIR,39,295,0.0
SIR,39,296,0.0
SIR,39,297,0.0
SIR,39,298,0.0
SIR,39,299,0.0
SIR,39,300,0.0
SIR,40,0,0.08823529411764706
SIR,40,1,0.058823529411764705
SIR,40,2,0.058823529411764705
SIR,40,3,0.08823529411764706
SIR,40,4,0.058823529411764705
SIR,40,5,0.08823529411764706
SIR,40,6,0.17647058823529413
SIR,40,7,0.2647058823529412
SIR,40,8,0.2647058823529412
SIR,40,9,0.3235294117647059
SIR,40,10,0.3235294117647059
SIR,40,11,0.35294117647058826
SIR,40,12,0.23529411764705882
SIR,40,13,0.23529411764705882
SIR,40,14,0.20588235294117646
SIR,40,15,0.14705882352941177
SIR,40,16,0.08823529411764706
SIR,40,17,0.058823529411764705
SIR,40,18,0.058823529411764705
SIR,40,19,0.058823529411764705
SIR,40,20,0.08823529411764706
SIR,40,21,0.08823529411764706
SIR,40,22,0.08823529411764706
SIR,40,23,0.058823529411764705
SIR,40,24,0.058823529411764705
SIR,40,25,0.058823529411764705
SIR,40,26,0.058823529411764705
SIR,40,27,0.029411764705882353
SIR,40,28,0.0
SIR,40,29,0.0
SIR,40,30,0.0
SIR,40,31,0.0
SIR,40,32,0.0
SIR,40,33,0.0
SIR,40,34,0.0
SIR,40,35,0.0
SIR,40,36,0.0
SIR,40,37,0.0
SIR,40,38,0.0
SIR,40,39,0.0
SIR,40,40,0.0
SIR,40,41,0.0
SIR,40,42,0.0
SIR,40,43,0.0
SIR,40,44,0.0
SIR,40,45,0.0
SIR,40,46,0.0
SIR,40,47,0.0
SIR,40,48,0.0
SIR,40,49,0.0
SIR,40,50,0.0
SIR,40,51,0.0
SIR,40,52,0.0
SIR,40,53,0.0
SIR,40,54,0.0
SIR,40,55,0.0
SIR,40,56,0.0
SIR,40,57,0.0
SIR,40,58,0.0
SIR,40,59,0.0
SIR,40,60,0.0
SIR,40,61,0.0
SIR,40,62,0.0
SIR,40,63,0.0
SIR,40,64,0.0
SIR,40,65,0.0
SIR,40,66,0.0
SIR,40,67,0.0
SIR,40,68,0.0
SIR,40,69,0.0
SIR,40,70,0.0
SIR,40,71,0.0
SIR,40,72,0.0
SIR,40,73,0.0
SIR,40,74,0.0
SIR,40,75,0.0
SIR,40,76,0.0
SIR,40,77,0.0
SIR,40,78,0.0
SIR,40,79,0.0
SIR,40,80,0.0
SIR,40,81,0.0
SIR,40,82,0.0
SIR,40,83,0.0
SIR,40,84,0.0
SIR,40,85,0.0
SIR,40,86,0.0
SIR,40,87,0.0
SIR,40,88,0.0
SIR,40,89,0.0
SIR,40,90,0.0
SIR,40,91,0.0
SIR,40,92,0.0
SIR,40,93,0.0
SIR,40,94,0.0
SIR,40,95,0.0
SIR,40,96,0.0
SIR,40,97,0.0
SIR,40,98,0.0
SIR,40,99,0.0
SIR,40,100,0.0
SIR,40,101,0.0
SIR,40,102,0.0
SIR,40,103,0.0
SIR,40,104,0.0
SIR,40,105,0.0
SIR,40,106,0.0
SIR,40,107,0.0
SIR,40,108,0.0
SIR,40,109,0.0
SIR,40,110,0.0
SIR,40,111,0.0
SIR,40,112,0.0
SIR,40,113,0.0
SIR,40,114,0.0
SIR,40,115,0.0
SIR,40,116,0.0
SIR,40,117,0.0
SIR,40,118,0.0
SIR,40,119,0.0
SIR,40,120,0.0
SIR,40,121,0.0
SIR,40,122,0.0
SIR,40,123,0.0
SIR,40,124,0.0
SIR,40,125,0.0
SIR,40,126,0.0
SIR,40,127,0.0
SIR,40,128,0.0
SIR,40,129,0.0
SIR,40,130,0.0
SIR,40,131,0.0
SIR,40,132,0.0
SIR,40,133,0.0
SIR,40,134,0.0
SIR,40,135,0.0
SIR,40,136,0.0
SIR,40,137,0.0
SIR,40,138,0.0
SIR,40,139,0.0
SIR,40,140,0.0
SIR,40,141,0.0
SIR,40,142,0.0
SIR,40,143,0.0
SIR,40,144,0.0
SIR,40,145,0.0
SIR,40,146,0.0
SIR,40,147,0.0
SIR,40,148,0.0
SIR,40,149,0.0
SIR,40,150,0.0
SIR,40,151,0.0
SIR,40,152,0.0
SIR,40,153,0.0
SIR,40,154,0.0
SIR,40,155,0.0
SIR,40,156,0.0
SIR,40,157,0.0
SIR,40,158,0.0
SIR,40,159,0.0
SIR,40,160,0.0
SIR,40,161,0.0
SIR,40,162,0.0
SIR,40,163,0.0
SIR,40,164,0.0
SIR,40,165,0.0
SIR,40,166,0.0
SIR,40,167,0.0
SIR,40,168,0.0
SIR,40,169,0.0
SIR,40,170,0.0
SIR,40,171,0.0
SIR,40,172,0.0
SIR,40,173,0.0
SIR,40,174,0.0
SIR,40,175,0.0
SIR,40,176,0.0
SIR,40,177,0.0
SIR,40,178,0.0
SIR,40,179,0.0
SIR,40,180,0.0
SIR,40,181,0.0
SIR,40,182,0.0
SIR,40,183,0.0
SIR,40,184,0.0
SIR,40,185,0.0
SIR,40,186,0.0
SIR,40,187,0.0
SIR,40,188,0.0
SIR,40,189,0.0
SIR,40,190,0.0
SIR,40,191,0.0
SIR,40,192,0.0
SIR,40,193,0.0
SIR,40,194,0.0
SIR,40,195,0.0
SIR,40,196,0.0
SIR,40,197,0.0
SIR,40,198,0.0
SIR,40,199,0.0
SIR,40,200,0.0
SIR,40,201,0.0
SIR,40,202,0.0
SIR,40,203,0.0
SIR,40,204,0.0
SIR,40,205,0.0
SIR,40,206,0.0
SIR,40,207,0.0
SIR,40,208,0.0
SIR,40,209,0.0
SIR,40,210,0.0
SIR,40,211,0.0
SIR,40,212,0.0
SIR,40,213,0.0
SIR,40,214,0.0
SIR,40,215,0.0
SIR,40,216,0.0
SIR,40,217,0.0
SIR,40,218,0.0
SIR,40,219,0.0
SIR,40,220,0.0
SIR,40,221,0.0
SIR,40,222,0.0
SIR,40,223,0.0
SIR,40,224,0.0
SIR,40,225,0.0
SIR,40,226,0.0
SIR,40,227,0.0
SIR,40,228,0.0
SIR,40,229,0.0
SIR,40,230,0.0
SIR,40,231,0.0
SIR,40,232,0.0
SIR,40,233,0.0
SIR,40,234,0.0
SIR,40,235,0.0
SIR,40,236,0.0
SIR,40,237,0.0
SIR,40,238,0.0
SIR,40,239,0.0
SIR,40,240,0.0
SIR,40,241,0.0
SIR,40,242,0.0
SIR,40,243,0.0
SIR,40,244,0.0
SIR,40,245,0.0
SIR,40,246,0.0
SIR,40,247,0.0
SIR,40,248,0.0
SIR,40,249,0.0
SIR,40,250,0.0
SIR,40,251,0.0
SIR,40,252,0.0
SIR,40,253,0.0
SIR,40,254,0.0
SIR,40,255,0.0
SIR,40,256,0.0
SIR,40,257,0.0
SIR,40,258,0.0
SIR,40,259,0.0
SIR,40,260,0.0
SIR,40,261,0.0
SIR,40,262,0.0
SIR,40,263,0.0
SIR,40,264,0.0
SIR,40,265,0.0
SIR,40,266,0.0
SIR,40,267,0.0
SIR,40,268,0.0
SIR,40,269,0.0
SIR,40,270,0.0
SIR,40,271,0.0
SIR,40,272,0.0
SIR,40,273,0.0
SIR,40,274,0.0
SIR,40,275,0.0
SIR,40,276,0.0
SIR,40,277,0.0
SIR,40,278,0.0
SIR,40,279,0.0
SIR,40,280,0.0
SIR,40,281,0.0
SIR,40,282,0.0
SIR,40,283,0.0
SIR,40,284,0.0
SIR,40,285,0.0
SIR,40,286,0.0
SIR,40,287,0.0
SIR,40,288,0.0
SIR,40,289,0.0
SIR,40,290,0.0
SIR,40,291,0.0
SIR,40,292,0.0
SIR,40,293,0.0
SIR,40,294,0.0
SIR,40,295,0.0
SIR,40,296,0.0
SIR,40,297,0.0
SIR,40,298,0.0
SIR,40,299,0.0
SIR,40,300,0.0
SIR,41,0,0.08823529411764706
SIR,41,1,0.029411764705882353
SIR,41,2,0.029411764705882353
SIR,41,3,0.029411764705882353
SIR,41,4,0.029411764705882353
SIR,41,5,0.029411764705882353
SIR,41,6,0.058823529411764705
SIR,41,7,0.08823529411764706
SIR,41,8,0.058823529411764705
SIR,41,9,0.058823529411764705
SIR,41,10,0.08823529411764706
SIR,41,11,0.08823529411764706
SIR,41,12,0.058823529411764705
SIR,41,13,0.0
SIR,41,14,0.0
SIR,41,15,0.0
SIR,41,16,0.0
SIR,41,17,0.0
SIR,41,18,0.0
SIR,41,19,0.0
SIR,41,20,0.0
SIR,41,21,0.0
SIR,41,22,0.0
SIR,41,23,0.0
SIR,41,24,0.0
SIR,41,25,0.0
SIR,41,26,0.0
SIR,41,27,0.0
SIR,41,28,0.0
SIR,41,29,0.0
SIR,41,30,0.0
SIR,41,31,0.0
SIR,41,32,0.0
SIR,41,33,0.0
SIR,41,34,0.0
SIR,41,35,0.0
SIR,41,36,0.0
SIR,41,37,0.0
SIR,41,38,0.0
SIR,41,39,0.0
SIR,41,40,0.0
SIR,41,41,0.0
SIR,41,42,0.0
SIR,41,43,0.0
SIR,41,44,0.0
SIR,41,45,0.0
SIR,41,46,0.0
SIR,41,47,0.0
SIR,41,48,0.0
SIR,41,49,0.0
SIR,41,50,0.0
SIR,41,51,0.0
SIR,41,52,0.0
SIR,41,53,0.0
SIR,41,54,0.0
SIR,41,55,0.0
SIR,41,56,0.0
SIR,41,57,0.0
SIR,41,58,0.0
SIR,41,59,0.0
SIR,41,60,0.0
SIR,41,61,0.0
SIR,41,62,0.0
SIR,41,63,0.0
SIR,41,64,0.0
SIR,41,65,0.0
SIR,41,66,0.0
SIR,41,67,0.0
SIR,41,68,0.0
SIR,41,69,0.0
SIR,41,70,0.0
SIR,41,71,0.0
SIR,41,72,0.0
SIR,41,73,0.0
SIR,41,74,0.0
SIR,41,75,0.0
SIR,41,76,0.0
SIR,41,77,0.0
SIR,41,78,0.0
SIR,41,79,0.0
SIR,41,80,0.0
SIR,41,81,0.0
SIR,41,82,0.0
SIR,41,83,0.0
SIR,41,84,0.0
SIR,41,85,0.0
SIR,41,86,0.0
SIR,41,87,0.0
SIR,41,88,0.0
SIR,41,89,0.0
SIR,41,90,0.0
SIR,41,91,0.0
SIR,41,92,0.0
SIR,41,93,0.0
SIR,41,94,0.0
SIR,41,95,0.0
SIR,41,96,0.0
SIR,41,97,0.0
SIR,41,98,0.0
SIR,41,99,0.0
SIR,41,100,0.0
SIR,41,101,0.0
SIR,41,102,0.0
SIR,41,103,0.0
SIR,41,104,0.0
SIR,41,105,0.0
SIR,41,106,0.0
SIR,41,107,0.0
SIR,41,108,0.0
SIR,41,109,0.0
SIR,41,110,0.0
SIR,41,111,0.0
SIR,41,112,0.0
SIR,41,113,0.0
SIR,41,114,0.0
SIR,41,115,0.0
SIR,41,116,0.0
SIR,41,117,0.0
SIR,41,118,0.0
SIR,41,119,0.0
SIR,41,120,0.0
SIR,41,121,0.0
SIR,41,122,0.0
SIR,41,123,0.0
SIR,41,124,0.0
SIR,41,125,0.0
SIR,41,126,0.0
SIR,41,127,0.0
SIR,41,128,0.0
SIR,41,129,0.0
SIR,41,130,0.0
SIR,41,131,0.0
SIR,41,132,0.0
SIR,41,133,0.0
SIR,41,134,0.0
SIR,41,135,0.0
SIR,41,136,0.0
SIR,41,137,0.0
SIR,41,138,0.0
SIR,41,139,0.0
SIR,41,140,0.0
SIR,41,141,0.0
SIR,41,142,0.0
SIR,41,143,0.0
SIR,41,144,0.0
SIR,41,145,0.0
SIR,41,146,0.0
SIR,41,147,0.0
SIR,41,148,0.0
SIR,41,149,0.0
SIR,41,150,0.0
SIR,41,151,0.0
SIR,41,152,0.0
SIR,41,153,0.0
SIR,41,154,0.0
SIR,41,155,0.0
SIR,41,156,0.0
SIR,41,157,0.0
SIR,41,158,0.0
SIR,41,159,0.0
SIR,41,160,0.0
SIR,41,161,0.0
SIR,41,162,0.0
SIR,41,163,0.0
SIR,41,164,0.0
SIR,41,165,0.0
SIR,41,166,0.0
SIR,41,167,0.0
SIR,41,168,0.0
SIR,41,169,0.0
SIR,41,170,0.0
SIR,41,171,0.0
SIR,41,172,0.0
SIR,41,173,0.0
SIR,41,174,0.0
SIR,41,175,0.0
SIR,41,176,0.0
SIR,41,177,0.0
SIR,41,178,0.0
SIR,41,179,0.0
SIR,41,180,0.0
SIR,41,181,0.0
SIR,41,182,0.0
SIR,41,183,0.0
SIR,41,184,0.0
SIR,41,185,0.0
SIR,41,186,0.0
SIR,41,187,0.0
SIR,41,188,0.0
SIR,41,189,0.0
SIR,41,190,0.0
SIR,41,191,0.0
SIR,41,192,0.0
SIR,41,193,0.0
SIR,41,194,0.0
SIR,41,195,0.0
SIR,41,196,0.0
SIR,41,197,0.0
SIR,41,198,0.0
SIR,41,199,0.0
SIR,41,200,0.0
SIR,41,201,0.0
SIR,41,202,0.0
SIR,41,203,0.0
SIR,41,204,0.0
SIR,41,205,0.0
SIR,41,206,0.0
SIR,41,207,0.0
SIR,41,208,0.0
SIR,41,209,0.0
SIR,41,210,0.0
SIR,41,211,0.0
SIR,41,212,0.0
SIR,41,213,0.0
SIR,41,214,0.0
SIR,41,215,0.0
SIR,41,216,0.0
SIR,41,217,0.0
SIR,41,218,0.0
SIR,41,219,0.0
SIR,41,220,0.0
SIR,41,221,0.0
SIR,41,222,0.0
SIR,41,223,0.0
SIR,41,224,0.0
SIR,41,225,0.0
SIR,41,226,0.0
SIR,41,227,0.0
SIR,41,228,0.0
SIR,41,229,0.0
SIR,41,230,0.0
SIR,41,231,0.0
SIR,41,232,0.0
SIR,41,233,0.0
SIR,41,234,0.0
SIR,41,235,0.0
SIR,41,236,0.0
SIR,41,237,0.0
SIR,41,238,0.0
SIR,41,239,0.0
SIR,41,240,0.0
SIR,41,241,0.0
SIR,41,242,0.0
SIR,41,243,0.0
SIR,41,244,0.0
SIR,41,245,0.0
SIR,41,246,0.0
SIR,41,247,0.0
SIR,41,248,0.0
SIR,41,249,0.0
SIR,41,250,0.0
SIR,41,251,0.0
SIR,41,252,0.0
SIR,41,253,0.0
SIR,41,254,0.0
SIR,41,255,0.0
SIR,41,256,0.0
SIR,41,257,0.0
SIR,41,258,0.0
SIR,41,259,0.0
SIR,41,260,0.0
SIR,41,261,0.0
SIR,41,262,0.0
SIR,41,263,0.0
SIR,41,264,0.0
SIR,41,265,0.0
SIR,41,266,0.0
SIR,41,267,0.0
SIR,41,268,0.0
SIR,41,269,0.0
SIR,41,270,0.0
SIR,41,271,0.0
SIR,41,272,0.0
SIR,41,273,0.0
SIR,41,274,0.0
SIR,41,275,0.0
SIR,41,276,0.0
SIR,41,277,0.0
SIR,41,278,0.0
SIR,41,279,0.0
SIR,41,280,0.0
SIR,41,281,0.0
SIR,41,282,0.0
SIR,41,283,0.0
SIR,41,284,0.0
SIR,41,285,0.0
SIR,41,286,0.0
SIR,41,287,0.0
SIR,41,288,0.0
SIR,41,289,0.0
SIR,41,290,0.0
SIR,41,291,0.0
SIR,41,292,0.0
SIR,41,293,0.0
SIR,41,294,0.0
SIR,41,295,0.0
SIR,41,296,0.0
SIR,41,297,0.0
SIR,41,298,0.0
SIR,41,299,0.0
SIR,41,300,0.0
SIR,42,0,0.08823529411764706
SIR,42,1,0.14705882352941177
SIR,42,2,0.11764705882352941
SIR,42,3,0.17647058823529413
SIR,42,4,0.17647058823529413
SIR,42,5,0.17647058823529413
SIR,42,6,0.14705882352941177
SIR,42,7,0.17647058823529413
SIR,42,8,0.14705882352941177
SIR,42,9,0.11764705882352941
SIR,42,10,0.17647058823529413
SIR,42,11,0.20588235294117646
SIR,42,12,0.17647058823529413
SIR,42,13,0.17647058823529413
SIR,42,14,0.17647058823529413
SIR,42,15,0.23529411764705882
SIR,42,16,0.23529411764705882
SIR,42,17,0.14705882352941177
SIR,42,18,0.11764705882352941
SIR,42,19,0.029411764705882353
SIR,42,20,0.0
SIR,42,21,0.0
SIR,42,22,0.0
SIR,42,23,0.0
SIR,42,24,0.0
SIR,42,25,0.0
SIR,42,26,0.0
SIR,42,27,0.0
SIR,42,28,0.0
SIR,42,29,0.0
SIR,42,30,0.0
SIR,42,31,0.0
SIR,42,32,0.0
SIR,42,33,0.0
SIR,42,34,0.0
SIR,42,35,0.0
SIR,42,36,0.0
SIR,42,37,0.0
SIR,42,38,0.0
SIR,42,39,0.0
SIR,42,40,0.0
SIR,42,41,0.0
SIR,42,42,0.0
SIR,42,43,0.0
SIR,42,44,0.0
SIR,42,45,0.0
SIR,42,46,0.0
SIR,42,47,0.0
SIR,42,48,0.0
SIR,42,49,0.0
SIR,42,50,0.0
SIR,42,51,0.0
SIR,42,52,0.0
SIR,42,53,0.0
SIR,42,54,0.0
SIR,42,55,0.0
SIR,42,56,0.0
SIR,42,57,0.0
SIR,42,58,0.0
SIR,42,59,0.0
SIR,42,60,0.0
SIR,42,61,0.0
SIR,42,62,0.0
SIR,42,63,0.0
SIR,42,64,0.0
SIR,42,65,0.0
SIR,42,66,0.0
SIR,42,67,0.0
SIR,42,68,0.0
SIR,42,69,0.0
SIR,42,70,0.0
SIR,42,71,0.0
SIR,42,72,0.0
SIR,42,73,0.0
SIR,42,74,0.0
SIR,42,75,0.0
SIR,42,76,0.0
SIR,42,77,0.0
SIR,42,78,0.0
SIR,42,79,0.0
SIR,42,80,0.0
SIR,42,81,0.0
SIR,42,82,0.0
SIR,42,83,0.0
SIR,42,84,0.0
SIR,42,85,0.0
SIR,42,86,0.0
SIR,42,87,0.0
SIR,42,88,0.0
SIR,42,89,0.0
SIR,42,90,0.0
SIR,42,91,0.0
SIR,42,92,0.0
SIR,42,93,0.0
SIR,42,94,0.0
SIR,42,95,0.0
SIR,42,96,0.0
SIR,42,97,0.0
SIR,42,98,0.0
SIR,42,99,0.0
SIR,42,100,0.0
SIR,42,101,0.0
SIR,42,102,0.0
SIR,42,103,0.0
SIR,42,104,0.0
SIR,42,105,0.0
SIR,42,106,0.0
SIR,42,107,0.0
SIR,42,108,0.0
SIR,42,109,0.0
SIR,42,110,0.0
SIR,42,111,0.0
SIR,42,112,0.0
SIR,42,113,0.0
SIR,42,114,0.0
SIR,42,115,0.0
SIR,42,116,0.0
SIR,42,117,0.0
SIR,42,118,0.0
SIR,42,119,0.0
SIR,42,120,0.0
SIR,42,121,0.0
SIR,42,122,0.0
SIR,42,123,0.0
SIR,42,124,0.0
SIR,42,125,0.0
SIR,42,126,0.0
SIR,42,127,0.0
SIR,42,128,0.0
SIR,42,129,0.0
SIR,42,130,0.0
SIR,42,131,0.0
SIR,42,132,0.0
SIR,42,133,0.0
SIR,42,134,0.0
SIR,42,135,0.0
SIR,42,136,0.0
SIR,42,137,0.0
SIR,42,138,0.0
SIR,42,139,0.0
SIR,42,140,0.0
SIR,42,141,0.0
SIR,42,142,0.0
SIR,42,143,0.0
SIR,42,144,0.0
SIR,42,145,0.0
SIR,42,146,0.0
SIR,42,147,0.0
SIR,42,148,0.0
SIR,42,149,0.0
SIR,42,150,0.0
SIR,42,151,0.0
SIR,42,152,0.0
SIR,42,153,0.0
SIR,42,154,0.0
SIR,42,155,0.0
SIR,42,156,0.0
SIR,42,157,0.0
SIR,42,158,0.0
SIR,42,159,0.0
SIR,42,160,0.0
SIR,42,161,0.0
SIR,42,162,0.0
SIR,42,163,0.0
SIR,42,164,0.0
SIR,42,165,0.0
SIR,42,166,0.0
SIR,42,167,0.0
SIR,42,168,0.0
SIR,42,169,0.0
SIR,42,170,0.0
SIR,42,171,0.0
SIR,42,172,0.0
SIR,42,173,0.0
SIR,42,174,0.0
SIR,42,175,0.0
SIR,42,176,0.0
SIR,42,177,0.0
SIR,42,178,0.0
SIR,42,179,0.0
SIR,42,180,0.0
SIR,42,181,0.0
SIR,42,182,0.0
SIR,42,183,0.0
SIR,42,184,0.0
SIR,42,185,0.0
SIR,42,186,0.0
SIR,42,187,0.0
SIR,42,188,0.0
SIR,42,189,0.0
SIR,42,190,0.0
SIR,42,191,0.0
SIR,42,192,0.0
SIR,42,193,0.0
SIR,42,194,0.0
SIR,42,195,0.0
SIR,42,196,0.0
SIR,42,197,0.0
SIR,42,198,0.0
SIR,42,199,0.0
SIR,42,200,0.0
SIR,42,201,0.0
SIR,42,202,0.0
SIR,42,203,0.0
SIR,42,204,0.0
SIR,42,205,0.0
SIR,42,206,0.0
SIR,42,207,0.0
SIR,42,208,0.0
SIR,42,209,0.0
SIR,42,210,0.0
SIR,42,211,0.0
SIR,42,212,0.0
SIR,42,213,0.0
SIR,42,214,0.0
SIR,42,215,0.0
SIR,42,216,0.0
SIR,42,217,0.0
SIR,42,218,0.0
SIR,42,219,0.0
SIR,42,220,0.0
SIR,42,221,0.0
SIR,42,222,0.0
SIR,42,223,0.0
SIR,42,224,0.0
SIR,42,225,0.0
SIR,42,226,0.0
SIR,42,227,0.0
SIR,42,228,0.0
SIR,42,229,0.0
SIR,42,230,0.0
SIR,42,231,0.0
SIR,42,232,0.0
SIR,42,233,0.0
SIR,42,234,0.0
SIR,42,235,0.0
SIR,42,236,0.0
SIR,42,237,0.0
SIR,42,238,0.0
SIR,42,239,0.0
SIR,42,240,0.0
SIR,42,241,0.0
SIR,42,242,0.0
SIR,42,243,0.0
SIR,42,244,0.0
SIR,42,245,0.0
SIR,42,246,0.0
SIR,42,247,0.0
SIR,42,248,0.0
SIR,42,249,0.0
SIR,42,250,0.0
SIR,42,251,0.0
SIR,42,252,0.0
SIR,42,253,0.0
SIR,42,254,0.0
SIR,42,255,0.0
SIR,42,256,0.0
SIR,42,257,0.0
SIR,42,258,0.0
SIR,42,259,0.0
SIR,42,260,0.0
SIR,42,261,0.0
SIR,42,262,0.0
SIR,42,263,0.0
SIR,42,264,0.0
SIR,42,265,0.0
SIR,42,266,0.0
SIR,42,267,0.0
SIR,42,268,0.0
SIR,42,269,0.0
SIR,42,270,0.0
SIR,42,271,0.0
SIR,42,272,0.0
SIR,42,273,0.0
SIR,42,274,0.0
SIR,42,275,0.0
SIR,42,276,0.0
SIR,42,277,0.0
SIR,42,278,0.0
SIR,42,279,0.0
SIR,42,280,0.0
SIR,42,281,0.0
SIR,42,282,0.0
SIR,42,283,0.0
SIR,42,284,0.0
SIR,42,285,0.0
SIR,42,286,0.0
SIR,42,287,0.0
SIR,42,288,0.0
SIR,42,289,0.0
SIR,42,290,0.0
SIR,42,291,0.0
SIR,42,292,0.0
SIR,42,293,0.0
SIR,42,294,0.0
SIR,42,295,0.0
SIR,42,296,0.0
SIR,42,297,0.0
SIR,42,298,0.0
SIR,42,299,0.0
SIR,42,300,0.0
SIR,43,0,0.08823529411764706
SIR,43,1,0.11764705882352941
SIR,43,2,0.14705882352941177
SIR,43,3,0.2647058823529412
SIR,43,4,0.29411764705882354
SIR,43,5,0.35294117647058826
SIR,43,6,0.20588235294117646
SIR,43,7,0.20588235294117646
SIR,43,8,0.17647058823529413
SIR,43,9,0.17647058823529413
SIR,43,10,0.14705882352941177
SIR,43,11,0.14705882352941177
SIR,43,12,0.14705882352941177
SIR,43,13,0.11764705882352941
SIR,43,14,0.11764705882352941
SIR,43,15,0.11764705882352941
SIR,43,16,0.14705882352941177
SIR,43,17,0.11764705882352941
SIR,43,18,0.08823529411764706
SIR,43,19,0.11764705882352941
SIR,43,20,0.058823529411764705
SIR,43,21,0.029411764705882353
SIR,43,22,0.029411764705882353
SIR,43,23,0.0
SIR,43,24,0.0
SIR,43,25,0.0
SIR,43,26,0.0
SIR,43,27,0.0
SIR,43,28,0.0
SIR,43,29,0.0
SIR,43,30,0.0
SIR,43,31,0.0
SIR,43,32,0.0
SIR,43,33,0.0
SIR,43,34,0.0
SIR,43,35,0.0
SIR,43,36,0.0
SIR,43,37,0.0
SIR,43,38,0.0
SIR,43,39,0.0
SIR,43,40,0.0
SIR,43,41,0.0
SIR,43,42,0.0
SIR,43,43,0.0
SIR,43,44,0.0
SIR,43,45,0.0
SIR,43,46,0.0
SIR,43,47,0.0
SIR,43,48,0.0
SIR,43,49,0.0
SIR,43,50,0.0
SIR,43,51,0.0
SIR,43,52,0.0
SIR,43,53,0.0
SIR,43,54,0.0
SIR,43,55,0.0
SIR,43,56,0.0
SIR,43,57,0.0
SIR,43,58,0.0
SIR,43,59,0.0
SIR,43,60,0.0
SIR,43,61,0.0
SIR,43,62,0.0
SIR,43,63,0.0
SIR,43,64,0.0
SIR,43,65,0.0
SIR,43,66,0.0
SIR,43,67,0.0
SIR,43,68,0.0
SIR,43,69,0.0
SIR,43,70,0.0
SIR,43,71,0.0
SIR,43,72,0.0
SIR,43,73,0.0
SIR,43,74,0.0
SIR,43,75,0.0
SIR,43,76,0.0
SIR,43,77,0.0
SIR,43,78,0.0
SIR,43,79,0.0
SIR,43,80,0.0
SIR,43,81,0.0
SIR,43,82,0.0
SIR,43,83,0.0
SIR,43,84,0.0
SIR,43,85,0.0
SIR,43,86,0.0
SIR,43,87,0.0
SIR,43,88,0.0
SIR,43,89,0.0
SIR,43,90,0.0
SIR,43,91,0.0
SIR,43,92,0.0
SIR,43,93,0.0
SIR,43,94,0.0
SIR,43,95,0.0
SIR,43,96,0.0
SIR,43,97,0.0
SIR,43,98,0.0
SIR,43,99,0.0
SIR,43,100,0.0
SIR,43,101,0.0
SIR,43,102,0.0
SIR,43,103,0.0
SIR,43,104,0.0
SIR,43,105,0.0
SIR,43,106,0.0
SIR,43,107,0.0
SIR,43,108,0.0
SIR,43,109,0.0
SIR,43,110,0.0
SIR,43,111,0.0
SIR,43,112,0.0
SIR,43,113,0.0
SIR,43,114,0.0
SIR,43,115,0.0
SIR,43,116,0.0
SIR,43,117,0.0
SIR,43,118,0.0
SIR,43,119,0.0
SIR,43,120,0.0
SIR,43,121,0.0
SIR,43,122,0.0
SIR,43,123,0.0
SIR,43,124,0.0
SIR,43,125,0.0
SIR,43,126,0.0
SIR,43,127,0.0
SIR,43,128,0.0
SIR,43,129,0.0
SIR,43,130,0.0
SIR,43,131,0.0
SIR,43,132,0.0
SIR,43,133,0.0
SIR,43,134,0.0
SIR,43,135,0.0
SIR,43,136,0.0
SIR,43,137,0.0
SIR,43,138,0.0
SIR,43,139,0.0
SIR,43,140,0.0
SIR,43,141,0.0
SIR,43,142,0.0
SIR,43,143,0.0
SIR,43,144,0.0
SIR,43,145,0.0
SIR,43,146,0.0
SIR,43,147,0.0
SIR,43,148,0.0
SIR,43,149,0.0
SIR,43,150,0.0
SIR,43,151,0.0
SIR,43,152,0.0
SIR,43,153,0.0
SIR,43,154,0.0
SIR,43,155,0.0
SIR,43,156,0.0
SIR,43,157,0.0
SIR,43,158,0.0
SIR,43,159,0.0
SIR,43,160,0.0
SIR,43,161,0.0
SIR,43,162,0.0
SIR,43,163,0.0
SIR,43,164,0.0
SIR,43,165,0.0
SIR,43,166,0.0
SIR,43,167,0.0
SIR,43,168,0.0
SIR,43,169,0.0
SIR,43,170,0.0
SIR,43,171,0.0
SIR,43,172,0.0
SIR,43,173,0.0
SIR,43,174,0.0
SIR,43,175,0.0
SIR,43,176,0.0
SIR,43,177,0.0
SIR,43,178,0.0
SIR,43,179,0.0
SIR,43,180,0.0
SIR,43,181,0.0
SIR,43,182,0.0
SIR,43,183,0.0
SIR,43,184,0.0
SIR,43,185,0.0
SIR,43,186,0.0
SIR,43,187,0.0
SIR,43,188,0.0
SIR,43,189,0.0
SIR,43,190,0.0
SIR,43,191,0.0
SIR,43,192,0.0
SIR,43,193,0.0
SIR,43,194,0.0
SIR,43,195,0.0
SIR,43,196,0.0
SIR,43,197,0.0
SIR,43,198,0.0
SIR,43,199,0.0
SIR,43,200,0.0
SIR,43,201,0.0
SIR,43,202,0.0
SIR,43,203,0.0
SIR,43,204,0.0
SIR,43,205,0.0
SIR,43,206,0.0
SIR,43,207,0.0
SIR,43,208,0.0
SIR,43,209,0.0
SIR,43,210,0.0
SIR,43,211,0.0
SIR,43,212,0.0
SIR,43,213,0.0
SIR,43,214,0.0
SIR,43,215,0.0
SIR,43,216,0.0
SIR,43,217,0.0
SIR,43,218,0.0
SIR,43,219,0.0
SIR,43,220,0.0
SIR,43,221,0.0
SIR,43,222,0.0
SIR,43,223,0.0
SIR,43,224,0.0
SIR,43,225,0.0
SIR,43,226,0.0
SIR,43,227,0.0
SIR,43,228,0.0
SIR,43,229,0.0
SIR,43,230,0.0
SIR,43,231,0.0
SIR,43,232,0.0
SIR,43,233,0.0
SIR,43,234,0.0
SIR,43,235,0.0
SIR,43,236,0.0
SIR,43,237,0.0
SIR,43,238,0.0
SIR,43,239,0.0
SIR,43,240,0.0
SIR,43,241,0.0
SIR,43,242,0.0
SIR,43,243,0.0
SIR,43,244,0.0
SIR,43,245,0.0
SIR,43,246,0.0
SIR,43,247,0.0
SIR,43,248,0.0
SIR,43,249,0.0
SIR,43,250,0.0
SIR,43,251,0.0
SIR,43,252,0.0
SIR,43,253,0.0
SIR,43,254,0.0
SIR,43,255,0.0
SIR,43,256,0.0
SIR,43,257,0.0
SIR,43,258,0.0
SIR,43,259,0.0
SIR,43,260,0.0
SIR,43,261,0.0
SIR,43,262,0.0
SIR,43,263,0.0
SIR,43,264,0.0
SIR,43,265,0.0
SIR,43,266,0.0
SIR,43,267,0.0
SIR,43,268,0.0
SIR,43,269,0.0
SIR,43,270,0.0
SIR,43,271,0.0
SIR,43,272,0.0
SIR,43,273,0.0
SIR,43,274,0.0
SIR,43,275,0.0
SIR,43,276,0.0
SIR,43,277,0.0
SIR,43,278,0.0
SIR,43,279,0.0
SIR,43,280,0.0
SIR,43,281,0.0
SIR,43,282,0.0
SIR,43,283,0.0
SIR,43,284,0.0
SIR,43,285,0.0
SIR,43,286,0.0
SIR,43,287,0.0
SIR,43,288,0.0
SIR,43,289,0.0
SIR,43,290,0.0
SIR,43,291,0.0
SIR,43,292,0.0
SIR,43,293,0.0
SIR,43,294,0.0
SIR,43,295,0.0
SIR,43,296,0.0
SIR,43,297,0.0
SIR,43,298,0.0
SIR,43,299,0.0
SIR,43,300,0.0
SIR,44,0,0.08823529411764706
SIR,44,1,0.029411764705882353
SIR,44,2,0.029411764705882353
SIR,44,3,0.0
SIR,44,4,0.0
SIR,44,5,0.0
SIR,44,6,0.0
SIR,44,7,0.0
SIR,44,8,0.0
SIR,44,9,0.0
SIR,44,10,0.0
SIR,44,11,0.0
SIR,44,12,0.0
SIR,44,13,0.0
SIR,44,14,0.0
SIR,44,15,0.0
SIR,44,16,0.0
SIR,44,17,0.0
SIR,44,18,0.0
SIR,44,19,0.0
SIR,44,20,0.0
SIR,44,21,0.0
SIR,44,22,0.0
SIR,44,23,0.0
SIR,44,24,0.0
SIR,44,25,0.0
SIR,44,26,0.0
SIR,44,27,0.0
SIR,44,28,0.0
SIR,44,29,0.0
SIR,44,30,0.0
SIR,44,31,0.0
SIR,44,32,0.0
SIR,44,33,0.0
SIR,44,34,0.0
SIR,44,35,0.0
SIR,44,36,0.0
SIR,44,37,0.0
SIR,44,38,0.0
SIR,44,39,0.0
SIR,44,40,0.0
SIR,44,41,0.0
SIR,44,42,0.0
SIR,44,43,0.0
SIR,44,44,0.0
SIR,44,45,0.0
SIR,44,46,0.0
SIR,44,47,0.0
SIR,44,48,0.0
SIR,44,49,0.0
SIR,44,50,0.0
SIR,44,51,0.0
SIR,44,52,0.0
SIR,44,53,0.0
SIR,44,54,0.0
SIR,44,55,0.0
SIR,44,56,0.0
SIR,44,57,0.0
SIR,44,58,0.0
SIR,44,59,0.0
SIR,44,60,0.0
SIR,44,61,0.0
SIR,44,62,0.0
SIR,44,63,0.0
SIR,44,64,0.0
SIR,44,65,0.0
SIR,44,66,0.0
SIR,44,67,0.0
SIR,44,68,0.0
SIR,44,69,0.0
SIR,44,70,0.0
SIR,44,71,0.0
SIR,44,72,0.0
SIR,44,73,0.0
SIR,44,74,0.0
SIR,44,75,0.0
SIR,44,76,0.0
SIR,44,77,0.0
SIR,44,78,0.0
SIR,44,79,0.0
SIR,44,80,0.0
SIR,44,81,0.0
SIR,44,82,0.0
SIR,44,83,0.0
SIR,44,84,0.0
SIR,44,85,0.0
SIR,44,86,0.0
SIR,44,87,0.0
SIR,44,88,0.0
SIR,44,89,0.0
SIR,44,90,0.0
SIR,44,91,0.0
SIR,44,92,0.0
SIR,44,93,0.0
SIR,44,94,0.0
SIR,44,95,0.0
SIR,44,96,0.0
SIR,44,97,0.0
SIR,44,98,0.0
SIR,44,99,0.0
SIR,44,100,0.0
SIR,44,101,0.0
SIR,44,102,0.0
SIR,44,103,0.0
SIR,44,104,0.0
SIR,44,105,0.0
SIR,44,106,0.0
SIR,44,107,0.0
SIR,44,108,0.0
SIR,44,109,0.0
SIR,44,110,0.0
SIR,44,111,0.0
SIR,44,112,0.0
SIR,44,113,0.0
SIR,44,114,0.0
SIR,44,115,0.0
SIR,44,116,0.0
SIR,44,117,0.0
SIR,44,118,0.0
SIR,44,119,0.0
SIR,44,120,0.0
SIR,44,121,0.0
SIR,44,122,0.0
SIR,44,123,0.0
SIR,44,124,0.0
SIR,44,125,0.0
SIR,44,126,0.0
SIR,44,127,0.0
SIR,44,128,0.0
SIR,44,129,0.0
SIR,44,130,0.0
SIR,44,131,0.0
SIR,44,132,0.0
SIR,44,133,0.0
SIR,44,134,0.0
SIR,44,135,0.0
SIR,44,136,0.0
SIR,44,137,0.0
SIR,44,138,0.0
SIR,44,139,0.0
SIR,44,140,0.0
SIR,44,141,0.0
SIR,44,142,0.0
SIR,44,143,0.0
SIR,44,144,0.0
SIR,44,145,0.0
SIR,44,146,0.0
SIR,44,147,0.0
SIR,44,148,0.0
SIR,44,149,0.0
SIR,44,150,0.0
SIR,44,151,0.0
SIR,44,152,0.0
SIR,44,153,0.0
SIR,44,154,0.0
SIR,44,155,0.0
SIR,44,156,0.0
SIR,44,157,0.0
SIR,44,158,0.0
SIR,44,159,0.0
SIR,44,160,0.0
SIR,44,161,0.0
SIR,44,162,0.0
SIR,44,163,0.0
SIR,44,164,0.0
SIR,44,165,0.0
SIR,44,166,0.0
SIR,44,167,0.0
SIR,44,168,0.0
SIR,44,169,0.0
SIR,44,170,0.0
SIR,44,171,0.0
SIR,44,172,0.0
SIR,44,173,0.0
SIR,44,174,0.0
SIR,44,175,0.0
SIR,44,176,0.0
SIR,44,177,0.0
SIR,44,178,0.0
SIR,44,179,0.0
SIR,44,180,0.0
SIR,44,181,0.0
SIR,44,182,0.0
SIR,44,183,0.0
SIR,44,184,0.0
SIR,44,185,0.0
SIR,44,186,0.0
SIR,44,187,0.0
SIR,44,188,0.0
SIR,44,189,0.0
SIR,44,190,0.0
SIR,44,191,0.0
SIR,44,192,0.0
SIR,44,193,0.0
SIR,44,194,0.0
SIR,44,195,0.0
SIR,44,196,0.0
SIR,44,197,0.0
SIR,44,198,0.0
SIR,44,199,0.0
SIR,44,200,0.0
SIR,44,201,0.0
SIR,44,202,0.0
SIR,44,203,0.0
SIR,44,204,0.0
SIR,44,205,0.0
SIR,44,206,0.0
SIR,44,207,0.0
SIR,44,208,0.0
SIR,44,209,0.0
SIR,44,210,0.0
SIR,44,211,0.0
SIR,44,212,0.0
SIR,44,213,0.0
SIR,44,214,0.0
SIR,44,215,0.0
SIR,44,216,0.0
SIR,44,217,0.0
SIR,44,218,0.0
SIR,44,219,0.0
SIR,44,220,0.0
SIR,44,221,0.0
SIR,44,222,0.0
SIR,44,223,0.0
SIR,44,224,0.0
SIR,44,225,0.0
SIR,44,226,0.0
SIR,44,227,0.0
SIR,44,228,0.0
SIR,44,229,0.0
SIR,44,230,0.0
SIR,44,231,0.0
SIR,44,232,0.0
SIR,44,233,0.0
SIR,44,234,0.0
SIR,44,235,0.0
SIR,44,236,0.0
SIR,44,237,0.0
SIR,44,238,0.0
SIR,44,239,0.0
SIR,44,240,0.0
SIR,44,241,0.0
SIR,44,242,0.0
SIR,44,243,0.0
SIR,44,244,0.0
SIR,44,245,0.0
SIR,44,246,0.0
SIR,44,247,0.0
SIR,44,248,0.0
SIR,44,249,0.0
SIR,44,250,0.0
SIR,44,251,0.0
SIR,44,252,0.0
SIR,44,253,0.0
SIR,44,254,0.0
SIR,44,255,0.0
SIR,44,256,0.0
SIR,44,257,0.0
SIR,44,258,0.0
SIR,44,259,0.0
SIR,44,260,0.0
SIR,44,261,0.0
SIR,44,262,0.0
SIR,44,263,0.0
SIR,44,264,0.0
SIR,44,265,0.0
SIR,44,266,0.0
SIR,44,267,0.0
SIR,44,268,0.0
SIR,44,269,0.0
SIR,44,270,0.0
SIR,44,271,0.0
SIR,44,272,0.0
SIR,44,273,0.0
SIR,44,274,0.0
SIR,44,275,0.0
SIR,44,276,0.0
SIR,44,277,0.0
SIR,44,278,0.0
SIR,44,279,0.0
SIR,44,280,0.0
SIR,44,281,0.0
SIR,44,282,0.0
SIR,44,283,0.0
SIR,44,284,0.0
SIR,44,285,0.0
SIR,44,286,0.0
SIR,44,287,0.0
SIR,44,288,0.0
SIR,44,289,0.0
SIR,44,290,0.0
SIR,44,291,0.0
SIR,44,292,0.0
SIR,44,293,0.0
SIR,44,294,0.0
SIR,44,295,0.0
SIR,44,296,0.0
SIR,44,297,0.0
SIR,44,298,0.0
SIR,44,299,0.0
SIR,44,300,0.0
SIR,45,0,0.08823529411764706
SIR,45,1,0.11764705882352941
SIR,45,2,0.11764705882352941
SIR,45,3,0.08823529411764706
SIR,45,4,0.17647058823529413
SIR,45,5,0.17647058823529413
SIR,45,6,0.17647058823529413
SIR,45,7,0.35294117647058826
SIR,45,8,0.4117647058823529
SIR,45,9,0.4411764705882353
SIR,45,10,0.38235294117647056
SIR,45,11,0.29411764705882354
SIR,45,12,0.23529411764705882
SIR,45,13,0.20588235294117646
SIR,45,14,0.14705882352941177
SIR,45,15,0.11764705882352941
SIR,45,16,0.11764705882352941
SIR,45,17,0.11764705882352941
SIR,45,18,0.08823529411764706
SIR,45,19,0.08823529411764706
SIR,45,20,0.058823529411764705
SIR,45,21,0.058823529411764705
SIR,45,22,0.058823529411764705
SIR,45,23,0.058823529411764705
SIR,45,24,0.029411764705882353
SIR,45,25,0.029411764705882353
SIR,45,26,0.0
SIR,45,27,0.0
SIR,45,28,0.0
SIR,45,29,0.0
SIR,45,30,0.0
SIR,45,31,0.0
SIR,45,32,0.0
SIR,45,33,0.0
SIR,45,34,0.0
SIR,45,35,0.0
SIR,45,36,0.0
SIR,45,37,0.0
SIR,45,38,0.0
SIR,45,39,0.0
SIR,45,40,0.0
SIR,45,41,0.0
SIR,45,42,0.0
SIR,45,43,0.0
SIR,45,44,0.0
SIR,45,45,0.0
SIR,45,46,0.0
SIR,45,47,0.0
SIR,45,48,0.0
SIR,45,49,0.0
SIR,45,50,0.0
SIR,45,51,0.0
SIR,45,52,0.0
SIR,45,53,0.0
SIR,45,54,0.0
SIR,45,55,0.0
SIR,45,56,0.0
SIR,45,57,0.0
SIR,45,58,0.0
SIR,45,59,0.0
SIR,45,60,0.0
SIR,45,61,0.0
SIR,45,62,0.0
SIR,45,63,0.0
SIR,45,64,0.0
SIR,45,65,0.0
SIR,45,66,0.0
SIR,45,67,0.0
SIR,45,68,0.0
SIR,45,69,0.0
SIR,45,70,0.0
SIR,45,71,0.0
SIR,45,72,0.0
SIR,45,73,0.0
SIR,45,74,0.0
SIR,45,75,0.0
SIR,45,76,0.0
SIR,45,77,0.0
SIR,45,78,0.0
SIR,45,79,0.0
SIR,45,80,0.0
SIR,45,81,0.0
SIR,45,82,0.0
SIR,45,83,0.0
SIR,45,84,0.0
SIR,45,85,0.0
SIR,45,86,0.0
SIR,45,87,0.0
SIR,45,88,0.0
SIR,45,89,0.0
SIR,45,90,0.0
SIR,45,91,0.0
SIR,45,92,0.0
SIR,45,93,0.0
SIR,45,94,0.0
SIR,45,95,0.0
SIR,45,96,0.0
SIR,45,97,0.0
SIR,45,98,0.0
SIR,45,99,0.0
SIR,45,100,0.0
SIR,45,101,0.0
SIR,45,102,0.0
SIR,45,103,0.0
SIR,45,104,0.0
SIR,45,105,0.0
SIR,45,106,0.0
SIR,45,107,0.0
SIR,45,108,0.0
SIR,45,109,0.0
SIR,45,110,0.0
SIR,45,111,0.0
SIR,45,112,0.0
SIR,45,113,0.0
SIR,45,114,0.0
SIR,45,115,0.0
SIR,45,116,0.0
SIR,45,117,0.0
SIR,45,118,0.0
SIR,45,119,0.0
SIR,45,120,0.0
SIR,45,121,0.0
SIR,45,122,0.0
SIR,45,123,0.0
SIR,45,124,0.0
SIR,45,125,0.0
SIR,45,126,0.0
SIR,45,127,0.0
SIR,45,128,0.0
SIR,45,129,0.0
SIR,45,130,0.0
SIR,45,131,0.0
SIR,45,132,0.0
SIR,45,133,0.0
SIR,45,134,0.0
SIR,45,135,0.0
SIR,45,136,0.0
SIR,45,137,0.0
SIR,45,138,0.0
SIR,45,139,0.0
SIR,45,140,0.0
SIR,45,141,0.0
SIR,45,142,0.0
SIR,45,143,0.0
SIR,45,144,0.0
SIR,45,145,0.0
SIR,45,146,0.0
SIR,45,147,0.0
SIR,45,148,0.0
SIR,45,149,0.0
SIR,45,150,0.0
SIR,45,151,0.0
SIR,45,152,0.0
SIR,45,153,0.0
SIR,45,154,0.0
SIR,45,155,0.0
SIR,45,156,0.0
SIR,45,157,0.0
SIR,45,158,0.0
SIR,45,159,0.0
SIR,45,160,0.0
SIR,45,161,0.0
SIR,45,162,0.0
SIR,45,163,0.0
SIR,45,164,0.0
SIR,45,165,0.0
SIR,45,166,0.0
SIR,45,167,0.0
SIR,45,168,0.0
SIR,45,169,0.0
SIR,45,170,0.0
SIR,45,171,0.0
SIR,45,172,0.0
SIR,45,173,0.0
SIR,45,174,0.0
SIR,45,175,0.0
SIR,45,176,0.0
SIR,45,177,0.0
SIR,45,178,0.0
SIR,45,179,0.0
SIR,45,180,0.0
SIR,45,181,0.0
SIR,45,182,0.0
SIR,45,183,0.0
SIR,45,184,0.0
SIR,45,185,0.0
SIR,45,186,0.0
SIR,45,187,0.0
SIR,45,188,0.0
SIR,45,189,0.0
SIR,45,190,0.0
SIR,45,191,0.0
SIR,45,192,0.0
SIR,45,193,0.0
SIR,45,194,0.0
SIR,45,195,0.0
SIR,45,196,0.0
SIR,45,197,0.0
SIR,45,198,0.0
SIR,45,199,0.0
SIR,45,200,0.0
SIR,45,201,0.0
SIR,45,202,0.0
SIR,45,203,0.0
SIR,45,204,0.0
SIR,45,205,0.0
SIR,45,206,0.0
SIR,45,207,0.0
SIR,45,208,0.0
SIR,45,209,0.0
SIR,45,210,0.0
SIR,45,211,0.0
SIR,45,212,0.0
SIR,45,213,0.0
SIR,45,214,0.0
SIR,45,215,0.0
SIR,45,216,0.0
SIR,45,217,0.0
SIR,45,218,0.0
SIR,45,219,0.0
SIR,45,220,0.0
SIR,45,221,0.0
SIR,45,222,0.0
SIR,45,223,0.0
SIR,45,224,0.0
SIR,45,225,0.0
SIR,45,226,0.0
SIR,45,227,0.0
SIR,45,228,0.0
SIR,45,229,0.0
SIR,45,230,0.0
SIR,45,231,0.0
SIR,45,232,0.0
SIR,45,233,0.0
SIR,45,234,0.0
SIR,45,235,0.0
SIR,45,236,0.0
SIR,45,237,0.0
SIR,45,238,0.0
SIR,45,239,0.0
SIR,45,240,0.0
SIR,45,241,0.0
SIR,45,242,0.0
SIR,45,243,0.0
SIR,45,244,0.0
SIR,45,245,0.0
SIR,45,246,0.0
SIR,45,247,0.0
SIR,45,248,0.0
SIR,45,249,0.0
SIR,45,250,0.0
SIR,45,251,0.0
SIR,45,252,0.0
SIR,45,253,0.0
SIR,45,254,0.0
SIR,45,255,0.0
SIR,45,256,0.0
SIR,45,257,0.0
SIR,45,258,0.0
SIR,45,259,0.0
SIR,45,260,0.0
SIR,45,261,0.0
SIR,45,262,0.0
SIR,45,263,0.0
SIR,45,264,0.0
SIR,45,265,0.0
SIR,45,266,0.0
SIR,45,267,0.0
SIR,45,268,0.0
SIR,45,269,0.0
SIR,45,270,0.0
SIR,45,271,0.0
SIR,45,272,0.0
SIR,45,273,0.0
SIR,45,274,0.0
SIR,45,275,0.0
SIR,45,276,0.0
SIR,45,277,0.0
SIR,45,278,0.0
SIR,45,279,0.0
SIR,45,280,0.0
SIR,45,281,0.0
SIR,45,282,0.0
SIR,45,283,0.0
SIR,45,284,0.0
SIR,45,285,0.0
SIR,45,286,0.0
SIR,45,287,0.0
SIR,45,288,0.0
SIR,45,289,0.0
SIR,45,290,0.0
SIR,45,291,0.0
SIR,45,292,0.0
SIR,45,293,0.0
SIR,45,294,0.0
SIR,45,295,0.0
SIR,45,296,0.0
SIR,45,297,0.0
SIR,45,298,0.0
SIR,45,299,0.0
SIR,45,300,0.0
SIR,46,0,0.08823529411764706
SIR,46,1,0.08823529411764706
SIR,46,2,0.11764705882352941
SIR,46,3,0.11764705882352941
SIR,46,4,0.11764705882352941
SIR,46,5,0.14705882352941177
SIR,46,6,0.11764705882352941
SIR,46,7,0.14705882352941177
SIR,46,8,0.14705882352941177
SIR,46,9,0.14705882352941177
SIR,46,10,0.17647058823529413
SIR,46,11,0.17647058823529413
SIR,46,12,0.14705882352941177
SIR,46,13,0.17647058823529413
SIR,46,14,0.17647058823529413
SIR,46,15,0.14705882352941177
SIR,46,16,0.058823529411764705
SIR,46,17,0.058823529411764705
SIR,46,18,0.029411764705882353
SIR,46,19,0.029411764705882353
SIR,46,20,0.029411764705882353
SIR,46,21,0.029411764705882353
SIR,46,22,0.029411764705882353
SIR,46,23,0.0
SIR,46,24,0.0
SIR,46,25,0.0
SIR,46,26,0.0
SIR,46,27,0.0
SIR,46,28,0.0
SIR,46,29,0.0
SIR,46,30,0.0
SIR,46,31,0.0
SIR,46,32,0.0
SIR,46,33,0.0
SIR,46,34,0.0
SIR,46,35,0.0
SIR,46,36,0.0
SIR,46,37,0.0
SIR,46,38,0.0
SIR,46,39,0.0
SIR,46,40,0.0
SIR,46,41,0.0
SIR,46,42,0.0
SIR,46,43,0.0
SIR,46,44,0.0
SIR,46,45,0.0
SIR,46,46,0.0
SIR,46,47,0.0
SIR,46,48,0.0
SIR,46,49,0.0
SIR,46,50,0.0
SIR,46,51,0.0
SIR,46,52,0.0
SIR,46,53,0.0
SIR,46,54,0.0
SIR,46,55,0.0
SIR,46,56,0.0
SIR,46,57,0.0
SIR,46,58,0.0
SIR,46,59,0.0
SIR,46,60,0.0
SIR,46,61,0.0
SIR,46,62,0.0
SIR,46,63,0.0
SIR,46,64,0.0
SIR,46,65,0.0
SIR,46,66,0.0
SIR,46,67,0.0
SIR,46,68,0.0
SIR,46,69,0.0
SIR,46,70,0.0
SIR,46,71,0.0
SIR,46,72,0.0
SIR,46,73,0.0
SIR,46,74,0.0
SIR,46,75,0.0
SIR,46,76,0.0
SIR,46,77,0.0
SIR,46,78,0.0
SIR,46,79,0.0
SIR,46,80,0.0
SIR,46,81,0.0
SIR,46,82,0.0
SIR,46,83,0.0
SIR,46,84,0.0
SIR,46,85,0.0
SIR,46,86,0.0
SIR,46,87,0.0
SIR,46,88,0.0
SIR,46,89,0.0
SIR,46,90,0.0
SIR,46,91,0.0
SIR,46,92,0.0
SIR,46,93,0.0
SIR,46,94,0.0
SIR,46,95,0.0
SIR,46,96,0.0
SIR,46,97,0.0
SIR,46,98,0.0
SIR,46,99,0.0
SIR,46,100,0.0
SIR,46,101,0.0
SIR,46,102,0.0
SIR,46,103,0.0
SIR,46,104,0.0
SIR,46,105,0.0
SIR,46,106,0.0
SIR,46,107,0.0
SIR,46,108,0.0
SIR,46,109,0.0
SIR,46,110,0.0
SIR,46,111,0.0
SIR,46,112,0.0
SIR,46,113,0.0
SIR,46,114,0.0
SIR,46,115,0.0
SIR,46,116,0.0
SIR,46,117,0.0
SIR,46,118,0.0
SIR,46,119,0.0
SIR,46,120,0.0
SIR,46,121,0.0
SIR,46,122,0.0
SIR,46,123,0.0
SIR,46,124,0.0
SIR,46,125,0.0
SIR,46,126,0.0
SIR,46,127,0.0
SIR,46,128,0.0
SIR,46,129,0.0
SIR,46,130,0.0
SIR,46,131,0.0
SIR,46,132,0.0
SIR,46,133,0.0
SIR,46,134,0.0
SIR,46,135,0.0
SIR,46,136,0.0
SIR,46,137,0.0
SIR,46,138,0.0
SIR,46,139,0.0
SIR,46,140,0.0
SIR,46,141,0.0
SIR,46,142,0.0
SIR,46,143,0.0
SIR,46,144,0.0
SIR,46,145,0.0
SIR,46,146,0.0
SIR,46,147,0.0
SIR,46,148,0.0
SIR,46,149,0.0
SIR,46,150,0.0
SIR,46,151,0.0
SIR,46,152,0.0
SIR,46,153,0.0
SIR,46,154,0.0
SIR,46,155,0.0
SIR,46,156,0.0
SIR,46,157,0.0
SIR,46,158,0.0
SIR,46,159,0.0
SIR,46,160,0.0
SIR,46,161,0.0
SIR,46,162,0.0
SIR,46,163,0.0
SIR,46,164,0.0
SIR,46,165,0.0
SIR,46,166,0.0
SIR,46,167,0.0
SIR,46,168,0.0
SIR,46,169,0.0
SIR,46,170,0.0
SIR,46,171,0.0
SIR,46,172,0.0
SIR,46,173,0.0
SIR,46,174,0.0
SIR,46,175,0.0
SIR,46,176,0.0
SIR,46,177,0.0
SIR,46,178,0.0
SIR,46,179,0.0
SIR,46,180,0.0
SIR,46,181,0.0
SIR,46,182,0.0
SIR,46,183,0.0
SIR,46,184,0.0
SIR,46,185,0.0
SIR,46,186,0.0
SIR,46,187,0.0
SIR,46,188,0.0
SIR,46,189,0.0
SIR,46,190,0.0
SIR,46,191,0.0
SIR,46,192,0.0
SIR,46,193,0.0
SIR,46,194,0.0
SIR,46,195,0.0
SIR,46,196,0.0
SIR,46,197,0.0
SIR,46,198,0.0
SIR,46,199,0.0
SIR,46,200,0.0
SIR,46,201,0.0
SIR,46,202,0.0
SIR,46,203,0.0
SIR,46,204,0.0
SIR,46,205,0.0
SIR,46,206,0.0
SIR,46,207,0.0
SIR,46,208,0.0
SIR,46,209,0.0
SIR,46,210,0.0
SIR,46,211,0.0
SIR,46,212,0.0
SIR,46,213,0.0
SIR,46,214,0.0
SIR,46,215,0.0
SIR,46,216,0.0
SIR,46,217,0.0
SIR,46,218,0.0
SIR,46,219,0.0
SIR,46,220,0.0
SIR,46,221,0.0
SIR,46,222,0.0
SIR,46,223,0.0
SIR,46,224,0.0
SIR,46,225,0.0
SIR,46,226,0.0
SIR,46,227,0.0
SIR,46,228,0.0
SIR,46,229,0.0
SIR,46,230,0.0
SIR,46,231,0.0
SIR,46,232,0.0
SIR,46,233,0.0
SIR,46,234,0.0
SIR,46,235,0.0
SIR,46,236,0.0
SIR,46,237,0.0
SIR,46,238,0.0
SIR,46,239,0.0
SIR,46,240,0.0
SIR,46,241,0.0
SIR,46,242,0.0
SIR,46,243,0.0
SIR,46,244,0.0
SIR,46,245,0.0
SIR,46,246,0.0
SIR,46,247,0.0
SIR,46,248,0.0
SIR,46,249,0.0
SIR,46,250,0.0
SIR,46,251,0.0
SIR,46,252,0.0
SIR,46,253,0.0
SIR,46,254,0.0
SIR,46,255,0.0
SIR,46,256,0.0
SIR,46,257,0.0
SIR,46,258,0.0
SIR,46,259,0.0
SIR,46,260,0.0
SIR,46,261,0.0
SIR,46,262,0.0
SIR,46,263,0.0
SIR,46,264,0.0
SIR,46,265,0.0
SIR,46,266,0.0
SIR,46,267,0.0
SIR,46,268,0.0
SIR,46,269,0.0
SIR,46,270,0.0
SIR,46,271,0.0
SIR,46,272,0.0
SIR,46,273,0.0
SIR,46,274,0.0
SIR,46,275,0.0
SIR,46,276,0.0
SIR,46,277,0.0
SIR,46,278,0.0
SIR,46,279,0.0
SIR,46,280,0.0
SIR,46,281,0.0
SIR,46,282,0.0
SIR,46,283,0.0
SIR,46,284,0.0
SIR,46,285,0.0
SIR,46,286,0.0
SIR,46,287,0.0
SIR,46,288,0.0
SIR,46,289,0.0
SIR,46,290,0.0
SIR,46,291,0.0
SIR,46,292,0.0
SIR,46,293,0.0
SIR,46,294,0.0
SIR,46,295,0.0
SIR,46,296,0.0
SIR,46,297,0.0
SIR,46,298,0.0
SIR,46,299,0.0
SIR,46,300,0.0
SIR,47,0,0.08823529411764706
SIR,47,1,0.11764705882352941
SIR,47,2,0.11764705882352941
SIR,47,3,0.14705882352941177
SIR,47,4,0.14705882352941177
SIR,47,5,0.14705882352941177
SIR,47,6,0.14705882352941177
SIR,47,7,0.14705882352941177
SIR,47,8,0.14705882352941177
SIR,47,9,0.058823529411764705
SIR,47,10,0.058823529411764705
SIR,47,11,0.058823529411764705
SIR,47,12,0.058823529411764705
SIR,47,13,0.058823529411764705
SIR,47,14,0.058823529411764705
SIR,47,15,0.08823529411764706
SIR,47,16,0.23529411764705882
SIR,47,17,0.17647058823529413
SIR,47,18,0.20588235294117646
SIR,47,19,0.17647058823529413
SIR,47,20,0.2647058823529412
SIR,47,21,0.2647058823529412
SIR,47,22,0.20588235294117646
SIR,47,23,0.17647058823529413
SIR,47,24,0.11764705882352941
SIR,47,25,0.11764705882352941
SIR,47,26,0.11764705882352941
SIR,47,27,0.11764705882352941
SIR,47,28,0.08823529411764706
SIR,47,29,0.08823529411764706
SIR,47,30,0.08823529411764706
SIR,47,31,0.08823529411764706
SIR,47,32,0.08823529411764706
SIR,47,33,0.08823529411764706
SIR,47,34,0.029411764705882353
SIR,47,35,0.029411764705882353
SIR,47,36,0.029411764705882353
SIR,47,37,0.029411764705882353
SIR,47,38,0.029411764705882353
SIR,47,39,0.029411764705882353
SIR,47,40,0.029411764705882353
SIR,47,41,0.029411764705882353
SIR,47,42,0.029411764705882353
SIR,47,43,0.029411764705882353
SIR,47,44,0.029411764705882353
SIR,47,45,0.029411764705882353
SIR,47,46,0.029411764705882353
SIR,47,47,0.029411764705882353
SIR,47,48,0.029411764705882353
SIR,47,49,0.029411764705882353
SIR,47,50,0.029411764705882353
SIR,47,51,0.0
SIR,47,52,0.0
SIR,47,53,0.0
SIR,47,54,0.0
SIR,47,55,0.0
SIR,47,56,0.0
SIR,47,57,0.0
SIR,47,58,0.0
SIR,47,59,0.0
SIR,47,60,0.0
SIR,47,61,0.0
SIR,47,62,0.0
SIR,47,63,0.0
SIR,47,64,0.0
SIR,47,65,0.0
SIR,47,66,0.0
SIR,47,67,0.0
SIR,47,68,0.0
SIR,47,69,0.0
SIR,47,70,0.0
SIR,47,71,0.0
SIR,47,72,0.0
SIR,47,73,0.0
SIR,47,74,0.0
SIR,47,75,0.0
SIR,47,76,0.0
SIR,47,77,0.0
SIR,47,78,0.0
SIR,47,79,0.0
SIR,47,80,0.0
SIR,47,81,0.0
SIR,47,82,0.0
SIR,47,83,0.0
SIR,47,84,0.0
SIR,47,85,0.0
SIR,47,86,0.0
SIR,47,87,0.0
SIR,47,88,0.0
SIR,47,89,0.0
SIR,47,90,0.0
SIR,47,91,0.0
SIR,47,92,0.0
SIR,47,93,0.0
SIR,47,94,0.0
SIR,47,95,0.0
SIR,47,96,0.0
SIR,47,97,0.0
SIR,47,98,0.0
SIR,47,99,0.0
SIR,47,100,0.0
SIR,47,101,0.0
SIR,47,102,0.0
SIR,47,103,0.0
SIR,47,104,0.0
SIR,47,105,0.0
SIR,47,106,0.0
SIR,47,107,0.0
SIR,47,108,0.0
SIR,47,109,0.0
SIR,47,110,0.0
SIR,47,111,0.0
SIR,47,112,0.0
SIR,47,113,0.0
SIR,47,114,0.0
SIR,47,115,0.0
SIR,47,116,0.0
SIR,47,117,0.0
SIR,47,118,0.0
SIR,47,119,0.0
SIR,47,120,0.0
SIR,47,121,0.0
SIR,47,122,0.0
SIR,47,123,0.0
SIR,47,124,0.0
SIR,47,125,0.0
SIR,47,126,0.0
SIR,47,127,0.0
SIR,47,128,0.0
SIR,47,129,0.0
SIR,47,130,0.0
SIR,47,131,0.0
SIR,47,132,0.0
SIR,47,133,0.0
SIR,47,134,0.0
SIR,47,135,0.0
SIR,47,136,0.0
SIR,47,137,0.0
SIR,47,138,0.0
SIR,47,139,0.0
SIR,47,140,0.0
SIR,47,141,0.0
SIR,47,142,0.0
SIR,47,143,0.0
SIR,47,144,0.0
SIR,47,145,0.0
SIR,47,146,0.0
SIR,47,147,0.0
SIR,47,148,0.0
SIR,47,149,0.0
SIR,47,150,0.0
SIR,47,151,0.0
SIR,47,152,0.0
SIR,47,153,0.0
SIR,47,154,0.0
SIR,47,155,0.0
SIR,47,156,0.0
SIR,47,157,0.0
SIR,47,158,0.0
SIR,47,159,0.0
SIR,47,160,0.0
SIR,47,161,0.0
SIR,47,162,0.0
SIR,47,163,0.0
SIR,47,164,0.0
SIR,47,165,0.0
SIR,47,166,0.0
SIR,47,167,0.0
SIR,47,168,0.0
SIR,47,169,0.0
SIR,47,170,0.0
SIR,47,171,0.0
SIR,47,172,0.0
SIR,47,173,0.0
SIR,47,174,0.0
SIR,47,175,0.0
SIR,47,176,0.0
SIR,47,177,0.0
SIR,47,178,0.0
SIR,47,179,0.0
SIR,47,180,0.0
SIR,47,181,0.0
SIR,47,182,0.0
SIR,47,183,0.0
SIR,47,184,0.0
SIR,47,185,0.0
SIR,47,186,0.0
SIR,47,187,0.0
SIR,47,188,0.0
SIR,47,189,0.0
SIR,47,190,0.0
SIR,47,191,0.0
SIR,47,192,0.0
SIR,47,193,0.0
SIR,47,194,0.0
SIR,47,195,0.0
SIR,47,196,0.0
SIR,47,197,0.0
SIR,47,198,0.0
SIR,47,199,0.0
SIR,47,200,0.0
SIR,47,201,0.0
SIR,47,202,0.0
SIR,47,203,0.0
SIR,47,204,0.0
SIR,47,205,0.0
SIR,47,206,0.0
SIR,47,207,0.0
SIR,47,208,0.0
SIR,47,209,0.0
SIR,47,210,0.0
SIR,47,211,0.0
SIR,47,212,0.0
SIR,47,213,0.0
SIR,47,214,0.0
SIR,47,215,0.0
SIR,47,216,0.0
SIR,47,217,0.0
SIR,47,218,0.0
SIR,47,219,0.0
SIR,47,220,0.0
SIR,47,221,0.0
SIR,47,222,0.0
SIR,47,223,0.0
SIR,47,224,0.0
SIR,47,225,0.0
SIR,47,226,0.0
SIR,47,227,0.0
SIR,47,228,0.0
SIR,47,229,0.0
SIR,47,230,0.0
SIR,47,231,0.0
SIR,47,232,0.0
SIR,47,233,0.0
SIR,47,234,0.0
SIR,47,235,0.0
SIR,47,236,0.0
SIR,47,237,0.0
SIR,47,238,0.0
SIR,47,239,0.0
SIR,47,240,0.0
SIR,47,241,0.0
SIR,47,242,0.0
SIR,47,243,0.0
SIR,47,244,0.0
SIR,47,245,0.0
SIR,47,246,0.0
SIR,47,247,0.0
SIR,47,248,0.0
SIR,47,249,0.0
SIR,47,250,0.0
SIR,47,251,0.0
SIR,47,252,0.0
SIR,47,253,0.0
SIR,47,254,0.0
SIR,47,255,0.0
SIR,47,256,0.0
SIR,47,257,0.0
SIR,47,258,0.0
SIR,47,259,0.0
SIR,47,260,0.0
SIR,47,261,0.0
SIR,47,262,0.0
SIR,47,263,0.0
SIR,47,264,0.0
SIR,47,265,0.0
SIR,47,266,0.0
SIR,47,267,0.0
SIR,47,268,0.0
SIR,47,269,0.0
SIR,47,270,0.0
SIR,47,271,0.0
SIR,47,272,0.0
SIR,47,273,0.0
SIR,47,274,0.0
SIR,47,275,0.0
SIR,47,276,0.0
SIR,47,277,0.0
SIR,47,278,0.0
SIR,47,279,0.0
SIR,47,280,0.0
SIR,47,281,0.0
SIR,47,282,0.0
SIR,47,283,0.0
SIR,47,284,0.0
SIR,47,285,0.0
SIR,47,286,0.0
SIR,47,287,0.0
SIR,47,288,0.0
SIR,47,289,0.0
SIR,47,290,0.0
SIR,47,291,0.0
SIR,47,292,0.0
SIR,47,293,0.0
SIR,47,294,0.0
SIR,47,295,0.0
SIR,47,296,0.0
SIR,47,297,0.0
SIR,47,298,0.0
SIR,47,299,0.0
SIR,47,300,0.0
SIR,48,0,0.08823529411764706
SIR,48,1,0.08823529411764706
SIR,48,2,0.058823529411764705
SIR,48,3,0.029411764705882353
SIR,48,4,0.029411764705882353
SIR,48,5,0.029411764705882353
SIR,48,6,0.029411764705882353
SIR,48,7,0.058823529411764705
SIR,48,8,0.058823529411764705
SIR,48,9,0.029411764705882353
SIR,48,10,0.0
SIR,48,11,0.0
SIR,48,12,0.0
SIR,48,13,0.0
SIR,48,14,0.0
SIR,48,15,0.0
SIR,48,16,0.0
SIR,48,17,0.0
SIR,48,18,0.0
SIR,48,19,0.0
SIR,48,20,0.0
SIR,48,21,0.0
SIR,48,22,0.0
SIR,48,23,0.0
SIR,48,24,0.0
SIR,48,25,0.0
SIR,48,26,0.0
SIR,48,27,0.0
SIR,48,28,0.0
SIR,48,29,0.0
SIR,48,30,0.0
SIR,48,31,0.0
SIR,48,32,0.0
SIR,48,33,0.0
SIR,48,34,0.0
SIR,48,35,0.0
SIR,48,36,0.0
SIR,48,37,0.0
SIR,48,38,0.0
SIR,48,39,0.0
SIR,48,40,0.0
SIR,48,41,0.0
SIR,48,42,0.0
SIR,48,43,0.0
SIR,48,44,0.0
SIR,48,45,0.0
SIR,48,46,0.0
SIR,48,47,0.0
SIR,48,48,0.0
SIR,48,49,0.0
SIR,48,50,0.0
SIR,48,51,0.0
SIR,48,52,0.0
SIR,48,53,0.0
SIR,48,54,0.0
SIR,48,55,0.0
SIR,48,56,0.0
SIR,48,57,0.0
SIR,48,58,0.0
SIR,48,59,0.0
SIR,48,60,0.0
SIR,48,61,0.0
SIR,48,62,0.0
SIR,48,63,0.0
SIR,48,64,0.0
SIR,48,65,0.0
SIR,48,66,0.0
SIR,48,67,0.0
SIR,48,68,0.0
SIR,48,69,0.0
SIR,48,70,0.0
SIR,48,71,0.0
SIR,48,72,0.0
SIR,48,73,0.0
SIR,48,74,0.0
SIR,48,75,0.0
SIR,48,76,0.0
SIR,48,77,0.0
SIR,48,78,0.0
SIR,48,79,0.0
SIR,48,80,0.0
SIR,48,81,0.0
SIR,48,82,0.0
SIR,48,83,0.0
SIR,48,84,0.0
SIR,48,85,0.0
SIR,48,86,0.0
SIR,48,87,0.0
SIR,48,88,0.0
SIR,48,89,0.0
SIR,48,90,0.0
SIR,48,91,0.0
SIR,48,92,0.0
SIR,48,93,0.0
SIR,48,94,0.0
SIR,48,95,0.0
SIR,48,96,0.0
SIR,48,97,0.0
SIR,48,98,0.0
SIR,48,99,0.0
SIR,48,100,0.0
SIR,48,101,0.0
SIR,48,102,0.0
SIR,48,103,0.0
SIR,48,104,0.0
SIR,48,105,0.0
SIR,48,106,0.0
SIR,48,107,0.0
SIR,48,108,0.0
SIR,48,109,0.0
SIR,48,110,0.0
SIR,48,111,0.0
SIR,48,112,0.0
SIR,48,113,0.0
SIR,48,114,0.0
SIR,48,115,0.0
SIR,48,116,0.0
SIR,48,117,0.0
SIR,48,118,0.0
SIR,48,119,0.0
SIR,48,120,0.0
SIR,48,121,0.0
SIR,48,122,0.0
SIR,48,123,0.0
SIR,48,124,0.0
SIR,48,125,0.0
SIR,48,126,0.0
SIR,48,127,0.0
SIR,48,128,0.0
SIR,48,129,0.0
SIR,48,130,0.0
SIR,48,131,0.0
SIR,48,132,0.0
SIR,48,133,0.0
SIR,48,134,0.0
SIR,48,135,0.0
SIR,48,136,0.0
SIR,48,137,0.0
SIR,48,138,0.0
SIR,48,139,0.0
SIR,48,140,0.0
SIR,48,141,0.0
SIR,48,142,0.0
SIR,48,143,0.0
SIR,48,144,0.0
SIR,48,145,0.0
SIR,48,146,0.0
SIR,48,147,0.0
SIR,48,148,0.0
SIR,48,149,0.0
SIR,48,150,0.0
SIR,48,151,0.0
SIR,48,152,0.0
SIR,48,153,0.0
SIR,48,154,0.0
SIR,48,155,0.0
SIR,48,156,0.0
SIR,48,157,0.0
SIR,48,158,0.0
SIR,48,159,0.0
SIR,48,160,0.0
SIR,48,161,0.0
SIR,48,162,0.0
SIR,48,163,0.0
SIR,48,164,0.0
SIR,48,165,0.0
SIR,48,166,0.0
SIR,48,167,0.0
SIR,48,168,0.0
SIR,48,169,0.0
SIR,48,170,0.0
SIR,48,171,0.0
SIR,48,172,0.0
SIR,48,173,0.0
SIR,48,174,0.0
SIR,48,175,0.0
SIR,48,176,0.0
SIR,48,177,0.0
SIR,48,178,0.0
SIR,48,179,0.0
SIR,48,180,0.0
SIR,48,181,0.0
SIR,48,182,0.0
SIR,48,183,0.0
SIR,48,184,0.0
SIR,48,185,0.0
SIR,48,186,0.0
SIR,48,187,0.0
SIR,48,188,0.0
SIR,48,189,0.0
SIR,48,190,0.0
SIR,48,191,0.0
SIR,48,192,0.0
SIR,48,193,0.0
SIR,48,194,0.0
SIR,48,195,0.0
SIR,48,196,0.0
SIR,48,197,0.0
SIR,48,198,0.0
SIR,48,199,0.0
SIR,48,200,0.0
SIR,48,201,0.0
SIR,48,202,0.0
SIR,48,203,0.0
SIR,48,204,0.0
SIR,48,205,0.0
SIR,48,206,0.0
SIR,48,207,0.0
SIR,48,208,0.0
SIR,48,209,0.0
SIR,48,210,0.0
SIR,48,211,0.0
SIR,48,212,0.0
SIR,48,213,0.0
SIR,48,214,0.0
SIR,48,215,0.0
SIR,48,216,0.0
SIR,48,217,0.0
SIR,48,218,0.0
SIR,48,219,0.0
SIR,48,220,0.0
SIR,48,221,0.0
SIR,48,222,0.0
SIR,48,223,0.0
SIR,48,224,0.0
SIR,48,225,0.0
SIR,48,226,0.0
SIR,48,227,0.0
SIR,48,228,0.0
SIR,48,229,0.0
SIR,48,230,0.0
SIR,48,231,0.0
SIR,48,232,0.0
SIR,48,233,0.0
SIR,48,234,0.0
SIR,48,235,0.0
SIR,48,236,0.0
SIR,48,237,0.0
SIR,48,238,0.0
SIR,48,239,0.0
SIR,48,240,0.0
SIR,48,241,0.0
SIR,48,242,0.0
SIR,48,243,0.0
SIR,48,244,0.0
SIR,48,245,0.0
SIR,48,246,0.0
SIR,48,247,0.0
SIR,48,248,0.0
SIR,48,249,0.0
SIR,48,250,0.0
SIR,48,251,0.0
SIR,48,252,0.0
SIR,48,253,0.0
SIR,48,254,0.0
SIR,48,255,0.0
SIR,48,256,0.0
SIR,48,257,0.0
SIR,48,258,0.0
SIR,48,259,0.0
SIR,48,260,0.0
SIR,48,261,0.0
SIR,48,262,0.0
SIR,48,263,0.0
SIR,48,264,0.0
SIR,48,265,0.0
SIR,48,266,0.0
SIR,48,267,0.0
SIR,48,268,0.0
SIR,48,269,0.0
SIR,48,270,0.0
SIR,48,271,0.0
SIR,48,272,0.0
SIR,48,273,0.0
SIR,48,274,0.0
SIR,48,275,0.0
SIR,48,276,0.0
SIR,48,277,0.0
SIR,48,278,0.0
SIR,48,279,0.0
SIR,48,280,0.0
SIR,48,281,0.0
SIR,48,282,0.0
SIR,48,283,0.0
SIR,48,284,0.0
SIR,48,285,0.0
SIR,48,286,0.0
SIR,48,287,0.0
SIR,48,288,0.0
SIR,48,289,0.0
SIR,48,290,0.0
SIR,48,291,0.0
SIR,48,292,0.0
SIR,48,293,0.0
SIR,48,294,0.0
SIR,48,295,0.0
SIR,48,296,0.0
SIR,48,297,0.0
SIR,48,298,0.0
SIR,48,299,0.0
SIR,48,300,0.0
SIR,49,0,0.08823529411764706
SIR,49,1,0.11764705882352941
SIR,49,2,0.08823529411764706
SIR,49,3,0.14705882352941177
SIR,49,4,0.08823529411764706
SIR,49,5,0.058823529411764705
SIR,49,6,0.058823529411764705
SIR,49,7,0.029411764705882353
SIR,49,8,0.029411764705882353
SIR,49,9,0.08823529411764706
SIR,49,10,0.08823529411764706
SIR,49,11,0.08823529411764706
SIR,49,12,0.08823529411764706
SIR,49,13,0.11764705882352941
SIR,49,14,0.11764705882352941
SIR,49,15,0.08823529411764706
SIR,49,16,0.058823529411764705
SIR,49,17,0.058823529411764705
SIR,49,18,0.08823529411764706
SIR,49,19,0.11764705882352941
SIR,49,20,0.058823529411764705
SIR,49,21,0.058823529411764705
SIR,49,22,0.029411764705882353
SIR,49,23,0.029411764705882353
SIR,49,24,0.029411764705882353
SIR,49,25,0.0
SIR,49,26,0.0
SIR,49,27,0.0
SIR,49,28,0.0
SIR,49,29,0.0
SIR,49,30,0.0
SIR,49,31,0.0
SIR,49,32,0.0
SIR,49,33,0.0
SIR,49,34,0.0
SIR,49,35,0.0
SIR,49,36,0.0
SIR,49,37,0.0
SIR,49,38,0.0
SIR,49,39,0.0
SIR,49,40,0.0
SIR,49,41,0.0
SIR,49,42,0.0
SIR,49,43,0.0
SIR,49,44,0.0
SIR,49,45,0.0
SIR,49,46,0.0
SIR,49,47,0.0
SIR,49,48,0.0
SIR,49,49,0.0
SIR,49,50,0.0
SIR,49,51,0.0
SIR,49,52,0.0
SIR,49,53,0.0
SIR,49,54,0.0
SIR,49,55,0.0
SIR,49,56,0.0
SIR,49,57,0.0
SIR,49,58,0.0
SIR,49,59,0.0
SIR,49,60,0.0
SIR,49,61,0.0
SIR,49,62,0.0
SIR,49,63,0.0
SIR,49,64,0.0
SIR,49,65,0.0
SIR,49,66,0.0
SIR,49,67,0.0
SIR,49,68,0.0
SIR,49,69,0.0
SIR,49,70,0.0
SIR,49,71,0.0
SIR,49,72,0.0
SIR,49,73,0.0
SIR,49,74,0.0
SIR,49,75,0.0
SIR,49,76,0.0
SIR,49,77,0.0
SIR,49,78,0.0
SIR,49,79,0.0
SIR,49,80,0.0
SIR,49,81,0.0
SIR,49,82,0.0
SIR,49,83,0.0
SIR,49,84,0.0
SIR,49,85,0.0
SIR,49,86,0.0
SIR,49,87,0.0
SIR,49,88,0.0
SIR,49,89,0.0
SIR,49,90,0.0
SIR,49,91,0.0
SIR,49,92,0.0
SIR,49,93,0.0
SIR,49,94,0.0
SIR,49,95,0.0
SIR,49,96,0.0
SIR,49,97,0.0
SIR,49,98,0.0
SIR,49,99,0.0
SIR,49,100,0.0
SIR,49,101,0.0
SIR,49,102,0.0
SIR,49,103,0.0
SIR,49,104,0.0
SIR,49,105,0.0
SIR,49,106,0.0
SIR,49,107,0.0
SIR,49,108,0.0
SIR,49,109,0.0
SIR,49,110,0.0
SIR,49,111,0.0
SIR,49,112,0.0
SIR,49,113,0.0
SIR,49,114,0.0
SIR,49,115,0.0
SIR,49,116,0.0
SIR,49,117,0.0
SIR,49,118,0.0
SIR,49,119,0.0
SIR,49,120,0.0
SIR,49,121,0.0
SIR,49,122,0.0
SIR,49,123,0.0
SIR,49,124,0.0
SIR,49,125,0.0
SIR,49,126,0.0
SIR,49,127,0.0
SIR,49,128,0.0
SIR,49,129,0.0
SIR,49,130,0.0
SIR,49,131,0.0
SIR,49,132,0.0
SIR,49,133,0.0
SIR,49,134,0.0
SIR,49,135,0.0
SIR,49,136,0.0
SIR,49,137,0.0
SIR,49,138,0.0
SIR,49,139,0.0
SIR,49,140,0.0
SIR,49,141,0.0
SIR,49,142,0.0
SIR,49,143,0.0
SIR,49,144,0.0
SIR,49,145,0.0
SIR,49,146,0.0
SIR,49,147,0.0
SIR,49,148,0.0
SIR,49,149,0.0
SIR,49,150,0.0
SIR,49,151,0.0
SIR,49,152,0.0
SIR,49,153,0.0
SIR,49,154,0.0
SIR,49,155,0.0
SIR,49,156,0.0
SIR,49,157,0.0
SIR,49,158,0.0
SIR,49,159,0.0
SIR,49,160,0.0
SIR,49,161,0.0
SIR,49,162,0.0
SIR,49,163,0.0
SIR,49,164,0.0
SIR,49,165,0.0
SIR,49,166,0.0
SIR,49,167,0.0
SIR,49,168,0.0
SIR,49,169,0.0
SIR,49,170,0.0
SIR,49,171,0.0
SIR,49,172,0.0
SIR,49,173,0.0
SIR,49,174,0.0
SIR,49,175,0.0
SIR,49,176,0.0
SIR,49,177,0.0
SIR,49,178,0.0
SIR,49,179,0.0
SIR,49,180,0.0
SIR,49,181,0.0
SIR,49,182,0.0
SIR,49,183,0.0
SIR,49,184,0.0
SIR,49,185,0.0
SIR,49,186,0.0
SIR,49,187,0.0
SIR,49,188,0.0
SIR,49,189,0.0
SIR,49,190,0.0
SIR,49,191,0.0
SIR,49,192,0.0
SIR,49,193,0.0
SIR,49,194,0.0
SIR,49,195,0.0
SIR,49,196,0.0
SIR,49,197,0.0
SIR,49,198,0.0
SIR,49,199,0.0
SIR,49,200,0.0
SIR,49,201,0.0
SIR,49,202,0.0
SIR,49,203,0.0
SIR,49,204,0.0
SIR,49,205,0.0
SIR,49,206,0.0
SIR,49,207,0.0
SIR,49,208,0.0
SIR,49,209,0.0
SIR,49,210,0.0
SIR,49,211,0.0
SIR,49,212,0.0
SIR,49,213,0.0
SIR,49,214,0.0
SIR,49,215,0.0
SIR,49,216,0.0
SIR,49,217,0.0
SIR,49,218,0.0
SIR,49,219,0.0
SIR,49,220,0.0
SIR,49,221,0.0
SIR,49,222,0.0
SIR,49,223,0.0
SIR,49,224,0.0
SIR,49,225,0.0
SIR,49,226,0.0
SIR,49,227,0.0
SIR,49,228,0.0
SIR,49,229,0.0
SIR,49,230,0.0
SIR,49,231,0.0
SIR,49,232,0.0
SIR,49,233,0.0
SIR,49,234,0.0
SIR,49,235,0.0
SIR,49,236,0.0
SIR,49,237,0.0
SIR,49,238,0.0
SIR,49,239,0.0
SIR,49,240,0.0
SIR,49,241,0.0
SIR,49,242,0.0
SIR,49,243,0.0
SIR,49,244,0.0
SIR,49,245,0.0
SIR,49,246,0.0
SIR,49,247,0.0
SIR,49,248,0.0
SIR,49,249,0.0
SIR,49,250,0.0
SIR,49,251,0.0
SIR,49,252,0.0
SIR,49,253,0.0
SIR,49,254,0.0
SIR,49,255,0.0
SIR,49,256,0.0
SIR,49,257,0.0
SIR,49,258,0.0
SIR,49,259,0.0
SIR,49,260,0.0
SIR,49,261,0.0
SIR,49,262,0.0
SIR,49,263,0.0
SIR,49,264,0.0
SIR,49,265,0.0
SIR,49,266,0.0
SIR,49,267,0.0
SIR,49,268,0.0
SIR,49,269,0.0
SIR,49,270,0.0
SIR,49,271,0.0
SIR,49,272,0.0
SIR,49,273,0.0
SIR,49,274,0.0
SIR,49,275,0.0
SIR,49,276,0.0
SIR,49,277,0.0
SIR,49,278,0.0
SIR,49,279,0.0
SIR,49,280,0.0
SIR,49,281,0.0
SIR,49,282,0.0
SIR,49,283,0.0
SIR,49,284,0.0
SIR,49,285,0.0
SIR,49,286,0.0
SIR,49,287,0.0
SIR,49,288,0.0
SIR,49,289,0.0
SIR,49,290,0.0
SIR,49,291,0.0
SIR,49,292,0.0
SIR,49,293,0.0
SIR,49,294,0.0
SIR,49,295,0.0
SIR,49,296,0.0
SIR,49,297,0.0
SIR,49,298,0.0
SIR,49,299,0.0
SIR,49,300,0.0
SIR,50,0,0.08823529411764706
SIR,50,1,0.08823529411764706
SIR,50,2,0.11764705882352941
SIR,50,3,0.08823529411764706
SIR,50,4,0.08823529411764706
SIR,50,5,0.08823529411764706
SIR,50,6,0.11764705882352941
SIR,50,7,0.14705882352941177
SIR,50,8,0.14705882352941177
SIR,50,9,0.14705882352941177
SIR,50,10,0.14705882352941177
SIR,50,11,0.11764705882352941
SIR,50,12,0.17647058823529413
SIR,50,13,0.20588235294117646
SIR,50,14,0.058823529411764705
SIR,50,15,0.058823529411764705
SIR,50,16,0.058823529411764705
SIR,50,17,0.029411764705882353
SIR,50,18,0.0
SIR,50,19,0.0
SIR,50,20,0.0
SIR,50,21,0.0
SIR,50,22,0.0
SIR,50,23,0.0
SIR,50,24,0.0
SIR,50,25,0.0
SIR,50,26,0.0
SIR,50,27,0.0
SIR,50,28,0.0
SIR,50,29,0.0
SIR,50,30,0.0
SIR,50,31,0.0
SIR,50,32,0.0
SIR,50,33,0.0
SIR,50,34,0.0
SIR,50,35,0.0
SIR,50,36,0.0
SIR,50,37,0.0
SIR,50,38,0.0
SIR,50,39,0.0
SIR,50,40,0.0
SIR,50,41,0.0
SIR,50,42,0.0
SIR,50,43,0.0
SIR,50,44,0.0
SIR,50,45,0.0
SIR,50,46,0.0
SIR,50,47,0.0
SIR,50,48,0.0
SIR,50,49,0.0
SIR,50,50,0.0
SIR,50,51,0.0
SIR,50,52,0.0
SIR,50,53,0.0
SIR,50,54,0.0
SIR,50,55,0.0
SIR,50,56,0.0
SIR,50,57,0.0
SIR,50,58,0.0
SIR,50,59,0.0
SIR,50,60,0.0
SIR,50,61,0.0
SIR,50,62,0.0
SIR,50,63,0.0
SIR,50,64,0.0
SIR,50,65,0.0
SIR,50,66,0.0
SIR,50,67,0.0
SIR,50,68,0.0
SIR,50,69,0.0
SIR,50,70,0.0
SIR,50,71,0.0
SIR,50,72,0.0
SIR,50,73,0.0
SIR,50,74,0.0
SIR,50,75,0.0
SIR,50,76,0.0
SIR,50,77,0.0
SIR,50,78,0.0
SIR,50,79,0.0
SIR,50,80,0.0
SIR,50,81,0.0
SIR,50,82,0.0
SIR,50,83,0.0
SIR,50,84,0.0
SIR,50,85,0.0
SIR,50,86,0.0
SIR,50,87,0.0
SIR,50,88,0.0
SIR,50,89,0.0
SIR,50,90,0.0
SIR,50,91,0.0
SIR,50,92,0.0
SIR,50,93,0.0
SIR,50,94,0.0
SIR,50,95,0.0
SIR,50,96,0.0
SIR,50,97,0.0
SIR,50,98,0.0
SIR,50,99,0.0
SIR,50,100,0.0
SIR,50,101,0.0
SIR,50,102,0.0
SIR,50,103,0.0
SIR,50,104,0.0
SIR,50,105,0.0
SIR,50,106,0.0
SIR,50,107,0.0
SIR,50,108,0.0
SIR,50,109,0.0
SIR,50,110,0.0
SIR,50,111,0.0
SIR,50,112,0.0
SIR,50,113,0.0
SIR,50,114,0.0
SIR,50,115,0.0
SIR,50,116,0.0
SIR,50,117,0.0
SIR,50,118,0.0
SIR,50,119,0.0
SIR,50,120,0.0
SIR,50,121,0.0
SIR,50,122,0.0
SIR,50,123,0.0
SIR,50,124,0.0
SIR,50,125,0.0
SIR,50,126,0.0
SIR,50,127,0.0
SIR,50,128,0.0
SIR,50,129,0.0
SIR,50,130,0.0
SIR,50,131,0.0
SIR,50,132,0.0
SIR,50,133,0.0
SIR,50,134,0.0
SIR,50,135,0.0
SIR,50,136,0.0
SIR,50,137,0.0
SIR,50,138,0.0
SIR,50,139,0.0
SIR,50,140,0.0
SIR,50,141,0.0
SIR,50,142,0.0
SIR,50,143,0.0
SIR,50,144,0.0
SIR,50,145,0.0
SIR,50,146,0.0
SIR,50,147,0.0
SIR,50,148,0.0
SIR,50,149,0.0
SIR,50,150,0.0
SIR,50,151,0.0
SIR,50,152,0.0
SIR,50,153,0.0
SIR,50,154,0.0
SIR,50,155,0.0
SIR,50,156,0.0
SIR,50,157,0.0
SIR,50,158,0.0
SIR,50,159,0.0
SIR,50,160,0.0
SIR,50,161,0.0
SIR,50,162,0.0
SIR,50,163,0.0
SIR,50,164,0.0
SIR,50,165,0.0
SIR,50,166,0.0
SIR,50,167,0.0
SIR,50,168,0.0
SIR,50,169,0.0
SIR,50,170,0.0
SIR,50,171,0.0
SIR,50,172,0.0
SIR,50,173,0.0
SIR,50,174,0.0
SIR,50,175,0.0
SIR,50,176,0.0
SIR,50,177,0.0
SIR,50,178,0.0
SIR,50,179,0.0
SIR,50,180,0.0
SIR,50,181,0.0
SIR,50,182,0.0
SIR,50,183,0.0
SIR,50,184,0.0
SIR,50,185,0.0
SIR,50,186,0.0
SIR,50,187,0.0
SIR,50,188,0.0
SIR,50,189,0.0
SIR,50,190,0.0
SIR,50,191,0.0
SIR,50,192,0.0
SIR,50,193,0.0
SIR,50,194,0.0
SIR,50,195,0.0
SIR,50,196,0.0
SIR,50,197,0.0
SIR,50,198,0.0
SIR,50,199,0.0
SIR,50,200,0.0
SIR,50,201,0.0
SIR,50,202,0.0
SIR,50,203,0.0
SIR,50,204,0.0
SIR,50,205,0.0
SIR,50,206,0.0
SIR,50,207,0.0
SIR,50,208,0.0
SIR,50,209,0.0
SIR,50,210,0.0
SIR,50,211,0.0
SIR,50,212,0.0
SIR,50,213,0.0
SIR,50,214,0.0
SIR,50,215,0.0
SIR,50,216,0.0
SIR,50,217,0.0
SIR,50,218,0.0
SIR,50,219,0.0
SIR,50,220,0.0
SIR,50,221,0.0
SIR,50,222,0.0
SIR,50,223,0.0
SIR,50,224,0.0
SIR,50,225,0.0
SIR,50,226,0.0
SIR,50,227,0.0
SIR,50,228,0.0
SIR,50,229,0.0
SIR,50,230,0.0
SIR,50,231,0.0
SIR,50,232,0.0
SIR,50,233,0.0
SIR,50,234,0.0
SIR,50,235,0.0
SIR,50,236,0.0
SIR,50,237,0.0
SIR,50,238,0.0
SIR,50,239,0.0
SIR,50,240,0.0
SIR,50,241,0.0
SIR,50,242,0.0
SIR,50,243,0.0
SIR,50,244,0.0
SIR,50,245,0.0
SIR,50,246,0.0
SIR,50,247,0.0
SIR,50,248,0.0
SIR,50,249,0.0
SIR,50,250,0.0
SIR,50,251,0.0
SIR,50,252,0.0
SIR,50,253,0.0
SIR,50,254,0.0
SIR,50,255,0.0
SIR,50,256,0.0
SIR,50,257,0.0
SIR,50,258,0.0
SIR,50,259,0.0
SIR,50,260,0.0
SIR,50,261,0.0
SIR,50,262,0.0
SIR,50,263,0.0
SIR,50,264,0.0
SIR,50,265,0.0
SIR,50,266,0.0
SIR,50,267,0.0
SIR,50,268,0.0
SIR,50,269,0.0
SIR,50,270,0.0
SIR,50,271,0.0
SIR,50,272,0.0
SIR,50,273,0.0
SIR,50,274,0.0
SIR,50,275,0.0
SIR,50,276,0.0
SIR,50,277,0.0
SIR,50,278,0.0
SIR,50,279,0.0
SIR,50,280,0.0
SIR,50,281,0.0
SIR,50,282,0.0
SIR,50,283,0.0
SIR,50,284,0.0
SIR,50,285,0.0
SIR,50,286,0.0
SIR,50,287,0.0
SIR,50,288,0.0
SIR,50,289,0.0
SIR,50,290,0.0
SIR,50,291,0.0
SIR,50,292,0.0
SIR,50,293,0.0
SIR,50,294,0.0
SIR,50,295,0.0
SIR,50,296,0.0
SIR,50,297,0.0
SIR,50,298,0.0
SIR,50,299,0.0
SIR,50,300,0.0
SIR,51,0,0.08823529411764706
SIR,51,1,0.058823529411764705
SIR,51,2,0.058823529411764705
SIR,51,3,0.058823529411764705
SIR,51,4,0.08823529411764706
SIR,51,5,0.08823529411764706
SIR,51,6,0.14705882352941177
SIR,51,7,0.20588235294117646
SIR,51,8,0.23529411764705882
SIR,51,9,0.2647058823529412
SIR,51,10,0.29411764705882354
SIR,51,11,0.23529411764705882
SIR,51,12,0.17647058823529413
SIR,51,13,0.11764705882352941
SIR,51,14,0.11764705882352941
SIR,51,15,0.08823529411764706
SIR,51,16,0.058823529411764705
SIR,51,17,0.058823529411764705
SIR,51,18,0.058823529411764705
SIR,51,19,0.08823529411764706
SIR,51,20,0.058823529411764705
SIR,51,21,0.058823529411764705
SIR,51,22,0.029411764705882353
SIR,51,23,0.029411764705882353
SIR,51,24,0.029411764705882353
SIR,51,25,0.029411764705882353
SIR,51,26,0.029411764705882353
SIR,51,27,0.029411764705882353
SIR,51,28,0.029411764705882353
SIR,51,29,0.029411764705882353
SIR,51,30,0.029411764705882353
SIR,51,31,0.029411764705882353
SIR,51,32,0.0
SIR,51,33,0.0
SIR,51,34,0.0
SIR,51,35,0.0
SIR,51,36,0.0
SIR,51,37,0.0
SIR,51,38,0.0
SIR,51,39,0.0
SIR,51,40,0.0
SIR,51,41,0.0
SIR,51,42,0.0
SIR,51,43,0.0
SIR,51,44,0.0
SIR,51,45,0.0
SIR,51,46,0.0
SIR,51,47,0.0
SIR,51,48,0.0
SIR,51,49,0.0
SIR,51,50,0.0
SIR,51,51,0.0
SIR,51,52,0.0
SIR,51,53,0.0
SIR,51,54,0.0
SIR,51,55,0.0
SIR,51,56,0.0
SIR,51,57,0.0
SIR,51,58,0.0
SIR,51,59,0.0
SIR,51,60,0.0
SIR,51,61,0.0
SIR,51,62,0.0
SIR,51,63,0.0
SIR,51,64,0.0
SIR,51,65,0.0
SIR,51,66,0.0
SIR,51,67,0.0
SIR,51,68,0.0
SIR,51,69,0.0
SIR,51,70,0.0
SIR,51,71,0.0
SIR,51,72,0.0
SIR,51,73,0.0
SIR,51,74,0.0
SIR,51,75,0.0
SIR,51,76,0.0
SIR,51,77,0.0
SIR,51,78,0.0
SIR,51,79,0.0
SIR,51,80,0.0
SIR,51,81,0.0
SIR,51,82,0.0
SIR,51,83,0.0
SIR,51,84,0.0
SIR,51,85,0.0
SIR,51,86,0.0
SIR,51,87,0.0
SIR,51,88,0.0
SIR,51,89,0.0
SIR,51,90,0.0
SIR,51,91,0.0
SIR,51,92,0.0
SIR,51,93,0.0
SIR,51,94,0.0
SIR,51,95,0.0
SIR,51,96,0.0
SIR,51,97,0.0
SIR,51,98,0.0
SIR,51,99,0.0
SIR,51,100,0.0
SIR,51,101,0.0
SIR,51,102,0.0
SIR,51,103,0.0
SIR,51,104,0.0
SIR,51,105,0.0
SIR,51,106,0.0
SIR,51,107,0.0
SIR,51,108,0.0
SIR,51,109,0.0
SIR,51,110,0.0
SIR,51,111,0.0
SIR,51,112,0.0
SIR,51,113,0.0
SIR,51,114,0.0
SIR,51,115,0.0
SIR,51,116,0.0
SIR,51,117,0.0
SIR,51,118,0.0
SIR,51,119,0.0
SIR,51,120,0.0
SIR,51,121,0.0
SIR,51,122,0.0
SIR,51,123,0.0
SIR,51,124,0.0
SIR,51,125,0.0
SIR,51,126,0.0
SIR,51,127,0.0
SIR,51,128,0.0
SIR,51,129,0.0
SIR,51,130,0.0
SIR,51,131,0.0
SIR,51,132,0.0
SIR,51,133,0.0
SIR,51,134,0.0
SIR,51,135,0.0
SIR,51,136,0.0
SIR,51,137,0.0
SIR,51,138,0.0
SIR,51,139,0.0
SIR,51,140,0.0
SIR,51,141,0.0
SIR,51,142,0.0
SIR,51,143,0.0
SIR,51,144,0.0
SIR,51,145,0.0
SIR,51,146,0.0
SIR,51,147,0.0
SIR,51,148,0.0
SIR,51,149,0.0
SIR,51,150,0.0
SIR,51,151,0.0
SIR,51,152,0.0
SIR,51,153,0.0
SIR,51,154,0.0
SIR,51,155,0.0
SIR,51,156,0.0
SIR,51,157,0.0
SIR,51,158,0.0
SIR,51,159,0.0
SIR,51,160,0.0
SIR,51,161,0.0
SIR,51,162,0.0
SIR,51,163,0.0
SIR,51,164,0.0
SIR,51,165,0.0
SIR,51,166,0.0
SIR,51,167,0.0
SIR,51,168,0.0
SIR,51,169,0.0
SIR,51,170,0.0
SIR,51,171,0.0
SIR,51,172,0.0
SIR,51,173,0.0
SIR,51,174,0.0
SIR,51,175,0.0
SIR,51,176,0.0
SIR,51,177,0.0
SIR,51,178,0.0
SIR,51,179,0.0
SIR,51,180,0.0
SIR,51,181,0.0
SIR,51,182,0.0
SIR,51,183,0.0
SIR,51,184,0.0
SIR,51,185,0.0
SIR,51,186,0.0
SIR,51,187,0.0
SIR,51,188,0.0
SIR,51,189,0.0
SIR,51,190,0.0
SIR,51,191,0.0
SIR,51,192,0.0
SIR,51,193,0.0
SIR,51,194,0.0
SIR,51,195,0.0
SIR,51,196,0.0
SIR,51,197,0.0
SIR,51,198,0.0
SIR,51,199,0.0
SIR,51,200,0.0
SIR,51,201,0.0
SIR,51,202,0.0
SIR,51,203,0.0
SIR,51,204,0.0
SIR,51,205,0.0
SIR,51,206,0.0
SIR,51,207,0.0
SIR,51,208,0.0
SIR,51,209,0.0
SIR,51,210,0.0
SIR,51,211,0.0
SIR,51,212,0.0
SIR,51,213,0.0
SIR,51,214,0.0
SIR,51,215,0.0
SIR,51,216,0.0
SIR,51,217,0.0
SIR,51,218,0.0
SIR,51,219,0.0
SIR,51,220,0.0
SIR,51,221,0.0
SIR,51,222,0.0
SIR,51,223,0.0
SIR,51,224,0.0
SIR,51,225,0.0
SIR,51,226,0.0
SIR,51,227,0.0
SIR,51,228,0.0
SIR,51,229,0.0
SIR,51,230,0.0
SIR,51,231,0.0
SIR,51,232,0.0
SIR,51,233,0.0
SIR,51,234,0.0
SIR,51,235,0.0
SIR,51,236,0.0
SIR,51,237,0.0
SIR,51,238,0.0
SIR,51,239,0.0
SIR,51,240,0.0
SIR,51,241,0.0
SIR,51,242,0.0
SIR,51,243,0.0
SIR,51,244,0.0
SIR,51,245,0.0
SIR,51,246,0.0
SIR,51,247,0.0
SIR,51,248,0.0
SIR,51,249,0.0
SIR,51,250,0.0
SIR,51,251,0.0
SIR,51,252,0.0
SIR,51,253,0.0
SIR,51,254,0.0
SIR,51,255,0.0
SIR,51,256,0.0
SIR,51,257,0.0
SIR,51,258,0.0
SIR,51,259,0.0
SIR,51,260,0.0
SIR,51,261,0.0
SIR,51,262,0.0
SIR,51,263,0.0
SIR,51,264,0.0
SIR,51,265,0.0
SIR,51,266,0.0
SIR,51,267,0.0
SIR,51,268,0.0
SIR,51,269,0.0
SIR,51,270,0.0
SIR,51,271,0.0
SIR,51,272,0.0
SIR,51,273,0.0
SIR,51,274,0.0
SIR,51,275,0.0
SIR,51,276,0.0
SIR,51,277,0.0
SIR,51,278,0.0
SIR,51,279,0.0
SIR,51,280,0.0
SIR,51,281,0.0
SIR,51,282,0.0
SIR,51,283,0.0
SIR,51,284,0.0
SIR,51,285,0.0
SIR,51,286,0.0
SIR,51,287,0.0
SIR,51,288,0.0
SIR,51,289,0.0
SIR,51,290,0.0
SIR,51,291,0.0
SIR,51,292,0.0
SIR,51,293,0.0
SIR,51,294,0.0
SIR,51,295,0.0
SIR,51,296,0.0
SIR,51,297,0.0
SIR,51,298,0.0
SIR,51,299,0.0
SIR,51,300,0.0
SIR,52,0,0.08823529411764706
SIR,52,1,0.11764705882352941
SIR,52,2,0.11764705882352941
SIR,52,3,0.08823529411764706
SIR,52,4,0.08823529411764706
SIR,52,5,0.14705882352941177
SIR,52,6,0.14705882352941177
SIR,52,7,0.17647058823529413
SIR,52,8,0.23529411764705882
SIR,52,9,0.23529411764705882
SIR,52,10,0.2647058823529412
SIR,52,11,0.2647058823529412
SIR,52,12,0.29411764705882354
SIR,52,13,0.20588235294117646
SIR,52,14,0.11764705882352941
SIR,52,15,0.08823529411764706
SIR,52,16,0.058823529411764705
SIR,52,17,0.058823529411764705
SIR,52,18,0.058823529411764705
SIR,52,19,0.029411764705882353
SIR,52,20,0.029411764705882353
SIR,52,21,0.029411764705882353
SIR,52,22,0.029411764705882353
SIR,52,23,0.029411764705882353
SIR,52,24,0.029411764705882353
SIR,52,25,0.029411764705882353
SIR,52,26,0.029411764705882353
SIR,52,27,0.029411764705882353
SIR,52,28,0.029411764705882353
SIR,52,29,0.029411764705882353
SIR,52,30,0.029411764705882353
SIR,52,31,0.029411764705882353
SIR,52,32,0.029411764705882353
SIR,52,33,0.058823529411764705
SIR,52,34,0.029411764705882353
SIR,52,35,0.029411764705882353
SIR,52,36,0.029411764705882353
SIR,52,37,0.029411764705882353
SIR,52,38,0.029411764705882353
SIR,52,39,0.029411764705882353
SIR,52,40,0.029411764705882353
SIR,52,41,0.0
SIR,52,42,0.0
SIR,52,43,0.0
SIR,52,44,0.0
SIR,52,45,0.0
SIR,52,46,0.0
SIR,52,47,0.0
SIR,52,48,0.0
SIR,52,49,0.0
SIR,52,50,0.0
SIR,52,51,0.0
SIR,52,52,0.0
SIR,52,53,0.0
SIR,52,54,0.0
SIR,52,55,0.0
SIR,52,56,0.0
SIR,52,57,0.0
SIR,52,58,0.0
SIR,52,59,0.0
SIR,52,60,0.0
SIR,52,61,0.0
SIR,52,62,0.0
SIR,52,63,0.0
SIR,52,64,0.0
SIR,52,65,0.0
SIR,52,66,0.0
SIR,52,67,0.0
SIR,52,68,0.0
SIR,52,69,0.0
SIR,52,70,0.0
SIR,52,71,0.0
SIR,52,72,0.0
SIR,52,73,0.0
SIR,52,74,0.0
SIR,52,75,0.0
SIR,52,76,0.0
SIR,52,77,0.0
SIR,52,78,0.0
SIR,52,79,0.0
SIR,52,80,0.0
SIR,52,81,0.0
SIR,52,82,0.0
SIR,52,83,0.0
SIR,52,84,0.0
SIR,52,85,0.0
SIR,52,86,0.0
SIR,52,87,0.0
SIR,52,88,0.0
SIR,52,89,0.0
SIR,52,90,0.0
SIR,52,91,0.0
SIR,52,92,0.0
SIR,52,93,0.0
SIR,52,94,0.0
SIR,52,95,0.0
SIR,52,96,0.0
SIR,52,97,0.0
SIR,52,98,0.0
SIR,52,99,0.0
SIR,52,100,0.0
SIR,52,101,0.0
SIR,52,102,0.0
SIR,52,103,0.0
SIR,52,104,0.0
SIR,52,105,0.0
SIR,52,106,0.0
SIR,52,107,0.0
SIR,52,108,0.0
SIR,52,109,0.0
SIR,52,110,0.0
SIR,52,111,0.0
SIR,52,112,0.0
SIR,52,113,0.0
SIR,52,114,0.0
SIR,52,115,0.0
SIR,52,116,0.0
SIR,52,117,0.0
SIR,52,118,0.0
SIR,52,119,0.0
SIR,52,120,0.0
SIR,52,121,0.0
SIR,52,122,0.0
SIR,52,123,0.0
SIR,52,124,0.0
SIR,52,125,0.0
SIR,52,126,0.0
SIR,52,127,0.0
SIR,52,128,0.0
SIR,52,129,0.0
SIR,52,130,0.0
SIR,52,131,0.0
SIR,52,132,0.0
SIR,52,133,0.0
SIR,52,134,0.0
SIR,52,135,0.0
SIR,52,136,0.0
SIR,52,137,0.0
SIR,52,138,0.0
SIR,52,139,0.0
SIR,52,140,0.0
SIR,52,141,0.0
SIR,52,142,0.0
SIR,52,143,0.0
SIR,52,144,0.0
SIR,52,145,0.0
SIR,52,146,0.0
SIR,52,147,0.0
SIR,52,148,0.0
SIR,52,149,0.0
SIR,52,150,0.0
SIR,52,151,0.0
SIR,52,152,0.0
SIR,52,153,0.0
SIR,52,154,0.0
SIR,52,155,0.0
SIR,52,156,0.0
SIR,52,157,0.0
SIR,52,158,0.0
SIR,52,159,0.0
SIR,52,160,0.0
SIR,52,161,0.0
SIR,52,162,0.0
SIR,52,163,0.0
SIR,52,164,0.0
SIR,52,165,0.0
SIR,52,166,0.0
SIR,52,167,0.0
SIR,52,168,0.0
SIR,52,169,0.0
SIR,52,170,0.0
SIR,52,171,0.0
SIR,52,172,0.0
SIR,52,173,0.0
SIR,52,174,0.0
SIR,52,175,0.0
SIR,52,176,0.0
SIR,52,177,0.0
SIR,52,178,0.0
SIR,52,179,0.0
SIR,52,180,0.0
SIR,52,181,0.0
SIR,52,182,0.0
SIR,52,183,0.0
SIR,52,184,0.0
SIR,52,185,0.0
SIR,52,186,0.0
SIR,52,187,0.0
SIR,52,188,0.0
SIR,52,189,0.0
SIR,52,190,0.0
SIR,52,191,0.0
SIR,52,192,0.0
SIR,52,193,0.0
SIR,52,194,0.0
SIR,52,195,0.0
SIR,52,196,0.0
SIR,52,197,0.0
SIR,52,198,0.0
SIR,52,199,0.0
SIR,52,200,0.0
SIR,52,201,0.0
SIR,52,202,0.0
SIR,52,203,0.0
SIR,52,204,0.0
SIR,52,205,0.0
SIR,52,206,0.0
SIR,52,207,0.0
SIR,52,208,0.0
SIR,52,209,0.0
SIR,52,210,0.0
SIR,52,211,0.0
SIR,52,212,0.0
SIR,52,213,0.0
SIR,52,214,0.0
SIR,52,215,0.0
SIR,52,216,0.0
SIR,52,217,0.0
SIR,52,218,0.0
SIR,52,219,0.0
SIR,52,220,0.0
SIR,52,221,0.0
SIR,52,222,0.0
SIR,52,223,0.0
SIR,52,224,0.0
SIR,52,225,0.0
SIR,52,226,0.0
SIR,52,227,0.0
SIR,52,228,0.0
SIR,52,229,0.0
SIR,52,230,0.0
SIR,52,231,0.0
SIR,52,232,0.0
SIR,52,233,0.0
SIR,52,234,0.0
SIR,52,235,0.0
SIR,52,236,0.0
SIR,52,237,0.0
SIR,52,238,0.0
SIR,52,239,0.0
SIR,52,240,0.0
SIR,52,241,0.0
SIR,52,242,0.0
SIR,52,243,0.0
SIR,52,244,0.0
SIR,52,245,0.0
SIR,52,246,0.0
SIR,52,247,0.0
SIR,52,248,0.0
SIR,52,249,0.0
SIR,52,250,0.0
SIR,52,251,0.0
SIR,52,252,0.0
SIR,52,253,0.0
SIR,52,254,0.0
SIR,52,255,0.0
SIR,52,256,0.0
SIR,52,257,0.0
SIR,52,258,0.0
SIR,52,259,0.0
SIR,52,260,0.0
SIR,52,261,0.0
SIR,52,262,0.0
SIR,52,263,0.0
SIR,52,264,0.0
SIR,52,265,0.0
SIR,52,266,0.0
SIR,52,267,0.0
SIR,52,268,0.0
SIR,52,269,0.0
SIR,52,270,0.0
SIR,52,271,0.0
SIR,52,272,0.0
SIR,52,273,0.0
SIR,52,274,0.0
SIR,52,275,0.0
SIR,52,276,0.0
SIR,52,277,0.0
SIR,52,278,0.0
SIR,52,279,0.0
SIR,52,280,0.0
SIR,52,281,0.0
SIR,52,282,0.0
SIR,52,283,0.0
SIR,52,284,0.0
SIR,52,285,0.0
SIR,52,286,0.0
SIR,52,287,0.0
SIR,52,288,0.0
SIR,52,289,0.0
SIR,52,290,0.0
SIR,52,291,0.0
SIR,52,292,0.0
SIR,52,293,0.0
SIR,52,294,0.0
SIR,52,295,0.0
SIR,52,296,0.0
SIR,52,297,0.0
SIR,52,298,0.0
SIR,52,299,0.0
SIR,52,300,0.0
SIR,53,0,0.08823529411764706
SIR,53,1,0.058823529411764705
SIR,53,2,0.08823529411764706
SIR,53,3,0.08823529411764706
SIR,53,4,0.08823529411764706
SIR,53,5,0.11764705882352941
SIR,53,6,0.08823529411764706
SIR,53,7,0.08823529411764706
SIR,53,8,0.11764705882352941
SIR,53,9,0.11764705882352941
SIR,53,10,0.17647058823529413
SIR,53,11,0.14705882352941177
SIR,53,12,0.17647058823529413
SIR,53,13,0.20588235294117646
SIR,53,14,0.23529411764705882
SIR,53,15,0.20588235294117646
SIR,53,16,0.14705882352941177
SIR,53,17,0.08823529411764706
SIR,53,18,0.08823529411764706
SIR,53,19,0.11764705882352941
SIR,53,20,0.11764705882352941
SIR,53,21,0.058823529411764705
SIR,53,22,0.058823529411764705
SIR,53,23,0.058823529411764705
SIR,53,24,0.058823529411764705
SIR,53,25,0.029411764705882353
SIR,53,26,0.029411764705882353
SIR,53,27,0.029411764705882353
SIR,53,28,0.029411764705882353
SIR,53,29,0.029411764705882353
SIR,53,30,0.0
SIR,53,31,0.0
SIR,53,32,0.0
SIR,53,33,0.0
SIR,53,34,0.0
SIR,53,35,0.0
SIR,53,36,0.0
SIR,53,37,0.0
SIR,53,38,0.0
SIR,53,39,0.0
SIR,53,40,0.0
SIR,53,41,0.0
SIR,53,42,0.0
SIR,53,43,0.0
SIR,53,44,0.0
SIR,53,45,0.0
SIR,53,46,0.0
SIR,53,47,0.0
SIR,53,48,0.0
SIR,53,49,0.0
SIR,53,50,0.0
SIR,53,51,0.0
SIR,53,52,0.0
SIR,53,53,0.0
SIR,53,54,0.0
SIR,53,55,0.0
SIR,53,56,0.0
SIR,53,57,0.0
SIR,53,58,0.0
SIR,53,59,0.0
SIR,53,60,0.0
SIR,53,61,0.0
SIR,53,62,0.0
SIR,53,63,0.0
SIR,53,64,0.0
SIR,53,65,0.0
SIR,53,66,0.0
SIR,53,67,0.0
SIR,53,68,0.0
SIR,53,69,0.0
SIR,53,70,0.0
SIR,53,71,0.0
SIR,53,72,0.0
SIR,53,73,0.0
SIR,53,74,0.0
SIR,53,75,0.0
SIR,53,76,0.0
SIR,53,77,0.0
SIR,53,78,0.0
SIR,53,79,0.0
SIR,53,80,0.0
SIR,53,81,0.0
SIR,53,82,0.0
SIR,53,83,0.0
SIR,53,84,0.0
SIR,53,85,0.0
SIR,53,86,0.0
SIR,53,87,0.0
SIR,53,88,0.0
SIR,53,89,0.0
SIR,53,90,0.0
SIR,53,91,0.0
SIR,53,92,0.0
SIR,53,93,0.0
SIR,53,94,0.0
SIR,53,95,0.0
SIR,53,96,0.0
SIR,53,97,0.0
SIR,53,98,0.0
SIR,53,99,0.0
SIR,53,100,0.0
SIR,53,101,0.0
SIR,53,102,0.0
SIR,53,103,0.0
SIR,53,104,0.0
SIR,53,105,0.0
SIR,53,106,0.0
SIR,53,107,0.0
SIR,53,108,0.0
SIR,53,109,0.0
SIR,53,110,0.0
SIR,53,111,0.0
SIR,53,112,0.0
SIR,53,113,0.0
SIR,53,114,0.0
SIR,53,115,0.0
SIR,53,116,0.0
SIR,53,117,0.0
SIR,53,118,0.0
SIR,53,119,0.0
SIR,53,120,0.0
SIR,53,121,0.0
SIR,53,122,0.0
SIR,53,123,0.0
SIR,53,124,0.0
SIR,53,125,0.0
SIR,53,126,0.0
SIR,53,127,0.0
SIR,53,128,0.0
SIR,53,129,0.0
SIR,53,130,0.0
SIR,53,131,0.0
SIR,53,132,0.0
SIR,53,133,0.0
SIR,53,134,0.0
SIR,53,135,0.0
SIR,53,136,0.0
SIR,53,137,0.0
SIR,53,138,0.0
SIR,53,139,0.0
SIR,53,140,0.0
SIR,53,141,0.0
SIR,53,142,0.0
SIR,53,143,0.0
SIR,53,144,0.0
SIR,53,145,0.0
SIR,53,146,0.0
SIR,53,147,0.0
SIR,53,148,0.0
SIR,53,149,0.0
SIR,53,150,0.0
SIR,53,151,0.0
SIR,53,152,0.0
SIR,53,153,0.0
SIR,53,154,0.0
SIR,53,155,0.0
SIR,53,156,0.0
SIR,53,157,0.0
SIR,53,158,0.0
SIR,53,159,0.0
SIR,53,160,0.0
SIR,53,161,0.0
SIR,53,162,0.0
SIR,53,163,0.0
SIR,53,164,0.0
SIR,53,165,0.0
SIR,53,166,0.0
SIR,53,167,0.0
SIR,53,168,0.0
SIR,53,169,0.0
SIR,53,170,0.0
SIR,53,171,0.0
SIR,53,172,0.0
SIR,53,173,0.0
SIR,53,174,0.0
SIR,53,175,0.0
SIR,53,176,0.0
SIR,53,177,0.0
SIR,53,178,0.0
SIR,53,179,0.0
SIR,53,180,0.0
SIR,53,181,0.0
SIR,53,182,0.0
SIR,53,183,0.0
SIR,53,184,0.0
SIR,53,185,0.0
SIR,53,186,0.0
SIR,53,187,0.0
SIR,53,188,0.0
SIR,53,189,0.0
SIR,53,190,0.0
SIR,53,191,0.0
SIR,53,192,0.0
SIR,53,193,0.0
SIR,53,194,0.0
SIR,53,195,0.0
SIR,53,196,0.0
SIR,53,197,0.0
SIR,53,198,0.0
SIR,53,199,0.0
SIR,53,200,0.0
SIR,53,201,0.0
SIR,53,202,0.0
SIR,53,203,0.0
SIR,53,204,0.0
SIR,53,205,0.0
SIR,53,206,0.0
SIR,53,207,0.0
SIR,53,208,0.0
SIR,53,209,0.0
SIR,53,210,0.0
SIR,53,211,0.0
SIR,53,212,0.0
SIR,53,213,0.0
SIR,53,214,0.0
SIR,53,215,0.0
SIR,53,216,0.0
SIR,53,217,0.0
SIR,53,218,0.0
SIR,53,219,0.0
SIR,53,220,0.0
SIR,53,221,0.0
SIR,53,222,0.0
SIR,53,223,0.0
SIR,53,224,0.0
SIR,53,225,0.0
SIR,53,226,0.0
SIR,53,227,0.0
SIR,53,228,0.0
SIR,53,229,0.0
SIR,53,230,0.0
SIR,53,231,0.0
SIR,53,232,0.0
SIR,53,233,0.0
SIR,53,234,0.0
SIR,53,235,0.0
SIR,53,236,0.0
SIR,53,237,0.0
SIR,53,238,0.0
SIR,53,239,0.0
SIR,53,240,0.0
SIR,53,241,0.0
SIR,53,242,0.0
SIR,53,243,0.0
SIR,53,244,0.0
SIR,53,245,0.0
SIR,53,246,0.0
SIR,53,247,0.0
SIR,53,248,0.0
SIR,53,249,0.0
SIR,53,250,0.0
SIR,53,251,0.0
SIR,53,252,0.0
SIR,53,253,0.0
SIR,53,254,0.0
SIR,53,255,0.0
SIR,53,256,0.0
SIR,53,257,0.0
SIR,53,258,0.0
SIR,53,259,0.0
SIR,53,260,0.0
SIR,53,261,0.0
SIR,53,262,0.0
SIR,53,263,0.0
SIR,53,264,0.0
SIR,53,265,0.0
SIR,53,266,0.0
SIR,53,267,0.0
SIR,53,268,0.0
SIR,53,269,0.0
SIR,53,270,0.0
SIR,53,271,0.0
SIR,53,272,0.0
SIR,53,273,0.0
SIR,53,274,0.0
SIR,53,275,0.0
SIR,53,276,0.0
SIR,53,277,0.0
SIR,53,278,0.0
SIR,53,279,0.0
SIR,53,280,0.0
SIR,53,281,0.0
SIR,53,282,0.0
SIR,53,283,0.0
SIR,53,284,0.0
SIR,53,285,0.0
SIR,53,286,0.0
SIR,53,287,0.0
SIR,53,288,0.0
SIR,53,289,0.0
SIR,53,290,0.0
SIR,53,291,0.0
SIR,53,292,0.0
SIR,53,293,0.0
SIR,53,294,0.0
SIR,53,295,0.0
SIR,53,296,0.0
SIR,53,297,0.0
SIR,53,298,0.0
SIR,53,299,0.0
SIR,53,300,0.0
SIR,54,0,0.08823529411764706
SIR,54,1,0.08823529411764706
SIR,54,2,0.11764705882352941
SIR,54,3,0.23529411764705882
SIR,54,4,0.2647058823529412
SIR,54,5,0.29411764705882354
SIR,54,6,0.29411764705882354
SIR,54,7,0.2647058823529412
SIR,54,8,0.2647058823529412
SIR,54,9,0.29411764705882354
SIR,54,10,0.2647058823529412
SIR,54,11,0.20588235294117646
SIR,54,12,0.17647058823529413
SIR,54,13,0.17647058823529413
SIR,54,14,0.17647058823529413
SIR,54,15,0.08823529411764706
SIR,54,16,0.058823529411764705
SIR,54,17,0.058823529411764705
SIR,54,18,0.029411764705882353
SIR,54,19,0.0
SIR,54,20,0.0
SIR,54,21,0.0
SIR,54,22,0.0
SIR,54,23,0.0
SIR,54,24,0.0
SIR,54,25,0.0
SIR,54,26,0.0
SIR,54,27,0.0
SIR,54,28,0.0
SIR,54,29,0.0
SIR,54,30,0.0
SIR,54,31,0.0
SIR,54,32,0.0
SIR,54,33,0.0
SIR,54,34,0.0
SIR,54,35,0.0
SIR,54,36,0.0
SIR,54,37,0.0
SIR,54,38,0.0
SIR,54,39,0.0
SIR,54,40,0.0
SIR,54,41,0.0
SIR,54,42,0.0
SIR,54,43,0.0
SIR,54,44,0.0
SIR,54,45,0.0
SIR,54,46,0.0
SIR,54,47,0.0
SIR,54,48,0.0
SIR,54,49,0.0
SIR,54,50,0.0
SIR,54,51,0.0
SIR,54,52,0.0
SIR,54,53,0.0
SIR,54,54,0.0
SIR,54,55,0.0
SIR,54,56,0.0
SIR,54,57,0.0
SIR,54,58,0.0
SIR,54,59,0.0
SIR,54,60,0.0
SIR,54,61,0.0
SIR,54,62,0.0
SIR,54,63,0.0
SIR,54,64,0.0
SIR,54,65,0.0
SIR,54,66,0.0
SIR,54,67,0.0
SIR,54,68,0.0
SIR,54,69,0.0
SIR,54,70,0.0
SIR,54,71,0.0
SIR,54,72,0.0
SIR,54,73,0.0
SIR,54,74,0.0
SIR,54,75,0.0
SIR,54,76,0.0
SIR,54,77,0.0
SIR,54,78,0.0
SIR,54,79,0.0
SIR,54,80,0.0
SIR,54,81,0.0
SIR,54,82,0.0
SIR,54,83,0.0
SIR,54,84,0.0
SIR,54,85,0.0
SIR,54,86,0.0
SIR,54,87,0.0
SIR,54,88,0.0
SIR,54,89,0.0
SIR,54,90,0.0
SIR,54,91,0.0
SIR,54,92,0.0
SIR,54,93,0.0
SIR,54,94,0.0
SIR,54,95,0.0
SIR,54,96,0.0
SIR,54,97,0.0
SIR,54,98,0.0
SIR,54,99,0.0
SIR,54,100,0.0
SIR,54,101,0.0
SIR,54,102,0.0
SIR,54,103,0.0
SIR,54,104,0.0
SIR,54,105,0.0
SIR,54,106,0.0
SIR,54,107,0.0
SIR,54,108,0.0
SIR,54,109,0.0
SIR,54,110,0.0
SIR,54,111,0.0
SIR,54,112,0.0
SIR,54,113,0.0
SIR,54,114,0.0
SIR,54,115,0.0
SIR,54,116,0.0
SIR,54,117,0.0
SIR,54,118,0.0
SIR,54,119,0.0
SIR,54,120,0.0
SIR,54,121,0.0
SIR,54,122,0.0
SIR,54,123,0.0
SIR,54,124,0.0
SIR,54,125,0.0
SIR,54,126,0.0
SIR,54,127,0.0
SIR,54,128,0.0
SIR,54,129,0.0
SIR,54,130,0.0
SIR,54,131,0.0
SIR,54,132,0.0
SIR,54,133,0.0
SIR,54,134,0.0
SIR,54,135,0.0
SIR,54,136,0.0
SIR,54,137,0.0
SIR,54,138,0.0
SIR,54,139,0.0
SIR,54,140,0.0
SIR,54,141,0.0
SIR,54,142,0.0
SIR,54,143,0.0
SIR,54,144,0.0
SIR,54,145,0.0
SIR,54,146,0.0
SIR,54,147,0.0
SIR,54,148,0.0
SIR,54,149,0.0
SIR,54,150,0.0
SIR,54,151,0.0
SIR,54,152,0.0
SIR,54,153,0.0
SIR,54,154,0.0
SIR,54,155,0.0
SIR,54,156,0.0
SIR,54,157,0.0
SIR,54,158,0.0
SIR,54,159,0.0
SIR,54,160,0.0
SIR,54,161,0.0
SIR,54,162,0.0
SIR,54,163,0.0
SIR,54,164,0.0
SIR,54,165,0.0
SIR,54,166,0.0
SIR,54,167,0.0
SIR,54,168,0.0
SIR,54,169,0.0
SIR,54,170,0.0
SIR,54,171,0.0
SIR,54,172,0.0
SIR,54,173,0.0
SIR,54,174,0.0
SIR,54,175,0.0
SIR,54,176,0.0
SIR,54,177,0.0
SIR,54,178,0.0
SIR,54,179,0.0
SIR,54,180,0.0
SIR,54,181,0.0
SIR,54,182,0.0
SIR,54,183,0.0
SIR,54,184,0.0
SIR,54,185,0.0
SIR,54,186,0.0
SIR,54,187,0.0
SIR,54,188,0.0
SIR,54,189,0.0
SIR,54,190,0.0
SIR,54,191,0.0
SIR,54,192,0.0
SIR,54,193,0.0
SIR,54,194,0.0
SIR,54,195,0.0
SIR,54,196,0.0
SIR,54,197,0.0
SIR,54,198,0.0
SIR,54,199,0.0
SIR,54,200,0.0
SIR,54,201,0.0
SIR,54,202,0.0
SIR,54,203,0.0
SIR,54,204,0.0
SIR,54,205,0.0
SIR,54,206,0.0
SIR,54,207,0.0
SIR,54,208,0.0
SIR,54,209,0.0
SIR,54,210,0.0
SIR,54,211,0.0
SIR,54,212,0.0
SIR,54,213,0.0
SIR,54,214,0.0
SIR,54,215,0.0
SIR,54,216,0.0
SIR,54,217,0.0
SIR,54,218,0.0
SIR,54,219,0.0
SIR,54,220,0.0
SIR,54,221,0.0
SIR,54,222,0.0
SIR,54,223,0.0
SIR,54,224,0.0
SIR,54,225,0.0
SIR,54,226,0.0
SIR,54,227,0.0
SIR,54,228,0.0
SIR,54,229,0.0
SIR,54,230,0.0
SIR,54,231,0.0
SIR,54,232,0.0
SIR,54,233,0.0
SIR,54,234,0.0
SIR,54,235,0.0
SIR,54,236,0.0
SIR,54,237,0.0
SIR,54,238,0.0
SIR,54,239,0.0
SIR,54,240,0.0
SIR,54,241,0.0
SIR,54,242,0.0
SIR,54,243,0.0
SIR,54,244,0.0
SIR,54,245,0.0
SIR,54,246,0.0
SIR,54,247,0.0
SIR,54,248,0.0
SIR,54,249,0.0
SIR,54,250,0.0
SIR,54,251,0.0
SIR,54,252,0.0
SIR,54,253,0.0
SIR,54,254,0.0
SIR,54,255,0.0
SIR,54,256,0.0
SIR,54,257,0.0
SIR,54,258,0.0
SIR,54,259,0.0
SIR,54,260,0.0
SIR,54,261,0.0
SIR,54,262,0.0
SIR,54,263,0.0
SIR,54,264,0.0
SIR,54,265,0.0
SIR,54,266,0.0
SIR,54,267,0.0
SIR,54,268,0.0
SIR,54,269,0.0
SIR,54,270,0.0
SIR,54,271,0.0
SIR,54,272,0.0
SIR,54,273,0.0
SIR,54,274,0.0
SIR,54,275,0.0
SIR,54,276,0.0
SIR,54,277,0.0
SIR,54,278,0.0
SIR,54,279,0.0
SIR,54,280,0.0
SIR,54,281,0.0
SIR,54,282,0.0
SIR,54,283,0.0
SIR,54,284,0.0
SIR,54,285,0.0
SIR,54,286,0.0
SIR,54,287,0.0
SIR,54,288,0.0
SIR,54,289,0.0
SIR,54,290,0.0
SIR,54,291,0.0
SIR,54,292,0.0
SIR,54,293,0.0
SIR,54,294,0.0
SIR,54,295,0.0
SIR,54,296,0.0
SIR,54,297,0.0
SIR,54,298,0.0
SIR,54,299,0.0
SIR,54,300,0.0
SIR,55,0,0.08823529411764706
SIR,55,1,0.08823529411764706
SIR,55,2,0.08823529411764706
SIR,55,3,0.08823529411764706
SIR,55,4,0.14705882352941177
SIR,55,5,0.11764705882352941
SIR,55,6,0.14705882352941177
SIR,55,7,0.08823529411764706
SIR,55,8,0.029411764705882353
SIR,55,9,0.029411764705882353
SIR,55,10,0.058823529411764705
SIR,55,11,0.029411764705882353
SIR,55,12,0.029411764705882353
SIR,55,13,0.029411764705882353
SIR,55,14,0.029411764705882353
SIR,55,15,0.0
SIR,55,16,0.0
SIR,55,17,0.0
SIR,55,18,0.0
SIR,55,19,0.0
SIR,55,20,0.0
SIR,55,21,0.0
SIR,55,22,0.0
SIR,55,23,0.0
SIR,55,24,0.0
SIR,55,25,0.0
SIR,55,26,0.0
SIR,55,27,0.0
SIR,55,28,0.0
SIR,55,29,0.0
SIR,55,30,0.0
SIR,55,31,0.0
SIR,55,32,0.0
SIR,55,33,0.0
SIR,55,34,0.0
SIR,55,35,0.0
SIR,55,36,0.0
SIR,55,37,0.0
SIR,55,38,0.0
SIR,55,39,0.0
SIR,55,40,0.0
SIR,55,41,0.0
SIR,55,42,0.0
SIR,55,43,0.0
SIR,55,44,0.0
SIR,55,45,0.0
SIR,55,46,0.0
SIR,55,47,0.0
SIR,55,48,0.0
SIR,55,49,0.0
SIR,55,50,0.0
SIR,55,51,0.0
SIR,55,52,0.0
SIR,55,53,0.0
SIR,55,54,0.0
SIR,55,55,0.0
SIR,55,56,0.0
SIR,55,57,0.0
SIR,55,58,0.0
SIR,55,59,0.0
SIR,55,60,0.0
SIR,55,61,0.0
SIR,55,62,0.0
SIR,55,63,0.0
SIR,55,64,0.0
SIR,55,65,0.0
SIR,55,66,0.0
SIR,55,67,0.0
SIR,55,68,0.0
SIR,55,69,0.0
SIR,55,70,0.0
SIR,55,71,0.0
SIR,55,72,0.0
SIR,55,73,0.0
SIR,55,74,0.0
SIR,55,75,0.0
SIR,55,76,0.0
SIR,55,77,0.0
SIR,55,78,0.0
SIR,55,79,0.0
SIR,55,80,0.0
SIR,55,81,0.0
SIR,55,82,0.0
SIR,55,83,0.0
SIR,55,84,0.0
SIR,55,85,0.0
SIR,55,86,0.0
SIR,55,87,0.0
SIR,55,88,0.0
SIR,55,89,0.0
SIR,55,90,0.0
SIR,55,91,0.0
SIR,55,92,0.0
SIR,55,93,0.0
SIR,55,94,0.0
SIR,55,95,0.0
SIR,55,96,0.0
SIR,55,97,0.0
SIR,55,98,0.0
SIR,55,99,0.0
SIR,55,100,0.0
SIR,55,101,0.0
SIR,55,102,0.0
SIR,55,103,0.0
SIR,55,104,0.0
SIR,55,105,0.0
SIR,55,106,0.0
SIR,55,107,0.0
SIR,55,108,0.0
SIR,55,109,0.0
SIR,55,110,0.0
SIR,55,111,0.0
SIR,55,112,0.0
SIR,55,113,0.0
SIR,55,114,0.0
SIR,55,115,0.0
SIR,55,116,0.0
SIR,55,117,0.0
SIR,55,118,0.0
SIR,55,119,0.0
SIR,55,120,0.0
SIR,55,121,0.0
SIR,55,122,0.0
SIR,55,123,0.0
SIR,55,124,0.0
SIR,55,125,0.0
SIR,55,126,0.0
SIR,55,127,0.0
SIR,55,128,0.0
SIR,55,129,0.0
SIR,55,130,0.0
SIR,55,131,0.0
SIR,55,132,0.0
SIR,55,133,0.0
SIR,55,134,0.0
SIR,55,135,0.0
SIR,55,136,0.0
SIR,55,137,0.0
SIR,55,138,0.0
SIR,55,139,0.0
SIR,55,140,0.0
SIR,55,141,0.0
SIR,55,142,0.0
SIR,55,143,0.0
SIR,55,144,0.0
SIR,55,145,0.0
SIR,55,146,0.0
SIR,55,147,0.0
SIR,55,148,0.0
SIR,55,149,0.0
SIR,55,150,0.0
SIR,55,151,0.0
SIR,55,152,0.0
SIR,55,153,0.0
SIR,55,154,0.0
SIR,55,155,0.0
SIR,55,156,0.0
SIR,55,157,0.0
SIR,55,158,0.0
SIR,55,159,0.0
SIR,55,160,0.0
SIR,55,161,0.0
SIR,55,162,0.0
SIR,55,163,0.0
SIR,55,164,0.0
SIR,55,165,0.0
SIR,55,166,0.0
SIR,55,167,0.0
SIR,55,168,0.0
SIR,55,169,0.0
SIR,55,170,0.0
SIR,55,171,0.0
SIR,55,172,0.0
SIR,55,173,0.0
SIR,55,174,0.0
SIR,55,175,0.0
SIR,55,176,0.0
SIR,55,177,0.0
SIR,55,178,0.0
SIR,55,179,0.0
SIR,55,180,0.0
SIR,55,181,0.0
SIR,55,182,0.0
SIR,55,183,0.0
SIR,55,184,0.0
SIR,55,185,0.0
SIR,55,186,0.0
SIR,55,187,0.0
SIR,55,188,0.0
SIR,55,189,0.0
SIR,55,190,0.0
SIR,55,191,0.0
SIR,55,192,0.0
SIR,55,193,0.0
SIR,55,194,0.0
SIR,55,195,0.0
SIR,55,196,0.0
SIR,55,197,0.0
SIR,55,198,0.0
SIR,55,199,0.0
SIR,55,200,0.0
SIR,55,201,0.0
SIR,55,202,0.0
SIR,55,203,0.0
SIR,55,204,0.0
SIR,55,205,0.0
SIR,55,206,0.0
SIR,55,207,0.0
SIR,55,208,0.0
SIR,55,209,0.0
SIR,55,210,0.0
SIR,55,211,0.0
SIR,55,212,0.0
SIR,55,213,0.0
SIR,55,214,0.0
SIR,55,215,0.0
SIR,55,216,0.0
SIR,55,217,0.0
SIR,55,218,0.0
SIR,55,219,0.0
SIR,55,220,0.0
SIR,55,221,0.0
SIR,55,222,0.0
SIR,55,223,0.0
SIR,55,224,0.0
SIR,55,225,0.0
SIR,55,226,0.0
SIR,55,227,0.0
SIR,55,228,0.0
SIR,55,229,0.0
SIR,55,230,0.0
SIR,55,231,0.0
SIR,55,232,0.0
SIR,55,233,0.0
SIR,55,234,0.0
SIR,55,235,0.0
SIR,55,236,0.0
SIR,55,237,0.0
SIR,55,238,0.0
SIR,55,239,0.0
SIR,55,240,0.0
SIR,55,241,0.0
SIR,55,242,0.0
SIR,55,243,0.0
SIR,55,244,0.0
SIR,55,245,0.0
SIR,55,246,0.0
SIR,55,247,0.0
SIR,55,248,0.0
SIR,55,249,0.0
SIR,55,250,0.0
SIR,55,251,0.0
SIR,55,252,0.0
SIR,55,253,0.0
SIR,55,254,0.0
SIR,55,255,0.0
SIR,55,256,0.0
SIR,55,257,0.0
SIR,55,258,0.0
SIR,55,259,0.0
SIR,55,260,0.0
SIR,55,261,0.0
SIR,55,262,0.0
SIR,55,263,0.0
SIR,55,264,0.0
SIR,55,265,0.0
SIR,55,266,0.0
SIR,55,267,0.0
SIR,55,268,0.0
SIR,55,269,0.0
SIR,55,270,0.0
SIR,55,271,0.0
SIR,55,272,0.0
SIR,55,273,0.0
SIR,55,274,0.0
SIR,55,275,0.0
SIR,55,276,0.0
SIR,55,277,0.0
SIR,55,278,0.0
SIR,55,279,0.0
SIR,55,280,0.0
SIR,55,281,0.0
SIR,55,282,0.0
SIR,55,283,0.0
SIR,55,284,0.0
SIR,55,285,0.0
SIR,55,286,0.0
SIR,55,287,0.0
SIR,55,288,0.0
SIR,55,289,0.0
SIR,55,290,0.0
SIR,55,291,0.0
SIR,55,292,0.0
SIR,55,293,0.0
SIR,55,294,0.0
SIR,55,295,0.0
SIR,55,296,0.0
SIR,55,297,0.0
SIR,55,298,0.0
SIR,55,299,0.0
SIR,55,300,0.0
SIR,56,0,0.08823529411764706
SIR,56,1,0.11764705882352941
SIR,56,2,0.17647058823529413
SIR,56,3,0.2647058823529412
SIR,56,4,0.35294117647058826
SIR,56,5,0.38235294117647056
SIR,56,6,0.38235294117647056
SIR,56,7,0.38235294117647056
SIR,56,8,0.35294117647058826
SIR,56,9,0.2647058823529412
SIR,56,10,0.20588235294117646
SIR,56,11,0.20588235294117646
SIR,56,12,0.14705882352941177
SIR,56,13,0.11764705882352941
SIR,56,14,0.11764705882352941
SIR,56,15,0.08823529411764706
SIR,56,16,0.058823529411764705
SIR,56,17,0.058823529411764705
SIR,56,18,0.058823529411764705
SIR,56,19,0.058823529411764705
SIR,56,20,0.058823529411764705
SIR,56,21,0.058823529411764705
SIR,56,22,0.029411764705882353
SIR,56,23,0.029411764705882353
SIR,56,24,0.029411764705882353
SIR,56,25,0.029411764705882353
SIR,56,26,0.029411764705882353
SIR,56,27,0.029411764705882353
SIR,56,28,0.029411764705882353
SIR,56,29,0.029411764705882353
SIR,56,30,0.029411764705882353
SIR,56,31,0.029411764705882353
SIR,56,32,0.0
SIR,56,33,0.0
SIR,56,34,0.0
SIR,56,35,0.0
SIR,56,36,0.0
SIR,56,37,0.0
SIR,56,38,0.0
SIR,56,39,0.0
SIR,56,40,0.0
SIR,56,41,0.0
SIR,56,42,0.0
SIR,56,43,0.0
SIR,56,44,0.0
SIR,56,45,0.0
SIR,56,46,0.0
SIR,56,47,0.0
SIR,56,48,0.0
SIR,56,49,0.0
SIR,56,50,0.0
SIR,56,51,0.0
SIR,56,52,0.0
SIR,56,53,0.0
SIR,56,54,0.0
SIR,56,55,0.0
SIR,56,56,0.0
SIR,56,57,0.0
SIR,56,58,0.0
SIR,56,59,0.0
SIR,56,60,0.0
SIR,56,61,0.0
SIR,56,62,0.0
SIR,56,63,0.0
SIR,56,64,0.0
SIR,56,65,0.0
SIR,56,66,0.0
SIR,56,67,0.0
SIR,56,68,0.0
SIR,56,69,0.0
SIR,56,70,0.0
SIR,56,71,0.0
SIR,56,72,0.0
SIR,56,73,0.0
SIR,56,74,0.0
SIR,56,75,0.0
SIR,56,76,0.0
SIR,56,77,0.0
SIR,56,78,0.0
SIR,56,79,0.0
SIR,56,80,0.0
SIR,56,81,0.0
SIR,56,82,0.0
SIR,56,83,0.0
SIR,56,84,0.0
SIR,56,85,0.0
SIR,56,86,0.0
SIR,56,87,0.0
SIR,56,88,0.0
SIR,56,89,0.0
SIR,56,90,0.0
SIR,56,91,0.0
SIR,56,92,0.0
SIR,56,93,0.0
SIR,56,94,0.0
SIR,56,95,0.0
SIR,56,96,0.0
SIR,56,97,0.0
SIR,56,98,0.0
SIR,56,99,0.0
SIR,56,100,0.0
SIR,56,101,0.0
SIR,56,102,0.0
SIR,56,103,0.0
SIR,56,104,0.0
SIR,56,105,0.0
SIR,56,106,0.0
SIR,56,107,0.0
SIR,56,108,0.0
SIR,56,109,0.0
SIR,56,110,0.0
SIR,56,111,0.0
SIR,56,112,0.0
SIR,56,113,0.0
SIR,56,114,0.0
SIR,56,115,0.0
SIR,56,116,0.0
SIR,56,117,0.0
SIR,56,118,0.0
SIR,56,119,0.0
SIR,56,120,0.0
SIR,56,121,0.0
SIR,56,122,0.0
SIR,56,123,0.0
SIR,56,124,0.0
SIR,56,125,0.0
SIR,56,126,0.0
SIR,56,127,0.0
SIR,56,128,0.0
SIR,56,129,0.0
SIR,56,130,0.0
SIR,56,131,0.0
SIR,56,132,0.0
SIR,56,133,0.0
SIR,56,134,0.0
SIR,56,135,0.0
SIR,56,136,0.0
SIR,56,137,0.0
SIR,56,138,0.0
SIR,56,139,0.0
SIR,56,140,0.0
SIR,56,141,0.0
SIR,56,142,0.0
SIR,56,143,0.0
SIR,56,144,0.0
SIR,56,145,0.0
SIR,56,146,0.0
SIR,56,147,0.0
SIR,56,148,0.0
SIR,56,149,0.0
SIR,56,150,0.0
SIR,56,151,0.0
SIR,56,152,0.0
SIR,56,153,0.0
SIR,56,154,0.0
SIR,56,155,0.0
SIR,56,156,0.0
SIR,56,157,0.0
SIR,56,158,0.0
SIR,56,159,0.0
SIR,56,160,0.0
SIR,56,161,0.0
SIR,56,162,0.0
SIR,56,163,0.0
SIR,56,164,0.0
SIR,56,165,0.0
SIR,56,166,0.0
SIR,56,167,0.0
SIR,56,168,0.0
SIR,56,169,0.0
SIR,56,170,0.0
SIR,56,171,0.0
SIR,56,172,0.0
SIR,56,173,0.0
SIR,56,174,0.0
SIR,56,175,0.0
SIR,56,176,0.0
SIR,56,177,0.0
SIR,56,178,0.0
SIR,56,179,0.0
SIR,56,180,0.0
SIR,56,181,0.0
SIR,56,182,0.0
SIR,56,183,0.0
SIR,56,184,0.0
SIR,56,185,0.0
SIR,56,186,0.0
SIR,56,187,0.0
SIR,56,188,0.0
SIR,56,189,0.0
SIR,56,190,0.0
SIR,56,191,0.0
SIR,56,192,0.0
SIR,56,193,0.0
SIR,56,194,0.0
SIR,56,195,0.0
SIR,56,196,0.0
SIR,56,197,0.0
SIR,56,198,0.0
SIR,56,199,0.0
SIR,56,200,0.0
SIR,56,201,0.0
SIR,56,202,0.0
SIR,56,203,0.0
SIR,56,204,0.0
SIR,56,205,0.0
SIR,56,206,0.0
SIR,56,207,0.0
SIR,56,208,0.0
SIR,56,209,0.0
SIR,56,210,0.0
SIR,56,211,0.0
SIR,56,212,0.0
SIR,56,213,0.0
SIR,56,214,0.0
SIR,56,215,0.0
SIR,56,216,0.0
SIR,56,217,0.0
SIR,56,218,0.0
SIR,56,219,0.0
SIR,56,220,0.0
SIR,56,221,0.0
SIR,56,222,0.0
SIR,56,223,0.0
SIR,56,224,0.0
SIR,56,225,0.0
SIR,56,226,0.0
SIR,56,227,0.0
SIR,56,228,0.0
SIR,56,229,0.0
SIR,56,230,0.0
SIR,56,231,0.0
SIR,56,232,0.0
SIR,56,233,0.0
SIR,56,234,0.0
SIR,56,235,0.0
SIR,56,236,0.0
SIR,56,237,0.0
SIR,56,238,0.0
SIR,56,239,0.0
SIR,56,240,0.0
SIR,56,241,0.0
SIR,56,242,0.0
SIR,56,243,0.0
SIR,56,244,0.0
SIR,56,245,0.0
SIR,56,246,0.0
SIR,56,247,0.0
SIR,56,248,0.0
SIR,56,249,0.0
SIR,56,250,0.0
SIR,56,251,0.0
SIR,56,252,0.0
SIR,56,253,0.0
SIR,56,254,0.0
SIR,56,255,0.0
SIR,56,256,0.0
SIR,56,257,0.0
SIR,56,258,0.0
SIR,56,259,0.0
SIR,56,260,0.0
SIR,56,261,0.0
SIR,56,262,0.0
SIR,56,263,0.0
SIR,56,264,0.0
SIR,56,265,0.0
SIR,56,266,0.0
SIR,56,267,0.0
SIR,56,268,0.0
SIR,56,269,0.0
SIR,56,270,0.0
SIR,56,271,0.0
SIR,56,272,0.0
SIR,56,273,0.0
SIR,56,274,0.0
SIR,56,275,0.0
SIR,56,276,0.0
SIR,56,277,0.0
SIR,56,278,0.0
SIR,56,279,0.0
SIR,56,280,0.0
SIR,56,281,0.0
SIR,56,282,0.0
SIR,56,283,0.0
SIR,56,284,0.0
SIR,56,285,0.0
SIR,56,286,0.0
SIR,56,287,0.0
SIR,56,288,0.0
SIR,56,289,0.0
SIR,56,290,0.0
SIR,56,291,0.0
SIR,56,292,0.0
SIR,56,293,0.0
SIR,56,294,0.0
SIR,56,295,0.0
SIR,56,296,0.0
SIR,56,297,0.0
SIR,56,298,0.0
SIR,56,299,0.0
SIR,56,300,0.0
SIR,57,0,0.08823529411764706
SIR,57,1,0.08823529411764706
SIR,57,2,0.08823529411764706
SIR,57,3,0.11764705882352941
SIR,57,4,0.20588235294117646
SIR,57,5,0.20588235294117646
SIR,57,6,0.14705882352941177
SIR,57,7,0.08823529411764706
SIR,57,8,0.058823529411764705
SIR,57,9,0.029411764705882353
SIR,57,10,0.029411764705882353
SIR,57,11,0.029411764705882353
SIR,57,12,0.029411764705882353
SIR,57,13,0.0
SIR,57,14,0.0
SIR,57,15,0.0
SIR,57,16,0.0
SIR,57,17,0.0
SIR,57,18,0.0
SIR,57,19,0.0
SIR,57,20,0.0
SIR,57,21,0.0
SIR,57,22,0.0
SIR,57,23,0.0
SIR,57,24,0.0
SIR,57,25,0.0
SIR,57,26,0.0
SIR,57,27,0.0
SIR,57,28,0.0
SIR,57,29,0.0
SIR,57,30,0.0
SIR,57,31,0.0
SIR,57,32,0.0
SIR,57,33,0.0
SIR,57,34,0.0
SIR,57,35,0.0
SIR,57,36,0.0
SIR,57,37,0.0
SIR,57,38,0.0
SIR,57,39,0.0
SIR,57,40,0.0
SIR,57,41,0.0
SIR,57,42,0.0
SIR,57,43,0.0
SIR,57,44,0.0
SIR,57,45,0.0
SIR,57,46,0.0
SIR,57,47,0.0
SIR,57,48,0.0
SIR,57,49,0.0
SIR,57,50,0.0
SIR,57,51,0.0
SIR,57,52,0.0
SIR,57,53,0.0
SIR,57,54,0.0
SIR,57,55,0.0
SIR,57,56,0.0
SIR,57,57,0.0
SIR,57,58,0.0
SIR,57,59,0.0
SIR,57,60,0.0
SIR,57,61,0.0
SIR,57,62,0.0
SIR,57,63,0.0
SIR,57,64,0.0
SIR,57,65,0.0
SIR,57,66,0.0
SIR,57,67,0.0
SIR,57,68,0.0
SIR,57,69,0.0
SIR,57,70,0.0
SIR,57,71,0.0
SIR,57,72,0.0
SIR,57,73,0.0
SIR,57,74,0.0
SIR,57,75,0.0
SIR,57,76,0.0
SIR,57,77,0.0
SIR,57,78,0.0
SIR,57,79,0.0
SIR,57,80,0.0
SIR,57,81,0.0
SIR,57,82,0.0
SIR,57,83,0.0
SIR,57,84,0.0
SIR,57,85,0.0
SIR,57,86,0.0
SIR,57,87,0.0
SIR,57,88,0.0
SIR,57,89,0.0
SIR,57,90,0.0
SIR,57,91,0.0
SIR,57,92,0.0
SIR,57,93,0.0
SIR,57,94,0.0
SIR,57,95,0.0
SIR,57,96,0.0
SIR,57,97,0.0
SIR,57,98,0.0
SIR,57,99,0.0
SIR,57,100,0.0
SIR,57,101,0.0
SIR,57,102,0.0
SIR,57,103,0.0
SIR,57,104,0.0
SIR,57,105,0.0
SIR,57,106,0.0
SIR,57,107,0.0
SIR,57,108,0.0
SIR,57,109,0.0
SIR,57,110,0.0
SIR,57,111,0.0
SIR,57,112,0.0
SIR,57,113,0.0
SIR,57,114,0.0
SIR,57,115,0.0
SIR,57,116,0.0
SIR,57,117,0.0
SIR,57,118,0.0
SIR,57,119,0.0
SIR,57,120,0.0
SIR,57,121,0.0
SIR,57,122,0.0
SIR,57,123,0.0
SIR,57,124,0.0
SIR,57,125,0.0
SIR,57,126,0.0
SIR,57,127,0.0
SIR,57,128,0.0
SIR,57,129,0.0
SIR,57,130,0.0
SIR,57,131,0.0
SIR,57,132,0.0
SIR,57,133,0.0
SIR,57,134,0.0
SIR,57,135,0.0
SIR,57,136,0.0
SIR,57,137,0.0
SIR,57,138,0.0
SIR,57,139,0.0
SIR,57,140,0.0
SIR,57,141,0.0
SIR,57,142,0.0
SIR,57,143,0.0
SIR,57,144,0.0
SIR,57,145,0.0
SIR,57,146,0.0
SIR,57,147,0.0
SIR,57,148,0.0
SIR,57,149,0.0
SIR,57,150,0.0
SIR,57,151,0.0
SIR,57,152,0.0
SIR,57,153,0.0
SIR,57,154,0.0
SIR,57,155,0.0
SIR,57,156,0.0
SIR,57,157,0.0
SIR,57,158,0.0
SIR,57,159,0.0
SIR,57,160,0.0
SIR,57,161,0.0
SIR,57,162,0.0
SIR,57,163,0.0
SIR,57,164,0.0
SIR,57,165,0.0
SIR,57,166,0.0
SIR,57,167,0.0
SIR,57,168,0.0
SIR,57,169,0.0
SIR,57,170,0.0
SIR,57,171,0.0
SIR,57,172,0.0
SIR,57,173,0.0
SIR,57,174,0.0
SIR,57,175,0.0
SIR,57,176,0.0
SIR,57,177,0.0
SIR,57,178,0.0
SIR,57,179,0.0
SIR,57,180,0.0
SIR,57,181,0.0
SIR,57,182,0.0
SIR,57,183,0.0
SIR,57,184,0.0
SIR,57,185,0.0
SIR,57,186,0.0
SIR,57,187,0.0
SIR,57,188,0.0
SIR,57,189,0.0
SIR,57,190,0.0
SIR,57,191,0.0
SIR,57,192,0.0
SIR,57,193,0.0
SIR,57,194,0.0
SIR,57,195,0.0
SIR,57,196,0.0
SIR,57,197,0.0
SIR,57,198,0.0
SIR,57,199,0.0
SIR,57,200,0.0
SIR,57,201,0.0
SIR,57,202,0.0
SIR,57,203,0.0
SIR,57,204,0.0
SIR,57,205,0.0
SIR,57,206,0.0
SIR,57,207,0.0
SIR,57,208,0.0
SIR,57,209,0.0
SIR,57,210,0.0
SIR,57,211,0.0
SIR,57,212,0.0
SIR,57,213,0.0
SIR,57,214,0.0
SIR,57,215,0.0
SIR,57,216,0.0
SIR,57,217,0.0
SIR,57,218,0.0
SIR,57,219,0.0
SIR,57,220,0.0
SIR,57,221,0.0
SIR,57,222,0.0
SIR,57,223,0.0
SIR,57,224,0.0
SIR,57,225,0.0
SIR,57,226,0.0
SIR,57,227,0.0
SIR,57,228,0.0
SIR,57,229,0.0
SIR,57,230,0.0
SIR,57,231,0.0
SIR,57,232,0.0
SIR,57,233,0.0
SIR,57,234,0.0
SIR,57,235,0.0
SIR,57,236,0.0
SIR,57,237,0.0
SIR,57,238,0.0
SIR,57,239,0.0
SIR,57,240,0.0
SIR,57,241,0.0
SIR,57,242,0.0
SIR,57,243,0.0
SIR,57,244,0.0
SIR,57,245,0.0
SIR,57,246,0.0
SIR,57,247,0.0
SIR,57,248,0.0
SIR,57,249,0.0
SIR,57,250,0.0
SIR,57,251,0.0
SIR,57,252,0.0
SIR,57,253,0.0
SIR,57,254,0.0
SIR,57,255,0.0
SIR,57,256,0.0
SIR,57,257,0.0
SIR,57,258,0.0
SIR,57,259,0.0
SIR,57,260,0.0
SIR,57,261,0.0
SIR,57,262,0.0
SIR,57,263,0.0
SIR,57,264,0.0
SIR,57,265,0.0
SIR,57,266,0.0
SIR,57,267,0.0
SIR,57,268,0.0
SIR,57,269,0.0
SIR,57,270,0.0
SIR,57,271,0.0
SIR,57,272,0.0
SIR,57,273,0.0
SIR,57,274,0.0
SIR,57,275,0.0
SIR,57,276,0.0
SIR,57,277,0.0
SIR,57,278,0.0
SIR,57,279,0.0
SIR,57,280,0.0
SIR,57,281,0.0
SIR,57,282,0.0
SIR,57,283,0.0
SIR,57,284,0.0
SIR,57,285,0.0
SIR,57,286,0.0
SIR,57,287,0.0
SIR,57,288,0.0
SIR,57,289,0.0
SIR,57,290,0.0
SIR,57,291,0.0
SIR,57,292,0.0
SIR,57,293,0.0
SIR,57,294,0.0
SIR,57,295,0.0
SIR,57,296,0.0
SIR,57,297,0.0
SIR,57,298,0.0
SIR,57,299,0.0
SIR,57,300,0.0
SIR,58,0,0.08823529411764706
SIR,58,1,0.029411764705882353
SIR,58,2,0.029411764705882353
SIR,58,3,0.029411764705882353
SIR,58,4,0.058823529411764705
SIR,58,5,0.058823529411764705
SIR,58,6,0.08823529411764706
SIR,58,7,0.11764705882352941
SIR,58,8,0.14705882352941177
SIR,58,9,0.14705882352941177
SIR,58,10,0.20588235294117646
SIR,58,11,0.20588235294117646
SIR,58,12,0.20588235294117646
SIR,58,13,0.17647058823529413
SIR,58,14,0.23529411764705882
SIR,58,15,0.23529411764705882
SIR,58,16,0.23529411764705882
SIR,58,17,0.17647058823529413
SIR,58,18,0.2647058823529412
SIR,58,19,0.23529411764705882
SIR,58,20,0.23529411764705882
SIR,58,21,0.20588235294117646
SIR,58,22,0.17647058823529413
SIR,58,23,0.17647058823529413
SIR,58,24,0.14705882352941177
SIR,58,25,0.11764705882352941
SIR,58,26,0.11764705882352941
SIR,58,27,0.08823529411764706
SIR,58,28,0.058823529411764705
SIR,58,29,0.0
SIR,58,30,0.0
SIR,58,31,0.0
SIR,58,32,0.0
SIR,58,33,0.0
SIR,58,34,0.0
SIR,58,35,0.0
SIR,58,36,0.0
SIR,58,37,0.0
SIR,58,38,0.0
SIR,58,39,0.0
SIR,58,40,0.0
SIR,58,41,0.0
SIR,58,42,0.0
SIR,58,43,0.0
SIR,58,44,0.0
SIR,58,45,0.0
SIR,58,46,0.0
SIR,58,47,0.0
SIR,58,48,0.0
SIR,58,49,0.0
SIR,58,50,0.0
SIR,58,51,0.0
SIR,58,52,0.0
SIR,58,53,0.0
SIR,58,54,0.0
SIR,58,55,0.0
SIR,58,56,0.0
SIR,58,57,0.0
SIR,58,58,0.0
SIR,58,59,0.0
SIR,58,60,0.0
SIR,58,61,0.0
SIR,58,62,0.0
SIR,58,63,0.0
SIR,58,64,0.0
SIR,58,65,0.0
SIR,58,66,0.0
SIR,58,67,0.0
SIR,58,68,0.0
SIR,58,69,0.0
SIR,58,70,0.0
SIR,58,71,0.0
SIR,58,72,0.0
SIR,58,73,0.0
SIR,58,74,0.0
SIR,58,75,0.0
SIR,58,76,0.0
SIR,58,77,0.0
SIR,58,78,0.0
SIR,58,79,0.0
SIR,58,80,0.0
SIR,58,81,0.0
SIR,58,82,0.0
SIR,58,83,0.0
SIR,58,84,0.0
SIR,58,85,0.0
SIR,58,86,0.0
SIR,58,87,0.0
SIR,58,88,0.0
SIR,58,89,0.0
SIR,58,90,0.0
SIR,58,91,0.0
SIR,58,92,0.0
SIR,58,93,0.0
SIR,58,94,0.0
SIR,58,95,0.0
SIR,58,96,0.0
SIR,58,97,0.0
SIR,58,98,0.0
SIR,58,99,0.0
SIR,58,100,0.0
SIR,58,101,0.0
SIR,58,102,0.0
SIR,58,103,0.0
SIR,58,104,0.0
SIR,58,105,0.0
SIR,58,106,0.0
SIR,58,107,0.0
SIR,58,108,0.0
SIR,58,109,0.0
SIR,58,110,0.0
SIR,58,111,0.0
SIR,58,112,0.0
SIR,58,113,0.0
SIR,58,114,0.0
SIR,58,115,0.0
SIR,58,116,0.0
SIR,58,117,0.0
SIR,58,118,0.0
SIR,58,119,0.0
SIR,58,120,0.0
SIR,58,121,0.0
SIR,58,122,0.0
SIR,58,123,0.0
SIR,58,124,0.0
SIR,58,125,0.0
SIR,58,126,0.0
SIR,58,127,0.0
SIR,58,128,0.0
SIR,58,129,0.0
SIR,58,130,0.0
SIR,58,131,0.0
SIR,58,132,0.0
SIR,58,133,0.0
SIR,58,134,0.0
SIR,58,135,0.0
SIR,58,136,0.0
SIR,58,137,0.0
SIR,58,138,0.0
SIR,58,139,0.0
SIR,58,140,0.0
SIR,58,141,0.0
SIR,58,142,0.0
SIR,58,143,0.0
SIR,58,144,0.0
SIR,58,145,0.0
SIR,58,146,0.0
SIR,58,147,0.0
SIR,58,148,0.0
SIR,58,149,0.0
SIR,58,150,0.0
SIR,58,151,0.0
SIR,58,152,0.0
SIR,58,153,0.0
SIR,58,154,0.0
SIR,58,155,0.0
SIR,58,156,0.0
SIR,58,157,0.0
SIR,58,158,0.0
SIR,58,159,0.0
SIR,58,160,0.0
SIR,58,161,0.0
SIR,58,162,0.0
SIR,58,163,0.0
SIR,58,164,0.0
SIR,58,165,0.0
SIR,58,166,0.0
SIR,58,167,0.0
SIR,58,168,0.0
SIR,58,169,0.0
SIR,58,170,0.0
SIR,58,171,0.0
SIR,58,172,0.0
SIR,58,173,0.0
SIR,58,174,0.0
SIR,58,175,0.0
SIR,58,176,0.0
SIR,58,177,0.0
SIR,58,178,0.0
SIR,58,179,0.0
SIR,58,180,0.0
SIR,58,181,0.0
SIR,58,182,0.0
SIR,58,183,0.0
SIR,58,184,0.0
SIR,58,185,0.0
SIR,58,186,0.0
SIR,58,187,0.0
SIR,58,188,0.0
SIR,58,189,0.0
SIR,58,190,0.0
SIR,58,191,0.0
SIR,58,192,0.0
SIR,58,193,0.0
SIR,58,194,0.0
SIR,58,195,0.0
SIR,58,196,0.0
SIR,58,197,0.0
SIR,58,198,0.0
SIR,58,199,0.0
SIR,58,200,0.0
SIR,58,201,0.0
SIR,58,202,0.0
SIR,58,203,0.0
SIR,58,204,0.0
SIR,58,205,0.0
SIR,58,206,0.0
SIR,58,207,0.0
SIR,58,208,0.0
SIR,58,209,0.0
SIR,58,210,0.0
SIR,58,211,0.0
SIR,58,212,0.0
SIR,58,213,0.0
SIR,58,214,0.0
SIR,58,215,0.0
SIR,58,216,0.0
SIR,58,217,0.0
SIR,58,218,0.0
SIR,58,219,0.0
SIR,58,220,0.0
SIR,58,221,0.0
SIR,58,222,0.0
SIR,58,223,0.0
SIR,58,224,0.0
SIR,58,225,0.0
SIR,58,226,0.0
SIR,58,227,0.0
SIR,58,228,0.0
SIR,58,229,0.0
SIR,58,230,0.0
SIR,58,231,0.0
SIR,58,232,0.0
SIR,58,233,0.0
SIR,58,234,0.0
SIR,58,235,0.0
SIR,58,236,0.0
SIR,58,237,0.0
SIR,58,238,0.0
SIR,58,239,0.0
SIR,58,240,0.0
SIR,58,241,0.0
SIR,58,242,0.0
SIR,58,243,0.0
SIR,58,244,0.0
SIR,58,245,0.0
SIR,58,246,0.0
SIR,58,247,0.0
SIR,58,248,0.0
SIR,58,249,0.0
SIR,58,250,0.0
SIR,58,251,0.0
SIR,58,252,0.0
SIR,58,253,0.0
SIR,58,254,0.0
SIR,58,255,0.0
SIR,58,256,0.0
SIR,58,257,0.0
SIR,58,258,0.0
SIR,58,259,0.0
SIR,58,260,0.0
SIR,58,261,0.0
SIR,58,262,0.0
SIR,58,263,0.0
SIR,58,264,0.0
SIR,58,265,0.0
SIR,58,266,0.0
SIR,58,267,0.0
SIR,58,268,0.0
SIR,58,269,0.0
SIR,58,270,0.0
SIR,58,271,0.0
SIR,58,272,0.0
SIR,58,273,0.0
SIR,58,274,0.0
SIR,58,275,0.0
SIR,58,276,0.0
SIR,58,277,0.0
SIR,58,278,0.0
SIR,58,279,0.0
SIR,58,280,0.0
SIR,58,281,0.0
SIR,58,282,0.0
SIR,58,283,0.0
SIR,58,284,0.0
SIR,58,285,0.0
SIR,58,286,0.0
SIR,58,287,0.0
SIR,58,288,0.0
SIR,58,289,0.0
SIR,58,290,0.0
SIR,58,291,0.0
SIR,58,292,0.0
SIR,58,293,0.0
SIR,58,294,0.0
SIR,58,295,0.0
SIR,58,296,0.0
SIR,58,297,0.0
SIR,58,298,0.0
SIR,58,299,0.0
SIR,58,300,0.0
SIR,59,0,0.08823529411764706
SIR,59,1,0.14705882352941177
SIR,59,2,0.17647058823529413
SIR,59,3,0.17647058823529413
SIR,59,4,0.23529411764705882
SIR,59,5,0.2647058823529412
SIR,59,6,0.2647058823529412
SIR,59,7,0.20588235294117646
SIR,59,8,0.11764705882352941
SIR,59,9,0.11764705882352941
SIR,59,10,0.14705882352941177
SIR,59,11,0.08823529411764706
SIR,59,12,0.08823529411764706
SIR,59,13,0.08823529411764706
SIR,59,14,0.08823529411764706
SIR,59,15,0.08823529411764706
SIR,59,16,0.029411764705882353
SIR,59,17,0.029411764705882353
SIR,59,18,0.0
SIR,59,19,0.0
SIR,59,20,0.0
SIR,59,21,0.0
SIR,59,22,0.0
SIR,59,23,0.0
SIR,59,24,0.0
SIR,59,25,0.0
SIR,59,26,0.0
SIR,59,27,0.0
SIR,59,28,0.0
SIR,59,29,0.0
SIR,59,30,0.0
SIR,59,31,0.0
SIR,59,32,0.0
SIR,59,33,0.0
SIR,59,34,0.0
SIR,59,35,0.0
SIR,59,36,0.0
SIR,59,37,0.0
SIR,59,38,0.0
SIR,59,39,0.0
SIR,59,40,0.0
SIR,59,41,0.0
SIR,59,42,0.0
SIR,59,43,0.0
SIR,59,44,0.0
SIR,59,45,0.0
SIR,59,46,0.0
SIR,59,47,0.0
SIR,59,48,0.0
SIR,59,49,0.0
SIR,59,50,0.0
SIR,59,51,0.0
SIR,59,52,0.0
SIR,59,53,0.0
SIR,59,54,0.0
SIR,59,55,0.0
SIR,59,56,0.0
SIR,59,57,0.0
SIR,59,58,0.0
SIR,59,59,0.0
SIR,59,60,0.0
SIR,59,61,0.0
SIR,59,62,0.0
SIR,59,63,0.0
SIR,59,64,0.0
SIR,59,65,0.0
SIR,59,66,0.0
SIR,59,67,0.0
SIR,59,68,0.0
SIR,59,69,0.0
SIR,59,70,0.0
SIR,59,71,0.0
SIR,59,72,0.0
SIR,59,73,0.0
SIR,59,74,0.0
SIR,59,75,0.0
SIR,59,76,0.0
SIR,59,77,0.0
SIR,59,78,0.0
SIR,59,79,0.0
SIR,59,80,0.0
SIR,59,81,0.0
SIR,59,82,0.0
SIR,59,83,0.0
SIR,59,84,0.0
SIR,59,85,0.0
SIR,59,86,0.0
SIR,59,87,0.0
SIR,59,88,0.0
SIR,59,89,0.0
SIR,59,90,0.0
SIR,59,91,0.0
SIR,59,92,0.0
SIR,59,93,0.0
SIR,59,94,0.0
SIR,59,95,0.0
SIR,59,96,0.0
SIR,59,97,0.0
SIR,59,98,0.0
SIR,59,99,0.0
SIR,59,100,0.0
SIR,59,101,0.0
SIR,59,102,0.0
SIR,59,103,0.0
SIR,59,104,0.0
SIR,59,105,0.0
SIR,59,106,0.0
SIR,59,107,0.0
SIR,59,108,0.0
SIR,59,109,0.0
SIR,59,110,0.0
SIR,59,111,0.0
SIR,59,112,0.0
SIR,59,113,0.0
SIR,59,114,0.0
SIR,59,115,0.0
SIR,59,116,0.0
SIR,59,117,0.0
SIR,59,118,0.0
SIR,59,119,0.0
SIR,59,120,0.0
SIR,59,121,0.0
SIR,59,122,0.0
SIR,59,123,0.0
SIR,59,124,0.0
SIR,59,125,0.0
SIR,59,126,0.0
SIR,59,127,0.0
SIR,59,128,0.0
SIR,59,129,0.0
SIR,59,130,0.0
SIR,59,131,0.0
SIR,59,132,0.0
SIR,59,133,0.0
SIR,59,134,0.0
SIR,59,135,0.0
SIR,59,136,0.0
SIR,59,137,0.0
SIR,59,138,0.0
SIR,59,139,0.0
SIR,59,140,0.0
SIR,59,141,0.0
SIR,59,142,0.0
SIR,59,143,0.0
SIR,59,144,0.0
SIR,59,145,0.0
SIR,59,146,0.0
SIR,59,147,0.0
SIR,59,148,0.0
SIR,59,149,0.0
SIR,59,150,0.0
SIR,59,151,0.0
SIR,59,152,0.0
SIR,59,153,0.0
SIR,59,154,0.0
SIR,59,155,0.0
SIR,59,156,0.0
SIR,59,157,0.0
SIR,59,158,0.0
SIR,59,159,0.0
SIR,59,160,0.0
SIR,59,161,0.0
SIR,59,162,0.0
SIR,59,163,0.0
SIR,59,164,0.0
SIR,59,165,0.0
SIR,59,166,0.0
SIR,59,167,0.0
SIR,59,168,0.0
SIR,59,169,0.0
SIR,59,170,0.0
SIR,59,171,0.0
SIR,59,172,0.0
SIR,59,173,0.0
SIR,59,174,0.0
SIR,59,175,0.0
SIR,59,176,0.0
SIR,59,177,0.0
SIR,59,178,0.0
SIR,59,179,0.0
SIR,59,180,0.0
SIR,59,181,0.0
SIR,59,182,0.0
SIR,59,183,0.0
SIR,59,184,0.0
SIR,59,185,0.0
SIR,59,186,0.0
SIR,59,187,0.0
SIR,59,188,0.0
SIR,59,189,0.0
SIR,59,190,0.0
SIR,59,191,0.0
SIR,59,192,0.0
SIR,59,193,0.0
SIR,59,194,0.0
SIR,59,195,0.0
SIR,59,196,0.0
SIR,59,197,0.0
SIR,59,198,0.0
SIR,59,199,0.0
SIR,59,200,0.0
SIR,59,201,0.0
SIR,59,202,0.0
SIR,59,203,0.0
SIR,59,204,0.0
SIR,59,205,0.0
SIR,59,206,0.0
SIR,59,207,0.0
SIR,59,208,0.0
SIR,59,209,0.0
SIR,59,210,0.0
SIR,59,211,0.0
SIR,59,212,0.0
SIR,59,213,0.0
SIR,59,214,0.0
SIR,59,215,0.0
SIR,59,216,0.0
SIR,59,217,0.0
SIR,59,218,0.0
SIR,59,219,0.0
SIR,59,220,0.0
SIR,59,221,0.0
SIR,59,222,0.0
SIR,59,223,0.0
SIR,59,224,0.0
SIR,59,225,0.0
SIR,59,226,0.0
SIR,59,227,0.0
SIR,59,228,0.0
SIR,59,229,0.0
SIR,59,230,0.0
SIR,59,231,0.0
SIR,59,232,0.0
SIR,59,233,0.0
SIR,59,234,0.0
SIR,59,235,0.0
SIR,59,236,0.0
SIR,59,237,0.0
SIR,59,238,0.0
SIR,59,239,0.0
SIR,59,240,0.0
SIR,59,241,0.0
SIR,59,242,0.0
SIR,59,243,0.0
SIR,59,244,0.0
SIR,59,245,0.0
SIR,59,246,0.0
SIR,59,247,0.0
SIR,59,248,0.0
SIR,59,249,0.0
SIR,59,250,0.0
SIR,59,251,0.0
SIR,59,252,0.0
SIR,59,253,0.0
SIR,59,254,0.0
SIR,59,255,0.0
SIR,59,256,0.0
SIR,59,257,0.0
SIR,59,258,0.0
SIR,59,259,0.0
SIR,59,260,0.0
SIR,59,261,0.0
SIR,59,262,0.0
SIR,59,263,0.0
SIR,59,264,0.0
SIR,59,265,0.0
SIR,59,266,0.0
SIR,59,267,0.0
SIR,59,268,0.0
SIR,59,269,0.0
SIR,59,270,0.0
SIR,59,271,0.0
SIR,59,272,0.0
SIR,59,273,0.0
SIR,59,274,0.0
SIR,59,275,0.0
SIR,59,276,0.0
SIR,59,277,0.0
SIR,59,278,0.0
SIR,59,279,0.0
SIR,59,280,0.0
SIR,59,281,0.0
SIR,59,282,0.0
SIR,59,283,0.0
SIR,59,284,0.0
SIR,59,285,0.0
SIR,59,286,0.0
SIR,59,287,0.0
SIR,59,288,0.0
SIR,59,289,0.0
SIR,59,290,0.0
SIR,59,291,0.0
SIR,59,292,0.0
SIR,59,293,0.0
SIR,59,294,0.0
SIR,59,295,0.0
SIR,59,296,0.0
SIR,59,297,0.0
SIR,59,298,0.0
SIR,59,299,0.0
SIR,59,300,0.0
SIR,60,0,0.08823529411764706
SIR,60,1,0.058823529411764705
SIR,60,2,0.058823529411764705
SIR,60,3,0.08823529411764706
SIR,60,4,0.08823529411764706
SIR,60,5,0.08823529411764706
SIR,60,6,0.14705882352941177
SIR,60,7,0.20588235294117646
SIR,60,8,0.14705882352941177
SIR,60,9,0.08823529411764706
SIR,60,10,0.08823529411764706
SIR,60,11,0.058823529411764705
SIR,60,12,0.08823529411764706
SIR,60,13,0.08823529411764706
SIR,60,14,0.11764705882352941
SIR,60,15,0.11764705882352941
SIR,60,16,0.11764705882352941
SIR,60,17,0.17647058823529413
SIR,60,18,0.20588235294117646
SIR,60,19,0.08823529411764706
SIR,60,20,0.058823529411764705
SIR,60,21,0.08823529411764706
SIR,60,22,0.08823529411764706
SIR,60,23,0.058823529411764705
SIR,60,24,0.08823529411764706
SIR,60,25,0.058823529411764705
SIR,60,26,0.058823529411764705
SIR,60,27,0.058823529411764705
SIR,60,28,0.029411764705882353
SIR,60,29,0.029411764705882353
SIR,60,30,0.029411764705882353
SIR,60,31,0.029411764705882353
SIR,60,32,0.0
SIR,60,33,0.0
SIR,60,34,0.0
SIR,60,35,0.0
SIR,60,36,0.0
SIR,60,37,0.0
SIR,60,38,0.0
SIR,60,39,0.0
SIR,60,40,0.0
SIR,60,41,0.0
SIR,60,42,0.0
SIR,60,43,0.0
SIR,60,44,0.0
SIR,60,45,0.0
SIR,60,46,0.0
SIR,60,47,0.0
SIR,60,48,0.0
SIR,60,49,0.0
SIR,60,50,0.0
SIR,60,51,0.0
SIR,60,52,0.0
SIR,60,53,0.0
SIR,60,54,0.0
SIR,60,55,0.0
SIR,60,56,0.0
SIR,60,57,0.0
SIR,60,58,0.0
SIR,60,59,0.0
SIR,60,60,0.0
SIR,60,61,0.0
SIR,60,62,0.0
SIR,60,63,0.0
SIR,60,64,0.0
SIR,60,65,0.0
SIR,60,66,0.0
SIR,60,67,0.0
SIR,60,68,0.0
SIR,60,69,0.0
SIR,60,70,0.0
SIR,60,71,0.0
SIR,60,72,0.0
SIR,60,73,0.0
SIR,60,74,0.0
SIR,60,75,0.0
SIR,60,76,0.0
SIR,60,77,0.0
SIR,60,78,0.0
SIR,60,79,0.0
SIR,60,80,0.0
SIR,60,81,0.0
SIR,60,82,0.0
SIR,60,83,0.0
SIR,60,84,0.0
SIR,60,85,0.0
SIR,60,86,0.0
SIR,60,87,0.0
SIR,60,88,0.0
SIR,60,89,0.0
SIR,60,90,0.0
SIR,60,91,0.0
SIR,60,92,0.0
SIR,60,93,0.0
SIR,60,94,0.0
SIR,60,95,0.0
SIR,60,96,0.0
SIR,60,97,0.0
SIR,60,98,0.0
SIR,60,99,0.0
SIR,60,100,0.0
SIR,60,101,0.0
SIR,60,102,0.0
SIR,60,103,0.0
SIR,60,104,0.0
SIR,60,105,0.0
SIR,60,106,0.0
SIR,60,107,0.0
SIR,60,108,0.0
SIR,60,109,0.0
SIR,60,110,0.0
SIR,60,111,0.0
SIR,60,112,0.0
SIR,60,113,0.0
SIR,60,114,0.0
SIR,60,115,0.0
SIR,60,116,0.0
SIR,60,117,0.0
SIR,60,118,0.0
SIR,60,119,0.0
SIR,60,120,0.0
SIR,60,121,0.0
SIR,60,122,0.0
SIR,60,123,0.0
SIR,60,124,0.0
SIR,60,125,0.0
SIR,60,126,0.0
SIR,60,127,0.0
SIR,60,128,0.0
SIR,60,129,0.0
SIR,60,130,0.0
SIR,60,131,0.0
SIR,60,132,0.0
SIR,60,133,0.0
SIR,60,134,0.0
SIR,60,135,0.0
SIR,60,136,0.0
SIR,60,137,0.0
SIR,60,138,0.0
SIR,60,139,0.0
SIR,60,140,0.0
SIR,60,141,0.0
SIR,60,142,0.0
SIR,60,143,0.0
SIR,60,144,0.0
SIR,60,145,0.0
SIR,60,146,0.0
SIR,60,147,0.0
SIR,60,148,0.0
SIR,60,149,0.0
SIR,60,150,0.0
SIR,60,151,0.0
SIR,60,152,0.0
SIR,60,153,0.0
SIR,60,154,0.0
SIR,60,155,0.0
SIR,60,156,0.0
SIR,60,157,0.0
SIR,60,158,0.0
SIR,60,159,0.0
SIR,60,160,0.0
SIR,60,161,0.0
SIR,60,162,0.0
SIR,60,163,0.0
SIR,60,164,0.0
SIR,60,165,0.0
SIR,60,166,0.0
SIR,60,167,0.0
SIR,60,168,0.0
SIR,60,169,0.0
SIR,60,170,0.0
SIR,60,171,0.0
SIR,60,172,0.0
SIR,60,173,0.0
SIR,60,174,0.0
SIR,60,175,0.0
SIR,60,176,0.0
SIR,60,177,0.0
SIR,60,178,0.0
SIR,60,179,0.0
SIR,60,180,0.0
SIR,60,181,0.0
SIR,60,182,0.0
SIR,60,183,0.0
SIR,60,184,0.0
SIR,60,185,0.0
SIR,60,186,0.0
SIR,60,187,0.0
SIR,60,188,0.0
SIR,60,189,0.0
SIR,60,190,0.0
SIR,60,191,0.0
SIR,60,192,0.0
SIR,60,193,0.0
SIR,60,194,0.0
SIR,60,195,0.0
SIR,60,196,0.0
SIR,60,197,0.0
SIR,60,198,0.0
SIR,60,199,0.0
SIR,60,200,0.0
SIR,60,201,0.0
SIR,60,202,0.0
SIR,60,203,0.0
SIR,60,204,0.0
SIR,60,205,0.0
SIR,60,206,0.0
SIR,60,207,0.0
SIR,60,208,0.0
SIR,60,209,0.0
SIR,60,210,0.0
SIR,60,211,0.0
SIR,60,212,0.0
SIR,60,213,0.0
SIR,60,214,0.0
SIR,60,215,0.0
SIR,60,216,0.0
SIR,60,217,0.0
SIR,60,218,0.0
SIR,60,219,0.0
SIR,60,220,0.0
SIR,60,221,0.0
SIR,60,222,0.0
SIR,60,223,0.0
SIR,60,224,0.0
SIR,60,225,0.0
SIR,60,226,0.0
SIR,60,227,0.0
SIR,60,228,0.0
SIR,60,229,0.0
SIR,60,230,0.0
SIR,60,231,0.0
SIR,60,232,0.0
SIR,60,233,0.0
SIR,60,234,0.0
SIR,60,235,0.0
SIR,60,236,0.0
SIR,60,237,0.0
SIR,60,238,0.0
SIR,60,239,0.0
SIR,60,240,0.0
SIR,60,241,0.0
SIR,60,242,0.0
SIR,60,243,0.0
SIR,60,244,0.0
SIR,60,245,0.0
SIR,60,246,0.0
SIR,60,247,0.0
SIR,60,248,0.0
SIR,60,249,0.0
SIR,60,250,0.0
SIR,60,251,0.0
SIR,60,252,0.0
SIR,60,253,0.0
SIR,60,254,0.0
SIR,60,255,0.0
SIR,60,256,0.0
SIR,60,257,0.0
SIR,60,258,0.0
SIR,60,259,0.0
SIR,60,260,0.0
SIR,60,261,0.0
SIR,60,262,0.0
SIR,60,263,0.0
SIR,60,264,0.0
SIR,60,265,0.0
SIR,60,266,0.0
SIR,60,267,0.0
SIR,60,268,0.0
SIR,60,269,0.0
SIR,60,270,0.0
SIR,60,271,0.0
SIR,60,272,0.0
SIR,60,273,0.0
SIR,60,274,0.0
SIR,60,275,0.0
SIR,60,276,0.0
SIR,60,277,0.0
SIR,60,278,0.0
SIR,60,279,0.0
SIR,60,280,0.0
SIR,60,281,0.0
SIR,60,282,0.0
SIR,60,283,0.0
SIR,60,284,0.0
SIR,60,285,0.0
SIR,60,286,0.0
SIR,60,287,0.0
SIR,60,288,0.0
SIR,60,289,0.0
SIR,60,290,0.0
SIR,60,291,0.0
SIR,60,292,0.0
SIR,60,293,0.0
SIR,60,294,0.0
SIR,60,295,0.0
SIR,60,296,0.0
SIR,60,297,0.0
SIR,60,298,0.0
SIR,60,299,0.0
SIR,60,300,0.0
SIR,61,0,0.08823529411764706
SIR,61,1,0.08823529411764706
SIR,61,2,0.08823529411764706
SIR,61,3,0.058823529411764705
SIR,61,4,0.058823529411764705
SIR,61,5,0.029411764705882353
SIR,61,6,0.029411764705882353
SIR,61,7,0.029411764705882353
SIR,61,8,0.058823529411764705
SIR,61,9,0.058823529411764705
SIR,61,10,0.058823529411764705
SIR,61,11,0.029411764705882353
SIR,61,12,0.029411764705882353
SIR,61,13,0.029411764705882353
SIR,61,14,0.0
SIR,61,15,0.0
SIR,61,16,0.0
SIR,61,17,0.0
SIR,61,18,0.0
SIR,61,19,0.0
SIR,61,20,0.0
SIR,61,21,0.0
SIR,61,22,0.0
SIR,61,23,0.0
SIR,61,24,0.0
SIR,61,25,0.0
SIR,61,26,0.0
SIR,61,27,0.0
SIR,61,28,0.0
SIR,61,29,0.0
SIR,61,30,0.0
SIR,61,31,0.0
SIR,61,32,0.0
SIR,61,33,0.0
SIR,61,34,0.0
SIR,61,35,0.0
SIR,61,36,0.0
SIR,61,37,0.0
SIR,61,38,0.0
SIR,61,39,0.0
SIR,61,40,0.0
SIR,61,41,0.0
SIR,61,42,0.0
SIR,61,43,0.0
SIR,61,44,0.0
SIR,61,45,0.0
SIR,61,46,0.0
SIR,61,47,0.0
SIR,61,48,0.0
SIR,61,49,0.0
SIR,61,50,0.0
SIR,61,51,0.0
SIR,61,52,0.0
SIR,61,53,0.0
SIR,61,54,0.0
SIR,61,55,0.0
SIR,61,56,0.0
SIR,61,57,0.0
SIR,61,58,0.0
SIR,61,59,0.0
SIR,61,60,0.0
SIR,61,61,0.0
SIR,61,62,0.0
SIR,61,63,0.0
SIR,61,64,0.0
SIR,61,65,0.0
SIR,61,66,0.0
SIR,61,67,0.0
SIR,61,68,0.0
SIR,61,69,0.0
SIR,61,70,0.0
SIR,61,71,0.0
SIR,61,72,0.0
SIR,61,73,0.0
SIR,61,74,0.0
SIR,61,75,0.0
SIR,61,76,0.0
SIR,61,77,0.0
SIR,61,78,0.0
SIR,61,79,0.0
SIR,61,80,0.0
SIR,61,81,0.0
SIR,61,82,0.0
SIR,61,83,0.0
SIR,61,84,0.0
SIR,61,85,0.0
SIR,61,86,0.0
SIR,61,87,0.0
SIR,61,88,0.0
SIR,61,89,0.0
SIR,61,90,0.0
SIR,61,91,0.0
SIR,61,92,0.0
SIR,61,93,0.0
SIR,61,94,0.0
SIR,61,95,0.0
SIR,61,96,0.0
SIR,61,97,0.0
SIR,61,98,0.0
SIR,61,99,0.0
SIR,61,100,0.0
SIR,61,101,0.0
SIR,61,102,0.0
SIR,61,103,0.0
SIR,61,104,0.0
SIR,61,105,0.0
SIR,61,106,0.0
SIR,61,107,0.0
SIR,61,108,0.0
SIR,61,109,0.0
SIR,61,110,0.0
SIR,61,111,0.0
SIR,61,112,0.0
SIR,61,113,0.0
SIR,61,114,0.0
SIR,61,115,0.0
SIR,61,116,0.0
SIR,61,117,0.0
SIR,61,118,0.0
SIR,61,119,0.0
SIR,61,120,0.0
SIR,61,121,0.0
SIR,61,122,0.0
SIR,61,123,0.0
SIR,61,124,0.0
SIR,61,125,0.0
SIR,61,126,0.0
SIR,61,127,0.0
SIR,61,128,0.0
SIR,61,129,0.0
SIR,61,130,0.0
SIR,61,131,0.0
SIR,61,132,0.0
SIR,61,133,0.0
SIR,61,134,0.0
SIR,61,135,0.0
SIR,61,136,0.0
SIR,61,137,0.0
SIR,61,138,0.0
SIR,61,139,0.0
SIR,61,140,0.0
SIR,61,141,0.0
SIR,61,142,0.0
SIR,61,143,0.0
SIR,61,144,0.0
SIR,61,145,0.0
SIR,61,146,0.0
SIR,61,147,0.0
SIR,61,148,0.0
SIR,61,149,0.0
SIR,61,150,0.0
SIR,61,151,0.0
SIR,61,152,0.0
SIR,61,153,0.0
SIR,61,154,0.0
SIR,61,155,0.0
SIR,61,156,0.0
SIR,61,157,0.0
SIR,61,158,0.0
SIR,61,159,0.0
SIR,61,160,0.0
SIR,61,161,0.0
SIR,61,162,0.0
SIR,61,163,0.0
SIR,61,164,0.0
SIR,61,165,0.0
SIR,61,166,0.0
SIR,61,167,0.0
SIR,61,168,0.0
SIR,61,169,0.0
SIR,61,170,0.0
SIR,61,171,0.0
SIR,61,172,0.0
SIR,61,173,0.0
SIR,61,174,0.0
SIR,61,175,0.0
SIR,61,176,0.0
SIR,61,177,0.0
SIR,61,178,0.0
SIR,61,179,0.0
SIR,61,180,0.0
SIR,61,181,0.0
SIR,61,182,0.0
SIR,61,183,0.0
SIR,61,184,0.0
SIR,61,185,0.0
SIR,61,186,0.0
SIR,61,187,0.0
SIR,61,188,0.0
SIR,61,189,0.0
SIR,61,190,0.0
SIR,61,191,0.0
SIR,61,192,0.0
SIR,61,193,0.0
SIR,61,194,0.0
SIR,61,195,0.0
SIR,61,196,0.0
SIR,61,197,0.0
SIR,61,198,0.0
SIR,61,199,0.0
SIR,61,200,0.0
SIR,61,201,0.0
SIR,61,202,0.0
SIR,61,203,0.0
SIR,61,204,0.0
SIR,61,205,0.0
SIR,61,206,0.0
SIR,61,207,0.0
SIR,61,208,0.0
SIR,61,209,0.0
SIR,61,210,0.0
SIR,61,211,0.0
SIR,61,212,0.0
SIR,61,213,0.0
SIR,61,214,0.0
SIR,61,215,0.0
SIR,61,216,0.0
SIR,61,217,0.0
SIR,61,218,0.0
SIR,61,219,0.0
SIR,61,220,0.0
SIR,61,221,0.0
SIR,61,222,0.0
SIR,61,223,0.0
SIR,61,224,0.0
SIR,61,225,0.0
SIR,61,226,0.0
SIR,61,227,0.0
SIR,61,228,0.0
SIR,61,229,0.0
SIR,61,230,0.0
SIR,61,231,0.0
SIR,61,232,0.0
SIR,61,233,0.0
SIR,61,234,0.0
SIR,61,235,0.0
SIR,61,236,0.0
SIR,61,237,0.0
SIR,61,238,0.0
SIR,61,239,0.0
SIR,61,240,0.0
SIR,61,241,0.0
SIR,61,242,0.0
SIR,61,243,0.0
SIR,61,244,0.0
SIR,61,245,0.0
SIR,61,246,0.0
SIR,61,247,0.0
SIR,61,248,0.0
SIR,61,249,0.0
SIR,61,250,0.0
SIR,61,251,0.0
SIR,61,252,0.0
SIR,61,253,0.0
SIR,61,254,0.0
SIR,61,255,0.0
SIR,61,256,0.0
SIR,61,257,0.0
SIR,61,258,0.0
SIR,61,259,0.0
SIR,61,260,0.0
SIR,61,261,0.0
SIR,61,262,0.0
SIR,61,263,0.0
SIR,61,264,0.0
SIR,61,265,0.0
SIR,61,266,0.0
SIR,61,267,0.0
SIR,61,268,0.0
SIR,61,269,0.0
SIR,61,270,0.0
SIR,61,271,0.0
SIR,61,272,0.0
SIR,61,273,0.0
SIR,61,274,0.0
SIR,61,275,0.0
SIR,61,276,0.0
SIR,61,277,0.0
SIR,61,278,0.0
SIR,61,279,0.0
SIR,61,280,0.0
SIR,61,281,0.0
SIR,61,282,0.0
SIR,61,283,0.0
SIR,61,284,0.0
SIR,61,285,0.0
SIR,61,286,0.0
SIR,61,287,0.0
SIR,61,288,0.0
SIR,61,289,0.0
SIR,61,290,0.0
SIR,61,291,0.0
SIR,61,292,0.0
SIR,61,293,0.0
SIR,61,294,0.0
SIR,61,295,0.0
SIR,61,296,0.0
SIR,61,297,0.0
SIR,61,298,0.0
SIR,61,299,0.0
SIR,61,300,0.0
SIR,62,0,0.08823529411764706
SIR,62,1,0.08823529411764706
SIR,62,2,0.08823529411764706
SIR,62,3,0.058823529411764705
SIR,62,4,0.058823529411764705
SIR,62,5,0.08823529411764706
SIR,62,6,0.058823529411764705
SIR,62,7,0.058823529411764705
SIR,62,8,0.08823529411764706
SIR,62,9,0.058823529411764705
SIR,62,10,0.058823529411764705
SIR,62,11,0.058823529411764705
SIR,62,12,0.029411764705882353
SIR,62,13,0.0
SIR,62,14,0.0
SIR,62,15,0.0
SIR,62,16,0.0
SIR,62,17,0.0
SIR,62,18,0.0
SIR,62,19,0.0
SIR,62,20,0.0
SIR,62,21,0.0
SIR,62,22,0.0
SIR,62,23,0.0
SIR,62,24,0.0
SIR,62,25,0.0
SIR,62,26,0.0
SIR,62,27,0.0
SIR,62,28,0.0
SIR,62,29,0.0
SIR,62,30,0.0
SIR,62,31,0.0
SIR,62,32,0.0
SIR,62,33,0.0
SIR,62,34,0.0
SIR,62,35,0.0
SIR,62,36,0.0
SIR,62,37,0.0
SIR,62,38,0.0
SIR,62,39,0.0
SIR,62,40,0.0
SIR,62,41,0.0
SIR,62,42,0.0
SIR,62,43,0.0
SIR,62,44,0.0
SIR,62,45,0.0
SIR,62,46,0.0
SIR,62,47,0.0
SIR,62,48,0.0
SIR,62,49,0.0
SIR,62,50,0.0
SIR,62,51,0.0
SIR,62,52,0.0
SIR,62,53,0.0
SIR,62,54,0.0
SIR,62,55,0.0
SIR,62,56,0.0
SIR,62,57,0.0
SIR,62,58,0.0
SIR,62,59,0.0
SIR,62,60,0.0
SIR,62,61,0.0
SIR,62,62,0.0
SIR,62,63,0.0
SIR,62,64,0.0
SIR,62,65,0.0
SIR,62,66,0.0
SIR,62,67,0.0
SIR,62,68,0.0
SIR,62,69,0.0
SIR,62,70,0.0
SIR,62,71,0.0
SIR,62,72,0.0
SIR,62,73,0.0
SIR,62,74,0.0
SIR,62,75,0.0
SIR,62,76,0.0
SIR,62,77,0.0
SIR,62,78,0.0
SIR,62,79,0.0
SIR,62,80,0.0
SIR,62,81,0.0
SIR,62,82,0.0
SIR,62,83,0.0
SIR,62,84,0.0
SIR,62,85,0.0
SIR,62,86,0.0
SIR,62,87,0.0
SIR,62,88,0.0
SIR,62,89,0.0
SIR,62,90,0.0
SIR,62,91,0.0
SIR,62,92,0.0
SIR,62,93,0.0
SIR,62,94,0.0
SIR,62,95,0.0
SIR,62,96,0.0
SIR,62,97,0.0
SIR,62,98,0.0
SIR,62,99,0.0
SIR,62,100,0.0
SIR,62,101,0.0
SIR,62,102,0.0
SIR,62,103,0.0
SIR,62,104,0.0
SIR,62,105,0.0
SIR,62,106,0.0
SIR,62,107,0.0
SIR,62,108,0.0
SIR,62,109,0.0
SIR,62,110,0.0
SIR,62,111,0.0
SIR,62,112,0.0
SIR,62,113,0.0
SIR,62,114,0.0
SIR,62,115,0.0
SIR,62,116,0.0
SIR,62,117,0.0
SIR,62,118,0.0
SIR,62,119,0.0
SIR,62,120,0.0
SIR,62,121,0.0
SIR,62,122,0.0
SIR,62,123,0.0
SIR,62,124,0.0
SIR,62,125,0.0
SIR,62,126,0.0
SIR,62,127,0.0
SIR,62,128,0.0
SIR,62,129,0.0
SIR,62,130,0.0
SIR,62,131,0.0
SIR,62,132,0.0
SIR,62,133,0.0
SIR,62,134,0.0
SIR,62,135,0.0
SIR,62,136,0.0
SIR,62,137,0.0
SIR,62,138,0.0
SIR,62,139,0.0
SIR,62,140,0.0
SIR,62,141,0.0
SIR,62,142,0.0
SIR,62,143,0.0
SIR,62,144,0.0
SIR,62,145,0.0
SIR,62,146,0.0
SIR,62,147,0.0
SIR,62,148,0.0
SIR,62,149,0.0
SIR,62,150,0.0
SIR,62,151,0.0
SIR,62,152,0.0
SIR,62,153,0.0
SIR,62,154,0.0
SIR,62,155,0.0
SIR,62,156,0.0
SIR,62,157,0.0
SIR,62,158,0.0
SIR,62,159,0.0
SIR,62,160,0.0
SIR,62,161,0.0
SIR,62,162,0.0
SIR,62,163,0.0
SIR,62,164,0.0
SIR,62,165,0.0
SIR,62,166,0.0
SIR,62,167,0.0
SIR,62,168,0.0
SIR,62,169,0.0
SIR,62,170,0.0
SIR,62,171,0.0
SIR,62,172,0.0
SIR,62,173,0.0
SIR,62,174,0.0
SIR,62,175,0.0
SIR,62,176,0.0
SIR,62,177,0.0
SIR,62,178,0.0
SIR,62,179,0.0
SIR,62,180,0.0
SIR,62,181,0.0
SIR,62,182,0.0
SIR,62,183,0.0
SIR,62,184,0.0
SIR,62,185,0.0
SIR,62,186,0.0
SIR,62,187,0.0
SIR,62,188,0.0
SIR,62,189,0.0
SIR,62,190,0.0
SIR,62,191,0.0
SIR,62,192,0.0
SIR,62,193,0.0
SIR,62,194,0.0
SIR,62,195,0.0
SIR,62,196,0.0
SIR,62,197,0.0
SIR,62,198,0.0
SIR,62,199,0.0
SIR,62,200,0.0
SIR,62,201,0.0
SIR,62,202,0.0
SIR,62,203,0.0
SIR,62,204,0.0
SIR,62,205,0.0
SIR,62,206,0.0
SIR,62,207,0.0
SIR,62,208,0.0
SIR,62,209,0.0
SIR,62,210,0.0
SIR,62,211,0.0
SIR,62,212,0.0
SIR,62,213,0.0
SIR,62,214,0.0
SIR,62,215,0.0
SIR,62,216,0.0
SIR,62,217,0.0
SIR,62,218,0.0
SIR,62,219,0.0
SIR,62,220,0.0
SIR,62,221,0.0
SIR,62,222,0.0
SIR,62,223,0.0
SIR,62,224,0.0
SIR,62,225,0.0
SIR,62,226,0.0
SIR,62,227,0.0
SIR,62,228,0.0
SIR,62,229,0.0
SIR,62,230,0.0
SIR,62,231,0.0
SIR,62,232,0.0
SIR,62,233,0.0
SIR,62,234,0.0
SIR,62,235,0.0
SIR,62,236,0.0
SIR,62,237,0.0
SIR,62,238,0.0
SIR,62,239,0.0
SIR,62,240,0.0
SIR,62,241,0.0
SIR,62,242,0.0
SIR,62,243,0.0
SIR,62,244,0.0
SIR,62,245,0.0
SIR,62,246,0.0
SIR,62,247,0.0
SIR,62,248,0.0
SIR,62,249,0.0
SIR,62,250,0.0
SIR,62,251,0.0
SIR,62,252,0.0
SIR,62,253,0.0
SIR,62,254,0.0
SIR,62,255,0.0
SIR,62,256,0.0
SIR,62,257,0.0
SIR,62,258,0.0
SIR,62,259,0.0
SIR,62,260,0.0
SIR,62,261,0.0
SIR,62,262,0.0
SIR,62,263,0.0
SIR,62,264,0.0
SIR,62,265,0.0
SIR,62,266,0.0
SIR,62,267,0.0
SIR,62,268,0.0
SIR,62,269,0.0
SIR,62,270,0.0
SIR,62,271,0.0
SIR,62,272,0.0
SIR,62,273,0.0
SIR,62,274,0.0
SIR,62,275,0.0
SIR,62,276,0.0
SIR,62,277,0.0
SIR,62,278,0.0
SIR,62,279,0.0
SIR,62,280,0.0
SIR,62,281,0.0
SIR,62,282,0.0
SIR,62,283,0.0
SIR,62,284,0.0
SIR,62,285,0.0
SIR,62,286,0.0
SIR,62,287,0.0
SIR,62,288,0.0
SIR,62,289,0.0
SIR,62,290,0.0
SIR,62,291,0.0
SIR,62,292,0.0
SIR,62,293,0.0
SIR,62,294,0.0
SIR,62,295,0.0
SIR,62,296,0.0
SIR,62,297,0.0
SIR,62,298,0.0
SIR,62,299,0.0
SIR,62,300,0.0
SIR,63,0,0.08823529411764706
SIR,63,1,0.08823529411764706
SIR,63,2,0.14705882352941177
SIR,63,3,0.23529411764705882
SIR,63,4,0.20588235294117646
SIR,63,5,0.23529411764705882
SIR,63,6,0.17647058823529413
SIR,63,7,0.20588235294117646
SIR,63,8,0.14705882352941177
SIR,63,9,0.11764705882352941
SIR,63,10,0.08823529411764706
SIR,63,11,0.08823529411764706
SIR,63,12,0.029411764705882353
SIR,63,13,0.0
SIR,63,14,0.0
SIR,63,15,0.0
SIR,63,16,0.0
SIR,63,17,0.0
SIR,63,18,0.0
SIR,63,19,0.0
SIR,63,20,0.0
SIR,63,21,0.0
SIR,63,22,0.0
SIR,63,23,0.0
SIR,63,24,0.0
SIR,63,25,0.0
SIR,63,26,0.0
SIR,63,27,0.0
SIR,63,28,0.0
SIR,63,29,0.0
SIR,63,30,0.0
SIR,63,31,0.0
SIR,63,32,0.0
SIR,63,33,0.0
SIR,63,34,0.0
SIR,63,35,0.0
SIR,63,36,0.0
SIR,63,37,0.0
SIR,63,38,0.0
SIR,63,39,0.0
SIR,63,40,0.0
SIR,63,41,0.0
SIR,63,42,0.0
SIR,63,43,0.0
SIR,63,44,0.0
SIR,63,45,0.0
SIR,63,46,0.0
SIR,63,47,0.0
SIR,63,48,0.0
SIR,63,49,0.0
SIR,63,50,0.0
SIR,63,51,0.0
SIR,63,52,0.0
SIR,63,53,0.0
SIR,63,54,0.0
SIR,63,55,0.0
SIR,63,56,0.0
SIR,63,57,0.0
SIR,63,58,0.0
SIR,63,59,0.0
SIR,63,60,0.0
SIR,63,61,0.0
SIR,63,62,0.0
SIR,63,63,0.0
SIR,63,64,0.0
SIR,63,65,0.0
SIR,63,66,0.0
SIR,63,67,0.0
SIR,63,68,0.0
SIR,63,69,0.0
SIR,63,70,0.0
SIR,63,71,0.0
SIR,63,72,0.0
SIR,63,73,0.0
SIR,63,74,0.0
SIR,63,75,0.0
SIR,63,76,0.0
SIR,63,77,0.0
SIR,63,78,0.0
SIR,63,79,0.0
SIR,63,80,0.0
SIR,63,81,0.0
SIR,63,82,0.0
SIR,63,83,0.0
SIR,63,84,0.0
SIR,63,85,0.0
SIR,63,86,0.0
SIR,63,87,0.0
SIR,63,88,0.0
SIR,63,89,0.0
SIR,63,90,0.0
SIR,63,91,0.0
SIR,63,92,0.0
SIR,63,93,0.0
SIR,63,94,0.0
SIR,63,95,0.0
SIR,63,96,0.0
SIR,63,97,0.0
SIR,63,98,0.0
SIR,63,99,0.0
SIR,63,100,0.0
SIR,63,101,0.0
SIR,63,102,0.0
SIR,63,103,0.0
SIR,63,104,0.0
SIR,63,105,0.0
SIR,63,106,0.0
SIR,63,107,0.0
SIR,63,108,0.0
SIR,63,109,0.0
SIR,63,110,0.0
SIR,63,111,0.0
SIR,63,112,0.0
SIR,63,113,0.0
SIR,63,114,0.0
SIR,63,115,0.0
SIR,63,116,0.0
SIR,63,117,0.0
SIR,63,118,0.0
SIR,63,119,0.0
SIR,63,120,0.0
SIR,63,121,0.0
SIR,63,122,0.0
SIR,63,123,0.0
SIR,63,124,0.0
SIR,63,125,0.0
SIR,63,126,0.0
SIR,63,127,0.0
SIR,63,128,0.0
SIR,63,129,0.0
SIR,63,130,0.0
SIR,63,131,0.0
SIR,63,132,0.0
SIR,63,133,0.0
SIR,63,134,0.0
SIR,63,135,0.0
SIR,63,136,0.0
SIR,63,137,0.0
SIR,63,138,0.0
SIR,63,139,0.0
SIR,63,140,0.0
SIR,63,141,0.0
SIR,63,142,0.0
SIR,63,143,0.0
SIR,63,144,0.0
SIR,63,145,0.0
SIR,63,146,0.0
SIR,63,147,0.0
SIR,63,148,0.0
SIR,63,149,0.0
SIR,63,150,0.0
SIR,63,151,0.0
SIR,63,152,0.0
SIR,63,153,0.0
SIR,63,154,0.0
SIR,63,155,0.0
SIR,63,156,0.0
SIR,63,157,0.0
SIR,63,158,0.0
SIR,63,159,0.0
SIR,63,160,0.0
SIR,63,161,0.0
SIR,63,162,0.0
SIR,63,163,0.0
SIR,63,164,0.0
SIR,63,165,0.0
SIR,63,166,0.0
SIR,63,167,0.0
SIR,63,168,0.0
SIR,63,169,0.0
SIR,63,170,0.0
SIR,63,171,0.0
SIR,63,172,0.0
SIR,63,173,0.0
SIR,63,174,0.0
SIR,63,175,0.0
SIR,63,176,0.0
SIR,63,177,0.0
SIR,63,178,0.0
SIR,63,179,0.0
SIR,63,180,0.0
SIR,63,181,0.0
SIR,63,182,0.0
SIR,63,183,0.0
SIR,63,184,0.0
SIR,63,185,0.0
SIR,63,186,0.0
SIR,63,187,0.0
SIR,63,188,0.0
SIR,63,189,0.0
SIR,63,190,0.0
SIR,63,191,0.0
SIR,63,192,0.0
SIR,63,193,0.0
SIR,63,194,0.0
SIR,63,195,0.0
SIR,63,196,0.0
SIR,63,197,0.0
SIR,63,198,0.0
SIR,63,199,0.0
SIR,63,200,0.0
SIR,63,201,0.0
SIR,63,202,0.0
SIR,63,203,0.0
SIR,63,204,0.0
SIR,63,205,0.0
SIR,63,206,0.0
SIR,63,207,0.0
SIR,63,208,0.0
SIR,63,209,0.0
SIR,63,210,0.0
SIR,63,211,0.0
SIR,63,212,0.0
SIR,63,213,0.0
SIR,63,214,0.0
SIR,63,215,0.0
SIR,63,216,0.0
SIR,63,217,0.0
SIR,63,218,0.0
SIR,63,219,0.0
SIR,63,220,0.0
SIR,63,221,0.0
SIR,63,222,0.0
SIR,63,223,0.0
SIR,63,224,0.0
SIR,63,225,0.0
SIR,63,226,0.0
SIR,63,227,0.0
SIR,63,228,0.0
SIR,63,229,0.0
SIR,63,230,0.0
SIR,63,231,0.0
SIR,63,232,0.0
SIR,63,233,0.0
SIR,63,234,0.0
SIR,63,235,0.0
SIR,63,236,0.0
SIR,63,237,0.0
SIR,63,238,0.0
SIR,63,239,0.0
SIR,63,240,0.0
SIR,63,241,0.0
SIR,63,242,0.0
SIR,63,243,0.0
SIR,63,244,0.0
SIR,63,245,0.0
SIR,63,246,0.0
SIR,63,247,0.0
SIR,63,248,0.0
SIR,63,249,0.0
SIR,63,250,0.0
SIR,63,251,0.0
SIR,63,252,0.0
SIR,63,253,0.0
SIR,63,254,0.0
SIR,63,255,0.0
SIR,63,256,0.0
SIR,63,257,0.0
SIR,63,258,0.0
SIR,63,259,0.0
SIR,63,260,0.0
SIR,63,261,0.0
SIR,63,262,0.0
SIR,63,263,0.0
SIR,63,264,0.0
SIR,63,265,0.0
SIR,63,266,0.0
SIR,63,267,0.0
SIR,63,268,0.0
SIR,63,269,0.0
SIR,63,270,0.0
SIR,63,271,0.0
SIR,63,272,0.0
SIR,63,273,0.0
SIR,63,274,0.0
SIR,63,275,0.0
SIR,63,276,0.0
SIR,63,277,0.0
SIR,63,278,0.0
SIR,63,279,0.0
SIR,63,280,0.0
SIR,63,281,0.0
SIR,63,282,0.0
SIR,63,283,0.0
SIR,63,284,0.0
SIR,63,285,0.0
SIR,63,286,0.0
SIR,63,287,0.0
SIR,63,288,0.0
SIR,63,289,0.0
SIR,63,290,0.0
SIR,63,291,0.0
SIR,63,292,0.0
SIR,63,293,0.0
SIR,63,294,0.0
SIR,63,295,0.0
SIR,63,296,0.0
SIR,63,297,0.0
SIR,63,298,0.0
SIR,63,299,0.0
SIR,63,300,0.0
SIR,64,0,0.08823529411764706
SIR,64,1,0.11764705882352941
SIR,64,2,0.14705882352941177
SIR,64,3,0.17647058823529413
SIR,64,4,0.17647058823529413
SIR,64,5,0.14705882352941177
SIR,64,6,0.17647058823529413
SIR,64,7,0.17647058823529413
SIR,64,8,0.11764705882352941
SIR,64,9,0.14705882352941177
SIR,64,10,0.14705882352941177
SIR,64,11,0.11764705882352941
SIR,64,12,0.08823529411764706
SIR,64,13,0.11764705882352941
SIR,64,14,0.14705882352941177
SIR,64,15,0.08823529411764706
SIR,64,16,0.058823529411764705
SIR,64,17,0.058823529411764705
SIR,64,18,0.08823529411764706
SIR,64,19,0.058823529411764705
SIR,64,20,0.058823529411764705
SIR,64,21,0.058823529411764705
SIR,64,22,0.058823529411764705
SIR,64,23,0.029411764705882353
SIR,64,24,0.0
SIR,64,25,0.0
SIR,64,26,0.0
SIR,64,27,0.0
SIR,64,28,0.0
SIR,64,29,0.0
SIR,64,30,0.0
SIR,64,31,0.0
SIR,64,32,0.0
SIR,64,33,0.0
SIR,64,34,0.0
SIR,64,35,0.0
SIR,64,36,0.0
SIR,64,37,0.0
SIR,64,38,0.0
SIR,64,39,0.0
SIR,64,40,0.0
SIR,64,41,0.0
SIR,64,42,0.0
SIR,64,43,0.0
SIR,64,44,0.0
SIR,64,45,0.0
SIR,64,46,0.0
SIR,64,47,0.0
SIR,64,48,0.0
SIR,64,49,0.0
SIR,64,50,0.0
SIR,64,51,0.0
SIR,64,52,0.0
SIR,64,53,0.0
SIR,64,54,0.0
SIR,64,55,0.0
SIR,64,56,0.0
SIR,64,57,0.0
SIR,64,58,0.0
SIR,64,59,0.0
SIR,64,60,0.0
SIR,64,61,0.0
SIR,64,62,0.0
SIR,64,63,0.0
SIR,64,64,0.0
SIR,64,65,0.0
SIR,64,66,0.0
SIR,64,67,0.0
SIR,64,68,0.0
SIR,64,69,0.0
SIR,64,70,0.0
SIR,64,71,0.0
SIR,64,72,0.0
SIR,64,73,0.0
SIR,64,74,0.0
SIR,64,75,0.0
SIR,64,76,0.0
SIR,64,77,0.0
SIR,64,78,0.0
SIR,64,79,0.0
SIR,64,80,0.0
SIR,64,81,0.0
SIR,64,82,0.0
SIR,64,83,0.0
SIR,64,84,0.0
SIR,64,85,0.0
SIR,64,86,0.0
SIR,64,87,0.0
SIR,64,88,0.0
SIR,64,89,0.0
SIR,64,90,0.0
SIR,64,91,0.0
SIR,64,92,0.0
SIR,64,93,0.0
SIR,64,94,0.0
SIR,64,95,0.0
SIR,64,96,0.0
SIR,64,97,0.0
SIR,64,98,0.0
SIR,64,99,0.0
SIR,64,100,0.0
SIR,64,101,0.0
SIR,64,102,0.0
SIR,64,103,0.0
SIR,64,104,0.0
SIR,64,105,0.0
SIR,64,106,0.0
SIR,64,107,0.0
SIR,64,108,0.0
SIR,64,109,0.0
SIR,64,110,0.0
SIR,64,111,0.0
SIR,64,112,0.0
SIR,64,113,0.0
SIR,64,114,0.0
SIR,64,115,0.0
SIR,64,116,0.0
SIR,64,117,0.0
SIR,64,118,0.0
SIR,64,119,0.0
SIR,64,120,0.0
SIR,64,121,0.0
SIR,64,122,0.0
SIR,64,123,0.0
SIR,64,124,0.0
SIR,64,125,0.0
SIR,64,126,0.0
SIR,64,127,0.0
SIR,64,128,0.0
SIR,64,129,0.0
SIR,64,130,0.0
SIR,64,131,0.0
SIR,64,132,0.0
SIR,64,133,0.0
SIR,64,134,0.0
SIR,64,135,0.0
SIR,64,136,0.0
SIR,64,137,0.0
SIR,64,138,0.0
SIR,64,139,0.0
SIR,64,140,0.0
SIR,64,141,0.0
SIR,64,142,0.0
SIR,64,143,0.0
SIR,64,144,0.0
SIR,64,145,0.0
SIR,64,146,0.0
SIR,64,147,0.0
SIR,64,148,0.0
SIR,64,149,0.0
SIR,64,150,0.0
SIR,64,151,0.0
SIR,64,152,0.0
SIR,64,153,0.0
SIR,64,154,0.0
SIR,64,155,0.0
SIR,64,156,0.0
SIR,64,157,0.0
SIR,64,158,0.0
SIR,64,159,0.0
SIR,64,160,0.0
SIR,64,161,0.0
SIR,64,162,0.0
SIR,64,163,0.0
SIR,64,164,0.0
SIR,64,165,0.0
SIR,64,166,0.0
SIR,64,167,0.0
SIR,64,168,0.0
SIR,64,169,0.0
SIR,64,170,0.0
SIR,64,171,0.0
SIR,64,172,0.0
SIR,64,173,0.0
SIR,64,174,0.0
SIR,64,175,0.0
SIR,64,176,0.0
SIR,64,177,0.0
SIR,64,178,0.0
SIR,64,179,0.0
SIR,64,180,0.0
SIR,64,181,0.0
SIR,64,182,0.0
SIR,64,183,0.0
SIR,64,184,0.0
SIR,64,185,0.0
SIR,64,186,0.0
SIR,64,187,0.0
SIR,64,188,0.0
SIR,64,189,0.0
SIR,64,190,0.0
SIR,64,191,0.0
SIR,64,192,0.0
SIR,64,193,0.0
SIR,64,194,0.0
SIR,64,195,0.0
SIR,64,196,0.0
SIR,64,197,0.0
SIR,64,198,0.0
SIR,64,199,0.0
SIR,64,200,0.0
SIR,64,201,0.0
SIR,64,202,0.0
SIR,64,203,0.0
SIR,64,204,0.0
SIR,64,205,0.0
SIR,64,206,0.0
SIR,64,207,0.0
SIR,64,208,0.0
SIR,64,209,0.0
SIR,64,210,0.0
SIR,64,211,0.0
SIR,64,212,0.0
SIR,64,213,0.0
SIR,64,214,0.0
SIR,64,215,0.0
SIR,64,216,0.0
SIR,64,217,0.0
SIR,64,218,0.0
SIR,64,219,0.0
SIR,64,220,0.0
SIR,64,221,0.0
SIR,64,222,0.0
SIR,64,223,0.0
SIR,64,224,0.0
SIR,64,225,0.0
SIR,64,226,0.0
SIR,64,227,0.0
SIR,64,228,0.0
SIR,64,229,0.0
SIR,64,230,0.0
SIR,64,231,0.0
SIR,64,232,0.0
SIR,64,233,0.0
SIR,64,234,0.0
SIR,64,235,0.0
SIR,64,236,0.0
SIR,64,237,0.0
SIR,64,238,0.0
SIR,64,239,0.0
SIR,64,240,0.0
SIR,64,241,0.0
SIR,64,242,0.0
SIR,64,243,0.0
SIR,64,244,0.0
SIR,64,245,0.0
SIR,64,246,0.0
SIR,64,247,0.0
SIR,64,248,0.0
SIR,64,249,0.0
SIR,64,250,0.0
SIR,64,251,0.0
SIR,64,252,0.0
SIR,64,253,0.0
SIR,64,254,0.0
SIR,64,255,0.0
SIR,64,256,0.0
SIR,64,257,0.0
SIR,64,258,0.0
SIR,64,259,0.0
SIR,64,260,0.0
SIR,64,261,0.0
SIR,64,262,0.0
SIR,64,263,0.0
SIR,64,264,0.0
SIR,64,265,0.0
SIR,64,266,0.0
SIR,64,267,0.0
SIR,64,268,0.0
SIR,64,269,0.0
SIR,64,270,0.0
SIR,64,271,0.0
SIR,64,272,0.0
SIR,64,273,0.0
SIR,64,274,0.0
SIR,64,275,0.0
SIR,64,276,0.0
SIR,64,277,0.0
SIR,64,278,0.0
SIR,64,279,0.0
SIR,64,280,0.0
SIR,64,281,0.0
SIR,64,282,0.0
SIR,64,283,0.0
SIR,64,284,0.0
SIR,64,285,0.0
SIR,64,286,0.0
SIR,64,287,0.0
SIR,64,288,0.0
SIR,64,289,0.0
SIR,64,290,0.0
SIR,64,291,0.0
SIR,64,292,0.0
SIR,64,293,0.0
SIR,64,294,0.0
SIR,64,295,0.0
SIR,64,296,0.0
SIR,64,297,0.0
SIR,64,298,0.0
SIR,64,299,0.0
SIR,64,300,0.0
SIR,65,0,0.08823529411764706
SIR,65,1,0.08823529411764706
SIR,65,2,0.058823529411764705
SIR,65,3,0.08823529411764706
SIR,65,4,0.11764705882352941
SIR,65,5,0.14705882352941177
SIR,65,6,0.23529411764705882
SIR,65,7,0.23529411764705882
SIR,65,8,0.35294117647058826
SIR,65,9,0.3235294117647059
SIR,65,10,0.38235294117647056
SIR,65,11,0.29411764705882354
SIR,65,12,0.17647058823529413
SIR,65,13,0.17647058823529413
SIR,65,14,0.11764705882352941
SIR,65,15,0.08823529411764706
SIR,65,16,0.0
SIR,65,17,0.0
SIR,65,18,0.0
SIR,65,19,0.0
SIR,65,20,0.0
SIR,65,21,0.0
SIR,65,22,0.0
SIR,65,23,0.0
SIR,65,24,0.0
SIR,65,25,0.0
SIR,65,26,0.0
SIR,65,27,0.0
SIR,65,28,0.0
SIR,65,29,0.0
SIR,65,30,0.0
SIR,65,31,0.0
SIR,65,32,0.0
SIR,65,33,0.0
SIR,65,34,0.0
SIR,65,35,0.0
SIR,65,36,0.0
SIR,65,37,0.0
SIR,65,38,0.0
SIR,65,39,0.0
SIR,65,40,0.0
SIR,65,41,0.0
SIR,65,42,0.0
SIR,65,43,0.0
SIR,65,44,0.0
SIR,65,45,0.0
SIR,65,46,0.0
SIR,65,47,0.0
SIR,65,48,0.0
SIR,65,49,0.0
SIR,65,50,0.0
SIR,65,51,0.0
SIR,65,52,0.0
SIR,65,53,0.0
SIR,65,54,0.0
SIR,65,55,0.0
SIR,65,56,0.0
SIR,65,57,0.0
SIR,65,58,0.0
SIR,65,59,0.0
SIR,65,60,0.0
SIR,65,61,0.0
SIR,65,62,0.0
SIR,65,63,0.0
SIR,65,64,0.0
SIR,65,65,0.0
SIR,65,66,0.0
SIR,65,67,0.0
SIR,65,68,0.0
SIR,65,69,0.0
SIR,65,70,0.0
SIR,65,71,0.0
SIR,65,72,0.0
SIR,65,73,0.0
SIR,65,74,0.0
SIR,65,75,0.0
SIR,65,76,0.0
SIR,65,77,0.0
SIR,65,78,0.0
SIR,65,79,0.0
SIR,65,80,0.0
SIR,65,81,0.0
SIR,65,82,0.0
SIR,65,83,0.0
SIR,65,84,0.0
SIR,65,85,0.0
SIR,65,86,0.0
SIR,65,87,0.0
SIR,65,88,0.0
SIR,65,89,0.0
SIR,65,90,0.0
SIR,65,91,0.0
SIR,65,92,0.0
SIR,65,93,0.0
SIR,65,94,0.0
SIR,65,95,0.0
SIR,65,96,0.0
SIR,65,97,0.0
SIR,65,98,0.0
SIR,65,99,0.0
SIR,65,100,0.0
SIR,65,101,0.0
SIR,65,102,0.0
SIR,65,103,0.0
SIR,65,104,0.0
SIR,65,105,0.0
SIR,65,106,0.0
SIR,65,107,0.0
SIR,65,108,0.0
SIR,65,109,0.0
SIR,65,110,0.0
SIR,65,111,0.0
SIR,65,112,0.0
SIR,65,113,0.0
SIR,65,114,0.0
SIR,65,115,0.0
SIR,65,116,0.0
SIR,65,117,0.0
SIR,65,118,0.0
SIR,65,119,0.0
SIR,65,120,0.0
SIR,65,121,0.0
SIR,65,122,0.0
SIR,65,123,0.0
SIR,65,124,0.0
SIR,65,125,0.0
SIR,65,126,0.0
SIR,65,127,0.0
SIR,65,128,0.0
SIR,65,129,0.0
SIR,65,130,0.0
SIR,65,131,0.0
SIR,65,132,0.0
SIR,65,133,0.0
SIR,65,134,0.0
SIR,65,135,0.0
SIR,65,136,0.0
SIR,65,137,0.0
SIR,65,138,0.0
SIR,65,139,0.0
SIR,65,140,0.0
SIR,65,141,0.0
SIR,65,142,0.0
SIR,65,143,0.0
SIR,65,144,0.0
SIR,65,145,0.0
SIR,65,146,0.0
SIR,65,147,0.0
SIR,65,148,0.0
SIR,65,149,0.0
SIR,65,150,0.0
SIR,65,151,0.0
SIR,65,152,0.0
SIR,65,153,0.0
SIR,65,154,0.0
SIR,65,155,0.0
SIR,65,156,0.0
SIR,65,157,0.0
SIR,65,158,0.0
SIR,65,159,0.0
SIR,65,160,0.0
SIR,65,161,0.0
SIR,65,162,0.0
SIR,65,163,0.0
SIR,65,164,0.0
SIR,65,165,0.0
SIR,65,166,0.0
SIR,65,167,0.0
SIR,65,168,0.0
SIR,65,169,0.0
SIR,65,170,0.0
SIR,65,171,0.0
SIR,65,172,0.0
SIR,65,173,0.0
SIR,65,174,0.0
SIR,65,175,0.0
SIR,65,176,0.0
SIR,65,177,0.0
SIR,65,178,0.0
SIR,65,179,0.0
SIR,65,180,0.0
SIR,65,181,0.0
SIR,65,182,0.0
SIR,65,183,0.0
SIR,65,184,0.0
SIR,65,185,0.0
SIR,65,186,0.0
SIR,65,187,0.0
SIR,65,188,0.0
SIR,65,189,0.0
SIR,65,190,0.0
SIR,65,191,0.0
SIR,65,192,0.0
SIR,65,193,0.0
SIR,65,194,0.0
SIR,65,195,0.0
SIR,65,196,0.0
SIR,65,197,0.0
SIR,65,198,0.0
SIR,65,199,0.0
SIR,65,200,0.0
SIR,65,201,0.0
SIR,65,202,0.0
SIR,65,203,0.0
SIR,65,204,0.0
SIR,65,205,0.0
SIR,65,206,0.0
SIR,65,207,0.0
SIR,65,208,0.0
SIR,65,209,0.0
SIR,65,210,0.0
SIR,65,211,0.0
SIR,65,212,0.0
SIR,65,213,0.0
SIR,65,214,0.0
SIR,65,215,0.0
SIR,65,216,0.0
SIR,65,217,0.0
SIR,65,218,0.0
SIR,65,219,0.0
SIR,65,220,0.0
SIR,65,221,0.0
SIR,65,222,0.0
SIR,65,223,0.0
SIR,65,224,0.0
SIR,65,225,0.0
SIR,65,226,0.0
SIR,65,227,0.0
SIR,65,228,0.0
SIR,65,229,0.0
SIR,65,230,0.0
SIR,65,231,0.0
SIR,65,232,0.0
SIR,65,233,0.0
SIR,65,234,0.0
SIR,65,235,0.0
SIR,65,236,0.0
SIR,65,237,0.0
SIR,65,238,0.0
SIR,65,239,0.0
SIR,65,240,0.0
SIR,65,241,0.0
SIR,65,242,0.0
SIR,65,243,0.0
SIR,65,244,0.0
SIR,65,245,0.0
SIR,65,246,0.0
SIR,65,247,0.0
SIR,65,248,0.0
SIR,65,249,0.0
SIR,65,250,0.0
SIR,65,251,0.0
SIR,65,252,0.0
SIR,65,253,0.0
SIR,65,254,0.0
SIR,65,255,0.0
SIR,65,256,0.0
SIR,65,257,0.0
SIR,65,258,0.0
SIR,65,259,0.0
SIR,65,260,0.0
SIR,65,261,0.0
SIR,65,262,0.0
SIR,65,263,0.0
SIR,65,264,0.0
SIR,65,265,0.0
SIR,65,266,0.0
SIR,65,267,0.0
SIR,65,268,0.0
SIR,65,269,0.0
SIR,65,270,0.0
SIR,65,271,0.0
SIR,65,272,0.0
SIR,65,273,0.0
SIR,65,274,0.0
SIR,65,275,0.0
SIR,65,276,0.0
SIR,65,277,0.0
SIR,65,278,0.0
SIR,65,279,0.0
SIR,65,280,0.0
SIR,65,281,0.0
SIR,65,282,0.0
SIR,65,283,0.0
SIR,65,284,0.0
SIR,65,285,0.0
SIR,65,286,0.0
SIR,65,287,0.0
SIR,65,288,0.0
SIR,65,289,0.0
SIR,65,290,0.0
SIR,65,291,0.0
SIR,65,292,0.0
SIR,65,293,0.0
SIR,65,294,0.0
SIR,65,295,0.0
SIR,65,296,0.0
SIR,65,297,0.0
SIR,65,298,0.0
SIR,65,299,0.0
SIR,65,300,0.0
SIR,66,0,0.08823529411764706
SIR,66,1,0.08823529411764706
SIR,66,2,0.058823529411764705
SIR,66,3,0.058823529411764705
SIR,66,4,0.058823529411764705
SIR,66,5,0.058823529411764705
SIR,66,6,0.029411764705882353
SIR,66,7,0.029411764705882353
SIR,66,8,0.029411764705882353
SIR,66,9,0.029411764705882353
SIR,66,10,0.029411764705882353
SIR,66,11,0.029411764705882353
SIR,66,12,0.029411764705882353
SIR,66,13,0.0
SIR,66,14,0.0
SIR,66,15,0.0
SIR,66,16,0.0
SIR,66,17,0.0
SIR,66,18,0.0
SIR,66,19,0.0
SIR,66,20,0.0
SIR,66,21,0.0
SIR,66,22,0.0
SIR,66,23,0.0
SIR,66,24,0.0
SIR,66,25,0.0
SIR,66,26,0.0
SIR,66,27,0.0
SIR,66,28,0.0
SIR,66,29,0.0
SIR,66,30,0.0
SIR,66,31,0.0
SIR,66,32,0.0
SIR,66,33,0.0
SIR,66,34,0.0
SIR,66,35,0.0
SIR,66,36,0.0
SIR,66,37,0.0
SIR,66,38,0.0
SIR,66,39,0.0
SIR,66,40,0.0
SIR,66,41,0.0
SIR,66,42,0.0
SIR,66,43,0.0
SIR,66,44,0.0
SIR,66,45,0.0
SIR,66,46,0.0
SIR,66,47,0.0
SIR,66,48,0.0
SIR,66,49,0.0
SIR,66,50,0.0
SIR,66,51,0.0
SIR,66,52,0.0
SIR,66,53,0.0
SIR,66,54,0.0
SIR,66,55,0.0
SIR,66,56,0.0
SIR,66,57,0.0
SIR,66,58,0.0
SIR,66,59,0.0
SIR,66,60,0.0
SIR,66,61,0.0
SIR,66,62,0.0
SIR,66,63,0.0
SIR,66,64,0.0
SIR,66,65,0.0
SIR,66,66,0.0
SIR,66,67,0.0
SIR,66,68,0.0
SIR,66,69,0.0
SIR,66,70,0.0
SIR,66,71,0.0
SIR,66,72,0.0
SIR,66,73,0.0
SIR,66,74,0.0
SIR,66,75,0.0
SIR,66,76,0.0
SIR,66,77,0.0
SIR,66,78,0.0
SIR,66,79,0.0
SIR,66,80,0.0
SIR,66,81,0.0
SIR,66,82,0.0
SIR,66,83,0.0
SIR,66,84,0.0
SIR,66,85,0.0
SIR,66,86,0.0
SIR,66,87,0.0
SIR,66,88,0.0
SIR,66,89,0.0
SIR,66,90,0.0
SIR,66,91,0.0
SIR,66,92,0.0
SIR,66,93,0.0
SIR,66,94,0.0
SIR,66,95,0.0
SIR,66,96,0.0
SIR,66,97,0.0
SIR,66,98,0.0
SIR,66,99,0.0
SIR,66,100,0.0
SIR,66,101,0.0
SIR,66,102,0.0
SIR,66,103,0.0
SIR,66,104,0.0
SIR,66,105,0.0
SIR,66,106,0.0
SIR,66,107,0.0
SIR,66,108,0.0
SIR,66,109,0.0
SIR,66,110,0.0
SIR,66,111,0.0
SIR,66,112,0.0
SIR,66,113,0.0
SIR,66,114,0.0
SIR,66,115,0.0
SIR,66,116,0.0
SIR,66,117,0.0
SIR,66,118,0.0
SIR,66,119,0.0
SIR,66,120,0.0
SIR,66,121,0.0
SIR,66,122,0.0
SIR,66,123,0.0
SIR,66,124,0.0
SIR,66,125,0.0
SIR,66,126,0.0
SIR,66,127,0.0
SIR,66,128,0.0
SIR,66,129,0.0
SIR,66,130,0.0
SIR,66,131,0.0
SIR,66,132,0.0
SIR,66,133,0.0
SIR,66,134,0.0
SIR,66,135,0.0
SIR,66,136,0.0
SIR,66,137,0.0
SIR,66,138,0.0
SIR,66,139,0.0
SIR,66,140,0.0
SIR,66,141,0.0
SIR,66,142,0.0
SIR,66,143,0.0
SIR,66,144,0.0
SIR,66,145,0.0
SIR,66,146,0.0
SIR,66,147,0.0
SIR,66,148,0.0
SIR,66,149,0.0
SIR,66,150,0.0
SIR,66,151,0.0
SIR,66,152,0.0
SIR,66,153,0.0
SIR,66,154,0.0
SIR,66,155,0.0
SIR,66,156,0.0
SIR,66,157,0.0
SIR,66,158,0.0
SIR,66,159,0.0
SIR,66,160,0.0
SIR,66,161,0.0
SIR,66,162,0.0
SIR,66,163,0.0
SIR,66,164,0.0
SIR,66,165,0.0
SIR,66,166,0.0
SIR,66,167,0.0
SIR,66,168,0.0
SIR,66,169,0.0
SIR,66,170,0.0
SIR,66,171,0.0
SIR,66,172,0.0
SIR,66,173,0.0
SIR,66,174,0.0
SIR,66,175,0.0
SIR,66,176,0.0
SIR,66,177,0.0
SIR,66,178,0.0
SIR,66,179,0.0
SIR,66,180,0.0
SIR,66,181,0.0
SIR,66,182,0.0
SIR,66,183,0.0
SIR,66,184,0.0
SIR,66,185,0.0
SIR,66,186,0.0
SIR,66,187,0.0
SIR,66,188,0.0
SIR,66,189,0.0
SIR,66,190,0.0
SIR,66,191,0.0
SIR,66,192,0.0
SIR,66,193,0.0
SIR,66,194,0.0
SIR,66,195,0.0
SIR,66,196,0.0
SIR,66,197,0.0
SIR,66,198,0.0
SIR,66,199,0.0
SIR,66,200,0.0
SIR,66,201,0.0
SIR,66,202,0.0
SIR,66,203,0.0
SIR,66,204,0.0
SIR,66,205,0.0
SIR,66,206,0.0
SIR,66,207,0.0
SIR,66,208,0.0
SIR,66,209,0.0
SIR,66,210,0.0
SIR,66,211,0.0
SIR,66,212,0.0
SIR,66,213,0.0
SIR,66,214,0.0
SIR,66,215,0.0
SIR,66,216,0.0
SIR,66,217,0.0
SIR,66,218,0.0
SIR,66,219,0.0
SIR,66,220,0.0
SIR,66,221,0.0
SIR,66,222,0.0
SIR,66,223,0.0
SIR,66,224,0.0
SIR,66,225,0.0
SIR,66,226,0.0
SIR,66,227,0.0
SIR,66,228,0.0
SIR,66,229,0.0
SIR,66,230,0.0
SIR,66,231,0.0
SIR,66,232,0.0
SIR,66,233,0.0
SIR,66,234,0.0
SIR,66,235,0.0
SIR,66,236,0.0
SIR,66,237,0.0
SIR,66,238,0.0
SIR,66,239,0.0
SIR,66,240,0.0
SIR,66,241,0.0
SIR,66,242,0.0
SIR,66,243,0.0
SIR,66,244,0.0
SIR,66,245,0.0
SIR,66,246,0.0
SIR,66,247,0.0
SIR,66,248,0.0
SIR,66,249,0.0
SIR,66,250,0.0
SIR,66,251,0.0
SIR,66,252,0.0
SIR,66,253,0.0
SIR,66,254,0.0
SIR,66,255,0.0
SIR,66,256,0.0
SIR,66,257,0.0
SIR,66,258,0.0
SIR,66,259,0.0
SIR,66,260,0.0
SIR,66,261,0.0
SIR,66,262,0.0
SIR,66,263,0.0
SIR,66,264,0.0
SIR,66,265,0.0
SIR,66,266,0.0
SIR,66,267,0.0
SIR,66,268,0.0
SIR,66,269,0.0
SIR,66,270,0.0
SIR,66,271,0.0
SIR,66,272,0.0
SIR,66,273,0.0
SIR,66,274,0.0
SIR,66,275,0.0
SIR,66,276,0.0
SIR,66,277,0.0
SIR,66,278,0.0
SIR,66,279,0.0
SIR,66,280,0.0
SIR,66,281,0.0
SIR,66,282,0.0
SIR,66,283,0.0
SIR,66,284,0.0
SIR,66,285,0.0
SIR,66,286,0.0
SIR,66,287,0.0
SIR,66,288,0.0
SIR,66,289,0.0
SIR,66,290,0.0
SIR,66,291,0.0
SIR,66,292,0.0
SIR,66,293,0.0
SIR,66,294,0.0
SIR,66,295,0.0
SIR,66,296,0.0
SIR,66,297,0.0
SIR,66,298,0.0
SIR,66,299,0.0
SIR,66,300,0.0
SIR,67,0,0.08823529411764706
SIR,67,1,0.11764705882352941
SIR,67,2,0.11764705882352941
SIR,67,3,0.2647058823529412
SIR,67,4,0.29411764705882354
SIR,67,5,0.3235294117647059
SIR,67,6,0.23529411764705882
SIR,67,7,0.17647058823529413
SIR,67,8,0.20588235294117646
SIR,67,9,0.20588235294117646
SIR,67,10,0.20588235294117646
SIR,67,11,0.23529411764705882
SIR,67,12,0.20588235294117646
SIR,67,13,0.17647058823529413
SIR,67,14,0.14705882352941177
SIR,67,15,0.11764705882352941
SIR,67,16,0.08823529411764706
SIR,67,17,0.058823529411764705
SIR,67,18,0.029411764705882353
SIR,67,19,0.029411764705882353
SIR,67,20,0.029411764705882353
SIR,67,21,0.029411764705882353
SIR,67,22,0.029411764705882353
SIR,67,23,0.029411764705882353
SIR,67,24,0.029411764705882353
SIR,67,25,0.029411764705882353
SIR,67,26,0.0
SIR,67,27,0.0
SIR,67,28,0.0
SIR,67,29,0.0
SIR,67,30,0.0
SIR,67,31,0.0
SIR,67,32,0.0
SIR,67,33,0.0
SIR,67,34,0.0
SIR,67,35,0.0
SIR,67,36,0.0
SIR,67,37,0.0
SIR,67,38,0.0
SIR,67,39,0.0
SIR,67,40,0.0
SIR,67,41,0.0
SIR,67,42,0.0
SIR,67,43,0.0
SIR,67,44,0.0
SIR,67,45,0.0
SIR,67,46,0.0
SIR,67,47,0.0
SIR,67,48,0.0
SIR,67,49,0.0
SIR,67,50,0.0
SIR,67,51,0.0
SIR,67,52,0.0
SIR,67,53,0.0
SIR,67,54,0.0
SIR,67,55,0.0
SIR,67,56,0.0
SIR,67,57,0.0
SIR,67,58,0.0
SIR,67,59,0.0
SIR,67,60,0.0
SIR,67,61,0.0
SIR,67,62,0.0
SIR,67,63,0.0
SIR,67,64,0.0
SIR,67,65,0.0
SIR,67,66,0.0
SIR,67,67,0.0
SIR,67,68,0.0
SIR,67,69,0.0
SIR,67,70,0.0
SIR,67,71,0.0
SIR,67,72,0.0
SIR,67,73,0.0
SIR,67,74,0.0
SIR,67,75,0.0
SIR,67,76,0.0
SIR,67,77,0.0
SIR,67,78,0.0
SIR,67,79,0.0
SIR,67,80,0.0
SIR,67,81,0.0
SIR,67,82,0.0
SIR,67,83,0.0
SIR,67,84,0.0
SIR,67,85,0.0
SIR,67,86,0.0
SIR,67,87,0.0
SIR,67,88,0.0
SIR,67,89,0.0
SIR,67,90,0.0
SIR,67,91,0.0
SIR,67,92,0.0
SIR,67,93,0.0
SIR,67,94,0.0
SIR,67,95,0.0
SIR,67,96,0.0
SIR,67,97,0.0
SIR,67,98,0.0
SIR,67,99,0.0
SIR,67,100,0.0
SIR,67,101,0.0
SIR,67,102,0.0
SIR,67,103,0.0
SIR,67,104,0.0
SIR,67,105,0.0
SIR,67,106,0.0
SIR,67,107,0.0
SIR,67,108,0.0
SIR,67,109,0.0
SIR,67,110,0.0
SIR,67,111,0.0
SIR,67,112,0.0
SIR,67,113,0.0
SIR,67,114,0.0
SIR,67,115,0.0
SIR,67,116,0.0
SIR,67,117,0.0
SIR,67,118,0.0
SIR,67,119,0.0
SIR,67,120,0.0
SIR,67,121,0.0
SIR,67,122,0.0
SIR,67,123,0.0
SIR,67,124,0.0
SIR,67,125,0.0
SIR,67,126,0.0
SIR,67,127,0.0
SIR,67,128,0.0
SIR,67,129,0.0
SIR,67,130,0.0
SIR,67,131,0.0
SIR,67,132,0.0
SIR,67,133,0.0
SIR,67,134,0.0
SIR,67,135,0.0
SIR,67,136,0.0
SIR,67,137,0.0
SIR,67,138,0.0
SIR,67,139,0.0
SIR,67,140,0.0
SIR,67,141,0.0
SIR,67,142,0.0
SIR,67,143,0.0
SIR,67,144,0.0
SIR,67,145,0.0
SIR,67,146,0.0
SIR,67,147,0.0
SIR,67,148,0.0
SIR,67,149,0.0
SIR,67,150,0.0
SIR,67,151,0.0
SIR,67,152,0.0
SIR,67,153,0.0
SIR,67,154,0.0
SIR,67,155,0.0
SIR,67,156,0.0
SIR,67,157,0.0
SIR,67,158,0.0
SIR,67,159,0.0
SIR,67,160,0.0
SIR,67,161,0.0
SIR,67,162,0.0
SIR,67,163,0.0
SIR,67,164,0.0
SIR,67,165,0.0
SIR,67,166,0.0
SIR,67,167,0.0
SIR,67,168,0.0
SIR,67,169,0.0
SIR,67,170,0.0
SIR,67,171,0.0
SIR,67,172,0.0
SIR,67,173,0.0
SIR,67,174,0.0
SIR,67,175,0.0
SIR,67,176,0.0
SIR,67,177,0.0
SIR,67,178,0.0
SIR,67,179,0.0
SIR,67,180,0.0
SIR,67,181,0.0
SIR,67,182,0.0
SIR,67,183,0.0
SIR,67,184,0.0
SIR,67,185,0.0
SIR,67,186,0.0
SIR,67,187,0.0
SIR,67,188,0.0
SIR,67,189,0.0
SIR,67,190,0.0
SIR,67,191,0.0
SIR,67,192,0.0
SIR,67,193,0.0
SIR,67,194,0.0
SIR,67,195,0.0
SIR,67,196,0.0
SIR,67,197,0.0
SIR,67,198,0.0
SIR,67,199,0.0
SIR,67,200,0.0
SIR,67,201,0.0
SIR,67,202,0.0
SIR,67,203,0.0
SIR,67,204,0.0
SIR,67,205,0.0
SIR,67,206,0.0
SIR,67,207,0.0
SIR,67,208,0.0
SIR,67,209,0.0
SIR,67,210,0.0
SIR,67,211,0.0
SIR,67,212,0.0
SIR,67,213,0.0
SIR,67,214,0.0
SIR,67,215,0.0
SIR,67,216,0.0
SIR,67,217,0.0
SIR,67,218,0.0
SIR,67,219,0.0
SIR,67,220,0.0
SIR,67,221,0.0
SIR,67,222,0.0
SIR,67,223,0.0
SIR,67,224,0.0
SIR,67,225,0.0
SIR,67,226,0.0
SIR,67,227,0.0
SIR,67,228,0.0
SIR,67,229,0.0
SIR,67,230,0.0
SIR,67,231,0.0
SIR,67,232,0.0
SIR,67,233,0.0
SIR,67,234,0.0
SIR,67,235,0.0
SIR,67,236,0.0
SIR,67,237,0.0
SIR,67,238,0.0
SIR,67,239,0.0
SIR,67,240,0.0
SIR,67,241,0.0
SIR,67,242,0.0
SIR,67,243,0.0
SIR,67,244,0.0
SIR,67,245,0.0
SIR,67,246,0.0
SIR,67,247,0.0
SIR,67,248,0.0
SIR,67,249,0.0
SIR,67,250,0.0
SIR,67,251,0.0
SIR,67,252,0.0
SIR,67,253,0.0
SIR,67,254,0.0
SIR,67,255,0.0
SIR,67,256,0.0
SIR,67,257,0.0
SIR,67,258,0.0
SIR,67,259,0.0
SIR,67,260,0.0
SIR,67,261,0.0
SIR,67,262,0.0
SIR,67,263,0.0
SIR,67,264,0.0
SIR,67,265,0.0
SIR,67,266,0.0
SIR,67,267,0.0
SIR,67,268,0.0
SIR,67,269,0.0
SIR,67,270,0.0
SIR,67,271,0.0
SIR,67,272,0.0
SIR,67,273,0.0
SIR,67,274,0.0
SIR,67,275,0.0
SIR,67,276,0.0
SIR,67,277,0.0
SIR,67,278,0.0
SIR,67,279,0.0
SIR,67,280,0.0
SIR,67,281,0.0
SIR,67,282,0.0
SIR,67,283,0.0
SIR,67,284,0.0
SIR,67,285,0.0
SIR,67,286,0.0
SIR,67,287,0.0
SIR,67,288,0.0
SIR,67,289,0.0
SIR,67,290,0.0
SIR,67,291,0.0
SIR,67,292,0.0
SIR,67,293,0.0
SIR,67,294,0.0
SIR,67,295,0.0
SIR,67,296,0.0
SIR,67,297,0.0
SIR,67,298,0.0
SIR,67,299,0.0
SIR,67,300,0.0
SIR,68,0,0.08823529411764706
SIR,68,1,0.08823529411764706
SIR,68,2,0.14705882352941177
SIR,68,3,0.14705882352941177
SIR,68,4,0.11764705882352941
SIR,68,5,0.14705882352941177
SIR,68,6,0.08823529411764706
SIR,68,7,0.14705882352941177
SIR,68,8,0.08823529411764706
SIR,68,9,0.14705882352941177
SIR,68,10,0.08823529411764706
SIR,68,11,0.11764705882352941
SIR,68,12,0.0
SIR,68,13,0.0
SIR,68,14,0.0
SIR,68,15,0.0
SIR,68,16,0.0
SIR,68,17,0.0
SIR,68,18,0.0
SIR,68,19,0.0
SIR,68,20,0.0
SIR,68,21,0.0
SIR,68,22,0.0
SIR,68,23,0.0
SIR,68,24,0.0
SIR,68,25,0.0
SIR,68,26,0.0
SIR,68,27,0.0
SIR,68,28,0.0
SIR,68,29,0.0
SIR,68,30,0.0
SIR,68,31,0.0
SIR,68,32,0.0
SIR,68,33,0.0
SIR,68,34,0.0
SIR,68,35,0.0
SIR,68,36,0.0
SIR,68,37,0.0
SIR,68,38,0.0
SIR,68,39,0.0
SIR,68,40,0.0
SIR,68,41,0.0
SIR,68,42,0.0
SIR,68,43,0.0
SIR,68,44,0.0
SIR,68,45,0.0
SIR,68,46,0.0
SIR,68,47,0.0
SIR,68,48,0.0
SIR,68,49,0.0
SIR,68,50,0.0
SIR,68,51,0.0
SIR,68,52,0.0
SIR,68,53,0.0
SIR,68,54,0.0
SIR,68,55,0.0
SIR,68,56,0.0
SIR,68,57,0.0
SIR,68,58,0.0
SIR,68,59,0.0
SIR,68,60,0.0
SIR,68,61,0.0
SIR,68,62,0.0
SIR,68,63,0.0
SIR,68,64,0.0
SIR,68,65,0.0
SIR,68,66,0.0
SIR,68,67,0.0
SIR,68,68,0.0
SIR,68,69,0.0
SIR,68,70,0.0
SIR,68,71,0.0
SIR,68,72,0.0
SIR,68,73,0.0
SIR,68,74,0.0
SIR,68,75,0.0
SIR,68,76,0.0
SIR,68,77,0.0
SIR,68,78,0.0
SIR,68,79,0.0
SIR,68,80,0.0
SIR,68,81,0.0
SIR,68,82,0.0
SIR,68,83,0.0
SIR,68,84,0.0
SIR,68,85,0.0
SIR,68,86,0.0
SIR,68,87,0.0
SIR,68,88,0.0
SIR,68,89,0.0
SIR,68,90,0.0
SIR,68,91,0.0
SIR,68,92,0.0
SIR,68,93,0.0
SIR,68,94,0.0
SIR,68,95,0.0
SIR,68,96,0.0
SIR,68,97,0.0
SIR,68,98,0.0
SIR,68,99,0.0
SIR,68,100,0.0
SIR,68,101,0.0
SIR,68,102,0.0
SIR,68,103,0.0
SIR,68,104,0.0
SIR,68,105,0.0
SIR,68,106,0.0
SIR,68,107,0.0
SIR,68,108,0.0
SIR,68,109,0.0
SIR,68,110,0.0
SIR,68,111,0.0
SIR,68,112,0.0
SIR,68,113,0.0
SIR,68,114,0.0
SIR,68,115,0.0
SIR,68,116,0.0
SIR,68,117,0.0
SIR,68,118,0.0
SIR,68,119,0.0
SIR,68,120,0.0
SIR,68,121,0.0
SIR,68,122,0.0
SIR,68,123,0.0
SIR,68,124,0.0
SIR,68,125,0.0
SIR,68,126,0.0
SIR,68,127,0.0
SIR,68,128,0.0
SIR,68,129,0.0
SIR,68,130,0.0
SIR,68,131,0.0
SIR,68,132,0.0
SIR,68,133,0.0
SIR,68,134,0.0
SIR,68,135,0.0
SIR,68,136,0.0
SIR,68,137,0.0
SIR,68,138,0.0
SIR,68,139,0.0
SIR,68,140,0.0
SIR,68,141,0.0
SIR,68,142,0.0
SIR,68,143,0.0
SIR,68,144,0.0
SIR,68,145,0.0
SIR,68,146,0.0
SIR,68,147,0.0
SIR,68,148,0.0
SIR,68,149,0.0
SIR,68,150,0.0
SIR,68,151,0.0
SIR,68,152,0.0
SIR,68,153,0.0
SIR,68,154,0.0
SIR,68,155,0.0
SIR,68,156,0.0
SIR,68,157,0.0
SIR,68,158,0.0
SIR,68,159,0.0
SIR,68,160,0.0
SIR,68,161,0.0
SIR,68,162,0.0
SIR,68,163,0.0
SIR,68,164,0.0
SIR,68,165,0.0
SIR,68,166,0.0
SIR,68,167,0.0
SIR,68,168,0.0
SIR,68,169,0.0
SIR,68,170,0.0
SIR,68,171,0.0
SIR,68,172,0.0
SIR,68,173,0.0
SIR,68,174,0.0
SIR,68,175,0.0
SIR,68,176,0.0
SIR,68,177,0.0
SIR,68,178,0.0
SIR,68,179,0.0
SIR,68,180,0.0
SIR,68,181,0.0
SIR,68,182,0.0
SIR,68,183,0.0
SIR,68,184,0.0
SIR,68,185,0.0
SIR,68,186,0.0
SIR,68,187,0.0
SIR,68,188,0.0
SIR,68,189,0.0
SIR,68,190,0.0
SIR,68,191,0.0
SIR,68,192,0.0
SIR,68,193,0.0
SIR,68,194,0.0
SIR,68,195,0.0
SIR,68,196,0.0
SIR,68,197,0.0
SIR,68,198,0.0
SIR,68,199,0.0
SIR,68,200,0.0
SIR,68,201,0.0
SIR,68,202,0.0
SIR,68,203,0.0
SIR,68,204,0.0
SIR,68,205,0.0
SIR,68,206,0.0
SIR,68,207,0.0
SIR,68,208,0.0
SIR,68,209,0.0
SIR,68,210,0.0
SIR,68,211,0.0
SIR,68,212,0.0
SIR,68,213,0.0
SIR,68,214,0.0
SIR,68,215,0.0
SIR,68,216,0.0
SIR,68,217,0.0
SIR,68,218,0.0
SIR,68,219,0.0
SIR,68,220,0.0
SIR,68,221,0.0
SIR,68,222,0.0
SIR,68,223,0.0
SIR,68,224,0.0
SIR,68,225,0.0
SIR,68,226,0.0
SIR,68,227,0.0
SIR,68,228,0.0
SIR,68,229,0.0
SIR,68,230,0.0
SIR,68,231,0.0
SIR,68,232,0.0
SIR,68,233,0.0
SIR,68,234,0.0
SIR,68,235,0.0
SIR,68,236,0.0
SIR,68,237,0.0
SIR,68,238,0.0
SIR,68,239,0.0
SIR,68,240,0.0
SIR,68,241,0.0
SIR,68,242,0.0
SIR,68,243,0.0
SIR,68,244,0.0
SIR,68,245,0.0
SIR,68,246,0.0
SIR,68,247,0.0
SIR,68,248,0.0
SIR,68,249,0.0
SIR,68,250,0.0
SIR,68,251,0.0
SIR,68,252,0.0
SIR,68,253,0.0
SIR,68,254,0.0
SIR,68,255,0.0
SIR,68,256,0.0
SIR,68,257,0.0
SIR,68,258,0.0
SIR,68,259,0.0
SIR,68,260,0.0
SIR,68,261,0.0
SIR,68,262,0.0
SIR,68,263,0.0
SIR,68,264,0.0
SIR,68,265,0.0
SIR,68,266,0.0
SIR,68,267,0.0
SIR,68,268,0.0
SIR,68,269,0.0
SIR,68,270,0.0
SIR,68,271,0.0
SIR,68,272,0.0
SIR,68,273,0.0
SIR,68,274,0.0
SIR,68,275,0.0
SIR,68,276,0.0
SIR,68,277,0.0
SIR,68,278,0.0
SIR,68,279,0.0
SIR,68,280,0.0
SIR,68,281,0.0
SIR,68,282,0.0
SIR,68,283,0.0
SIR,68,284,0.0
SIR,68,285,0.0
SIR,68,286,0.0
SIR,68,287,0.0
SIR,68,288,0.0
SIR,68,289,0.0
SIR,68,290,0.0
SIR,68,291,0.0
SIR,68,292,0.0
SIR,68,293,0.0
SIR,68,294,0.0
SIR,68,295,0.0
SIR,68,296,0.0
SIR,68,297,0.0
SIR,68,298,0.0
SIR,68,299,0.0
SIR,68,300,0.0
SIR,69,0,0.08823529411764706
SIR,69,1,0.11764705882352941
SIR,69,2,0.08823529411764706
SIR,69,3,0.08823529411764706
SIR,69,4,0.08823529411764706
SIR,69,5,0.058823529411764705
SIR,69,6,0.029411764705882353
SIR,69,7,0.0
SIR,69,8,0.0
SIR,69,9,0.0
SIR,69,10,0.0
SIR,69,11,0.0
SIR,69,12,0.0
SIR,69,13,0.0
SIR,69,14,0.0
SIR,69,15,0.0
SIR,69,16,0.0
SIR,69,17,0.0
SIR,69,18,0.0
SIR,69,19,0.0
SIR,69,20,0.0
SIR,69,21,0.0
SIR,69,22,0.0
SIR,69,23,0.0
SIR,69,24,0.0
SIR,69,25,0.0
SIR,69,26,0.0
SIR,69,27,0.0
SIR,69,28,0.0
SIR,69,29,0.0
SIR,69,30,0.0
SIR,69,31,0.0
SIR,69,32,0.0
SIR,69,33,0.0
SIR,69,34,0.0
SIR,69,35,0.0
SIR,69,36,0.0
SIR,69,37,0.0
SIR,69,38,0.0
SIR,69,39,0.0
SIR,69,40,0.0
SIR,69,41,0.0
SIR,69,42,0.0
SIR,69,43,0.0
SIR,69,44,0.0
SIR,69,45,0.0
SIR,69,46,0.0
SIR,69,47,0.0
SIR,69,48,0.0
SIR,69,49,0.0
SIR,69,50,0.0
SIR,69,51,0.0
SIR,69,52,0.0
SIR,69,53,0.0
SIR,69,54,0.0
SIR,69,55,0.0
SIR,69,56,0.0
SIR,69,57,0.0
SIR,69,58,0.0
SIR,69,59,0.0
SIR,69,60,0.0
SIR,69,61,0.0
SIR,69,62,0.0
SIR,69,63,0.0
SIR,69,64,0.0
SIR,69,65,0.0
SIR,69,66,0.0
SIR,69,67,0.0
SIR,69,68,0.0
SIR,69,69,0.0
SIR,69,70,0.0
SIR,69,71,0.0
SIR,69,72,0.0
SIR,69,73,0.0
SIR,69,74,0.0
SIR,69,75,0.0
SIR,69,76,0.0
SIR,69,77,0.0
SIR,69,78,0.0
SIR,69,79,0.0
SIR,69,80,0.0
SIR,69,81,0.0
SIR,69,82,0.0
SIR,69,83,0.0
SIR,69,84,0.0
SIR,69,85,0.0
SIR,69,86,0.0
SIR,69,87,0.0
SIR,69,88,0.0
SIR,69,89,0.0
SIR,69,90,0.0
SIR,69,91,0.0
SIR,69,92,0.0
SIR,69,93,0.0
SIR,69,94,0.0
SIR,69,95,0.0
SIR,69,96,0.0
SIR,69,97,0.0
SIR,69,98,0.0
SIR,69,99,0.0
SIR,69,100,0.0
SIR,69,101,0.0
SIR,69,102,0.0
SIR,69,103,0.0
SIR,69,104,0.0
SIR,69,105,0.0
SIR,69,106,0.0
SIR,69,107,0.0
SIR,69,108,0.0
SIR,69,109,0.0
SIR,69,110,0.0
SIR,69,111,0.0
SIR,69,112,0.0
SIR,69,113,0.0
SIR,69,114,0.0
SIR,69,115,0.0
SIR,69,116,0.0
SIR,69,117,0.0
SIR,69,118,0.0
SIR,69,119,0.0
SIR,69,120,0.0
SIR,69,121,0.0
SIR,69,122,0.0
SIR,69,123,0.0
SIR,69,124,0.0
SIR,69,125,0.0
SIR,69,126,0.0
SIR,69,127,0.0
SIR,69,128,0.0
SIR,69,129,0.0
SIR,69,130,0.0
SIR,69,131,0.0
SIR,69,132,0.0
SIR,69,133,0.0
SIR,69,134,0.0
SIR,69,135,0.0
SIR,69,136,0.0
SIR,69,137,0.0
SIR,69,138,0.0
SIR,69,139,0.0
SIR,69,140,0.0
SIR,69,141,0.0
SIR,69,142,0.0
SIR,69,143,0.0
SIR,69,144,0.0
SIR,69,145,0.0
SIR,69,146,0.0
SIR,69,147,0.0
SIR,69,148,0.0
SIR,69,149,0.0
SIR,69,150,0.0
SIR,69,151,0.0
SIR,69,152,0.0
SIR,69,153,0.0
SIR,69,154,0.0
SIR,69,155,0.0
SIR,69,156,0.0
SIR,69,157,0.0
SIR,69,158,0.0
SIR,69,159,0.0
SIR,69,160,0.0
SIR,69,161,0.0
SIR,69,162,0.0
SIR,69,163,0.0
SIR,69,164,0.0
SIR,69,165,0.0
SIR,69,166,0.0
SIR,69,167,0.0
SIR,69,168,0.0
SIR,69,169,0.0
SIR,69,170,0.0
SIR,69,171,0.0
SIR,69,172,0.0
SIR,69,173,0.0
SIR,69,174,0.0
SIR,69,175,0.0
SIR,69,176,0.0
SIR,69,177,0.0
SIR,69,178,0.0
SIR,69,179,0.0
SIR,69,180,0.0
SIR,69,181,0.0
SIR,69,182,0.0
SIR,69,183,0.0
SIR,69,184,0.0
SIR,69,185,0.0
SIR,69,186,0.0
SIR,69,187,0.0
SIR,69,188,0.0
SIR,69,189,0.0
SIR,69,190,0.0
SIR,69,191,0.0
SIR,69,192,0.0
SIR,69,193,0.0
SIR,69,194,0.0
SIR,69,195,0.0
SIR,69,196,0.0
SIR,69,197,0.0
SIR,69,198,0.0
SIR,69,199,0.0
SIR,69,200,0.0
SIR,69,201,0.0
SIR,69,202,0.0
SIR,69,203,0.0
SIR,69,204,0.0
SIR,69,205,0.0
SIR,69,206,0.0
SIR,69,207,0.0
SIR,69,208,0.0
SIR,69,209,0.0
SIR,69,210,0.0
SIR,69,211,0.0
SIR,69,212,0.0
SIR,69,213,0.0
SIR,69,214,0.0
SIR,69,215,0.0
SIR,69,216,0.0
SIR,69,217,0.0
SIR,69,218,0.0
SIR,69,219,0.0
SIR,69,220,0.0
SIR,69,221,0.0
SIR,69,222,0.0
SIR,69,223,0.0
SIR,69,224,0.0
SIR,69,225,0.0
SIR,69,226,0.0
SIR,69,227,0.0
SIR,69,228,0.0
SIR,69,229,0.0
SIR,69,230,0.0
SIR,69,231,0.0
SIR,69,232,0.0
SIR,69,233,0.0
SIR,69,234,0.0
SIR,69,235,0.0
SIR,69,236,0.0
SIR,69,237,0.0
SIR,69,238,0.0
SIR,69,239,0.0
SIR,69,240,0.0
SIR,69,241,0.0
SIR,69,242,0.0
SIR,69,243,0.0
SIR,69,244,0.0
SIR,69,245,0.0
SIR,69,246,0.0
SIR,69,247,0.0
SIR,69,248,0.0
SIR,69,249,0.0
SIR,69,250,0.0
SIR,69,251,0.0
SIR,69,252,0.0
SIR,69,253,0.0
SIR,69,254,0.0
SIR,69,255,0.0
SIR,69,256,0.0
SIR,69,257,0.0
SIR,69,258,0.0
SIR,69,259,0.0
SIR,69,260,0.0
SIR,69,261,0.0
SIR,69,262,0.0
SIR,69,263,0.0
SIR,69,264,0.0
SIR,69,265,0.0
SIR,69,266,0.0
SIR,69,267,0.0
SIR,69,268,0.0
SIR,69,269,0.0
SIR,69,270,0.0
SIR,69,271,0.0
SIR,69,272,0.0
SIR,69,273,0.0
SIR,69,274,0.0
SIR,69,275,0.0
SIR,69,276,0.0
SIR,69,277,0.0
SIR,69,278,0.0
SIR,69,279,0.0
SIR,69,280,0.0
SIR,69,281,0.0
SIR,69,282,0.0
SIR,69,283,0.0
SIR,69,284,0.0
SIR,69,285,0.0
SIR,69,286,0.0
SIR,69,287,0.0
SIR,69,288,0.0
SIR,69,289,0.0
SIR,69,290,0.0
SIR,69,291,0.0
SIR,69,292,0.0
SIR,69,293,0.0
SIR,69,294,0.0
SIR,69,295,0.0
SIR,69,296,0.0
SIR,69,297,0.0
SIR,69,298,0.0
SIR,69,299,0.0
SIR,69,300,0.0
SIR,70,0,0.08823529411764706
SIR,70,1,0.08823529411764706
SIR,70,2,0.08823529411764706
SIR,70,3,0.11764705882352941
SIR,70,4,0.17647058823529413
SIR,70,5,0.17647058823529413
SIR,70,6,0.23529411764705882
SIR,70,7,0.35294117647058826
SIR,70,8,0.35294117647058826
SIR,70,9,0.3235294117647059
SIR,70,10,0.23529411764705882
SIR,70,11,0.17647058823529413
SIR,70,12,0.14705882352941177
SIR,70,13,0.17647058823529413
SIR,70,14,0.17647058823529413
SIR,70,15,0.11764705882352941
SIR,70,16,0.17647058823529413
SIR,70,17,0.14705882352941177
SIR,70,18,0.11764705882352941
SIR,70,19,0.11764705882352941
SIR,70,20,0.11764705882352941
SIR,70,21,0.14705882352941177
SIR,70,22,0.14705882352941177
SIR,70,23,0.08823529411764706
SIR,70,24,0.08823529411764706
SIR,70,25,0.058823529411764705
SIR,70,26,0.029411764705882353
SIR,70,27,0.029411764705882353
SIR,70,28,0.029411764705882353
SIR,70,29,0.029411764705882353
SIR,70,30,0.029411764705882353
SIR,70,31,0.0
SIR,70,32,0.0
SIR,70,33,0.0
SIR,70,34,0.0
SIR,70,35,0.0
SIR,70,36,0.0
SIR,70,37,0.0
SIR,70,38,0.0
SIR,70,39,0.0
SIR,70,40,0.0
SIR,70,41,0.0
SIR,70,42,0.0
SIR,70,43,0.0
SIR,70,44,0.0
SIR,70,45,0.0
SIR,70,46,0.0
SIR,70,47,0.0
SIR,70,48,0.0
SIR,70,49,0.0
SIR,70,50,0.0
SIR,70,51,0.0
SIR,70,52,0.0
SIR,70,53,0.0
SIR,70,54,0.0
SIR,70,55,0.0
SIR,70,56,0.0
SIR,70,57,0.0
SIR,70,58,0.0
SIR,70,59,0.0
SIR,70,60,0.0
SIR,70,61,0.0
SIR,70,62,0.0
SIR,70,63,0.0
SIR,70,64,0.0
SIR,70,65,0.0
SIR,70,66,0.0
SIR,70,67,0.0
SIR,70,68,0.0
SIR,70,69,0.0
SIR,70,70,0.0
SIR,70,71,0.0
SIR,70,72,0.0
SIR,70,73,0.0
SIR,70,74,0.0
SIR,70,75,0.0
SIR,70,76,0.0
SIR,70,77,0.0
SIR,70,78,0.0
SIR,70,79,0.0
SIR,70,80,0.0
SIR,70,81,0.0
SIR,70,82,0.0
SIR,70,83,0.0
SIR,70,84,0.0
SIR,70,85,0.0
SIR,70,86,0.0
SIR,70,87,0.0
SIR,70,88,0.0
SIR,70,89,0.0
SIR,70,90,0.0
SIR,70,91,0.0
SIR,70,92,0.0
SIR,70,93,0.0
SIR,70,94,0.0
SIR,70,95,0.0
SIR,70,96,0.0
SIR,70,97,0.0
SIR,70,98,0.0
SIR,70,99,0.0
SIR,70,100,0.0
SIR,70,101,0.0
SIR,70,102,0.0
SIR,70,103,0.0
SIR,70,104,0.0
SIR,70,105,0.0
SIR,70,106,0.0
SIR,70,107,0.0
SIR,70,108,0.0
SIR,70,109,0.0
SIR,70,110,0.0
SIR,70,111,0.0
SIR,70,112,0.0
SIR,70,113,0.0
SIR,70,114,0.0
SIR,70,115,0.0
SIR,70,116,0.0
SIR,70,117,0.0
SIR,70,118,0.0
SIR,70,119,0.0
SIR,70,120,0.0
SIR,70,121,0.0
SIR,70,122,0.0
SIR,70,123,0.0
SIR,70,124,0.0
SIR,70,125,0.0
SIR,70,126,0.0
SIR,70,127,0.0
SIR,70,128,0.0
SIR,70,129,0.0
SIR,70,130,0.0
SIR,70,131,0.0
SIR,70,132,0.0
SIR,70,133,0.0
SIR,70,134,0.0
SIR,70,135,0.0
SIR,70,136,0.0
SIR,70,137,0.0
SIR,70,138,0.0
SIR,70,139,0.0
SIR,70,140,0.0
SIR,70,141,0.0
SIR,70,142,0.0
SIR,70,143,0.0
SIR,70,144,0.0
SIR,70,145,0.0
SIR,70,146,0.0
SIR,70,147,0.0
SIR,70,148,0.0
SIR,70,149,0.0
SIR,70,150,0.0
SIR,70,151,0.0
SIR,70,152,0.0
SIR,70,153,0.0
SIR,70,154,0.0
SIR,70,155,0.0
SIR,70,156,0.0
SIR,70,157,0.0
SIR,70,158,0.0
SIR,70,159,0.0
SIR,70,160,0.0
SIR,70,161,0.0
SIR,70,162,0.0
SIR,70,163,0.0
SIR,70,164,0.0
SIR,70,165,0.0
SIR,70,166,0.0
SIR,70,167,0.0
SIR,70,168,0.0
SIR,70,169,0.0
SIR,70,170,0.0
SIR,70,171,0.0
SIR,70,172,0.0
SIR,70,173,0.0
SIR,70,174,0.0
SIR,70,175,0.0
SIR,70,176,0.0
SIR,70,177,0.0
SIR,70,178,0.0
SIR,70,179,0.0
SIR,70,180,0.0
SIR,70,181,0.0
SIR,70,182,0.0
SIR,70,183,0.0
SIR,70,184,0.0
SIR,70,185,0.0
SIR,70,186,0.0
SIR,70,187,0.0
SIR,70,188,0.0
SIR,70,189,0.0
SIR,70,190,0.0
SIR,70,191,0.0
SIR,70,192,0.0
SIR,70,193,0.0
SIR,70,194,0.0
SIR,70,195,0.0
SIR,70,196,0.0
SIR,70,197,0.0
SIR,70,198,0.0
SIR,70,199,0.0
SIR,70,200,0.0
SIR,70,201,0.0
SIR,70,202,0.0
SIR,70,203,0.0
SIR,70,204,0.0
SIR,70,205,0.0
SIR,70,206,0.0
SIR,70,207,0.0
SIR,70,208,0.0
SIR,70,209,0.0
SIR,70,210,0.0
SIR,70,211,0.0
SIR,70,212,0.0
SIR,70,213,0.0
SIR,70,214,0.0
SIR,70,215,0.0
SIR,70,216,0.0
SIR,70,217,0.0
SIR,70,218,0.0
SIR,70,219,0.0
SIR,70,220,0.0
SIR,70,221,0.0
SIR,70,222,0.0
SIR,70,223,0.0
SIR,70,224,0.0
SIR,70,225,0.0
SIR,70,226,0.0
SIR,70,227,0.0
SIR,70,228,0.0
SIR,70,229,0.0
SIR,70,230,0.0
SIR,70,231,0.0
SIR,70,232,0.0
SIR,70,233,0.0
SIR,70,234,0.0
SIR,70,235,0.0
SIR,70,236,0.0
SIR,70,237,0.0
SIR,70,238,0.0
SIR,70,239,0.0
SIR,70,240,0.0
SIR,70,241,0.0
SIR,70,242,0.0
SIR,70,243,0.0
SIR,70,244,0.0
SIR,70,245,0.0
SIR,70,246,0.0
SIR,70,247,0.0
SIR,70,248,0.0
SIR,70,249,0.0
SIR,70,250,0.0
SIR,70,251,0.0
SIR,70,252,0.0
SIR,70,253,0.0
SIR,70,254,0.0
SIR,70,255,0.0
SIR,70,256,0.0
SIR,70,257,0.0
SIR,70,258,0.0
SIR,70,259,0.0
SIR,70,260,0.0
SIR,70,261,0.0
SIR,70,262,0.0
SIR,70,263,0.0
SIR,70,264,0.0
SIR,70,265,0.0
SIR,70,266,0.0
SIR,70,267,0.0
SIR,70,268,0.0
SIR,70,269,0.0
SIR,70,270,0.0
SIR,70,271,0.0
SIR,70,272,0.0
SIR,70,273,0.0
SIR,70,274,0.0
SIR,70,275,0.0
SIR,70,276,0.0
SIR,70,277,0.0
SIR,70,278,0.0
SIR,70,279,0.0
SIR,70,280,0.0
SIR,70,281,0.0
SIR,70,282,0.0
SIR,70,283,0.0
SIR,70,284,0.0
SIR,70,285,0.0
SIR,70,286,0.0
SIR,70,287,0.0
SIR,70,288,0.0
SIR,70,289,0.0
SIR,70,290,0.0
SIR,70,291,0.0
SIR,70,292,0.0
SIR,70,293,0.0
SIR,70,294,0.0
SIR,70,295,0.0
SIR,70,296,0.0
SIR,70,297,0.0
SIR,70,298,0.0
SIR,70,299,0.0
SIR,70,300,0.0
SIR,71,0,0.08823529411764706
SIR,71,1,0.058823529411764705
SIR,71,2,0.058823529411764705
SIR,71,3,0.11764705882352941
SIR,71,4,0.08823529411764706
SIR,71,5,0.058823529411764705
SIR,71,6,0.058823529411764705
SIR,71,7,0.11764705882352941
SIR,71,8,0.14705882352941177
SIR,71,9,0.14705882352941177
SIR,71,10,0.17647058823529413
SIR,71,11,0.17647058823529413
SIR,71,12,0.17647058823529413
SIR,71,13,0.17647058823529413
SIR,71,14,0.14705882352941177
SIR,71,15,0.14705882352941177
SIR,71,16,0.11764705882352941
SIR,71,17,0.029411764705882353
SIR,71,18,0.029411764705882353
SIR,71,19,0.029411764705882353
SIR,71,20,0.0
SIR,71,21,0.0
SIR,71,22,0.0
SIR,71,23,0.0
SIR,71,24,0.0
SIR,71,25,0.0
SIR,71,26,0.0
SIR,71,27,0.0
SIR,71,28,0.0
SIR,71,29,0.0
SIR,71,30,0.0
SIR,71,31,0.0
SIR,71,32,0.0
SIR,71,33,0.0
SIR,71,34,0.0
SIR,71,35,0.0
SIR,71,36,0.0
SIR,71,37,0.0
SIR,71,38,0.0
SIR,71,39,0.0
SIR,71,40,0.0
SIR,71,41,0.0
SIR,71,42,0.0
SIR,71,43,0.0
SIR,71,44,0.0
SIR,71,45,0.0
SIR,71,46,0.0
SIR,71,47,0.0
SIR,71,48,0.0
SIR,71,49,0.0
SIR,71,50,0.0
SIR,71,51,0.0
SIR,71,52,0.0
SIR,71,53,0.0
SIR,71,54,0.0
SIR,71,55,0.0
SIR,71,56,0.0
SIR,71,57,0.0
SIR,71,58,0.0
SIR,71,59,0.0
SIR,71,60,0.0
SIR,71,61,0.0
SIR,71,62,0.0
SIR,71,63,0.0
SIR,71,64,0.0
SIR,71,65,0.0
SIR,71,66,0.0
SIR,71,67,0.0
SIR,71,68,0.0
SIR,71,69,0.0
SIR,71,70,0.0
SIR,71,71,0.0
SIR,71,72,0.0
SIR,71,73,0.0
SIR,71,74,0.0
SIR,71,75,0.0
SIR,71,76,0.0
SIR,71,77,0.0
SIR,71,78,0.0
SIR,71,79,0.0
SIR,71,80,0.0
SIR,71,81,0.0
SIR,71,82,0.0
SIR,71,83,0.0
SIR,71,84,0.0
SIR,71,85,0.0
SIR,71,86,0.0
SIR,71,87,0.0
SIR,71,88,0.0
SIR,71,89,0.0
SIR,71,90,0.0
SIR,71,91,0.0
SIR,71,92,0.0
SIR,71,93,0.0
SIR,71,94,0.0
SIR,71,95,0.0
SIR,71,96,0.0
SIR,71,97,0.0
SIR,71,98,0.0
SIR,71,99,0.0
SIR,71,100,0.0
SIR,71,101,0.0
SIR,71,102,0.0
SIR,71,103,0.0
SIR,71,104,0.0
SIR,71,105,0.0
SIR,71,106,0.0
SIR,71,107,0.0
SIR,71,108,0.0
SIR,71,109,0.0
SIR,71,110,0.0
SIR,71,111,0.0
SIR,71,112,0.0
SIR,71,113,0.0
SIR,71,114,0.0
SIR,71,115,0.0
SIR,71,116,0.0
SIR,71,117,0.0
SIR,71,118,0.0
SIR,71,119,0.0
SIR,71,120,0.0
SIR,71,121,0.0
SIR,71,122,0.0
SIR,71,123,0.0
SIR,71,124,0.0
SIR,71,125,0.0
SIR,71,126,0.0
SIR,71,127,0.0
SIR,71,128,0.0
SIR,71,129,0.0
SIR,71,130,0.0
SIR,71,131,0.0
SIR,71,132,0.0
SIR,71,133,0.0
SIR,71,134,0.0
SIR,71,135,0.0
SIR,71,136,0.0
SIR,71,137,0.0
SIR,71,138,0.0
SIR,71,139,0.0
SIR,71,140,0.0
SIR,71,141,0.0
SIR,71,142,0.0
SIR,71,143,0.0
SIR,71,144,0.0
SIR,71,145,0.0
SIR,71,146,0.0
SIR,71,147,0.0
SIR,71,148,0.0
SIR,71,149,0.0
SIR,71,150,0.0
SIR,71,151,0.0
SIR,71,152,0.0
SIR,71,153,0.0
SIR,71,154,0.0
SIR,71,155,0.0
SIR,71,156,0.0
SIR,71,157,0.0
SIR,71,158,0.0
SIR,71,159,0.0
SIR,71,160,0.0
SIR,71,161,0.0
SIR,71,162,0.0
SIR,71,163,0.0
SIR,71,164,0.0
SIR,71,165,0.0
SIR,71,166,0.0
SIR,71,167,0.0
SIR,71,168,0.0
SIR,71,169,0.0
SIR,71,170,0.0
SIR,71,171,0.0
SIR,71,172,0.0
SIR,71,173,0.0
SIR,71,174,0.0
SIR,71,175,0.0
SIR,71,176,0.0
SIR,71,177,0.0
SIR,71,178,0.0
SIR,71,179,0.0
SIR,71,180,0.0
SIR,71,181,0.0
SIR,71,182,0.0
SIR,71,183,0.0
SIR,71,184,0.0
SIR,71,185,0.0
SIR,71,186,0.0
SIR,71,187,0.0
SIR,71,188,0.0
SIR,71,189,0.0
SIR,71,190,0.0
SIR,71,191,0.0
SIR,71,192,0.0
SIR,71,193,0.0
SIR,71,194,0.0
SIR,71,195,0.0
SIR,71,196,0.0
SIR,71,197,0.0
SIR,71,198,0.0
SIR,71,199,0.0
SIR,71,200,0.0
SIR,71,201,0.0
SIR,71,202,0.0
SIR,71,203,0.0
SIR,71,204,0.0
SIR,71,205,0.0
SIR,71,206,0.0
SIR,71,207,0.0
SIR,71,208,0.0
SIR,71,209,0.0
SIR,71,210,0.0
SIR,71,211,0.0
SIR,71,212,0.0
SIR,71,213,0.0
SIR,71,214,0.0
SIR,71,215,0.0
SIR,71,216,0.0
SIR,71,217,0.0
SIR,71,218,0.0
SIR,71,219,0.0
SIR,71,220,0.0
SIR,71,221,0.0
SIR,71,222,0.0
SIR,71,223,0.0
SIR,71,224,0.0
SIR,71,225,0.0
SIR,71,226,0.0
SIR,71,227,0.0
SIR,71,228,0.0
SIR,71,229,0.0
SIR,71,230,0.0
SIR,71,231,0.0
SIR,71,232,0.0
SIR,71,233,0.0
SIR,71,234,0.0
SIR,71,235,0.0
SIR,71,236,0.0
SIR,71,237,0.0
SIR,71,238,0.0
SIR,71,239,0.0
SIR,71,240,0.0
SIR,71,241,0.0
SIR,71,242,0.0
SIR,71,243,0.0
SIR,71,244,0.0
SIR,71,245,0.0
SIR,71,246,0.0
SIR,71,247,0.0
SIR,71,248,0.0
SIR,71,249,0.0
SIR,71,250,0.0
SIR,71,251,0.0
SIR,71,252,0.0
SIR,71,253,0.0
SIR,71,254,0.0
SIR,71,255,0.0
SIR,71,256,0.0
SIR,71,257,0.0
SIR,71,258,0.0
SIR,71,259,0.0
SIR,71,260,0.0
SIR,71,261,0.0
SIR,71,262,0.0
SIR,71,263,0.0
SIR,71,264,0.0
SIR,71,265,0.0
SIR,71,266,0.0
SIR,71,267,0.0
SIR,71,268,0.0
SIR,71,269,0.0
SIR,71,270,0.0
SIR,71,271,0.0
SIR,71,272,0.0
SIR,71,273,0.0
SIR,71,274,0.0
SIR,71,275,0.0
SIR,71,276,0.0
SIR,71,277,0.0
SIR,71,278,0.0
SIR,71,279,0.0
SIR,71,280,0.0
SIR,71,281,0.0
SIR,71,282,0.0
SIR,71,283,0.0
SIR,71,284,0.0
SIR,71,285,0.0
SIR,71,286,0.0
SIR,71,287,0.0
SIR,71,288,0.0
SIR,71,289,0.0
SIR,71,290,0.0
SIR,71,291,0.0
SIR,71,292,0.0
SIR,71,293,0.0
SIR,71,294,0.0
SIR,71,295,0.0
SIR,71,296,0.0
SIR,71,297,0.0
SIR,71,298,0.0
SIR,71,299,0.0
SIR,71,300,0.0
SIR,72,0,0.08823529411764706
SIR,72,1,0.058823529411764705
SIR,72,2,0.058823529411764705
SIR,72,3,0.058823529411764705
SIR,72,4,0.0
SIR,72,5,0.0
SIR,72,6,0.0
SIR,72,7,0.0
SIR,72,8,0.0
SIR,72,9,0.0
SIR,72,10,0.0
SIR,72,11,0.0
SIR,72,12,0.0
SIR,72,13,0.0
SIR,72,14,0.0
SIR,72,15,0.0
SIR,72,16,0.0
SIR,72,17,0.0
SIR,72,18,0.0
SIR,72,19,0.0
SIR,72,20,0.0
SIR,72,21,0.0
SIR,72,22,0.0
SIR,72,23,0.0
SIR,72,24,0.0
SIR,72,25,0.0
SIR,72,26,0.0
SIR,72,27,0.0
SIR,72,28,0.0
SIR,72,29,0.0
SIR,72,30,0.0
SIR,72,31,0.0
SIR,72,32,0.0
SIR,72,33,0.0
SIR,72,34,0.0
SIR,72,35,0.0
SIR,72,36,0.0
SIR,72,37,0.0
SIR,72,38,0.0
SIR,72,39,0.0
SIR,72,40,0.0
SIR,72,41,0.0
SIR,72,42,0.0
SIR,72,43,0.0
SIR,72,44,0.0
SIR,72,45,0.0
SIR,72,46,0.0
SIR,72,47,0.0
SIR,72,48,0.0
SIR,72,49,0.0
SIR,72,50,0.0
SIR,72,51,0.0
SIR,72,52,0.0
SIR,72,53,0.0
SIR,72,54,0.0
SIR,72,55,0.0
SIR,72,56,0.0
SIR,72,57,0.0
SIR,72,58,0.0
SIR,72,59,0.0
SIR,72,60,0.0
SIR,72,61,0.0
SIR,72,62,0.0
SIR,72,63,0.0
SIR,72,64,0.0
SIR,72,65,0.0
SIR,72,66,0.0
SIR,72,67,0.0
SIR,72,68,0.0
SIR,72,69,0.0
SIR,72,70,0.0
SIR,72,71,0.0
SIR,72,72,0.0
SIR,72,73,0.0
SIR,72,74,0.0
SIR,72,75,0.0
SIR,72,76,0.0
SIR,72,77,0.0
SIR,72,78,0.0
SIR,72,79,0.0
SIR,72,80,0.0
SIR,72,81,0.0
SIR,72,82,0.0
SIR,72,83,0.0
SIR,72,84,0.0
SIR,72,85,0.0
SIR,72,86,0.0
SIR,72,87,0.0
SIR,72,88,0.0
SIR,72,89,0.0
SIR,72,90,0.0
SIR,72,91,0.0
SIR,72,92,0.0
SIR,72,93,0.0
SIR,72,94,0.0
SIR,72,95,0.0
SIR,72,96,0.0
SIR,72,97,0.0
SIR,72,98,0.0
SIR,72,99,0.0
SIR,72,100,0.0
SIR,72,101,0.0
SIR,72,102,0.0
SIR,72,103,0.0
SIR,72,104,0.0
SIR,72,105,0.0
SIR,72,106,0.0
SIR,72,107,0.0
SIR,72,108,0.0
SIR,72,109,0.0
SIR,72,110,0.0
SIR,72,111,0.0
SIR,72,112,0.0
SIR,72,113,0.0
SIR,72,114,0.0
SIR,72,115,0.0
SIR,72,116,0.0
SIR,72,117,0.0
SIR,72,118,0.0
SIR,72,119,0.0
SIR,72,120,0.0
SIR,72,121,0.0
SIR,72,122,0.0
SIR,72,123,0.0
SIR,72,124,0.0
SIR,72,125,0.0
SIR,72,126,0.0
SIR,72,127,0.0
SIR,72,128,0.0
SIR,72,129,0.0
SIR,72,130,0.0
SIR,72,131,0.0
SIR,72,132,0.0
SIR,72,133,0.0
SIR,72,134,0.0
SIR,72,135,0.0
SIR,72,136,0.0
SIR,72,137,0.0
SIR,72,138,0.0
SIR,72,139,0.0
SIR,72,140,0.0
SIR,72,141,0.0
SIR,72,142,0.0
SIR,72,143,0.0
SIR,72,144,0.0
SIR,72,145,0.0
SIR,72,146,0.0
SIR,72,147,0.0
SIR,72,148,0.0
SIR,72,149,0.0
SIR,72,150,0.0
SIR,72,151,0.0
SIR,72,152,0.0
SIR,72,153,0.0
SIR,72,154,0.0
SIR,72,155,0.0
SIR,72,156,0.0
SIR,72,157,0.0
SIR,72,158,0.0
SIR,72,159,0.0
SIR,72,160,0.0
SIR,72,161,0.0
SIR,72,162,0.0
SIR,72,163,0.0
SIR,72,164,0.0
SIR,72,165,0.0
SIR,72,166,0.0
SIR,72,167,0.0
SIR,72,168,0.0
SIR,72,169,0.0
SIR,72,170,0.0
SIR,72,171,0.0
SIR,72,172,0.0
SIR,72,173,0.0
SIR,72,174,0.0
SIR,72,175,0.0
SIR,72,176,0.0
SIR,72,177,0.0
SIR,72,178,0.0
SIR,72,179,0.0
SIR,72,180,0.0
SIR,72,181,0.0
SIR,72,182,0.0
SIR,72,183,0.0
SIR,72,184,0.0
SIR,72,185,0.0
SIR,72,186,0.0
SIR,72,187,0.0
SIR,72,188,0.0
SIR,72,189,0.0
SIR,72,190,0.0
SIR,72,191,0.0
SIR,72,192,0.0
SIR,72,193,0.0
SIR,72,194,0.0
SIR,72,195,0.0
SIR,72,196,0.0
SIR,72,197,0.0
SIR,72,198,0.0
SIR,72,199,0.0
SIR,72,200,0.0
SIR,72,201,0.0
SIR,72,202,0.0
SIR,72,203,0.0
SIR,72,204,0.0
SIR,72,205,0.0
SIR,72,206,0.0
SIR,72,207,0.0
SIR,72,208,0.0
SIR,72,209,0.0
SIR,72,210,0.0
SIR,72,211,0.0
SIR,72,212,0.0
SIR,72,213,0.0
SIR,72,214,0.0
SIR,72,215,0.0
SIR,72,216,0.0
SIR,72,217,0.0
SIR,72,218,0.0
SIR,72,219,0.0
SIR,72,220,0.0
SIR,72,221,0.0
SIR,72,222,0.0
SIR,72,223,0.0
SIR,72,224,0.0
SIR,72,225,0.0
SIR,72,226,0.0
SIR,72,227,0.0
SIR,72,228,0.0
SIR,72,229,0.0
SIR,72,230,0.0
SIR,72,231,0.0
SIR,72,232,0.0
SIR,72,233,0.0
SIR,72,234,0.0
SIR,72,235,0.0
SIR,72,236,0.0
SIR,72,237,0.0
SIR,72,238,0.0
SIR,72,239,0.0
SIR,72,240,0.0
SIR,72,241,0.0
SIR,72,242,0.0
SIR,72,243,0.0
SIR,72,244,0.0
SIR,72,245,0.0
SIR,72,246,0.0
SIR,72,247,0.0
SIR,72,248,0.0
SIR,72,249,0.0
SIR,72,250,0.0
SIR,72,251,0.0
SIR,72,252,0.0
SIR,72,253,0.0
SIR,72,254,0.0
SIR,72,255,0.0
SIR,72,256,0.0
SIR,72,257,0.0
SIR,72,258,0.0
SIR,72,259,0.0
SIR,72,260,0.0
SIR,72,261,0.0
SIR,72,262,0.0
SIR,72,263,0.0
SIR,72,264,0.0
SIR,72,265,0.0
SIR,72,266,0.0
SIR,72,267,0.0
SIR,72,268,0.0
SIR,72,269,0.0
SIR,72,270,0.0
SIR,72,271,0.0
SIR,72,272,0.0
SIR,72,273,0.0
SIR,72,274,0.0
SIR,72,275,0.0
SIR,72,276,0.0
SIR,72,277,0.0
SIR,72,278,0.0
SIR,72,279,0.0
SIR,72,280,0.0
SIR,72,281,0.0
SIR,72,282,0.0
SIR,72,283,0.0
SIR,72,284,0.0
SIR,72,285,0.0
SIR,72,286,0.0
SIR,72,287,0.0
SIR,72,288,0.0
SIR,72,289,0.0
SIR,72,290,0.0
SIR,72,291,0.0
SIR,72,292,0.0
SIR,72,293,0.0
SIR,72,294,0.0
SIR,72,295,0.0
SIR,72,296,0.0
SIR,72,297,0.0
SIR,72,298,0.0
SIR,72,299,0.0
SIR,72,300,0.0
SIR,73,0,0.08823529411764706
SIR,73,1,0.058823529411764705
SIR,73,2,0.08823529411764706
SIR,73,3,0.058823529411764705
SIR,73,4,0.11764705882352941
SIR,73,5,0.17647058823529413
SIR,73,6,0.20588235294117646
SIR,73,7,0.20588235294117646
SIR,73,8,0.20588235294117646
SIR,73,9,0.23529411764705882
SIR,73,10,0.20588235294117646
SIR,73,11,0.20588235294117646
SIR,73,12,0.20588235294117646
SIR,73,13,0.20588235294117646
SIR,73,14,0.17647058823529413
SIR,73,15,0.11764705882352941
SIR,73,16,0.14705882352941177
SIR,73,17,0.08823529411764706
SIR,73,18,0.058823529411764705
SIR,73,19,0.058823529411764705
SIR,73,20,0.058823529411764705
SIR,73,21,0.029411764705882353
SIR,73,22,0.029411764705882353
SIR,73,23,0.0
SIR,73,24,0.0
SIR,73,25,0.0
SIR,73,26,0.0
SIR,73,27,0.0
SIR,73,28,0.0
SIR,73,29,0.0
SIR,73,30,0.0
SIR,73,31,0.0
SIR,73,32,0.0
SIR,73,33,0.0
SIR,73,34,0.0
SIR,73,35,0.0
SIR,73,36,0.0
SIR,73,37,0.0
SIR,73,38,0.0
SIR,73,39,0.0
SIR,73,40,0.0
SIR,73,41,0.0
SIR,73,42,0.0
SIR,73,43,0.0
SIR,73,44,0.0
SIR,73,45,0.0
SIR,73,46,0.0
SIR,73,47,0.0
SIR,73,48,0.0
SIR,73,49,0.0
SIR,73,50,0.0
SIR,73,51,0.0
SIR,73,52,0.0
SIR,73,53,0.0
SIR,73,54,0.0
SIR,73,55,0.0
SIR,73,56,0.0
SIR,73,57,0.0
SIR,73,58,0.0
SIR,73,59,0.0
SIR,73,60,0.0
SIR,73,61,0.0
SIR,73,62,0.0
SIR,73,63,0.0
SIR,73,64,0.0
SIR,73,65,0.0
SIR,73,66,0.0
SIR,73,67,0.0
SIR,73,68,0.0
SIR,73,69,0.0
SIR,73,70,0.0
SIR,73,71,0.0
SIR,73,72,0.0
SIR,73,73,0.0
SIR,73,74,0.0
SIR,73,75,0.0
SIR,73,76,0.0
SIR,73,77,0.0
SIR,73,78,0.0
SIR,73,79,0.0
SIR,73,80,0.0
SIR,73,81,0.0
SIR,73,82,0.0
SIR,73,83,0.0
SIR,73,84,0.0
SIR,73,85,0.0
SIR,73,86,0.0
SIR,73,87,0.0
SIR,73,88,0.0
SIR,73,89,0.0
SIR,73,90,0.0
SIR,73,91,0.0
SIR,73,92,0.0
SIR,73,93,0.0
SIR,73,94,0.0
SIR,73,95,0.0
SIR,73,96,0.0
SIR,73,97,0.0
SIR,73,98,0.0
SIR,73,99,0.0
SIR,73,100,0.0
SIR,73,101,0.0
SIR,73,102,0.0
SIR,73,103,0.0
SIR,73,104,0.0
SIR,73,105,0.0
SIR,73,106,0.0
SIR,73,107,0.0
SIR,73,108,0.0
SIR,73,109,0.0
SIR,73,110,0.0
SIR,73,111,0.0
SIR,73,112,0.0
SIR,73,113,0.0
SIR,73,114,0.0
SIR,73,115,0.0
SIR,73,116,0.0
SIR,73,117,0.0
SIR,73,118,0.0
SIR,73,119,0.0
SIR,73,120,0.0
SIR,73,121,0.0
SIR,73,122,0.0
SIR,73,123,0.0
SIR,73,124,0.0
SIR,73,125,0.0
SIR,73,126,0.0
SIR,73,127,0.0
SIR,73,128,0.0
SIR,73,129,0.0
SIR,73,130,0.0
SIR,73,131,0.0
SIR,73,132,0.0
SIR,73,133,0.0
SIR,73,134,0.0
SIR,73,135,0.0
SIR,73,136,0.0
SIR,73,137,0.0
SIR,73,138,0.0
SIR,73,139,0.0
SIR,73,140,0.0
SIR,73,141,0.0
SIR,73,142,0.0
SIR,73,143,0.0
SIR,73,144,0.0
SIR,73,145,0.0
SIR,73,146,0.0
SIR,73,147,0.0
SIR,73,148,0.0
SIR,73,149,0.0
SIR,73,150,0.0
SIR,73,151,0.0
SIR,73,152,0.0
SIR,73,153,0.0
SIR,73,154,0.0
SIR,73,155,0.0
SIR,73,156,0.0
SIR,73,157,0.0
SIR,73,158,0.0
SIR,73,159,0.0
SIR,73,160,0.0
SIR,73,161,0.0
SIR,73,162,0.0
SIR,73,163,0.0
SIR,73,164,0.0
SIR,73,165,0.0
SIR,73,166,0.0
SIR,73,167,0.0
SIR,73,168,0.0
SIR,73,169,0.0
SIR,73,170,0.0
SIR,73,171,0.0
SIR,73,172,0.0
SIR,73,173,0.0
SIR,73,174,0.0
SIR,73,175,0.0
SIR,73,176,0.0
SIR,73,177,0.0
SIR,73,178,0.0
SIR,73,179,0.0
SIR,73,180,0.0
SIR,73,181,0.0
SIR,73,182,0.0
SIR,73,183,0.0
SIR,73,184,0.0
SIR,73,185,0.0
SIR,73,186,0.0
SIR,73,187,0.0
SIR,73,188,0.0
SIR,73,189,0.0
SIR,73,190,0.0
SIR,73,191,0.0
SIR,73,192,0.0
SIR,73,193,0.0
SIR,73,194,0.0
SIR,73,195,0.0
SIR,73,196,0.0
SIR,73,197,0.0
SIR,73,198,0.0
SIR,73,199,0.0
SIR,73,200,0.0
SIR,73,201,0.0
SIR,73,202,0.0
SIR,73,203,0.0
SIR,73,204,0.0
SIR,73,205,0.0
SIR,73,206,0.0
SIR,73,207,0.0
SIR,73,208,0.0
SIR,73,209,0.0
SIR,73,210,0.0
SIR,73,211,0.0
SIR,73,212,0.0
SIR,73,213,0.0
SIR,73,214,0.0
SIR,73,215,0.0
SIR,73,216,0.0
SIR,73,217,0.0
SIR,73,218,0.0
SIR,73,219,0.0
SIR,73,220,0.0
SIR,73,221,0.0
SIR,73,222,0.0
SIR,73,223,0.0
SIR,73,224,0.0
SIR,73,225,0.0
SIR,73,226,0.0
SIR,73,227,0.0
SIR,73,228,0.0
SIR,73,229,0.0
SIR,73,230,0.0
SIR,73,231,0.0
SIR,73,232,0.0
SIR,73,233,0.0
SIR,73,234,0.0
SIR,73,235,0.0
SIR,73,236,0.0
SIR,73,237,0.0
SIR,73,238,0.0
SIR,73,239,0.0
SIR,73,240,0.0
SIR,73,241,0.0
SIR,73,242,0.0
SIR,73,243,0.0
SIR,73,244,0.0
SIR,73,245,0.0
SIR,73,246,0.0
SIR,73,247,0.0
SIR,73,248,0.0
SIR,73,249,0.0
SIR,73,250,0.0
SIR,73,251,0.0
SIR,73,252,0.0
SIR,73,253,0.0
SIR,73,254,0.0
SIR,73,255,0.0
SIR,73,256,0.0
SIR,73,257,0.0
SIR,73,258,0.0
SIR,73,259,0.0
SIR,73,260,0.0
SIR,73,261,0.0
SIR,73,262,0.0
SIR,73,263,0.0
SIR,73,264,0.0
SIR,73,265,0.0
SIR,73,266,0.0
SIR,73,267,0.0
SIR,73,268,0.0
SIR,73,269,0.0
SIR,73,270,0.0
SIR,73,271,0.0
SIR,73,272,0.0
SIR,73,273,0.0
SIR,73,274,0.0
SIR,73,275,0.0
SIR,73,276,0.0
SIR,73,277,0.0
SIR,73,278,0.0
SIR,73,279,0.0
SIR,73,280,0.0
SIR,73,281,0.0
SIR,73,282,0.0
SIR,73,283,0.0
SIR,73,284,0.0
SIR,73,285,0.0
SIR,73,286,0.0
SIR,73,287,0.0
SIR,73,288,0.0
SIR,73,289,0.0
SIR,73,290,0.0
SIR,73,291,0.0
SIR,73,292,0.0
SIR,73,293,0.0
SIR,73,294,0.0
SIR,73,295,0.0
SIR,73,296,0.0
SIR,73,297,0.0
SIR,73,298,0.0
SIR,73,299,0.0
SIR,73,300,0.0
SIR,74,0,0.08823529411764706
SIR,74,1,0.14705882352941177
SIR,74,2,0.17647058823529413
SIR,74,3,0.23529411764705882
SIR,74,4,0.2647058823529412
SIR,74,5,0.23529411764705882
SIR,74,6,0.3235294117647059
SIR,74,7,0.3235294117647059
SIR,74,8,0.23529411764705882
SIR,74,9,0.20588235294117646
SIR,74,10,0.20588235294117646
SIR,74,11,0.17647058823529413
SIR,74,12,0.17647058823529413
SIR,74,13,0.14705882352941177
SIR,74,14,0.14705882352941177
SIR,74,15,0.058823529411764705
SIR,74,16,0.058823529411764705
SIR,74,17,0.029411764705882353
SIR,74,18,0.029411764705882353
SIR,74,19,0.029411764705882353
SIR,74,20,0.029411764705882353
SIR,74,21,0.029411764705882353
SIR,74,22,0.029411764705882353
SIR,74,23,0.029411764705882353
SIR,74,24,0.029411764705882353
SIR,74,25,0.029411764705882353
SIR,74,26,0.0
SIR,74,27,0.0
SIR,74,28,0.0
SIR,74,29,0.0
SIR,74,30,0.0
SIR,74,31,0.0
SIR,74,32,0.0
SIR,74,33,0.0
SIR,74,34,0.0
SIR,74,35,0.0
SIR,74,36,0.0
SIR,74,37,0.0
SIR,74,38,0.0
SIR,74,39,0.0
SIR,74,40,0.0
SIR,74,41,0.0
SIR,74,42,0.0
SIR,74,43,0.0
SIR,74,44,0.0
SIR,74,45,0.0
SIR,74,46,0.0
SIR,74,47,0.0
SIR,74,48,0.0
SIR,74,49,0.0
SIR,74,50,0.0
SIR,74,51,0.0
SIR,74,52,0.0
SIR,74,53,0.0
SIR,74,54,0.0
SIR,74,55,0.0
SIR,74,56,0.0
SIR,74,57,0.0
SIR,74,58,0.0
SIR,74,59,0.0
SIR,74,60,0.0
SIR,74,61,0.0
SIR,74,62,0.0
SIR,74,63,0.0
SIR,74,64,0.0
SIR,74,65,0.0
SIR,74,66,0.0
SIR,74,67,0.0
SIR,74,68,0.0
SIR,74,69,0.0
SIR,74,70,0.0
SIR,74,71,0.0
SIR,74,72,0.0
SIR,74,73,0.0
SIR,74,74,0.0
SIR,74,75,0.0
SIR,74,76,0.0
SIR,74,77,0.0
SIR,74,78,0.0
SIR,74,79,0.0
SIR,74,80,0.0
SIR,74,81,0.0
SIR,74,82,0.0
SIR,74,83,0.0
SIR,74,84,0.0
SIR,74,85,0.0
SIR,74,86,0.0
SIR,74,87,0.0
SIR,74,88,0.0
SIR,74,89,0.0
SIR,74,90,0.0
SIR,74,91,0.0
SIR,74,92,0.0
SIR,74,93,0.0
SIR,74,94,0.0
SIR,74,95,0.0
SIR,74,96,0.0
SIR,74,97,0.0
SIR,74,98,0.0
SIR,74,99,0.0
SIR,74,100,0.0
SIR,74,101,0.0
SIR,74,102,0.0
SIR,74,103,0.0
SIR,74,104,0.0
SIR,74,105,0.0
SIR,74,106,0.0
SIR,74,107,0.0
SIR,74,108,0.0
SIR,74,109,0.0
SIR,74,110,0.0
SIR,74,111,0.0
SIR,74,112,0.0
SIR,74,113,0.0
SIR,74,114,0.0
SIR,74,115,0.0
SIR,74,116,0.0
SIR,74,117,0.0
SIR,74,118,0.0
SIR,74,119,0.0
SIR,74,120,0.0
SIR,74,121,0.0
SIR,74,122,0.0
SIR,74,123,0.0
SIR,74,124,0.0
SIR,74,125,0.0
SIR,74,126,0.0
SIR,74,127,0.0
SIR,74,128,0.0
SIR,74,129,0.0
SIR,74,130,0.0
SIR,74,131,0.0
SIR,74,132,0.0
SIR,74,133,0.0
SIR,74,134,0.0
SIR,74,135,0.0
SIR,74,136,0.0
SIR,74,137,0.0
SIR,74,138,0.0
SIR,74,139,0.0
SIR,74,140,0.0
SIR,74,141,0.0
SIR,74,142,0.0
SIR,74,143,0.0
SIR,74,144,0.0
SIR,74,145,0.0
SIR,74,146,0.0
SIR,74,147,0.0
SIR,74,148,0.0
SIR,74,149,0.0
SIR,74,150,0.0
SIR,74,151,0.0
SIR,74,152,0.0
SIR,74,153,0.0
SIR,74,154,0.0
SIR,74,155,0.0
SIR,74,156,0.0
SIR,74,157,0.0
SIR,74,158,0.0
SIR,74,159,0.0
SIR,74,160,0.0
SIR,74,161,0.0
SIR,74,162,0.0
SIR,74,163,0.0
SIR,74,164,0.0
SIR,74,165,0.0
SIR,74,166,0.0
SIR,74,167,0.0
SIR,74,168,0.0
SIR,74,169,0.0
SIR,74,170,0.0
SIR,74,171,0.0
SIR,74,172,0.0
SIR,74,173,0.0
SIR,74,174,0.0
SIR,74,175,0.0
SIR,74,176,0.0
SIR,74,177,0.0
SIR,74,178,0.0
SIR,74,179,0.0
SIR,74,180,0.0
SIR,74,181,0.0
SIR,74,182,0.0
SIR,74,183,0.0
SIR,74,184,0.0
SIR,74,185,0.0
SIR,74,186,0.0
SIR,74,187,0.0
SIR,74,188,0.0
SIR,74,189,0.0
SIR,74,190,0.0
SIR,74,191,0.0
SIR,74,192,0.0
SIR,74,193,0.0
SIR,74,194,0.0
SIR,74,195,0.0
SIR,74,196,0.0
SIR,74,197,0.0
SIR,74,198,0.0
SIR,74,199,0.0
SIR,74,200,0.0
SIR,74,201,0.0
SIR,74,202,0.0
SIR,74,203,0.0
SIR,74,204,0.0
SIR,74,205,0.0
SIR,74,206,0.0
SIR,74,207,0.0
SIR,74,208,0.0
SIR,74,209,0.0
SIR,74,210,0.0
SIR,74,211,0.0
SIR,74,212,0.0
SIR,74,213,0.0
SIR,74,214,0.0
SIR,74,215,0.0
SIR,74,216,0.0
SIR,74,217,0.0
SIR,74,218,0.0
SIR,74,219,0.0
SIR,74,220,0.0
SIR,74,221,0.0
SIR,74,222,0.0
SIR,74,223,0.0
SIR,74,224,0.0
SIR,74,225,0.0
SIR,74,226,0.0
SIR,74,227,0.0
SIR,74,228,0.0
SIR,74,229,0.0
SIR,74,230,0.0
SIR,74,231,0.0
SIR,74,232,0.0
SIR,74,233,0.0
SIR,74,234,0.0
SIR,74,235,0.0
SIR,74,236,0.0
SIR,74,237,0.0
SIR,74,238,0.0
SIR,74,239,0.0
SIR,74,240,0.0
SIR,74,241,0.0
SIR,74,242,0.0
SIR,74,243,0.0
SIR,74,244,0.0
SIR,74,245,0.0
SIR,74,246,0.0
SIR,74,247,0.0
SIR,74,248,0.0
SIR,74,249,0.0
SIR,74,250,0.0
SIR,74,251,0.0
SIR,74,252,0.0
SIR,74,253,0.0
SIR,74,254,0.0
SIR,74,255,0.0
SIR,74,256,0.0
SIR,74,257,0.0
SIR,74,258,0.0
SIR,74,259,0.0
SIR,74,260,0.0
SIR,74,261,0.0
SIR,74,262,0.0
SIR,74,263,0.0
SIR,74,264,0.0
SIR,74,265,0.0
SIR,74,266,0.0
SIR,74,267,0.0
SIR,74,268,0.0
SIR,74,269,0.0
SIR,74,270,0.0
SIR,74,271,0.0
SIR,74,272,0.0
SIR,74,273,0.0
SIR,74,274,0.0
SIR,74,275,0.0
SIR,74,276,0.0
SIR,74,277,0.0
SIR,74,278,0.0
SIR,74,279,0.0
SIR,74,280,0.0
SIR,74,281,0.0
SIR,74,282,0.0
SIR,74,283,0.0
SIR,74,284,0.0
SIR,74,285,0.0
SIR,74,286,0.0
SIR,74,287,0.0
SIR,74,288,0.0
SIR,74,289,0.0
SIR,74,290,0.0
SIR,74,291,0.0
SIR,74,292,0.0
SIR,74,293,0.0
SIR,74,294,0.0
SIR,74,295,0.0
SIR,74,296,0.0
SIR,74,297,0.0
SIR,74,298,0.0
SIR,74,299,0.0
SIR,74,300,0.0
SIR,75,0,0.08823529411764706
SIR,75,1,0.058823529411764705
SIR,75,2,0.058823529411764705
SIR,75,3,0.058823529411764705
SIR,75,4,0.08823529411764706
SIR,75,5,0.14705882352941177
SIR,75,6,0.14705882352941177
SIR,75,7,0.08823529411764706
SIR,75,8,0.11764705882352941
SIR,75,9,0.11764705882352941
SIR,75,10,0.14705882352941177
SIR,75,11,0.11764705882352941
SIR,75,12,0.11764705882352941
SIR,75,13,0.11764705882352941
SIR,75,14,0.029411764705882353
SIR,75,15,0.029411764705882353
SIR,75,16,0.0
SIR,75,17,0.0
SIR,75,18,0.0
SIR,75,19,0.0
SIR,75,20,0.0
SIR,75,21,0.0
SIR,75,22,0.0
SIR,75,23,0.0
SIR,75,24,0.0
SIR,75,25,0.0
SIR,75,26,0.0
SIR,75,27,0.0
SIR,75,28,0.0
SIR,75,29,0.0
SIR,75,30,0.0
SIR,75,31,0.0
SIR,75,32,0.0
SIR,75,33,0.0
SIR,75,34,0.0
SIR,75,35,0.0
SIR,75,36,0.0
SIR,75,37,0.0
SIR,75,38,0.0
SIR,75,39,0.0
SIR,75,40,0.0
SIR,75,41,0.0
SIR,75,42,0.0
SIR,75,43,0.0
SIR,75,44,0.0
SIR,75,45,0.0
SIR,75,46,0.0
SIR,75,47,0.0
SIR,75,48,0.0
SIR,75,49,0.0
SIR,75,50,0.0
SIR,75,51,0.0
SIR,75,52,0.0
SIR,75,53,0.0
SIR,75,54,0.0
SIR,75,55,0.0
SIR,75,56,0.0
SIR,75,57,0.0
SIR,75,58,0.0
SIR,75,59,0.0
SIR,75,60,0.0
SIR,75,61,0.0
SIR,75,62,0.0
SIR,75,63,0.0
SIR,75,64,0.0
SIR,75,65,0.0
SIR,75,66,0.0
SIR,75,67,0.0
SIR,75,68,0.0
SIR,75,69,0.0
SIR,75,70,0.0
SIR,75,71,0.0
SIR,75,72,0.0
SIR,75,73,0.0
SIR,75,74,0.0
SIR,75,75,0.0
SIR,75,76,0.0
SIR,75,77,0.0
SIR,75,78,0.0
SIR,75,79,0.0
SIR,75,80,0.0
SIR,75,81,0.0
SIR,75,82,0.0
SIR,75,83,0.0
SIR,75,84,0.0
SIR,75,85,0.0
SIR,75,86,0.0
SIR,75,87,0.0
SIR,75,88,0.0
SIR,75,89,0.0
SIR,75,90,0.0
SIR,75,91,0.0
SIR,75,92,0.0
SIR,75,93,0.0
SIR,75,94,0.0
SIR,75,95,0.0
SIR,75,96,0.0
SIR,75,97,0.0
SIR,75,98,0.0
SIR,75,99,0.0
SIR,75,100,0.0
SIR,75,101,0.0
SIR,75,102,0.0
SIR,75,103,0.0
SIR,75,104,0.0
SIR,75,105,0.0
SIR,75,106,0.0
SIR,75,107,0.0
SIR,75,108,0.0
SIR,75,109,0.0
SIR,75,110,0.0
SIR,75,111,0.0
SIR,75,112,0.0
SIR,75,113,0.0
SIR,75,114,0.0
SIR,75,115,0.0
SIR,75,116,0.0
SIR,75,117,0.0
SIR,75,118,0.0
SIR,75,119,0.0
SIR,75,120,0.0
SIR,75,121,0.0
SIR,75,122,0.0
SIR,75,123,0.0
SIR,75,124,0.0
SIR,75,125,0.0
SIR,75,126,0.0
SIR,75,127,0.0
SIR,75,128,0.0
SIR,75,129,0.0
SIR,75,130,0.0
SIR,75,131,0.0
SIR,75,132,0.0
SIR,75,133,0.0
SIR,75,134,0.0
SIR,75,135,0.0
SIR,75,136,0.0
SIR,75,137,0.0
SIR,75,138,0.0
SIR,75,139,0.0
SIR,75,140,0.0
SIR,75,141,0.0
SIR,75,142,0.0
SIR,75,143,0.0
SIR,75,144,0.0
SIR,75,145,0.0
SIR,75,146,0.0
SIR,75,147,0.0
SIR,75,148,0.0
SIR,75,149,0.0
SIR,75,150,0.0
SIR,75,151,0.0
SIR,75,152,0.0
SIR,75,153,0.0
SIR,75,154,0.0
SIR,75,155,0.0
SIR,75,156,0.0
SIR,75,157,0.0
SIR,75,158,0.0
SIR,75,159,0.0
SIR,75,160,0.0
SIR,75,161,0.0
SIR,75,162,0.0
SIR,75,163,0.0
SIR,75,164,0.0
SIR,75,165,0.0
SIR,75,166,0.0
SIR,75,167,0.0
SIR,75,168,0.0
SIR,75,169,0.0
SIR,75,170,0.0
SIR,75,171,0.0
SIR,75,172,0.0
SIR,75,173,0.0
SIR,75,174,0.0
SIR,75,175,0.0
SIR,75,176,0.0
SIR,75,177,0.0
SIR,75,178,0.0
SIR,75,179,0.0
SIR,75,180,0.0
SIR,75,181,0.0
SIR,75,182,0.0
SIR,75,183,0.0
SIR,75,184,0.0
SIR,75,185,0.0
SIR,75,186,0.0
SIR,75,187,0.0
SIR,75,188,0.0
SIR,75,189,0.0
SIR,75,190,0.0
SIR,75,191,0.0
SIR,75,192,0.0
SIR,75,193,0.0
SIR,75,194,0.0
SIR,75,195,0.0
SIR,75,196,0.0
SIR,75,197,0.0
SIR,75,198,0.0
SIR,75,199,0.0
SIR,75,200,0.0
SIR,75,201,0.0
SIR,75,202,0.0
SIR,75,203,0.0
SIR,75,204,0.0
SIR,75,205,0.0
SIR,75,206,0.0
SIR,75,207,0.0
SIR,75,208,0.0
SIR,75,209,0.0
SIR,75,210,0.0
SIR,75,211,0.0
SIR,75,212,0.0
SIR,75,213,0.0
SIR,75,214,0.0
SIR,75,215,0.0
SIR,75,216,0.0
SIR,75,217,0.0
SIR,75,218,0.0
SIR,75,219,0.0
SIR,75,220,0.0
SIR,75,221,0.0
SIR,75,222,0.0
SIR,75,223,0.0
SIR,75,224,0.0
SIR,75,225,0.0
SIR,75,226,0.0
SIR,75,227,0.0
SIR,75,228,0.0
SIR,75,229,0.0
SIR,75,230,0.0
SIR,75,231,0.0
SIR,75,232,0.0
SIR,75,233,0.0
SIR,75,234,0.0
SIR,75,235,0.0
SIR,75,236,0.0
SIR,75,237,0.0
SIR,75,238,0.0
SIR,75,239,0.0
SIR,75,240,0.0
SIR,75,241,0.0
SIR,75,242,0.0
SIR,75,243,0.0
SIR,75,244,0.0
SIR,75,245,0.0
SIR,75,246,0.0
SIR,75,247,0.0
SIR,75,248,0.0
SIR,75,249,0.0
SIR,75,250,0.0
SIR,75,251,0.0
SIR,75,252,0.0
SIR,75,253,0.0
SIR,75,254,0.0
SIR,75,255,0.0
SIR,75,256,0.0
SIR,75,257,0.0
SIR,75,258,0.0
SIR,75,259,0.0
SIR,75,260,0.0
SIR,75,261,0.0
SIR,75,262,0.0
SIR,75,263,0.0
SIR,75,264,0.0
SIR,75,265,0.0
SIR,75,266,0.0
SIR,75,267,0.0
SIR,75,268,0.0
SIR,75,269,0.0
SIR,75,270,0.0
SIR,75,271,0.0
SIR,75,272,0.0
SIR,75,273,0.0
SIR,75,274,0.0
SIR,75,275,0.0
SIR,75,276,0.0
SIR,75,277,0.0
SIR,75,278,0.0
SIR,75,279,0.0
SIR,75,280,0.0
SIR,75,281,0.0
SIR,75,282,0.0
SIR,75,283,0.0
SIR,75,284,0.0
SIR,75,285,0.0
SIR,75,286,0.0
SIR,75,287,0.0
SIR,75,288,0.0
SIR,75,289,0.0
SIR,75,290,0.0
SIR,75,291,0.0
SIR,75,292,0.0
SIR,75,293,0.0
SIR,75,294,0.0
SIR,75,295,0.0
SIR,75,296,0.0
SIR,75,297,0.0
SIR,75,298,0.0
SIR,75,299,0.0
SIR,75,300,0.0
SIR,76,0,0.08823529411764706
SIR,76,1,0.14705882352941177
SIR,76,2,0.23529411764705882
SIR,76,3,0.23529411764705882
SIR,76,4,0.35294117647058826
SIR,76,5,0.35294117647058826
SIR,76,6,0.29411764705882354
SIR,76,7,0.3235294117647059
SIR,76,8,0.3235294117647059
SIR,76,9,0.2647058823529412
SIR,76,10,0.23529411764705882
SIR,76,11,0.14705882352941177
SIR,76,12,0.08823529411764706
SIR,76,13,0.08823529411764706
SIR,76,14,0.08823529411764706
SIR,76,15,0.08823529411764706
SIR,76,16,0.08823529411764706
SIR,76,17,0.058823529411764705
SIR,76,18,0.11764705882352941
SIR,76,19,0.11764705882352941
SIR,76,20,0.08823529411764706
SIR,76,21,0.08823529411764706
SIR,76,22,0.058823529411764705
SIR,76,23,0.029411764705882353
SIR,76,24,0.029411764705882353
SIR,76,25,0.029411764705882353
SIR,76,26,0.0
SIR,76,27,0.0
SIR,76,28,0.0
SIR,76,29,0.0
SIR,76,30,0.0
SIR,76,31,0.0
SIR,76,32,0.0
SIR,76,33,0.0
SIR,76,34,0.0
SIR,76,35,0.0
SIR,76,36,0.0
SIR,76,37,0.0
SIR,76,38,0.0
SIR,76,39,0.0
SIR,76,40,0.0
SIR,76,41,0.0
SIR,76,42,0.0
SIR,76,43,0.0
SIR,76,44,0.0
SIR,76,45,0.0
SIR,76,46,0.0
SIR,76,47,0.0
SIR,76,48,0.0
SIR,76,49,0.0
SIR,76,50,0.0
SIR,76,51,0.0
SIR,76,52,0.0
SIR,76,53,0.0
SIR,76,54,0.0
SIR,76,55,0.0
SIR,76,56,0.0
SIR,76,57,0.0
SIR,76,58,0.0
SIR,76,59,0.0
SIR,76,60,0.0
SIR,76,61,0.0
SIR,76,62,0.0
SIR,76,63,0.0
SIR,76,64,0.0
SIR,76,65,0.0
SIR,76,66,0.0
SIR,76,67,0.0
SIR,76,68,0.0
SIR,76,69,0.0
SIR,76,70,0.0
SIR,76,71,0.0
SIR,76,72,0.0
SIR,76,73,0.0
SIR,76,74,0.0
SIR,76,75,0.0
SIR,76,76,0.0
SIR,76,77,0.0
SIR,76,78,0.0
SIR,76,79,0.0
SIR,76,80,0.0
SIR,76,81,0.0
SIR,76,82,0.0
SIR,76,83,0.0
SIR,76,84,0.0
SIR,76,85,0.0
SIR,76,86,0.0
SIR,76,87,0.0
SIR,76,88,0.0
SIR,76,89,0.0
SIR,76,90,0.0
SIR,76,91,0.0
SIR,76,92,0.0
SIR,76,93,0.0
SIR,76,94,0.0
SIR,76,95,0.0
SIR,76,96,0.0
SIR,76,97,0.0
SIR,76,98,0.0
SIR,76,99,0.0
SIR,76,100,0.0
SIR,76,101,0.0
SIR,76,102,0.0
SIR,76,103,0.0
SIR,76,104,0.0
SIR,76,105,0.0
SIR,76,106,0.0
SIR,76,107,0.0
SIR,76,108,0.0
SIR,76,109,0.0
SIR,76,110,0.0
SIR,76,111,0.0
SIR,76,112,0.0
SIR,76,113,0.0
SIR,76,114,0.0
SIR,76,115,0.0
SIR,76,116,0.0
SIR,76,117,0.0
SIR,76,118,0.0
SIR,76,119,0.0
SIR,76,120,0.0
SIR,76,121,0.0
SIR,76,122,0.0
SIR,76,123,0.0
SIR,76,124,0.0
SIR,76,125,0.0
SIR,76,126,0.0
SIR,76,127,0.0
SIR,76,128,0.0
SIR,76,129,0.0
SIR,76,130,0.0
SIR,76,131,0.0
SIR,76,132,0.0
SIR,76,133,0.0
SIR,76,134,0.0
SIR,76,135,0.0
SIR,76,136,0.0
SIR,76,137,0.0
SIR,76,138,0.0
SIR,76,139,0.0
SIR,76,140,0.0
SIR,76,141,0.0
SIR,76,142,0.0
SIR,76,143,0.0
SIR,76,144,0.0
SIR,76,145,0.0
SIR,76,146,0.0
SIR,76,147,0.0
SIR,76,148,0.0
SIR,76,149,0.0
SIR,76,150,0.0
SIR,76,151,0.0
SIR,76,152,0.0
SIR,76,153,0.0
SIR,76,154,0.0
SIR,76,155,0.0
SIR,76,156,0.0
SIR,76,157,0.0
SIR,76,158,0.0
SIR,76,159,0.0
SIR,76,160,0.0
SIR,76,161,0.0
SIR,76,162,0.0
SIR,76,163,0.0
SIR,76,164,0.0
SIR,76,165,0.0
SIR,76,166,0.0
SIR,76,167,0.0
SIR,76,168,0.0
SIR,76,169,0.0
SIR,76,170,0.0
SIR,76,171,0.0
SIR,76,172,0.0
SIR,76,173,0.0
SIR,76,174,0.0
SIR,76,175,0.0
SIR,76,176,0.0
SIR,76,177,0.0
SIR,76,178,0.0
SIR,76,179,0.0
SIR,76,180,0.0
SIR,76,181,0.0
SIR,76,182,0.0
SIR,76,183,0.0
SIR,76,184,0.0
SIR,76,185,0.0
SIR,76,186,0.0
SIR,76,187,0.0
SIR,76,188,0.0
SIR,76,189,0.0
SIR,76,190,0.0
SIR,76,191,0.0
SIR,76,192,0.0
SIR,76,193,0.0
SIR,76,194,0.0
SIR,76,195,0.0
SIR,76,196,0.0
SIR,76,197,0.0
SIR,76,198,0.0
SIR,76,199,0.0
SIR,76,200,0.0
SIR,76,201,0.0
SIR,76,202,0.0
SIR,76,203,0.0
SIR,76,204,0.0
SIR,76,205,0.0
SIR,76,206,0.0
SIR,76,207,0.0
SIR,76,208,0.0
SIR,76,209,0.0
SIR,76,210,0.0
SIR,76,211,0.0
SIR,76,212,0.0
SIR,76,213,0.0
SIR,76,214,0.0
SIR,76,215,0.0
SIR,76,216,0.0
SIR,76,217,0.0
SIR,76,218,0.0
SIR,76,219,0.0
SIR,76,220,0.0
SIR,76,221,0.0
SIR,76,222,0.0
SIR,76,223,0.0
SIR,76,224,0.0
SIR,76,225,0.0
SIR,76,226,0.0
SIR,76,227,0.0
SIR,76,228,0.0
SIR,76,229,0.0
SIR,76,230,0.0
SIR,76,231,0.0
SIR,76,232,0.0
SIR,76,233,0.0
SIR,76,234,0.0
SIR,76,235,0.0
SIR,76,236,0.0
SIR,76,237,0.0
SIR,76,238,0.0
SIR,76,239,0.0
SIR,76,240,0.0
SIR,76,241,0.0
SIR,76,242,0.0
SIR,76,243,0.0
SIR,76,244,0.0
SIR,76,245,0.0
SIR,76,246,0.0
SIR,76,247,0.0
SIR,76,248,0.0
SIR,76,249,0.0
SIR,76,250,0.0
SIR,76,251,0.0
SIR,76,252,0.0
SIR,76,253,0.0
SIR,76,254,0.0
SIR,76,255,0.0
SIR,76,256,0.0
SIR,76,257,0.0
SIR,76,258,0.0
SIR,76,259,0.0
SIR,76,260,0.0
SIR,76,261,0.0
SIR,76,262,0.0
SIR,76,263,0.0
SIR,76,264,0.0
SIR,76,265,0.0
SIR,76,266,0.0
SIR,76,267,0.0
SIR,76,268,0.0
SIR,76,269,0.0
SIR,76,270,0.0
SIR,76,271,0.0
SIR,76,272,0.0
SIR,76,273,0.0
SIR,76,274,0.0
SIR,76,275,0.0
SIR,76,276,0.0
SIR,76,277,0.0
SIR,76,278,0.0
SIR,76,279,0.0
SIR,76,280,0.0
SIR,76,281,0.0
SIR,76,282,0.0
SIR,76,283,0.0
SIR,76,284,0.0
SIR,76,285,0.0
SIR,76,286,0.0
SIR,76,287,0.0
SIR,76,288,0.0
SIR,76,289,0.0
SIR,76,290,0.0
SIR,76,291,0.0
SIR,76,292,0.0
SIR,76,293,0.0
SIR,76,294,0.0
SIR,76,295,0.0
SIR,76,296,0.0
SIR,76,297,0.0
SIR,76,298,0.0
SIR,76,299,0.0
SIR,76,300,0.0
SIR,77,0,0.08823529411764706
SIR,77,1,0.20588235294117646
SIR,77,2,0.2647058823529412
SIR,77,3,0.2647058823529412
SIR,77,4,0.3235294117647059
SIR,77,5,0.4411764705882353
SIR,77,6,0.3235294117647059
SIR,77,7,0.35294117647058826
SIR,77,8,0.2647058823529412
SIR,77,9,0.23529411764705882
SIR,77,10,0.17647058823529413
SIR,77,11,0.17647058823529413
SIR,77,12,0.14705882352941177
SIR,77,13,0.14705882352941177
SIR,77,14,0.11764705882352941
SIR,77,15,0.11764705882352941
SIR,77,16,0.08823529411764706
SIR,77,17,0.058823529411764705
SIR,77,18,0.029411764705882353
SIR,77,19,0.0
SIR,77,20,0.0
SIR,77,21,0.0
SIR,77,22,0.0
SIR,77,23,0.0
SIR,77,24,0.0
SIR,77,25,0.0
SIR,77,26,0.0
SIR,77,27,0.0
SIR,77,28,0.0
SIR,77,29,0.0
SIR,77,30,0.0
SIR,77,31,0.0
SIR,77,32,0.0
SIR,77,33,0.0
SIR,77,34,0.0
SIR,77,35,0.0
SIR,77,36,0.0
SIR,77,37,0.0
SIR,77,38,0.0
SIR,77,39,0.0
SIR,77,40,0.0
SIR,77,41,0.0
SIR,77,42,0.0
SIR,77,43,0.0
SIR,77,44,0.0
SIR,77,45,0.0
SIR,77,46,0.0
SIR,77,47,0.0
SIR,77,48,0.0
SIR,77,49,0.0
SIR,77,50,0.0
SIR,77,51,0.0
SIR,77,52,0.0
SIR,77,53,0.0
SIR,77,54,0.0
SIR,77,55,0.0
SIR,77,56,0.0
SIR,77,57,0.0
SIR,77,58,0.0
SIR,77,59,0.0
SIR,77,60,0.0
SIR,77,61,0.0
SIR,77,62,0.0
SIR,77,63,0.0
SIR,77,64,0.0
SIR,77,65,0.0
SIR,77,66,0.0
SIR,77,67,0.0
SIR,77,68,0.0
SIR,77,69,0.0
SIR,77,70,0.0
SIR,77,71,0.0
SIR,77,72,0.0
SIR,77,73,0.0
SIR,77,74,0.0
SIR,77,75,0.0
SIR,77,76,0.0
SIR,77,77,0.0
SIR,77,78,0.0
SIR,77,79,0.0
SIR,77,80,0.0
SIR,77,81,0.0
SIR,77,82,0.0
SIR,77,83,0.0
SIR,77,84,0.0
SIR,77,85,0.0
SIR,77,86,0.0
SIR,77,87,0.0
SIR,77,88,0.0
SIR,77,89,0.0
SIR,77,90,0.0
SIR,77,91,0.0
SIR,77,92,0.0
SIR,77,93,0.0
SIR,77,94,0.0
SIR,77,95,0.0
SIR,77,96,0.0
SIR,77,97,0.0
SIR,77,98,0.0
SIR,77,99,0.0
SIR,77,100,0.0
SIR,77,101,0.0
SIR,77,102,0.0
SIR,77,103,0.0
SIR,77,104,0.0
SIR,77,105,0.0
SIR,77,106,0.0
SIR,77,107,0.0
SIR,77,108,0.0
SIR,77,109,0.0
SIR,77,110,0.0
SIR,77,111,0.0
SIR,77,112,0.0
SIR,77,113,0.0
SIR,77,114,0.0
SIR,77,115,0.0
SIR,77,116,0.0
SIR,77,117,0.0
SIR,77,118,0.0
SIR,77,119,0.0
SIR,77,120,0.0
SIR,77,121,0.0
SIR,77,122,0.0
SIR,77,123,0.0
SIR,77,124,0.0
SIR,77,125,0.0
SIR,77,126,0.0
SIR,77,127,0.0
SIR,77,128,0.0
SIR,77,129,0.0
SIR,77,130,0.0
SIR,77,131,0.0
SIR,77,132,0.0
SIR,77,133,0.0
SIR,77,134,0.0
SIR,77,135,0.0
SIR,77,136,0.0
SIR,77,137,0.0
SIR,77,138,0.0
SIR,77,139,0.0
SIR,77,140,0.0
SIR,77,141,0.0
SIR,77,142,0.0
SIR,77,143,0.0
SIR,77,144,0.0
SIR,77,145,0.0
SIR,77,146,0.0
SIR,77,147,0.0
SIR,77,148,0.0
SIR,77,149,0.0
SIR,77,150,0.0
SIR,77,151,0.0
SIR,77,152,0.0
SIR,77,153,0.0
SIR,77,154,0.0
SIR,77,155,0.0
SIR,77,156,0.0
SIR,77,157,0.0
SIR,77,158,0.0
SIR,77,159,0.0
SIR,77,160,0.0
SIR,77,161,0.0
SIR,77,162,0.0
SIR,77,163,0.0
SIR,77,164,0.0
SIR,77,165,0.0
SIR,77,166,0.0
SIR,77,167,0.0
SIR,77,168,0.0
SIR,77,169,0.0
SIR,77,170,0.0
SIR,77,171,0.0
SIR,77,172,0.0
SIR,77,173,0.0
SIR,77,174,0.0
SIR,77,175,0.0
SIR,77,176,0.0
SIR,77,177,0.0
SIR,77,178,0.0
SIR,77,179,0.0
SIR,77,180,0.0
SIR,77,181,0.0
SIR,77,182,0.0
SIR,77,183,0.0
SIR,77,184,0.0
SIR,77,185,0.0
SIR,77,186,0.0
SIR,77,187,0.0
SIR,77,188,0.0
SIR,77,189,0.0
SIR,77,190,0.0
SIR,77,191,0.0
SIR,77,192,0.0
SIR,77,193,0.0
SIR,77,194,0.0
SIR,77,195,0.0
SIR,77,196,0.0
SIR,77,197,0.0
SIR,77,198,0.0
SIR,77,199,0.0
SIR,77,200,0.0
SIR,77,201,0.0
SIR,77,202,0.0
SIR,77,203,0.0
SIR,77,204,0.0
SIR,77,205,0.0
SIR,77,206,0.0
SIR,77,207,0.0
SIR,77,208,0.0
SIR,77,209,0.0
SIR,77,210,0.0
SIR,77,211,0.0
SIR,77,212,0.0
SIR,77,213,0.0
SIR,77,214,0.0
SIR,77,215,0.0
SIR,77,216,0.0
SIR,77,217,0.0
SIR,77,218,0.0
SIR,77,219,0.0
SIR,77,220,0.0
SIR,77,221,0.0
SIR,77,222,0.0
SIR,77,223,0.0
SIR,77,224,0.0
SIR,77,225,0.0
SIR,77,226,0.0
SIR,77,227,0.0
SIR,77,228,0.0
SIR,77,229,0.0
SIR,77,230,0.0
SIR,77,231,0.0
SIR,77,232,0.0
SIR,77,233,0.0
SIR,77,234,0.0
SIR,77,235,0.0
SIR,77,236,0.0
SIR,77,237,0.0
SIR,77,238,0.0
SIR,77,239,0.0
SIR,77,240,0.0
SIR,77,241,0.0
SIR,77,242,0.0
SIR,77,243,0.0
SIR,77,244,0.0
SIR,77,245,0.0
SIR,77,246,0.0
SIR,77,247,0.0
SIR,77,248,0.0
SIR,77,249,0.0
SIR,77,250,0.0
SIR,77,251,0.0
SIR,77,252,0.0
SIR,77,253,0.0
SIR,77,254,0.0
SIR,77,255,0.0
SIR,77,256,0.0
SIR,77,257,0.0
SIR,77,258,0.0
SIR,77,259,0.0
SIR,77,260,0.0
SIR,77,261,0.0
SIR,77,262,0.0
SIR,77,263,0.0
SIR,77,264,0.0
SIR,77,265,0.0
SIR,77,266,0.0
SIR,77,267,0.0
SIR,77,268,0.0
SIR,77,269,0.0
SIR,77,270,0.0
SIR,77,271,0.0
SIR,77,272,0.0
SIR,77,273,0.0
SIR,77,274,0.0
SIR,77,275,0.0
SIR,77,276,0.0
SIR,77,277,0.0
SIR,77,278,0.0
SIR,77,279,0.0
SIR,77,280,0.0
SIR,77,281,0.0
SIR,77,282,0.0
SIR,77,283,0.0
SIR,77,284,0.0
SIR,77,285,0.0
SIR,77,286,0.0
SIR,77,287,0.0
SIR,77,288,0.0
SIR,77,289,0.0
SIR,77,290,0.0
SIR,77,291,0.0
SIR,77,292,0.0
SIR,77,293,0.0
SIR,77,294,0.0
SIR,77,295,0.0
SIR,77,296,0.0
SIR,77,297,0.0
SIR,77,298,0.0
SIR,77,299,0.0
SIR,77,300,0.0
SIR,78,0,0.08823529411764706
SIR,78,1,0.14705882352941177
SIR,78,2,0.23529411764705882
SIR,78,3,0.38235294117647056
SIR,78,4,0.4411764705882353
SIR,78,5,0.38235294117647056
SIR,78,6,0.38235294117647056
SIR,78,7,0.38235294117647056
SIR,78,8,0.47058823529411764
SIR,78,9,0.4411764705882353
SIR,78,10,0.4411764705882353
SIR,78,11,0.38235294117647056
SIR,78,12,0.29411764705882354
SIR,78,13,0.23529411764705882
SIR,78,14,0.23529411764705882
SIR,78,15,0.17647058823529413
SIR,78,16,0.14705882352941177
SIR,78,17,0.11764705882352941
SIR,78,18,0.08823529411764706
SIR,78,19,0.058823529411764705
SIR,78,20,0.058823529411764705
SIR,78,21,0.058823529411764705
SIR,78,22,0.058823529411764705
SIR,78,23,0.058823529411764705
SIR,78,24,0.058823529411764705
SIR,78,25,0.058823529411764705
SIR,78,26,0.058823529411764705
SIR,78,27,0.058823529411764705
SIR,78,28,0.058823529411764705
SIR,78,29,0.058823529411764705
SIR,78,30,0.029411764705882353
SIR,78,31,0.029411764705882353
SIR,78,32,0.029411764705882353
SIR,78,33,0.029411764705882353
SIR,78,34,0.029411764705882353
SIR,78,35,0.029411764705882353
SIR,78,36,0.029411764705882353
SIR,78,37,0.029411764705882353
SIR,78,38,0.029411764705882353
SIR,78,39,0.029411764705882353
SIR,78,40,0.0
SIR,78,41,0.0
SIR,78,42,0.0
SIR,78,43,0.0
SIR,78,44,0.0
SIR,78,45,0.0
SIR,78,46,0.0
SIR,78,47,0.0
SIR,78,48,0.0
SIR,78,49,0.0
SIR,78,50,0.0
SIR,78,51,0.0
SIR,78,52,0.0
SIR,78,53,0.0
SIR,78,54,0.0
SIR,78,55,0.0
SIR,78,56,0.0
SIR,78,57,0.0
SIR,78,58,0.0
SIR,78,59,0.0
SIR,78,60,0.0
SIR,78,61,0.0
SIR,78,62,0.0
SIR,78,63,0.0
SIR,78,64,0.0
SIR,78,65,0.0
SIR,78,66,0.0
SIR,78,67,0.0
SIR,78,68,0.0
SIR,78,69,0.0
SIR,78,70,0.0
SIR,78,71,0.0
SIR,78,72,0.0
SIR,78,73,0.0
SIR,78,74,0.0
SIR,78,75,0.0
SIR,78,76,0.0
SIR,78,77,0.0
SIR,78,78,0.0
SIR,78,79,0.0
SIR,78,80,0.0
SIR,78,81,0.0
SIR,78,82,0.0
SIR,78,83,0.0
SIR,78,84,0.0
SIR,78,85,0.0
SIR,78,86,0.0
SIR,78,87,0.0
SIR,78,88,0.0
SIR,78,89,0.0
SIR,78,90,0.0
SIR,78,91,0.0
SIR,78,92,0.0
SIR,78,93,0.0
SIR,78,94,0.0
SIR,78,95,0.0
SIR,78,96,0.0
SIR,78,97,0.0
SIR,78,98,0.0
SIR,78,99,0.0
SIR,78,100,0.0
SIR,78,101,0.0
SIR,78,102,0.0
SIR,78,103,0.0
SIR,78,104,0.0
SIR,78,105,0.0
SIR,78,106,0.0
SIR,78,107,0.0
SIR,78,108,0.0
SIR,78,109,0.0
SIR,78,110,0.0
SIR,78,111,0.0
SIR,78,112,0.0
SIR,78,113,0.0
SIR,78,114,0.0
SIR,78,115,0.0
SIR,78,116,0.0
SIR,78,117,0.0
SIR,78,118,0.0
SIR,78,119,0.0
SIR,78,120,0.0
SIR,78,121,0.0
SIR,78,122,0.0
SIR,78,123,0.0
SIR,78,124,0.0
SIR,78,125,0.0
SIR,78,126,0.0
SIR,78,127,0.0
SIR,78,128,0.0
SIR,78,129,0.0
SIR,78,130,0.0
SIR,78,131,0.0
SIR,78,132,0.0
SIR,78,133,0.0
SIR,78,134,0.0
SIR,78,135,0.0
SIR,78,136,0.0
SIR,78,137,0.0
SIR,78,138,0.0
SIR,78,139,0.0
SIR,78,140,0.0
SIR,78,141,0.0
SIR,78,142,0.0
SIR,78,143,0.0
SIR,78,144,0.0
SIR,78,145,0.0
SIR,78,146,0.0
SIR,78,147,0.0
SIR,78,148,0.0
SIR,78,149,0.0
SIR,78,150,0.0
SIR,78,151,0.0
SIR,78,152,0.0
SIR,78,153,0.0
SIR,78,154,0.0
SIR,78,155,0.0
SIR,78,156,0.0
SIR,78,157,0.0
SIR,78,158,0.0
SIR,78,159,0.0
SIR,78,160,0.0
SIR,78,161,0.0
SIR,78,162,0.0
SIR,78,163,0.0
SIR,78,164,0.0
SIR,78,165,0.0
SIR,78,166,0.0
SIR,78,167,0.0
SIR,78,168,0.0
SIR,78,169,0.0
SIR,78,170,0.0
SIR,78,171,0.0
SIR,78,172,0.0
SIR,78,173,0.0
SIR,78,174,0.0
SIR,78,175,0.0
SIR,78,176,0.0
SIR,78,177,0.0
SIR,78,178,0.0
SIR,78,179,0.0
SIR,78,180,0.0
SIR,78,181,0.0
SIR,78,182,0.0
SIR,78,183,0.0
SIR,78,184,0.0
SIR,78,185,0.0
SIR,78,186,0.0
SIR,78,187,0.0
SIR,78,188,0.0
SIR,78,189,0.0
SIR,78,190,0.0
SIR,78,191,0.0
SIR,78,192,0.0
SIR,78,193,0.0
SIR,78,194,0.0
SIR,78,195,0.0
SIR,78,196,0.0
SIR,78,197,0.0
SIR,78,198,0.0
SIR,78,199,0.0
SIR,78,200,0.0
SIR,78,201,0.0
SIR,78,202,0.0
SIR,78,203,0.0
SIR,78,204,0.0
SIR,78,205,0.0
SIR,78,206,0.0
SIR,78,207,0.0
SIR,78,208,0.0
SIR,78,209,0.0
SIR,78,210,0.0
SIR,78,211,0.0
SIR,78,212,0.0
SIR,78,213,0.0
SIR,78,214,0.0
SIR,78,215,0.0
SIR,78,216,0.0
SIR,78,217,0.0
SIR,78,218,0.0
SIR,78,219,0.0
SIR,78,220,0.0
SIR,78,221,0.0
SIR,78,222,0.0
SIR,78,223,0.0
SIR,78,224,0.0
SIR,78,225,0.0
SIR,78,226,0.0
SIR,78,227,0.0
SIR,78,228,0.0
SIR,78,229,0.0
SIR,78,230,0.0
SIR,78,231,0.0
SIR,78,232,0.0
SIR,78,233,0.0
SIR,78,234,0.0
SIR,78,235,0.0
SIR,78,236,0.0
SIR,78,237,0.0
SIR,78,238,0.0
SIR,78,239,0.0
SIR,78,240,0.0
SIR,78,241,0.0
SIR,78,242,0.0
SIR,78,243,0.0
SIR,78,244,0.0
SIR,78,245,0.0
SIR,78,246,0.0
SIR,78,247,0.0
SIR,78,248,0.0
SIR,78,249,0.0
SIR,78,250,0.0
SIR,78,251,0.0
SIR,78,252,0.0
SIR,78,253,0.0
SIR,78,254,0.0
SIR,78,255,0.0
SIR,78,256,0.0
SIR,78,257,0.0
SIR,78,258,0.0
SIR,78,259,0.0
SIR,78,260,0.0
SIR,78,261,0.0
SIR,78,262,0.0
SIR,78,263,0.0
SIR,78,264,0.0
SIR,78,265,0.0
SIR,78,266,0.0
SIR,78,267,0.0
SIR,78,268,0.0
SIR,78,269,0.0
SIR,78,270,0.0
SIR,78,271,0.0
SIR,78,272,0.0
SIR,78,273,0.0
SIR,78,274,0.0
SIR,78,275,0.0
SIR,78,276,0.0
SIR,78,277,0.0
SIR,78,278,0.0
SIR,78,279,0.0
SIR,78,280,0.0
SIR,78,281,0.0
SIR,78,282,0.0
SIR,78,283,0.0
SIR,78,284,0.0
SIR,78,285,0.0
SIR,78,286,0.0
SIR,78,287,0.0
SIR,78,288,0.0
SIR,78,289,0.0
SIR,78,290,0.0
SIR,78,291,0.0
SIR,78,292,0.0
SIR,78,293,0.0
SIR,78,294,0.0
SIR,78,295,0.0
SIR,78,296,0.0
SIR,78,297,0.0
SIR,78,298,0.0
SIR,78,299,0.0
SIR,78,300,0.0
SIR,79,0,0.08823529411764706
SIR,79,1,0.14705882352941177
SIR,79,2,0.14705882352941177
SIR,79,3,0.20588235294117646
SIR,79,4,0.2647058823529412
SIR,79,5,0.3235294117647059
SIR,79,6,0.3235294117647059
SIR,79,7,0.29411764705882354
SIR,79,8,0.38235294117647056
SIR,79,9,0.38235294117647056
SIR,79,10,0.35294117647058826
SIR,79,11,0.20588235294117646
SIR,79,12,0.17647058823529413
SIR,79,13,0.11764705882352941
SIR,79,14,0.14705882352941177
SIR,79,15,0.058823529411764705
SIR,79,16,0.058823529411764705
SIR,79,17,0.029411764705882353
SIR,79,18,0.029411764705882353
SIR,79,19,0.029411764705882353
SIR,79,20,0.0
SIR,79,21,0.0
SIR,79,22,0.0
SIR,79,23,0.0
SIR,79,24,0.0
SIR,79,25,0.0
SIR,79,26,0.0
SIR,79,27,0.0
SIR,79,28,0.0
SIR,79,29,0.0
SIR,79,30,0.0
SIR,79,31,0.0
SIR,79,32,0.0
SIR,79,33,0.0
SIR,79,34,0.0
SIR,79,35,0.0
SIR,79,36,0.0
SIR,79,37,0.0
SIR,79,38,0.0
SIR,79,39,0.0
SIR,79,40,0.0
SIR,79,41,0.0
SIR,79,42,0.0
SIR,79,43,0.0
SIR,79,44,0.0
SIR,79,45,0.0
SIR,79,46,0.0
SIR,79,47,0.0
SIR,79,48,0.0
SIR,79,49,0.0
SIR,79,50,0.0
SIR,79,51,0.0
SIR,79,52,0.0
SIR,79,53,0.0
SIR,79,54,0.0
SIR,79,55,0.0
SIR,79,56,0.0
SIR,79,57,0.0
SIR,79,58,0.0
SIR,79,59,0.0
SIR,79,60,0.0
SIR,79,61,0.0
SIR,79,62,0.0
SIR,79,63,0.0
SIR,79,64,0.0
SIR,79,65,0.0
SIR,79,66,0.0
SIR,79,67,0.0
SIR,79,68,0.0
SIR,79,69,0.0
SIR,79,70,0.0
SIR,79,71,0.0
SIR,79,72,0.0
SIR,79,73,0.0
SIR,79,74,0.0
SIR,79,75,0.0
SIR,79,76,0.0
SIR,79,77,0.0
SIR,79,78,0.0
SIR,79,79,0.0
SIR,79,80,0.0
SIR,79,81,0.0
SIR,79,82,0.0
SIR,79,83,0.0
SIR,79,84,0.0
SIR,79,85,0.0
SIR,79,86,0.0
SIR,79,87,0.0
SIR,79,88,0.0
SIR,79,89,0.0
SIR,79,90,0.0
SIR,79,91,0.0
SIR,79,92,0.0
SIR,79,93,0.0
SIR,79,94,0.0
SIR,79,95,0.0
SIR,79,96,0.0
SIR,79,97,0.0
SIR,79,98,0.0
SIR,79,99,0.0
SIR,79,100,0.0
SIR,79,101,0.0
SIR,79,102,0.0
SIR,79,103,0.0
SIR,79,104,0.0
SIR,79,105,0.0
SIR,79,106,0.0
SIR,79,107,0.0
SIR,79,108,0.0
SIR,79,109,0.0
SIR,79,110,0.0
SIR,79,111,0.0
SIR,79,112,0.0
SIR,79,113,0.0
SIR,79,114,0.0
SIR,79,115,0.0
SIR,79,116,0.0
SIR,79,117,0.0
SIR,79,118,0.0
SIR,79,119,0.0
SIR,79,120,0.0
SIR,79,121,0.0
SIR,79,122,0.0
SIR,79,123,0.0
SIR,79,124,0.0
SIR,79,125,0.0
SIR,79,126,0.0
SIR,79,127,0.0
SIR,79,128,0.0
SIR,79,129,0.0
SIR,79,130,0.0
SIR,79,131,0.0
SIR,79,132,0.0
SIR,79,133,0.0
SIR,79,134,0.0
SIR,79,135,0.0
SIR,79,136,0.0
SIR,79,137,0.0
SIR,79,138,0.0
SIR,79,139,0.0
SIR,79,140,0.0
SIR,79,141,0.0
SIR,79,142,0.0
SIR,79,143,0.0
SIR,79,144,0.0
SIR,79,145,0.0
SIR,79,146,0.0
SIR,79,147,0.0
SIR,79,148,0.0
SIR,79,149,0.0
SIR,79,150,0.0
SIR,79,151,0.0
SIR,79,152,0.0
SIR,79,153,0.0
SIR,79,154,0.0
SIR,79,155,0.0
SIR,79,156,0.0
SIR,79,157,0.0
SIR,79,158,0.0
SIR,79,159,0.0
SIR,79,160,0.0
SIR,79,161,0.0
SIR,79,162,0.0
SIR,79,163,0.0
SIR,79,164,0.0
SIR,79,165,0.0
SIR,79,166,0.0
SIR,79,167,0.0
SIR,79,168,0.0
SIR,79,169,0.0
SIR,79,170,0.0
SIR,79,171,0.0
SIR,79,172,0.0
SIR,79,173,0.0
SIR,79,174,0.0
SIR,79,175,0.0
SIR,79,176,0.0
SIR,79,177,0.0
SIR,79,178,0.0
SIR,79,179,0.0
SIR,79,180,0.0
SIR,79,181,0.0
SIR,79,182,0.0
SIR,79,183,0.0
SIR,79,184,0.0
SIR,79,185,0.0
SIR,79,186,0.0
SIR,79,187,0.0
SIR,79,188,0.0
SIR,79,189,0.0
SIR,79,190,0.0
SIR,79,191,0.0
SIR,79,192,0.0
SIR,79,193,0.0
SIR,79,194,0.0
SIR,79,195,0.0
SIR,79,196,0.0
SIR,79,197,0.0
SIR,79,198,0.0
SIR,79,199,0.0
SIR,79,200,0.0
SIR,79,201,0.0
SIR,79,202,0.0
SIR,79,203,0.0
SIR,79,204,0.0
SIR,79,205,0.0
SIR,79,206,0.0
SIR,79,207,0.0
SIR,79,208,0.0
SIR,79,209,0.0
SIR,79,210,0.0
SIR,79,211,0.0
SIR,79,212,0.0
SIR,79,213,0.0
SIR,79,214,0.0
SIR,79,215,0.0
SIR,79,216,0.0
SIR,79,217,0.0
SIR,79,218,0.0
SIR,79,219,0.0
SIR,79,220,0.0
SIR,79,221,0.0
SIR,79,222,0.0
SIR,79,223,0.0
SIR,79,224,0.0
SIR,79,225,0.0
SIR,79,226,0.0
SIR,79,227,0.0
SIR,79,228,0.0
SIR,79,229,0.0
SIR,79,230,0.0
SIR,79,231,0.0
SIR,79,232,0.0
SIR,79,233,0.0
SIR,79,234,0.0
SIR,79,235,0.0
SIR,79,236,0.0
SIR,79,237,0.0
SIR,79,238,0.0
SIR,79,239,0.0
SIR,79,240,0.0
SIR,79,241,0.0
SIR,79,242,0.0
SIR,79,243,0.0
SIR,79,244,0.0
SIR,79,245,0.0
SIR,79,246,0.0
SIR,79,247,0.0
SIR,79,248,0.0
SIR,79,249,0.0
SIR,79,250,0.0
SIR,79,251,0.0
SIR,79,252,0.0
SIR,79,253,0.0
SIR,79,254,0.0
SIR,79,255,0.0
SIR,79,256,0.0
SIR,79,257,0.0
SIR,79,258,0.0
SIR,79,259,0.0
SIR,79,260,0.0
SIR,79,261,0.0
SIR,79,262,0.0
SIR,79,263,0.0
SIR,79,264,0.0
SIR,79,265,0.0
SIR,79,266,0.0
SIR,79,267,0.0
SIR,79,268,0.0
SIR,79,269,0.0
SIR,79,270,0.0
SIR,79,271,0.0
SIR,79,272,0.0
SIR,79,273,0.0
SIR,79,274,0.0
SIR,79,275,0.0
SIR,79,276,0.0
SIR,79,277,0.0
SIR,79,278,0.0
SIR,79,279,0.0
SIR,79,280,0.0
SIR,79,281,0.0
SIR,79,282,0.0
SIR,79,283,0.0
SIR,79,284,0.0
SIR,79,285,0.0
SIR,79,286,0.0
SIR,79,287,0.0
SIR,79,288,0.0
SIR,79,289,0.0
SIR,79,290,0.0
SIR,79,291,0.0
SIR,79,292,0.0
SIR,79,293,0.0
SIR,79,294,0.0
SIR,79,295,0.0
SIR,79,296,0.0
SIR,79,297,0.0
SIR,79,298,0.0
SIR,79,299,0.0
SIR,79,300,0.0
SIR,80,0,0.08823529411764706
SIR,80,1,0.058823529411764705
SIR,80,2,0.11764705882352941
SIR,80,3,0.14705882352941177
SIR,80,4,0.14705882352941177
SIR,80,5,0.14705882352941177
SIR,80,6,0.11764705882352941
SIR,80,7,0.08823529411764706
SIR,80,8,0.058823529411764705
SIR,80,9,0.058823529411764705
SIR,80,10,0.08823529411764706
SIR,80,11,0.11764705882352941
SIR,80,12,0.11764705882352941
SIR,80,13,0.20588235294117646
SIR,80,14,0.20588235294117646
SIR,80,15,0.20588235294117646
SIR,80,16,0.23529411764705882
SIR,80,17,0.20588235294117646
SIR,80,18,0.17647058823529413
SIR,80,19,0.17647058823529413
SIR,80,20,0.14705882352941177
SIR,80,21,0.08823529411764706
SIR,80,22,0.08823529411764706
SIR,80,23,0.08823529411764706
SIR,80,24,0.08823529411764706
SIR,80,25,0.058823529411764705
SIR,80,26,0.058823529411764705
SIR,80,27,0.058823529411764705
SIR,80,28,0.029411764705882353
SIR,80,29,0.029411764705882353
SIR,80,30,0.029411764705882353
SIR,80,31,0.029411764705882353
SIR,80,32,0.029411764705882353
SIR,80,33,0.029411764705882353
SIR,80,34,0.029411764705882353
SIR,80,35,0.0
SIR,80,36,0.0
SIR,80,37,0.0
SIR,80,38,0.0
SIR,80,39,0.0
SIR,80,40,0.0
SIR,80,41,0.0
SIR,80,42,0.0
SIR,80,43,0.0
SIR,80,44,0.0
SIR,80,45,0.0
SIR,80,46,0.0
SIR,80,47,0.0
SIR,80,48,0.0
SIR,80,49,0.0
SIR,80,50,0.0
SIR,80,51,0.0
SIR,80,52,0.0
SIR,80,53,0.0
SIR,80,54,0.0
SIR,80,55,0.0
SIR,80,56,0.0
SIR,80,57,0.0
SIR,80,58,0.0
SIR,80,59,0.0
SIR,80,60,0.0
SIR,80,61,0.0
SIR,80,62,0.0
SIR,80,63,0.0
SIR,80,64,0.0
SIR,80,65,0.0
SIR,80,66,0.0
SIR,80,67,0.0
SIR,80,68,0.0
SIR,80,69,0.0
SIR,80,70,0.0
SIR,80,71,0.0
SIR,80,72,0.0
SIR,80,73,0.0
SIR,80,74,0.0
SIR,80,75,0.0
SIR,80,76,0.0
SIR,80,77,0.0
SIR,80,78,0.0
SIR,80,79,0.0
SIR,80,80,0.0
SIR,80,81,0.0
SIR,80,82,0.0
SIR,80,83,0.0
SIR,80,84,0.0
SIR,80,85,0.0
SIR,80,86,0.0
SIR,80,87,0.0
SIR,80,88,0.0
SIR,80,89,0.0
SIR,80,90,0.0
SIR,80,91,0.0
SIR,80,92,0.0
SIR,80,93,0.0
SIR,80,94,0.0
SIR,80,95,0.0
SIR,80,96,0.0
SIR,80,97,0.0
SIR,80,98,0.0
SIR,80,99,0.0
SIR,80,100,0.0
SIR,80,101,0.0
SIR,80,102,0.0
SIR,80,103,0.0
SIR,80,104,0.0
SIR,80,105,0.0
SIR,80,106,0.0
SIR,80,107,0.0
SIR,80,108,0.0
SIR,80,109,0.0
SIR,80,110,0.0
SIR,80,111,0.0
SIR,80,112,0.0
SIR,80,113,0.0
SIR,80,114,0.0
SIR,80,115,0.0
SIR,80,116,0.0
SIR,80,117,0.0
SIR,80,118,0.0
SIR,80,119,0.0
SIR,80,120,0.0
SIR,80,121,0.0
SIR,80,122,0.0
SIR,80,123,0.0
SIR,80,124,0.0
SIR,80,125,0.0
SIR,80,126,0.0
SIR,80,127,0.0
SIR,80,128,0.0
SIR,80,129,0.0
SIR,80,130,0.0
SIR,80,131,0.0
SIR,80,132,0.0
SIR,80,133,0.0
SIR,80,134,0.0
SIR,80,135,0.0
SIR,80,136,0.0
SIR,80,137,0.0
SIR,80,138,0.0
SIR,80,139,0.0
SIR,80,140,0.0
SIR,80,141,0.0
SIR,80,142,0.0
SIR,80,143,0.0
SIR,80,144,0.0
SIR,80,145,0.0
SIR,80,146,0.0
SIR,80,147,0.0
SIR,80,148,0.0
SIR,80,149,0.0
SIR,80,150,0.0
SIR,80,151,0.0
SIR,80,152,0.0
SIR,80,153,0.0
SIR,80,154,0.0
SIR,80,155,0.0
SIR,80,156,0.0
SIR,80,157,0.0
SIR,80,158,0.0
SIR,80,159,0.0
SIR,80,160,0.0
SIR,80,161,0.0
SIR,80,162,0.0
SIR,80,163,0.0
SIR,80,164,0.0
SIR,80,165,0.0
SIR,80,166,0.0
SIR,80,167,0.0
SIR,80,168,0.0
SIR,80,169,0.0
SIR,80,170,0.0
SIR,80,171,0.0
SIR,80,172,0.0
SIR,80,173,0.0
SIR,80,174,0.0
SIR,80,175,0.0
SIR,80,176,0.0
SIR,80,177,0.0
SIR,80,178,0.0
SIR,80,179,0.0
SIR,80,180,0.0
SIR,80,181,0.0
SIR,80,182,0.0
SIR,80,183,0.0
SIR,80,184,0.0
SIR,80,185,0.0
SIR,80,186,0.0
SIR,80,187,0.0
SIR,80,188,0.0
SIR,80,189,0.0
SIR,80,190,0.0
SIR,80,191,0.0
SIR,80,192,0.0
SIR,80,193,0.0
SIR,80,194,0.0
SIR,80,195,0.0
SIR,80,196,0.0
SIR,80,197,0.0
SIR,80,198,0.0
SIR,80,199,0.0
SIR,80,200,0.0
SIR,80,201,0.0
SIR,80,202,0.0
SIR,80,203,0.0
SIR,80,204,0.0
SIR,80,205,0.0
SIR,80,206,0.0
SIR,80,207,0.0
SIR,80,208,0.0
SIR,80,209,0.0
SIR,80,210,0.0
SIR,80,211,0.0
SIR,80,212,0.0
SIR,80,213,0.0
SIR,80,214,0.0
SIR,80,215,0.0
SIR,80,216,0.0
SIR,80,217,0.0
SIR,80,218,0.0
SIR,80,219,0.0
SIR,80,220,0.0
SIR,80,221,0.0
SIR,80,222,0.0
SIR,80,223,0.0
SIR,80,224,0.0
SIR,80,225,0.0
SIR,80,226,0.0
SIR,80,227,0.0
SIR,80,228,0.0
SIR,80,229,0.0
SIR,80,230,0.0
SIR,80,231,0.0
SIR,80,232,0.0
SIR,80,233,0.0
SIR,80,234,0.0
SIR,80,235,0.0
SIR,80,236,0.0
SIR,80,237,0.0
SIR,80,238,0.0
SIR,80,239,0.0
SIR,80,240,0.0
SIR,80,241,0.0
SIR,80,242,0.0
SIR,80,243,0.0
SIR,80,244,0.0
SIR,80,245,0.0
SIR,80,246,0.0
SIR,80,247,0.0
SIR,80,248,0.0
SIR,80,249,0.0
SIR,80,250,0.0
SIR,80,251,0.0
SIR,80,252,0.0
SIR,80,253,0.0
SIR,80,254,0.0
SIR,80,255,0.0
SIR,80,256,0.0
SIR,80,257,0.0
SIR,80,258,0.0
SIR,80,259,0.0
SIR,80,260,0.0
SIR,80,261,0.0
SIR,80,262,0.0
SIR,80,263,0.0
SIR,80,264,0.0
SIR,80,265,0.0
SIR,80,266,0.0
SIR,80,267,0.0
SIR,80,268,0.0
SIR,80,269,0.0
SIR,80,270,0.0
SIR,80,271,0.0
SIR,80,272,0.0
SIR,80,273,0.0
SIR,80,274,0.0
SIR,80,275,0.0
SIR,80,276,0.0
SIR,80,277,0.0
SIR,80,278,0.0
SIR,80,279,0.0
SIR,80,280,0.0
SIR,80,281,0.0
SIR,80,282,0.0
SIR,80,283,0.0
SIR,80,284,0.0
SIR,80,285,0.0
SIR,80,286,0.0
SIR,80,287,0.0
SIR,80,288,0.0
SIR,80,289,0.0
SIR,80,290,0.0
SIR,80,291,0.0
SIR,80,292,0.0
SIR,80,293,0.0
SIR,80,294,0.0
SIR,80,295,0.0
SIR,80,296,0.0
SIR,80,297,0.0
SIR,80,298,0.0
SIR,80,299,0.0
SIR,80,300,0.0
SIR,81,0,0.08823529411764706
SIR,81,1,0.08823529411764706
SIR,81,2,0.058823529411764705
SIR,81,3,0.058823529411764705
SIR,81,4,0.11764705882352941
SIR,81,5,0.14705882352941177
SIR,81,6,0.17647058823529413
SIR,81,7,0.11764705882352941
SIR,81,8,0.08823529411764706
SIR,81,9,0.029411764705882353
SIR,81,10,0.0
SIR,81,11,0.0
SIR,81,12,0.0
SIR,81,13,0.0
SIR,81,14,0.0
SIR,81,15,0.0
SIR,81,16,0.0
SIR,81,17,0.0
SIR,81,18,0.0
SIR,81,19,0.0
SIR,81,20,0.0
SIR,81,21,0.0
SIR,81,22,0.0
SIR,81,23,0.0
SIR,81,24,0.0
SIR,81,25,0.0
SIR,81,26,0.0
SIR,81,27,0.0
SIR,81,28,0.0
SIR,81,29,0.0
SIR,81,30,0.0
SIR,81,31,0.0
SIR,81,32,0.0
SIR,81,33,0.0
SIR,81,34,0.0
SIR,81,35,0.0
SIR,81,36,0.0
SIR,81,37,0.0
SIR,81,38,0.0
SIR,81,39,0.0
SIR,81,40,0.0
SIR,81,41,0.0
SIR,81,42,0.0
SIR,81,43,0.0
SIR,81,44,0.0
SIR,81,45,0.0
SIR,81,46,0.0
SIR,81,47,0.0
SIR,81,48,0.0
SIR,81,49,0.0
SIR,81,50,0.0
SIR,81,51,0.0
SIR,81,52,0.0
SIR,81,53,0.0
SIR,81,54,0.0
SIR,81,55,0.0
SIR,81,56,0.0
SIR,81,57,0.0
SIR,81,58,0.0
SIR,81,59,0.0
SIR,81,60,0.0
SIR,81,61,0.0
SIR,81,62,0.0
SIR,81,63,0.0
SIR,81,64,0.0
SIR,81,65,0.0
SIR,81,66,0.0
SIR,81,67,0.0
SIR,81,68,0.0
SIR,81,69,0.0
SIR,81,70,0.0
SIR,81,71,0.0
SIR,81,72,0.0
SIR,81,73,0.0
SIR,81,74,0.0
SIR,81,75,0.0
SIR,81,76,0.0
SIR,81,77,0.0
SIR,81,78,0.0
SIR,81,79,0.0
SIR,81,80,0.0
SIR,81,81,0.0
SIR,81,82,0.0
SIR,81,83,0.0
SIR,81,84,0.0
SIR,81,85,0.0
SIR,81,86,0.0
SIR,81,87,0.0
SIR,81,88,0.0
SIR,81,89,0.0
SIR,81,90,0.0
SIR,81,91,0.0
SIR,81,92,0.0
SIR,81,93,0.0
SIR,81,94,0.0
SIR,81,95,0.0
SIR,81,96,0.0
SIR,81,97,0.0
SIR,81,98,0.0
SIR,81,99,0.0
SIR,81,100,0.0
SIR,81,101,0.0
SIR,81,102,0.0
SIR,81,103,0.0
SIR,81,104,0.0
SIR,81,105,0.0
SIR,81,106,0.0
SIR,81,107,0.0
SIR,81,108,0.0
SIR,81,109,0.0
SIR,81,110,0.0
SIR,81,111,0.0
SIR,81,112,0.0
SIR,81,113,0.0
SIR,81,114,0.0
SIR,81,115,0.0
SIR,81,116,0.0
SIR,81,117,0.0
SIR,81,118,0.0
SIR,81,119,0.0
SIR,81,120,0.0
SIR,81,121,0.0
SIR,81,122,0.0
SIR,81,123,0.0
SIR,81,124,0.0
SIR,81,125,0.0
SIR,81,126,0.0
SIR,81,127,0.0
SIR,81,128,0.0
SIR,81,129,0.0
SIR,81,130,0.0
SIR,81,131,0.0
SIR,81,132,0.0
SIR,81,133,0.0
SIR,81,134,0.0
SIR,81,135,0.0
SIR,81,136,0.0
SIR,81,137,0.0
SIR,81,138,0.0
SIR,81,139,0.0
SIR,81,140,0.0
SIR,81,141,0.0
SIR,81,142,0.0
SIR,81,143,0.0
SIR,81,144,0.0
SIR,81,145,0.0
SIR,81,146,0.0
SIR,81,147,0.0
SIR,81,148,0.0
SIR,81,149,0.0
SIR,81,150,0.0
SIR,81,151,0.0
SIR,81,152,0.0
SIR,81,153,0.0
SIR,81,154,0.0
SIR,81,155,0.0
SIR,81,156,0.0
SIR,81,157,0.0
SIR,81,158,0.0
SIR,81,159,0.0
SIR,81,160,0.0
SIR,81,161,0.0
SIR,81,162,0.0
SIR,81,163,0.0
SIR,81,164,0.0
SIR,81,165,0.0
SIR,81,166,0.0
SIR,81,167,0.0
SIR,81,168,0.0
SIR,81,169,0.0
SIR,81,170,0.0
SIR,81,171,0.0
SIR,81,172,0.0
SIR,81,173,0.0
SIR,81,174,0.0
SIR,81,175,0.0
SIR,81,176,0.0
SIR,81,177,0.0
SIR,81,178,0.0
SIR,81,179,0.0
SIR,81,180,0.0
SIR,81,181,0.0
SIR,81,182,0.0
SIR,81,183,0.0
SIR,81,184,0.0
SIR,81,185,0.0
SIR,81,186,0.0
SIR,81,187,0.0
SIR,81,188,0.0
SIR,81,189,0.0
SIR,81,190,0.0
SIR,81,191,0.0
SIR,81,192,0.0
SIR,81,193,0.0
SIR,81,194,0.0
SIR,81,195,0.0
SIR,81,196,0.0
SIR,81,197,0.0
SIR,81,198,0.0
SIR,81,199,0.0
SIR,81,200,0.0
SIR,81,201,0.0
SIR,81,202,0.0
SIR,81,203,0.0
SIR,81,204,0.0
SIR,81,205,0.0
SIR,81,206,0.0
SIR,81,207,0.0
SIR,81,208,0.0
SIR,81,209,0.0
SIR,81,210,0.0
SIR,81,211,0.0
SIR,81,212,0.0
SIR,81,213,0.0
SIR,81,214,0.0
SIR,81,215,0.0
SIR,81,216,0.0
SIR,81,217,0.0
SIR,81,218,0.0
SIR,81,219,0.0
SIR,81,220,0.0
SIR,81,221,0.0
SIR,81,222,0.0
SIR,81,223,0.0
SIR,81,224,0.0
SIR,81,225,0.0
SIR,81,226,0.0
SIR,81,227,0.0
SIR,81,228,0.0
SIR,81,229,0.0
SIR,81,230,0.0
SIR,81,231,0.0
SIR,81,232,0.0
SIR,81,233,0.0
SIR,81,234,0.0
SIR,81,235,0.0
SIR,81,236,0.0
SIR,81,237,0.0
SIR,81,238,0.0
SIR,81,239,0.0
SIR,81,240,0.0
SIR,81,241,0.0
SIR,81,242,0.0
SIR,81,243,0.0
SIR,81,244,0.0
SIR,81,245,0.0
SIR,81,246,0.0
SIR,81,247,0.0
SIR,81,248,0.0
SIR,81,249,0.0
SIR,81,250,0.0
SIR,81,251,0.0
SIR,81,252,0.0
SIR,81,253,0.0
SIR,81,254,0.0
SIR,81,255,0.0
SIR,81,256,0.0
SIR,81,257,0.0
SIR,81,258,0.0
SIR,81,259,0.0
SIR,81,260,0.0
SIR,81,261,0.0
SIR,81,262,0.0
SIR,81,263,0.0
SIR,81,264,0.0
SIR,81,265,0.0
SIR,81,266,0.0
SIR,81,267,0.0
SIR,81,268,0.0
SIR,81,269,0.0
SIR,81,270,0.0
SIR,81,271,0.0
SIR,81,272,0.0
SIR,81,273,0.0
SIR,81,274,0.0
SIR,81,275,0.0
SIR,81,276,0.0
SIR,81,277,0.0
SIR,81,278,0.0
SIR,81,279,0.0
SIR,81,280,0.0
SIR,81,281,0.0
SIR,81,282,0.0
SIR,81,283,0.0
SIR,81,284,0.0
SIR,81,285,0.0
SIR,81,286,0.0
SIR,81,287,0.0
SIR,81,288,0.0
SIR,81,289,0.0
SIR,81,290,0.0
SIR,81,291,0.0
SIR,81,292,0.0
SIR,81,293,0.0
SIR,81,294,0.0
SIR,81,295,0.0
SIR,81,296,0.0
SIR,81,297,0.0
SIR,81,298,0.0
SIR,81,299,0.0
SIR,81,300,0.0
SIR,82,0,0.08823529411764706
SIR,82,1,0.11764705882352941
SIR,82,2,0.17647058823529413
SIR,82,3,0.2647058823529412
SIR,82,4,0.29411764705882354
SIR,82,5,0.2647058823529412
SIR,82,6,0.29411764705882354
SIR,82,7,0.2647058823529412
SIR,82,8,0.20588235294117646
SIR,82,9,0.14705882352941177
SIR,82,10,0.17647058823529413
SIR,82,11,0.14705882352941177
SIR,82,12,0.11764705882352941
SIR,82,13,0.11764705882352941
SIR,82,14,0.058823529411764705
SIR,82,15,0.058823529411764705
SIR,82,16,0.058823529411764705
SIR,82,17,0.058823529411764705
SIR,82,18,0.058823529411764705
SIR,82,19,0.058823529411764705
SIR,82,20,0.058823529411764705
SIR,82,21,0.058823529411764705
SIR,82,22,0.029411764705882353
SIR,82,23,0.029411764705882353
SIR,82,24,0.029411764705882353
SIR,82,25,0.029411764705882353
SIR,82,26,0.029411764705882353
SIR,82,27,0.0
SIR,82,28,0.0
SIR,82,29,0.0
SIR,82,30,0.0
SIR,82,31,0.0
SIR,82,32,0.0
SIR,82,33,0.0
SIR,82,34,0.0
SIR,82,35,0.0
SIR,82,36,0.0
SIR,82,37,0.0
SIR,82,38,0.0
SIR,82,39,0.0
SIR,82,40,0.0
SIR,82,41,0.0
SIR,82,42,0.0
SIR,82,43,0.0
SIR,82,44,0.0
SIR,82,45,0.0
SIR,82,46,0.0
SIR,82,47,0.0
SIR,82,48,0.0
SIR,82,49,0.0
SIR,82,50,0.0
SIR,82,51,0.0
SIR,82,52,0.0
SIR,82,53,0.0
SIR,82,54,0.0
SIR,82,55,0.0
SIR,82,56,0.0
SIR,82,57,0.0
SIR,82,58,0.0
SIR,82,59,0.0
SIR,82,60,0.0
SIR,82,61,0.0
SIR,82,62,0.0
SIR,82,63,0.0
SIR,82,64,0.0
SIR,82,65,0.0
SIR,82,66,0.0
SIR,82,67,0.0
SIR,82,68,0.0
SIR,82,69,0.0
SIR,82,70,0.0
SIR,82,71,0.0
SIR,82,72,0.0
SIR,82,73,0.0
SIR,82,74,0.0
SIR,82,75,0.0
SIR,82,76,0.0
SIR,82,77,0.0
SIR,82,78,0.0
SIR,82,79,0.0
SIR,82,80,0.0
SIR,82,81,0.0
SIR,82,82,0.0
SIR,82,83,0.0
SIR,82,84,0.0
SIR,82,85,0.0
SIR,82,86,0.0
SIR,82,87,0.0
SIR,82,88,0.0
SIR,82,89,0.0
SIR,82,90,0.0
SIR,82,91,0.0
SIR,82,92,0.0
SIR,82,93,0.0
SIR,82,94,0.0
SIR,82,95,0.0
SIR,82,96,0.0
SIR,82,97,0.0
SIR,82,98,0.0
SIR,82,99,0.0
SIR,82,100,0.0
SIR,82,101,0.0
SIR,82,102,0.0
SIR,82,103,0.0
SIR,82,104,0.0
SIR,82,105,0.0
SIR,82,106,0.0
SIR,82,107,0.0
SIR,82,108,0.0
SIR,82,109,0.0
SIR,82,110,0.0
SIR,82,111,0.0
SIR,82,112,0.0
SIR,82,113,0.0
SIR,82,114,0.0
SIR,82,115,0.0
SIR,82,116,0.0
SIR,82,117,0.0
SIR,82,118,0.0
SIR,82,119,0.0
SIR,82,120,0.0
SIR,82,121,0.0
SIR,82,122,0.0
SIR,82,123,0.0
SIR,82,124,0.0
SIR,82,125,0.0
SIR,82,126,0.0
SIR,82,127,0.0
SIR,82,128,0.0
SIR,82,129,0.0
SIR,82,130,0.0
SIR,82,131,0.0
SIR,82,132,0.0
SIR,82,133,0.0
SIR,82,134,0.0
SIR,82,135,0.0
SIR,82,136,0.0
SIR,82,137,0.0
SIR,82,138,0.0
SIR,82,139,0.0
SIR,82,140,0.0
SIR,82,141,0.0
SIR,82,142,0.0
SIR,82,143,0.0
SIR,82,144,0.0
SIR,82,145,0.0
SIR,82,146,0.0
SIR,82,147,0.0
SIR,82,148,0.0
SIR,82,149,0.0
SIR,82,150,0.0
SIR,82,151,0.0
SIR,82,152,0.0
SIR,82,153,0.0
SIR,82,154,0.0
SIR,82,155,0.0
SIR,82,156,0.0
SIR,82,157,0.0
SIR,82,158,0.0
SIR,82,159,0.0
SIR,82,160,0.0
SIR,82,161,0.0
SIR,82,162,0.0
SIR,82,163,0.0
SIR,82,164,0.0
SIR,82,165,0.0
SIR,82,166,0.0
SIR,82,167,0.0
SIR,82,168,0.0
SIR,82,169,0.0
SIR,82,170,0.0
SIR,82,171,0.0
SIR,82,172,0.0
SIR,82,173,0.0
SIR,82,174,0.0
SIR,82,175,0.0
SIR,82,176,0.0
SIR,82,177,0.0
SIR,82,178,0.0
SIR,82,179,0.0
SIR,82,180,0.0
SIR,82,181,0.0
SIR,82,182,0.0
SIR,82,183,0.0
SIR,82,184,0.0
SIR,82,185,0.0
SIR,82,186,0.0
SIR,82,187,0.0
SIR,82,188,0.0
SIR,82,189,0.0
SIR,82,190,0.0
SIR,82,191,0.0
SIR,82,192,0.0
SIR,82,193,0.0
SIR,82,194,0.0
SIR,82,195,0.0
SIR,82,196,0.0
SIR,82,197,0.0
SIR,82,198,0.0
SIR,82,199,0.0
SIR,82,200,0.0
SIR,82,201,0.0
SIR,82,202,0.0
SIR,82,203,0.0
SIR,82,204,0.0
SIR,82,205,0.0
SIR,82,206,0.0
SIR,82,207,0.0
SIR,82,208,0.0
SIR,82,209,0.0
SIR,82,210,0.0
SIR,82,211,0.0
SIR,82,212,0.0
SIR,82,213,0.0
SIR,82,214,0.0
SIR,82,215,0.0
SIR,82,216,0.0
SIR,82,217,0.0
SIR,82,218,0.0
SIR,82,219,0.0
SIR,82,220,0.0
SIR,82,221,0.0
SIR,82,222,0.0
SIR,82,223,0.0
SIR,82,224,0.0
SIR,82,225,0.0
SIR,82,226,0.0
SIR,82,227,0.0
SIR,82,228,0.0
SIR,82,229,0.0
SIR,82,230,0.0
SIR,82,231,0.0
SIR,82,232,0.0
SIR,82,233,0.0
SIR,82,234,0.0
SIR,82,235,0.0
SIR,82,236,0.0
SIR,82,237,0.0
SIR,82,238,0.0
SIR,82,239,0.0
SIR,82,240,0.0
SIR,82,241,0.0
SIR,82,242,0.0
SIR,82,243,0.0
SIR,82,244,0.0
SIR,82,245,0.0
SIR,82,246,0.0
SIR,82,247,0.0
SIR,82,248,0.0
SIR,82,249,0.0
SIR,82,250,0.0
SIR,82,251,0.0
SIR,82,252,0.0
SIR,82,253,0.0
SIR,82,254,0.0
SIR,82,255,0.0
SIR,82,256,0.0
SIR,82,257,0.0
SIR,82,258,0.0
SIR,82,259,0.0
SIR,82,260,0.0
SIR,82,261,0.0
SIR,82,262,0.0
SIR,82,263,0.0
SIR,82,264,0.0
SIR,82,265,0.0
SIR,82,266,0.0
SIR,82,267,0.0
SIR,82,268,0.0
SIR,82,269,0.0
SIR,82,270,0.0
SIR,82,271,0.0
SIR,82,272,0.0
SIR,82,273,0.0
SIR,82,274,0.0
SIR,82,275,0.0
SIR,82,276,0.0
SIR,82,277,0.0
SIR,82,278,0.0
SIR,82,279,0.0
SIR,82,280,0.0
SIR,82,281,0.0
SIR,82,282,0.0
SIR,82,283,0.0
SIR,82,284,0.0
SIR,82,285,0.0
SIR,82,286,0.0
SIR,82,287,0.0
SIR,82,288,0.0
SIR,82,289,0.0
SIR,82,290,0.0
SIR,82,291,0.0
SIR,82,292,0.0
SIR,82,293,0.0
SIR,82,294,0.0
SIR,82,295,0.0
SIR,82,296,0.0
SIR,82,297,0.0
SIR,82,298,0.0
SIR,82,299,0.0
SIR,82,300,0.0
SIR,83,0,0.08823529411764706
SIR,83,1,0.11764705882352941
SIR,83,2,0.11764705882352941
SIR,83,3,0.14705882352941177
SIR,83,4,0.20588235294117646
SIR,83,5,0.23529411764705882
SIR,83,6,0.23529411764705882
SIR,83,7,0.29411764705882354
SIR,83,8,0.2647058823529412
SIR,83,9,0.2647058823529412
SIR,83,10,0.23529411764705882
SIR,83,11,0.17647058823529413
SIR,83,12,0.20588235294117646
SIR,83,13,0.11764705882352941
SIR,83,14,0.11764705882352941
SIR,83,15,0.11764705882352941
SIR,83,16,0.14705882352941177
SIR,83,17,0.058823529411764705
SIR,83,18,0.058823529411764705
SIR,83,19,0.058823529411764705
SIR,83,20,0.058823529411764705
SIR,83,21,0.08823529411764706
SIR,83,22,0.11764705882352941
SIR,83,23,0.11764705882352941
SIR,83,24,0.08823529411764706
SIR,83,25,0.08823529411764706
SIR,83,26,0.058823529411764705
SIR,83,27,0.029411764705882353
SIR,83,28,0.029411764705882353
SIR,83,29,0.058823529411764705
SIR,83,30,0.058823529411764705
SIR,83,31,0.08823529411764706
SIR,83,32,0.058823529411764705
SIR,83,33,0.029411764705882353
SIR,83,34,0.029411764705882353
SIR,83,35,0.029411764705882353
SIR,83,36,0.029411764705882353
SIR,83,37,0.0
SIR,83,38,0.0
SIR,83,39,0.0
SIR,83,40,0.0
SIR,83,41,0.0
SIR,83,42,0.0
SIR,83,43,0.0
SIR,83,44,0.0
SIR,83,45,0.0
SIR,83,46,0.0
SIR,83,47,0.0
SIR,83,48,0.0
SIR,83,49,0.0
SIR,83,50,0.0
SIR,83,51,0.0
SIR,83,52,0.0
SIR,83,53,0.0
SIR,83,54,0.0
SIR,83,55,0.0
SIR,83,56,0.0
SIR,83,57,0.0
SIR,83,58,0.0
SIR,83,59,0.0
SIR,83,60,0.0
SIR,83,61,0.0
SIR,83,62,0.0
SIR,83,63,0.0
SIR,83,64,0.0
SIR,83,65,0.0
SIR,83,66,0.0
SIR,83,67,0.0
SIR,83,68,0.0
SIR,83,69,0.0
SIR,83,70,0.0
SIR,83,71,0.0
SIR,83,72,0.0
SIR,83,73,0.0
SIR,83,74,0.0
SIR,83,75,0.0
SIR,83,76,0.0
SIR,83,77,0.0
SIR,83,78,0.0
SIR,83,79,0.0
SIR,83,80,0.0
SIR,83,81,0.0
SIR,83,82,0.0
SIR,83,83,0.0
SIR,83,84,0.0
SIR,83,85,0.0
SIR,83,86,0.0
SIR,83,87,0.0
SIR,83,88,0.0
SIR,83,89,0.0
SIR,83,90,0.0
SIR,83,91,0.0
SIR,83,92,0.0
SIR,83,93,0.0
SIR,83,94,0.0
SIR,83,95,0.0
SIR,83,96,0.0
SIR,83,97,0.0
SIR,83,98,0.0
SIR,83,99,0.0
SIR,83,100,0.0
SIR,83,101,0.0
SIR,83,102,0.0
SIR,83,103,0.0
SIR,83,104,0.0
SIR,83,105,0.0
SIR,83,106,0.0
SIR,83,107,0.0
SIR,83,108,0.0
SIR,83,109,0.0
SIR,83,110,0.0
SIR,83,111,0.0
SIR,83,112,0.0
SIR,83,113,0.0
SIR,83,114,0.0
SIR,83,115,0.0
SIR,83,116,0.0
SIR,83,117,0.0
SIR,83,118,0.0
SIR,83,119,0.0
SIR,83,120,0.0
SIR,83,121,0.0
SIR,83,122,0.0
SIR,83,123,0.0
SIR,83,124,0.0
SIR,83,125,0.0
SIR,83,126,0.0
SIR,83,127,0.0
SIR,83,128,0.0
SIR,83,129,0.0
SIR,83,130,0.0
SIR,83,131,0.0
SIR,83,132,0.0
SIR,83,133,0.0
SIR,83,134,0.0
SIR,83,135,0.0
SIR,83,136,0.0
SIR,83,137,0.0
SIR,83,138,0.0
SIR,83,139,0.0
SIR,83,140,0.0
SIR,83,141,0.0
SIR,83,142,0.0
SIR,83,143,0.0
SIR,83,144,0.0
SIR,83,145,0.0
SIR,83,146,0.0
SIR,83,147,0.0
SIR,83,148,0.0
SIR,83,149,0.0
SIR,83,150,0.0
SIR,83,151,0.0
SIR,83,152,0.0
SIR,83,153,0.0
SIR,83,154,0.0
SIR,83,155,0.0
SIR,83,156,0.0
SIR,83,157,0.0
SIR,83,158,0.0
SIR,83,159,0.0
SIR,83,160,0.0
SIR,83,161,0.0
SIR,83,162,0.0
SIR,83,163,0.0
SIR,83,164,0.0
SIR,83,165,0.0
SIR,83,166,0.0
SIR,83,167,0.0
SIR,83,168,0.0
SIR,83,169,0.0
SIR,83,170,0.0
SIR,83,171,0.0
SIR,83,172,0.0
SIR,83,173,0.0
SIR,83,174,0.0
SIR,83,175,0.0
SIR,83,176,0.0
SIR,83,177,0.0
SIR,83,178,0.0
SIR,83,179,0.0
SIR,83,180,0.0
SIR,83,181,0.0
SIR,83,182,0.0
SIR,83,183,0.0
SIR,83,184,0.0
SIR,83,185,0.0
SIR,83,186,0.0
SIR,83,187,0.0
SIR,83,188,0.0
SIR,83,189,0.0
SIR,83,190,0.0
SIR,83,191,0.0
SIR,83,192,0.0
SIR,83,193,0.0
SIR,83,194,0.0
SIR,83,195,0.0
SIR,83,196,0.0
SIR,83,197,0.0
SIR,83,198,0.0
SIR,83,199,0.0
SIR,83,200,0.0
SIR,83,201,0.0
SIR,83,202,0.0
SIR,83,203,0.0
SIR,83,204,0.0
SIR,83,205,0.0
SIR,83,206,0.0
SIR,83,207,0.0
SIR,83,208,0.0
SIR,83,209,0.0
SIR,83,210,0.0
SIR,83,211,0.0
SIR,83,212,0.0
SIR,83,213,0.0
SIR,83,214,0.0
SIR,83,215,0.0
SIR,83,216,0.0
SIR,83,217,0.0
SIR,83,218,0.0
SIR,83,219,0.0
SIR,83,220,0.0
SIR,83,221,0.0
SIR,83,222,0.0
SIR,83,223,0.0
SIR,83,224,0.0
SIR,83,225,0.0
SIR,83,226,0.0
SIR,83,227,0.0
SIR,83,228,0.0
SIR,83,229,0.0
SIR,83,230,0.0
SIR,83,231,0.0
SIR,83,232,0.0
SIR,83,233,0.0
SIR,83,234,0.0
SIR,83,235,0.0
SIR,83,236,0.0
SIR,83,237,0.0
SIR,83,238,0.0
SIR,83,239,0.0
SIR,83,240,0.0
SIR,83,241,0.0
SIR,83,242,0.0
SIR,83,243,0.0
SIR,83,244,0.0
SIR,83,245,0.0
SIR,83,246,0.0
SIR,83,247,0.0
SIR,83,248,0.0
SIR,83,249,0.0
SIR,83,250,0.0
SIR,83,251,0.0
SIR,83,252,0.0
SIR,83,253,0.0
SIR,83,254,0.0
SIR,83,255,0.0
SIR,83,256,0.0
SIR,83,257,0.0
SIR,83,258,0.0
SIR,83,259,0.0
SIR,83,260,0.0
SIR,83,261,0.0
SIR,83,262,0.0
SIR,83,263,0.0
SIR,83,264,0.0
SIR,83,265,0.0
SIR,83,266,0.0
SIR,83,267,0.0
SIR,83,268,0.0
SIR,83,269,0.0
SIR,83,270,0.0
SIR,83,271,0.0
SIR,83,272,0.0
SIR,83,273,0.0
SIR,83,274,0.0
SIR,83,275,0.0
SIR,83,276,0.0
SIR,83,277,0.0
SIR,83,278,0.0
SIR,83,279,0.0
SIR,83,280,0.0
SIR,83,281,0.0
SIR,83,282,0.0
SIR,83,283,0.0
SIR,83,284,0.0
SIR,83,285,0.0
SIR,83,286,0.0
SIR,83,287,0.0
SIR,83,288,0.0
SIR,83,289,0.0
SIR,83,290,0.0
SIR,83,291,0.0
SIR,83,292,0.0
SIR,83,293,0.0
SIR,83,294,0.0
SIR,83,295,0.0
SIR,83,296,0.0
SIR,83,297,0.0
SIR,83,298,0.0
SIR,83,299,0.0
SIR,83,300,0.0
SIR,84,0,0.08823529411764706
SIR,84,1,0.029411764705882353
SIR,84,2,0.029411764705882353
SIR,84,3,0.029411764705882353
SIR,84,4,0.0
SIR,84,5,0.0
SIR,84,6,0.0
SIR,84,7,0.0
SIR,84,8,0.0
SIR,84,9,0.0
SIR,84,10,0.0
SIR,84,11,0.0
SIR,84,12,0.0
SIR,84,13,0.0
SIR,84,14,0.0
SIR,84,15,0.0
SIR,84,16,0.0
SIR,84,17,0.0
SIR,84,18,0.0
SIR,84,19,0.0
SIR,84,20,0.0
SIR,84,21,0.0
SIR,84,22,0.0
SIR,84,23,0.0
SIR,84,24,0.0
SIR,84,25,0.0
SIR,84,26,0.0
SIR,84,27,0.0
SIR,84,28,0.0
SIR,84,29,0.0
SIR,84,30,0.0
SIR,84,31,0.0
SIR,84,32,0.0
SIR,84,33,0.0
SIR,84,34,0.0
SIR,84,35,0.0
SIR,84,36,0.0
SIR,84,37,0.0
SIR,84,38,0.0
SIR,84,39,0.0
SIR,84,40,0.0
SIR,84,41,0.0
SIR,84,42,0.0
SIR,84,43,0.0
SIR,84,44,0.0
SIR,84,45,0.0
SIR,84,46,0.0
SIR,84,47,0.0
SIR,84,48,0.0
SIR,84,49,0.0
SIR,84,50,0.0
SIR,84,51,0.0
SIR,84,52,0.0
SIR,84,53,0.0
SIR,84,54,0.0
SIR,84,55,0.0
SIR,84,56,0.0
SIR,84,57,0.0
SIR,84,58,0.0
SIR,84,59,0.0
SIR,84,60,0.0
SIR,84,61,0.0
SIR,84,62,0.0
SIR,84,63,0.0
SIR,84,64,0.0
SIR,84,65,0.0
SIR,84,66,0.0
SIR,84,67,0.0
SIR,84,68,0.0
SIR,84,69,0.0
SIR,84,70,0.0
SIR,84,71,0.0
SIR,84,72,0.0
SIR,84,73,0.0
SIR,84,74,0.0
SIR,84,75,0.0
SIR,84,76,0.0
SIR,84,77,0.0
SIR,84,78,0.0
SIR,84,79,0.0
SIR,84,80,0.0
SIR,84,81,0.0
SIR,84,82,0.0
SIR,84,83,0.0
SIR,84,84,0.0
SIR,84,85,0.0
SIR,84,86,0.0
SIR,84,87,0.0
SIR,84,88,0.0
SIR,84,89,0.0
SIR,84,90,0.0
SIR,84,91,0.0
SIR,84,92,0.0
SIR,84,93,0.0
SIR,84,94,0.0
SIR,84,95,0.0
SIR,84,96,0.0
SIR,84,97,0.0
SIR,84,98,0.0
SIR,84,99,0.0
SIR,84,100,0.0
SIR,84,101,0.0
SIR,84,102,0.0
SIR,84,103,0.0
SIR,84,104,0.0
SIR,84,105,0.0
SIR,84,106,0.0
SIR,84,107,0.0
SIR,84,108,0.0
SIR,84,109,0.0
SIR,84,110,0.0
SIR,84,111,0.0
SIR,84,112,0.0
SIR,84,113,0.0
SIR,84,114,0.0
SIR,84,115,0.0
SIR,84,116,0.0
SIR,84,117,0.0
SIR,84,118,0.0
SIR,84,119,0.0
SIR,84,120,0.0
SIR,84,121,0.0
SIR,84,122,0.0
SIR,84,123,0.0
SIR,84,124,0.0
SIR,84,125,0.0
SIR,84,126,0.0
SIR,84,127,0.0
SIR,84,128,0.0
SIR,84,129,0.0
SIR,84,130,0.0
SIR,84,131,0.0
SIR,84,132,0.0
SIR,84,133,0.0
SIR,84,134,0.0
SIR,84,135,0.0
SIR,84,136,0.0
SIR,84,137,0.0
SIR,84,138,0.0
SIR,84,139,0.0
SIR,84,140,0.0
SIR,84,141,0.0
SIR,84,142,0.0
SIR,84,143,0.0
SIR,84,144,0.0
SIR,84,145,0.0
SIR,84,146,0.0
SIR,84,147,0.0
SIR,84,148,0.0
SIR,84,149,0.0
SIR,84,150,0.0
SIR,84,151,0.0
SIR,84,152,0.0
SIR,84,153,0.0
SIR,84,154,0.0
SIR,84,155,0.0
SIR,84,156,0.0
SIR,84,157,0.0
SIR,84,158,0.0
SIR,84,159,0.0
SIR,84,160,0.0
SIR,84,161,0.0
SIR,84,162,0.0
SIR,84,163,0.0
SIR,84,164,0.0
SIR,84,165,0.0
SIR,84,166,0.0
SIR,84,167,0.0
SIR,84,168,0.0
SIR,84,169,0.0
SIR,84,170,0.0
SIR,84,171,0.0
SIR,84,172,0.0
SIR,84,173,0.0
SIR,84,174,0.0
SIR,84,175,0.0
SIR,84,176,0.0
SIR,84,177,0.0
SIR,84,178,0.0
SIR,84,179,0.0
SIR,84,180,0.0
SIR,84,181,0.0
SIR,84,182,0.0
SIR,84,183,0.0
SIR,84,184,0.0
SIR,84,185,0.0
SIR,84,186,0.0
SIR,84,187,0.0
SIR,84,188,0.0
SIR,84,189,0.0
SIR,84,190,0.0
SIR,84,191,0.0
SIR,84,192,0.0
SIR,84,193,0.0
SIR,84,194,0.0
SIR,84,195,0.0
SIR,84,196,0.0
SIR,84,197,0.0
SIR,84,198,0.0
SIR,84,199,0.0
SIR,84,200,0.0
SIR,84,201,0.0
SIR,84,202,0.0
SIR,84,203,0.0
SIR,84,204,0.0
SIR,84,205,0.0
SIR,84,206,0.0
SIR,84,207,0.0
SIR,84,208,0.0
SIR,84,209,0.0
SIR,84,210,0.0
SIR,84,211,0.0
SIR,84,212,0.0
SIR,84,213,0.0
SIR,84,214,0.0
SIR,84,215,0.0
SIR,84,216,0.0
SIR,84,217,0.0
SIR,84,218,0.0
SIR,84,219,0.0
SIR,84,220,0.0
SIR,84,221,0.0
SIR,84,222,0.0
SIR,84,223,0.0
SIR,84,224,0.0
SIR,84,225,0.0
SIR,84,226,0.0
SIR,84,227,0.0
SIR,84,228,0.0
SIR,84,229,0.0
SIR,84,230,0.0
SIR,84,231,0.0
SIR,84,232,0.0
SIR,84,233,0.0
SIR,84,234,0.0
SIR,84,235,0.0
SIR,84,236,0.0
SIR,84,237,0.0
SIR,84,238,0.0
SIR,84,239,0.0
SIR,84,240,0.0
SIR,84,241,0.0
SIR,84,242,0.0
SIR,84,243,0.0
SIR,84,244,0.0
SIR,84,245,0.0
SIR,84,246,0.0
SIR,84,247,0.0
SIR,84,248,0.0
SIR,84,249,0.0
SIR,84,250,0.0
SIR,84,251,0.0
SIR,84,252,0.0
SIR,84,253,0.0
SIR,84,254,0.0
SIR,84,255,0.0
SIR,84,256,0.0
SIR,84,257,0.0
SIR,84,258,0.0
SIR,84,259,0.0
SIR,84,260,0.0
SIR,84,261,0.0
SIR,84,262,0.0
SIR,84,263,0.0
SIR,84,264,0.0
SIR,84,265,0.0
SIR,84,266,0.0
SIR,84,267,0.0
SIR,84,268,0.0
SIR,84,269,0.0
SIR,84,270,0.0
SIR,84,271,0.0
SIR,84,272,0.0
SIR,84,273,0.0
SIR,84,274,0.0
SIR,84,275,0.0
SIR,84,276,0.0
SIR,84,277,0.0
SIR,84,278,0.0
SIR,84,279,0.0
SIR,84,280,0.0
SIR,84,281,0.0
SIR,84,282,0.0
SIR,84,283,0.0
SIR,84,284,0.0
SIR,84,285,0.0
SIR,84,286,0.0
SIR,84,287,0.0
SIR,84,288,0.0
SIR,84,289,0.0
SIR,84,290,0.0
SIR,84,291,0.0
SIR,84,292,0.0
SIR,84,293,0.0
SIR,84,294,0.0
SIR,84,295,0.0
SIR,84,296,0.0
SIR,84,297,0.0
SIR,84,298,0.0
SIR,84,299,0.0
SIR,84,300,0.0
SIR,85,0,0.08823529411764706
SIR,85,1,0.08823529411764706
SIR,85,2,0.08823529411764706
SIR,85,3,0.058823529411764705
SIR,85,4,0.058823529411764705
SIR,85,5,0.058823529411764705
SIR,85,6,0.058823529411764705
SIR,85,7,0.029411764705882353
SIR,85,8,0.029411764705882353
SIR,85,9,0.029411764705882353
SIR,85,10,0.029411764705882353
SIR,85,11,0.029411764705882353
SIR,85,12,0.08823529411764706
SIR,85,13,0.11764705882352941
SIR,85,14,0.11764705882352941
SIR,85,15,0.058823529411764705
SIR,85,16,0.029411764705882353
SIR,85,17,0.058823529411764705
SIR,85,18,0.058823529411764705
SIR,85,19,0.08823529411764706
SIR,85,20,0.08823529411764706
SIR,85,21,0.058823529411764705
SIR,85,22,0.08823529411764706
SIR,85,23,0.08823529411764706
SIR,85,24,0.11764705882352941
SIR,85,25,0.14705882352941177
SIR,85,26,0.08823529411764706
SIR,85,27,0.058823529411764705
SIR,85,28,0.029411764705882353
SIR,85,29,0.029411764705882353
SIR,85,30,0.029411764705882353
SIR,85,31,0.029411764705882353
SIR,85,32,0.0
SIR,85,33,0.0
SIR,85,34,0.0
SIR,85,35,0.0
SIR,85,36,0.0
SIR,85,37,0.0
SIR,85,38,0.0
SIR,85,39,0.0
SIR,85,40,0.0
SIR,85,41,0.0
SIR,85,42,0.0
SIR,85,43,0.0
SIR,85,44,0.0
SIR,85,45,0.0
SIR,85,46,0.0
SIR,85,47,0.0
SIR,85,48,0.0
SIR,85,49,0.0
SIR,85,50,0.0
SIR,85,51,0.0
SIR,85,52,0.0
SIR,85,53,0.0
SIR,85,54,0.0
SIR,85,55,0.0
SIR,85,56,0.0
SIR,85,57,0.0
SIR,85,58,0.0
SIR,85,59,0.0
SIR,85,60,0.0
SIR,85,61,0.0
SIR,85,62,0.0
SIR,85,63,0.0
SIR,85,64,0.0
SIR,85,65,0.0
SIR,85,66,0.0
SIR,85,67,0.0
SIR,85,68,0.0
SIR,85,69,0.0
SIR,85,70,0.0
SIR,85,71,0.0
SIR,85,72,0.0
SIR,85,73,0.0
SIR,85,74,0.0
SIR,85,75,0.0
SIR,85,76,0.0
SIR,85,77,0.0
SIR,85,78,0.0
SIR,85,79,0.0
SIR,85,80,0.0
SIR,85,81,0.0
SIR,85,82,0.0
SIR,85,83,0.0
SIR,85,84,0.0
SIR,85,85,0.0
SIR,85,86,0.0
SIR,85,87,0.0
SIR,85,88,0.0
SIR,85,89,0.0
SIR,85,90,0.0
SIR,85,91,0.0
SIR,85,92,0.0
SIR,85,93,0.0
SIR,85,94,0.0
SIR,85,95,0.0
SIR,85,96,0.0
SIR,85,97,0.0
SIR,85,98,0.0
SIR,85,99,0.0
SIR,85,100,0.0
SIR,85,101,0.0
SIR,85,102,0.0
SIR,85,103,0.0
SIR,85,104,0.0
SIR,85,105,0.0
SIR,85,106,0.0
SIR,85,107,0.0
SIR,85,108,0.0
SIR,85,109,0.0
SIR,85,110,0.0
SIR,85,111,0.0
SIR,85,112,0.0
SIR,85,113,0.0
SIR,85,114,0.0
SIR,85,115,0.0
SIR,85,116,0.0
SIR,85,117,0.0
SIR,85,118,0.0
SIR,85,119,0.0
SIR,85,120,0.0
SIR,85,121,0.0
SIR,85,122,0.0
SIR,85,123,0.0
SIR,85,124,0.0
SIR,85,125,0.0
SIR,85,126,0.0
SIR,85,127,0.0
SIR,85,128,0.0
SIR,85,129,0.0
SIR,85,130,0.0
SIR,85,131,0.0
SIR,85,132,0.0
SIR,85,133,0.0
SIR,85,134,0.0
SIR,85,135,0.0
SIR,85,136,0.0
SIR,85,137,0.0
SIR,85,138,0.0
SIR,85,139,0.0
SIR,85,140,0.0
SIR,85,141,0.0
SIR,85,142,0.0
SIR,85,143,0.0
SIR,85,144,0.0
SIR,85,145,0.0
SIR,85,146,0.0
SIR,85,147,0.0
SIR,85,148,0.0
SIR,85,149,0.0
SIR,85,150,0.0
SIR,85,151,0.0
SIR,85,152,0.0
SIR,85,153,0.0
SIR,85,154,0.0
SIR,85,155,0.0
SIR,85,156,0.0
SIR,85,157,0.0
SIR,85,158,0.0
SIR,85,159,0.0
SIR,85,160,0.0
SIR,85,161,0.0
SIR,85,162,0.0
SIR,85,163,0.0
SIR,85,164,0.0
SIR,85,165,0.0
SIR,85,166,0.0
SIR,85,167,0.0
SIR,85,168,0.0
SIR,85,169,0.0
SIR,85,170,0.0
SIR,85,171,0.0
SIR,85,172,0.0
SIR,85,173,0.0
SIR,85,174,0.0
SIR,85,175,0.0
SIR,85,176,0.0
SIR,85,177,0.0
SIR,85,178,0.0
SIR,85,179,0.0
SIR,85,180,0.0
SIR,85,181,0.0
SIR,85,182,0.0
SIR,85,183,0.0
SIR,85,184,0.0
SIR,85,185,0.0
SIR,85,186,0.0
SIR,85,187,0.0
SIR,85,188,0.0
SIR,85,189,0.0
SIR,85,190,0.0
SIR,85,191,0.0
SIR,85,192,0.0
SIR,85,193,0.0
SIR,85,194,0.0
SIR,85,195,0.0
SIR,85,196,0.0
SIR,85,197,0.0
SIR,85,198,0.0
SIR,85,199,0.0
SIR,85,200,0.0
SIR,85,201,0.0
SIR,85,202,0.0
SIR,85,203,0.0
SIR,85,204,0.0
SIR,85,205,0.0
SIR,85,206,0.0
SIR,85,207,0.0
SIR,85,208,0.0
SIR,85,209,0.0
SIR,85,210,0.0
SIR,85,211,0.0
SIR,85,212,0.0
SIR,85,213,0.0
SIR,85,214,0.0
SIR,85,215,0.0
SIR,85,216,0.0
SIR,85,217,0.0
SIR,85,218,0.0
SIR,85,219,0.0
SIR,85,220,0.0
SIR,85,221,0.0
SIR,85,222,0.0
SIR,85,223,0.0
SIR,85,224,0.0
SIR,85,225,0.0
SIR,85,226,0.0
SIR,85,227,0.0
SIR,85,228,0.0
SIR,85,229,0.0
SIR,85,230,0.0
SIR,85,231,0.0
SIR,85,232,0.0
SIR,85,233,0.0
SIR,85,234,0.0
SIR,85,235,0.0
SIR,85,236,0.0
SIR,85,237,0.0
SIR,85,238,0.0
SIR,85,239,0.0
SIR,85,240,0.0
SIR,85,241,0.0
SIR,85,242,0.0
SIR,85,243,0.0
SIR,85,244,0.0
SIR,85,245,0.0
SIR,85,246,0.0
SIR,85,247,0.0
SIR,85,248,0.0
SIR,85,249,0.0
SIR,85,250,0.0
SIR,85,251,0.0
SIR,85,252,0.0
SIR,85,253,0.0
SIR,85,254,0.0
SIR,85,255,0.0
SIR,85,256,0.0
SIR,85,257,0.0
SIR,85,258,0.0
SIR,85,259,0.0
SIR,85,260,0.0
SIR,85,261,0.0
SIR,85,262,0.0
SIR,85,263,0.0
SIR,85,264,0.0
SIR,85,265,0.0
SIR,85,266,0.0
SIR,85,267,0.0
SIR,85,268,0.0
SIR,85,269,0.0
SIR,85,270,0.0
SIR,85,271,0.0
SIR,85,272,0.0
SIR,85,273,0.0
SIR,85,274,0.0
SIR,85,275,0.0
SIR,85,276,0.0
SIR,85,277,0.0
SIR,85,278,0.0
SIR,85,279,0.0
SIR,85,280,0.0
SIR,85,281,0.0
SIR,85,282,0.0
SIR,85,283,0.0
SIR,85,284,0.0
SIR,85,285,0.0
SIR,85,286,0.0
SIR,85,287,0.0
SIR,85,288,0.0
SIR,85,289,0.0
SIR,85,290,0.0
SIR,85,291,0.0
SIR,85,292,0.0
SIR,85,293,0.0
SIR,85,294,0.0
SIR,85,295,0.0
SIR,85,296,0.0
SIR,85,297,0.0
SIR,85,298,0.0
SIR,85,299,0.0
SIR,85,300,0.0
SIR,86,0,0.08823529411764706
SIR,86,1,0.08823529411764706
SIR,86,2,0.058823529411764705
SIR,86,3,0.058823529411764705
SIR,86,4,0.08823529411764706
SIR,86,5,0.11764705882352941
SIR,86,6,0.08823529411764706
SIR,86,7,0.058823529411764705
SIR,86,8,0.08823529411764706
SIR,86,9,0.08823529411764706
SIR,86,10,0.11764705882352941
SIR,86,11,0.11764705882352941
SIR,86,12,0.058823529411764705
SIR,86,13,0.11764705882352941
SIR,86,14,0.08823529411764706
SIR,86,15,0.08823529411764706
SIR,86,16,0.08823529411764706
SIR,86,17,0.08823529411764706
SIR,86,18,0.058823529411764705
SIR,86,19,0.058823529411764705
SIR,86,20,0.029411764705882353
SIR,86,21,0.0
SIR,86,22,0.0
SIR,86,23,0.0
SIR,86,24,0.0
SIR,86,25,0.0
SIR,86,26,0.0
SIR,86,27,0.0
SIR,86,28,0.0
SIR,86,29,0.0
SIR,86,30,0.0
SIR,86,31,0.0
SIR,86,32,0.0
SIR,86,33,0.0
SIR,86,34,0.0
SIR,86,35,0.0
SIR,86,36,0.0
SIR,86,37,0.0
SIR,86,38,0.0
SIR,86,39,0.0
SIR,86,40,0.0
SIR,86,41,0.0
SIR,86,42,0.0
SIR,86,43,0.0
SIR,86,44,0.0
SIR,86,45,0.0
SIR,86,46,0.0
SIR,86,47,0.0
SIR,86,48,0.0
SIR,86,49,0.0
SIR,86,50,0.0
SIR,86,51,0.0
SIR,86,52,0.0
SIR,86,53,0.0
SIR,86,54,0.0
SIR,86,55,0.0
SIR,86,56,0.0
SIR,86,57,0.0
SIR,86,58,0.0
SIR,86,59,0.0
SIR,86,60,0.0
SIR,86,61,0.0
SIR,86,62,0.0
SIR,86,63,0.0
SIR,86,64,0.0
SIR,86,65,0.0
SIR,86,66,0.0
SIR,86,67,0.0
SIR,86,68,0.0
SIR,86,69,0.0
SIR,86,70,0.0
SIR,86,71,0.0
SIR,86,72,0.0
SIR,86,73,0.0
SIR,86,74,0.0
SIR,86,75,0.0
SIR,86,76,0.0
SIR,86,77,0.0
SIR,86,78,0.0
SIR,86,79,0.0
SIR,86,80,0.0
SIR,86,81,0.0
SIR,86,82,0.0
SIR,86,83,0.0
SIR,86,84,0.0
SIR,86,85,0.0
SIR,86,86,0.0
SIR,86,87,0.0
SIR,86,88,0.0
SIR,86,89,0.0
SIR,86,90,0.0
SIR,86,91,0.0
SIR,86,92,0.0
SIR,86,93,0.0
SIR,86,94,0.0
SIR,86,95,0.0
SIR,86,96,0.0
SIR,86,97,0.0
SIR,86,98,0.0
SIR,86,99,0.0
SIR,86,100,0.0
SIR,86,101,0.0
SIR,86,102,0.0
SIR,86,103,0.0
SIR,86,104,0.0
SIR,86,105,0.0
SIR,86,106,0.0
SIR,86,107,0.0
SIR,86,108,0.0
SIR,86,109,0.0
SIR,86,110,0.0
SIR,86,111,0.0
SIR,86,112,0.0
SIR,86,113,0.0
SIR,86,114,0.0
SIR,86,115,0.0
SIR,86,116,0.0
SIR,86,117,0.0
SIR,86,118,0.0
SIR,86,119,0.0
SIR,86,120,0.0
SIR,86,121,0.0
SIR,86,122,0.0
SIR,86,123,0.0
SIR,86,124,0.0
SIR,86,125,0.0
SIR,86,126,0.0
SIR,86,127,0.0
SIR,86,128,0.0
SIR,86,129,0.0
SIR,86,130,0.0
SIR,86,131,0.0
SIR,86,132,0.0
SIR,86,133,0.0
SIR,86,134,0.0
SIR,86,135,0.0
SIR,86,136,0.0
SIR,86,137,0.0
SIR,86,138,0.0
SIR,86,139,0.0
SIR,86,140,0.0
SIR,86,141,0.0
SIR,86,142,0.0
SIR,86,143,0.0
SIR,86,144,0.0
SIR,86,145,0.0
SIR,86,146,0.0
SIR,86,147,0.0
SIR,86,148,0.0
SIR,86,149,0.0
SIR,86,150,0.0
SIR,86,151,0.0
SIR,86,152,0.0
SIR,86,153,0.0
SIR,86,154,0.0
SIR,86,155,0.0
SIR,86,156,0.0
SIR,86,157,0.0
SIR,86,158,0.0
SIR,86,159,0.0
SIR,86,160,0.0
SIR,86,161,0.0
SIR,86,162,0.0
SIR,86,163,0.0
SIR,86,164,0.0
SIR,86,165,0.0
SIR,86,166,0.0
SIR,86,167,0.0
SIR,86,168,0.0
SIR,86,169,0.0
SIR,86,170,0.0
SIR,86,171,0.0
SIR,86,172,0.0
SIR,86,173,0.0
SIR,86,174,0.0
SIR,86,175,0.0
SIR,86,176,0.0
SIR,86,177,0.0
SIR,86,178,0.0
SIR,86,179,0.0
SIR,86,180,0.0
SIR,86,181,0.0
SIR,86,182,0.0
SIR,86,183,0.0
SIR,86,184,0.0
SIR,86,185,0.0
SIR,86,186,0.0
SIR,86,187,0.0
SIR,86,188,0.0
SIR,86,189,0.0
SIR,86,190,0.0
SIR,86,191,0.0
SIR,86,192,0.0
SIR,86,193,0.0
SIR,86,194,0.0
SIR,86,195,0.0
SIR,86,196,0.0
SIR,86,197,0.0
SIR,86,198,0.0
SIR,86,199,0.0
SIR,86,200,0.0
SIR,86,201,0.0
SIR,86,202,0.0
SIR,86,203,0.0
SIR,86,204,0.0
SIR,86,205,0.0
SIR,86,206,0.0
SIR,86,207,0.0
SIR,86,208,0.0
SIR,86,209,0.0
SIR,86,210,0.0
SIR,86,211,0.0
SIR,86,212,0.0
SIR,86,213,0.0
SIR,86,214,0.0
SIR,86,215,0.0
SIR,86,216,0.0
SIR,86,217,0.0
SIR,86,218,0.0
SIR,86,219,0.0
SIR,86,220,0.0
SIR,86,221,0.0
SIR,86,222,0.0
SIR,86,223,0.0
SIR,86,224,0.0
SIR,86,225,0.0
SIR,86,226,0.0
SIR,86,227,0.0
SIR,86,228,0.0
SIR,86,229,0.0
SIR,86,230,0.0
SIR,86,231,0.0
SIR,86,232,0.0
SIR,86,233,0.0
SIR,86,234,0.0
SIR,86,235,0.0
SIR,86,236,0.0
SIR,86,237,0.0
SIR,86,238,0.0
SIR,86,239,0.0
SIR,86,240,0.0
SIR,86,241,0.0
SIR,86,242,0.0
SIR,86,243,0.0
SIR,86,244,0.0
SIR,86,245,0.0
SIR,86,246,0.0
SIR,86,247,0.0
SIR,86,248,0.0
SIR,86,249,0.0
SIR,86,250,0.0
SIR,86,251,0.0
SIR,86,252,0.0
SIR,86,253,0.0
SIR,86,254,0.0
SIR,86,255,0.0
SIR,86,256,0.0
SIR,86,257,0.0
SIR,86,258,0.0
SIR,86,259,0.0
SIR,86,260,0.0
SIR,86,261,0.0
SIR,86,262,0.0
SIR,86,263,0.0
SIR,86,264,0.0
SIR,86,265,0.0
SIR,86,266,0.0
SIR,86,267,0.0
SIR,86,268,0.0
SIR,86,269,0.0
SIR,86,270,0.0
SIR,86,271,0.0
SIR,86,272,0.0
SIR,86,273,0.0
SIR,86,274,0.0
SIR,86,275,0.0
SIR,86,276,0.0
SIR,86,277,0.0
SIR,86,278,0.0
SIR,86,279,0.0
SIR,86,280,0.0
SIR,86,281,0.0
SIR,86,282,0.0
SIR,86,283,0.0
SIR,86,284,0.0
SIR,86,285,0.0
SIR,86,286,0.0
SIR,86,287,0.0
SIR,86,288,0.0
SIR,86,289,0.0
SIR,86,290,0.0
SIR,86,291,0.0
SIR,86,292,0.0
SIR,86,293,0.0
SIR,86,294,0.0
SIR,86,295,0.0
SIR,86,296,0.0
SIR,86,297,0.0
SIR,86,298,0.0
SIR,86,299,0.0
SIR,86,300,0.0
SIR,87,0,0.08823529411764706
SIR,87,1,0.20588235294117646
SIR,87,2,0.17647058823529413
SIR,87,3,0.20588235294117646
SIR,87,4,0.17647058823529413
SIR,87,5,0.20588235294117646
SIR,87,6,0.14705882352941177
SIR,87,7,0.14705882352941177
SIR,87,8,0.11764705882352941
SIR,87,9,0.17647058823529413
SIR,87,10,0.14705882352941177
SIR,87,11,0.14705882352941177
SIR,87,12,0.11764705882352941
SIR,87,13,0.08823529411764706
SIR,87,14,0.029411764705882353
SIR,87,15,0.0
SIR,87,16,0.0
SIR,87,17,0.0
SIR,87,18,0.0
SIR,87,19,0.0
SIR,87,20,0.0
SIR,87,21,0.0
SIR,87,22,0.0
SIR,87,23,0.0
SIR,87,24,0.0
SIR,87,25,0.0
SIR,87,26,0.0
SIR,87,27,0.0
SIR,87,28,0.0
SIR,87,29,0.0
SIR,87,30,0.0
SIR,87,31,0.0
SIR,87,32,0.0
SIR,87,33,0.0
SIR,87,34,0.0
SIR,87,35,0.0
SIR,87,36,0.0
SIR,87,37,0.0
SIR,87,38,0.0
SIR,87,39,0.0
SIR,87,40,0.0
SIR,87,41,0.0
SIR,87,42,0.0
SIR,87,43,0.0
SIR,87,44,0.0
SIR,87,45,0.0
SIR,87,46,0.0
SIR,87,47,0.0
SIR,87,48,0.0
SIR,87,49,0.0
SIR,87,50,0.0
SIR,87,51,0.0
SIR,87,52,0.0
SIR,87,53,0.0
SIR,87,54,0.0
SIR,87,55,0.0
SIR,87,56,0.0
SIR,87,57,0.0
SIR,87,58,0.0
SIR,87,59,0.0
SIR,87,60,0.0
SIR,87,61,0.0
SIR,87,62,0.0
SIR,87,63,0.0
SIR,87,64,0.0
SIR,87,65,0.0
SIR,87,66,0.0
SIR,87,67,0.0
SIR,87,68,0.0
SIR,87,69,0.0
SIR,87,70,0.0
SIR,87,71,0.0
SIR,87,72,0.0
SIR,87,73,0.0
SIR,87,74,0.0
SIR,87,75,0.0
SIR,87,76,0.0
SIR,87,77,0.0
SIR,87,78,0.0
SIR,87,79,0.0
SIR,87,80,0.0
SIR,87,81,0.0
SIR,87,82,0.0
SIR,87,83,0.0
SIR,87,84,0.0
SIR,87,85,0.0
SIR,87,86,0.0
SIR,87,87,0.0
SIR,87,88,0.0
SIR,87,89,0.0
SIR,87,90,0.0
SIR,87,91,0.0
SIR,87,92,0.0
SIR,87,93,0.0
SIR,87,94,0.0
SIR,87,95,0.0
SIR,87,96,0.0
SIR,87,97,0.0
SIR,87,98,0.0
SIR,87,99,0.0
SIR,87,100,0.0
SIR,87,101,0.0
SIR,87,102,0.0
SIR,87,103,0.0
SIR,87,104,0.0
SIR,87,105,0.0
SIR,87,106,0.0
SIR,87,107,0.0
SIR,87,108,0.0
SIR,87,109,0.0
SIR,87,110,0.0
SIR,87,111,0.0
SIR,87,112,0.0
SIR,87,113,0.0
SIR,87,114,0.0
SIR,87,115,0.0
SIR,87,116,0.0
SIR,87,117,0.0
SIR,87,118,0.0
SIR,87,119,0.0
SIR,87,120,0.0
SIR,87,121,0.0
SIR,87,122,0.0
SIR,87,123,0.0
SIR,87,124,0.0
SIR,87,125,0.0
SIR,87,126,0.0
SIR,87,127,0.0
SIR,87,128,0.0
SIR,87,129,0.0
SIR,87,130,0.0
SIR,87,131,0.0
SIR,87,132,0.0
SIR,87,133,0.0
SIR,87,134,0.0
SIR,87,135,0.0
SIR,87,136,0.0
SIR,87,137,0.0
SIR,87,138,0.0
SIR,87,139,0.0
SIR,87,140,0.0
SIR,87,141,0.0
SIR,87,142,0.0
SIR,87,143,0.0
SIR,87,144,0.0
SIR,87,145,0.0
SIR,87,146,0.0
SIR,87,147,0.0
SIR,87,148,0.0
SIR,87,149,0.0
SIR,87,150,0.0
SIR,87,151,0.0
SIR,87,152,0.0
SIR,87,153,0.0
SIR,87,154,0.0
SIR,87,155,0.0
SIR,87,156,0.0
SIR,87,157,0.0
SIR,87,158,0.0
SIR,87,159,0.0
SIR,87,160,0.0
SIR,87,161,0.0
SIR,87,162,0.0
SIR,87,163,0.0
SIR,87,164,0.0
SIR,87,165,0.0
SIR,87,166,0.0
SIR,87,167,0.0
SIR,87,168,0.0
SIR,87,169,0.0
SIR,87,170,0.0
SIR,87,171,0.0
SIR,87,172,0.0
SIR,87,173,0.0
SIR,87,174,0.0
SIR,87,175,0.0
SIR,87,176,0.0
SIR,87,177,0.0
SIR,87,178,0.0
SIR,87,179,0.0
SIR,87,180,0.0
SIR,87,181,0.0
SIR,87,182,0.0
SIR,87,183,0.0
SIR,87,184,0.0
SIR,87,185,0.0
SIR,87,186,0.0
SIR,87,187,0.0
SIR,87,188,0.0
SIR,87,189,0.0
SIR,87,190,0.0
SIR,87,191,0.0
SIR,87,192,0.0
SIR,87,193,0.0
SIR,87,194,0.0
SIR,87,195,0.0
SIR,87,196,0.0
SIR,87,197,0.0
SIR,87,198,0.0
SIR,87,199,0.0
SIR,87,200,0.0
SIR,87,201,0.0
SIR,87,202,0.0
SIR,87,203,0.0
SIR,87,204,0.0
SIR,87,205,0.0
SIR,87,206,0.0
SIR,87,207,0.0
SIR,87,208,0.0
SIR,87,209,0.0
SIR,87,210,0.0
SIR,87,211,0.0
SIR,87,212,0.0
SIR,87,213,0.0
SIR,87,214,0.0
SIR,87,215,0.0
SIR,87,216,0.0
SIR,87,217,0.0
SIR,87,218,0.0
SIR,87,219,0.0
SIR,87,220,0.0
SIR,87,221,0.0
SIR,87,222,0.0
SIR,87,223,0.0
SIR,87,224,0.0
SIR,87,225,0.0
SIR,87,226,0.0
SIR,87,227,0.0
SIR,87,228,0.0
SIR,87,229,0.0
SIR,87,230,0.0
SIR,87,231,0.0
SIR,87,232,0.0
SIR,87,233,0.0
SIR,87,234,0.0
SIR,87,235,0.0
SIR,87,236,0.0
SIR,87,237,0.0
SIR,87,238,0.0
SIR,87,239,0.0
SIR,87,240,0.0
SIR,87,241,0.0
SIR,87,242,0.0
SIR,87,243,0.0
SIR,87,244,0.0
SIR,87,245,0.0
SIR,87,246,0.0
SIR,87,247,0.0
SIR,87,248,0.0
SIR,87,249,0.0
SIR,87,250,0.0
SIR,87,251,0.0
SIR,87,252,0.0
SIR,87,253,0.0
SIR,87,254,0.0
SIR,87,255,0.0
SIR,87,256,0.0
SIR,87,257,0.0
SIR,87,258,0.0
SIR,87,259,0.0
SIR,87,260,0.0
SIR,87,261,0.0
SIR,87,262,0.0
SIR,87,263,0.0
SIR,87,264,0.0
SIR,87,265,0.0
SIR,87,266,0.0
SIR,87,267,0.0
SIR,87,268,0.0
SIR,87,269,0.0
SIR,87,270,0.0
SIR,87,271,0.0
SIR,87,272,0.0
SIR,87,273,0.0
SIR,87,274,0.0
SIR,87,275,0.0
SIR,87,276,0.0
SIR,87,277,0.0
SIR,87,278,0.0
SIR,87,279,0.0
SIR,87,280,0.0
SIR,87,281,0.0
SIR,87,282,0.0
SIR,87,283,0.0
SIR,87,284,0.0
SIR,87,285,0.0
SIR,87,286,0.0
SIR,87,287,0.0
SIR,87,288,0.0
SIR,87,289,0.0
SIR,87,290,0.0
SIR,87,291,0.0
SIR,87,292,0.0
SIR,87,293,0.0
SIR,87,294,0.0
SIR,87,295,0.0
SIR,87,296,0.0
SIR,87,297,0.0
SIR,87,298,0.0
SIR,87,299,0.0
SIR,87,300,0.0
SIR,88,0,0.08823529411764706
SIR,88,1,0.058823529411764705
SIR,88,2,0.08823529411764706
SIR,88,3,0.14705882352941177
SIR,88,4,0.11764705882352941
SIR,88,5,0.14705882352941177
SIR,88,6,0.20588235294117646
SIR,88,7,0.20588235294117646
SIR,88,8,0.14705882352941177
SIR,88,9,0.17647058823529413
SIR,88,10,0.20588235294117646
SIR,88,11,0.20588235294117646
SIR,88,12,0.20588235294117646
SIR,88,13,0.17647058823529413
SIR,88,14,0.14705882352941177
SIR,88,15,0.20588235294117646
SIR,88,16,0.20588235294117646
SIR,88,17,0.17647058823529413
SIR,88,18,0.20588235294117646
SIR,88,19,0.20588235294117646
SIR,88,20,0.17647058823529413
SIR,88,21,0.14705882352941177
SIR,88,22,0.08823529411764706
SIR,88,23,0.08823529411764706
SIR,88,24,0.058823529411764705
SIR,88,25,0.058823529411764705
SIR,88,26,0.058823529411764705
SIR,88,27,0.058823529411764705
SIR,88,28,0.08823529411764706
SIR,88,29,0.029411764705882353
SIR,88,30,0.029411764705882353
SIR,88,31,0.029411764705882353
SIR,88,32,0.0
SIR,88,33,0.0
SIR,88,34,0.0
SIR,88,35,0.0
SIR,88,36,0.0
SIR,88,37,0.0
SIR,88,38,0.0
SIR,88,39,0.0
SIR,88,40,0.0
SIR,88,41,0.0
SIR,88,42,0.0
SIR,88,43,0.0
SIR,88,44,0.0
SIR,88,45,0.0
SIR,88,46,0.0
SIR,88,47,0.0
SIR,88,48,0.0
SIR,88,49,0.0
SIR,88,50,0.0
SIR,88,51,0.0
SIR,88,52,0.0
SIR,88,53,0.0
SIR,88,54,0.0
SIR,88,55,0.0
SIR,88,56,0.0
SIR,88,57,0.0
SIR,88,58,0.0
SIR,88,59,0.0
SIR,88,60,0.0
SIR,88,61,0.0
SIR,88,62,0.0
SIR,88,63,0.0
SIR,88,64,0.0
SIR,88,65,0.0
SIR,88,66,0.0
SIR,88,67,0.0
SIR,88,68,0.0
SIR,88,69,0.0
SIR,88,70,0.0
SIR,88,71,0.0
SIR,88,72,0.0
SIR,88,73,0.0
SIR,88,74,0.0
SIR,88,75,0.0
SIR,88,76,0.0
SIR,88,77,0.0
SIR,88,78,0.0
SIR,88,79,0.0
SIR,88,80,0.0
SIR,88,81,0.0
SIR,88,82,0.0
SIR,88,83,0.0
SIR,88,84,0.0
SIR,88,85,0.0
SIR,88,86,0.0
SIR,88,87,0.0
SIR,88,88,0.0
SIR,88,89,0.0
SIR,88,90,0.0
SIR,88,91,0.0
SIR,88,92,0.0
SIR,88,93,0.0
SIR,88,94,0.0
SIR,88,95,0.0
SIR,88,96,0.0
SIR,88,97,0.0
SIR,88,98,0.0
SIR,88,99,0.0
SIR,88,100,0.0
SIR,88,101,0.0
SIR,88,102,0.0
SIR,88,103,0.0
SIR,88,104,0.0
SIR,88,105,0.0
SIR,88,106,0.0
SIR,88,107,0.0
SIR,88,108,0.0
SIR,88,109,0.0
SIR,88,110,0.0
SIR,88,111,0.0
SIR,88,112,0.0
SIR,88,113,0.0
SIR,88,114,0.0
SIR,88,115,0.0
SIR,88,116,0.0
SIR,88,117,0.0
SIR,88,118,0.0
SIR,88,119,0.0
SIR,88,120,0.0
SIR,88,121,0.0
SIR,88,122,0.0
SIR,88,123,0.0
SIR,88,124,0.0
SIR,88,125,0.0
SIR,88,126,0.0
SIR,88,127,0.0
SIR,88,128,0.0
SIR,88,129,0.0
SIR,88,130,0.0
SIR,88,131,0.0
SIR,88,132,0.0
SIR,88,133,0.0
SIR,88,134,0.0
SIR,88,135,0.0
SIR,88,136,0.0
SIR,88,137,0.0
SIR,88,138,0.0
SIR,88,139,0.0
SIR,88,140,0.0
SIR,88,141,0.0
SIR,88,142,0.0
SIR,88,143,0.0
SIR,88,144,0.0
SIR,88,145,0.0
SIR,88,146,0.0
SIR,88,147,0.0
SIR,88,148,0.0
SIR,88,149,0.0
SIR,88,150,0.0
SIR,88,151,0.0
SIR,88,152,0.0
SIR,88,153,0.0
SIR,88,154,0.0
SIR,88,155,0.0
SIR,88,156,0.0
SIR,88,157,0.0
SIR,88,158,0.0
SIR,88,159,0.0
SIR,88,160,0.0
SIR,88,161,0.0
SIR,88,162,0.0
SIR,88,163,0.0
SIR,88,164,0.0
SIR,88,165,0.0
SIR,88,166,0.0
SIR,88,167,0.0
SIR,88,168,0.0
SIR,88,169,0.0
SIR,88,170,0.0
SIR,88,171,0.0
SIR,88,172,0.0
SIR,88,173,0.0
SIR,88,174,0.0
SIR,88,175,0.0
SIR,88,176,0.0
SIR,88,177,0.0
SIR,88,178,0.0
SIR,88,179,0.0
SIR,88,180,0.0
SIR,88,181,0.0
SIR,88,182,0.0
SIR,88,183,0.0
SIR,88,184,0.0
SIR,88,185,0.0
SIR,88,186,0.0
SIR,88,187,0.0
SIR,88,188,0.0
SIR,88,189,0.0
SIR,88,190,0.0
SIR,88,191,0.0
SIR,88,192,0.0
SIR,88,193,0.0
SIR,88,194,0.0
SIR,88,195,0.0
SIR,88,196,0.0
SIR,88,197,0.0
SIR,88,198,0.0
SIR,88,199,0.0
SIR,88,200,0.0
SIR,88,201,0.0
SIR,88,202,0.0
SIR,88,203,0.0
SIR,88,204,0.0
SIR,88,205,0.0
SIR,88,206,0.0
SIR,88,207,0.0
SIR,88,208,0.0
SIR,88,209,0.0
SIR,88,210,0.0
SIR,88,211,0.0
SIR,88,212,0.0
SIR,88,213,0.0
SIR,88,214,0.0
SIR,88,215,0.0
SIR,88,216,0.0
SIR,88,217,0.0
SIR,88,218,0.0
SIR,88,219,0.0
SIR,88,220,0.0
SIR,88,221,0.0
SIR,88,222,0.0
SIR,88,223,0.0
SIR,88,224,0.0
SIR,88,225,0.0
SIR,88,226,0.0
SIR,88,227,0.0
SIR,88,228,0.0
SIR,88,229,0.0
SIR,88,230,0.0
SIR,88,231,0.0
SIR,88,232,0.0
SIR,88,233,0.0
SIR,88,234,0.0
SIR,88,235,0.0
SIR,88,236,0.0
SIR,88,237,0.0
SIR,88,238,0.0
SIR,88,239,0.0
SIR,88,240,0.0
SIR,88,241,0.0
SIR,88,242,0.0
SIR,88,243,0.0
SIR,88,244,0.0
SIR,88,245,0.0
SIR,88,246,0.0
SIR,88,247,0.0
SIR,88,248,0.0
SIR,88,249,0.0
SIR,88,250,0.0
SIR,88,251,0.0
SIR,88,252,0.0
SIR,88,253,0.0
SIR,88,254,0.0
SIR,88,255,0.0
SIR,88,256,0.0
SIR,88,257,0.0
SIR,88,258,0.0
SIR,88,259,0.0
SIR,88,260,0.0
SIR,88,261,0.0
SIR,88,262,0.0
SIR,88,263,0.0
SIR,88,264,0.0
SIR,88,265,0.0
SIR,88,266,0.0
SIR,88,267,0.0
SIR,88,268,0.0
SIR,88,269,0.0
SIR,88,270,0.0
SIR,88,271,0.0
SIR,88,272,0.0
SIR,88,273,0.0
SIR,88,274,0.0
SIR,88,275,0.0
SIR,88,276,0.0
SIR,88,277,0.0
SIR,88,278,0.0
SIR,88,279,0.0
SIR,88,280,0.0
SIR,88,281,0.0
SIR,88,282,0.0
SIR,88,283,0.0
SIR,88,284,0.0
SIR,88,285,0.0
SIR,88,286,0.0
SIR,88,287,0.0
SIR,88,288,0.0
SIR,88,289,0.0
SIR,88,290,0.0
SIR,88,291,0.0
SIR,88,292,0.0
SIR,88,293,0.0
SIR,88,294,0.0
SIR,88,295,0.0
SIR,88,296,0.0
SIR,88,297,0.0
SIR,88,298,0.0
SIR,88,299,0.0
SIR,88,300,0.0
SIR,89,0,0.08823529411764706
SIR,89,1,0.08823529411764706
SIR,89,2,0.11764705882352941
SIR,89,3,0.14705882352941177
SIR,89,4,0.11764705882352941
SIR,89,5,0.08823529411764706
SIR,89,6,0.08823529411764706
SIR,89,7,0.08823529411764706
SIR,89,8,0.058823529411764705
SIR,89,9,0.058823529411764705
SIR,89,10,0.08823529411764706
SIR,89,11,0.11764705882352941
SIR,89,12,0.08823529411764706
SIR,89,13,0.08823529411764706
SIR,89,14,0.11764705882352941
SIR,89,15,0.14705882352941177
SIR,89,16,0.2647058823529412
SIR,89,17,0.2647058823529412
SIR,89,18,0.29411764705882354
SIR,89,19,0.3235294117647059
SIR,89,20,0.3235294117647059
SIR,89,21,0.3235294117647059
SIR,89,22,0.29411764705882354
SIR,89,23,0.17647058823529413
SIR,89,24,0.11764705882352941
SIR,89,25,0.08823529411764706
SIR,89,26,0.08823529411764706
SIR,89,27,0.058823529411764705
SIR,89,28,0.058823529411764705
SIR,89,29,0.058823529411764705
SIR,89,30,0.058823529411764705
SIR,89,31,0.029411764705882353
SIR,89,32,0.029411764705882353
SIR,89,33,0.0
SIR,89,34,0.0
SIR,89,35,0.0
SIR,89,36,0.0
SIR,89,37,0.0
SIR,89,38,0.0
SIR,89,39,0.0
SIR,89,40,0.0
SIR,89,41,0.0
SIR,89,42,0.0
SIR,89,43,0.0
SIR,89,44,0.0
SIR,89,45,0.0
SIR,89,46,0.0
SIR,89,47,0.0
SIR,89,48,0.0
SIR,89,49,0.0
SIR,89,50,0.0
SIR,89,51,0.0
SIR,89,52,0.0
SIR,89,53,0.0
SIR,89,54,0.0
SIR,89,55,0.0
SIR,89,56,0.0
SIR,89,57,0.0
SIR,89,58,0.0
SIR,89,59,0.0
SIR,89,60,0.0
SIR,89,61,0.0
SIR,89,62,0.0
SIR,89,63,0.0
SIR,89,64,0.0
SIR,89,65,0.0
SIR,89,66,0.0
SIR,89,67,0.0
SIR,89,68,0.0
SIR,89,69,0.0
SIR,89,70,0.0
SIR,89,71,0.0
SIR,89,72,0.0
SIR,89,73,0.0
SIR,89,74,0.0
SIR,89,75,0.0
SIR,89,76,0.0
SIR,89,77,0.0
SIR,89,78,0.0
SIR,89,79,0.0
SIR,89,80,0.0
SIR,89,81,0.0
SIR,89,82,0.0
SIR,89,83,0.0
SIR,89,84,0.0
SIR,89,85,0.0
SIR,89,86,0.0
SIR,89,87,0.0
SIR,89,88,0.0
SIR,89,89,0.0
SIR,89,90,0.0
SIR,89,91,0.0
SIR,89,92,0.0
SIR,89,93,0.0
SIR,89,94,0.0
SIR,89,95,0.0
SIR,89,96,0.0
SIR,89,97,0.0
SIR,89,98,0.0
SIR,89,99,0.0
SIR,89,100,0.0
SIR,89,101,0.0
SIR,89,102,0.0
SIR,89,103,0.0
SIR,89,104,0.0
SIR,89,105,0.0
SIR,89,106,0.0
SIR,89,107,0.0
SIR,89,108,0.0
SIR,89,109,0.0
SIR,89,110,0.0
SIR,89,111,0.0
SIR,89,112,0.0
SIR,89,113,0.0
SIR,89,114,0.0
SIR,89,115,0.0
SIR,89,116,0.0
SIR,89,117,0.0
SIR,89,118,0.0
SIR,89,119,0.0
SIR,89,120,0.0
SIR,89,121,0.0
SIR,89,122,0.0
SIR,89,123,0.0
SIR,89,124,0.0
SIR,89,125,0.0
SIR,89,126,0.0
SIR,89,127,0.0
SIR,89,128,0.0
SIR,89,129,0.0
SIR,89,130,0.0
SIR,89,131,0.0
SIR,89,132,0.0
SIR,89,133,0.0
SIR,89,134,0.0
SIR,89,135,0.0
SIR,89,136,0.0
SIR,89,137,0.0
SIR,89,138,0.0
SIR,89,139,0.0
SIR,89,140,0.0
SIR,89,141,0.0
SIR,89,142,0.0
SIR,89,143,0.0
SIR,89,144,0.0
SIR,89,145,0.0
SIR,89,146,0.0
SIR,89,147,0.0
SIR,89,148,0.0
SIR,89,149,0.0
SIR,89,150,0.0
SIR,89,151,0.0
SIR,89,152,0.0
SIR,89,153,0.0
SIR,89,154,0.0
SIR,89,155,0.0
SIR,89,156,0.0
SIR,89,157,0.0
SIR,89,158,0.0
SIR,89,159,0.0
SIR,89,160,0.0
SIR,89,161,0.0
SIR,89,162,0.0
SIR,89,163,0.0
SIR,89,164,0.0
SIR,89,165,0.0
SIR,89,166,0.0
SIR,89,167,0.0
SIR,89,168,0.0
SIR,89,169,0.0
SIR,89,170,0.0
SIR,89,171,0.0
SIR,89,172,0.0
SIR,89,173,0.0
SIR,89,174,0.0
SIR,89,175,0.0
SIR,89,176,0.0
SIR,89,177,0.0
SIR,89,178,0.0
SIR,89,179,0.0
SIR,89,180,0.0
SIR,89,181,0.0
SIR,89,182,0.0
SIR,89,183,0.0
SIR,89,184,0.0
SIR,89,185,0.0
SIR,89,186,0.0
SIR,89,187,0.0
SIR,89,188,0.0
SIR,89,189,0.0
SIR,89,190,0.0
SIR,89,191,0.0
SIR,89,192,0.0
SIR,89,193,0.0
SIR,89,194,0.0
SIR,89,195,0.0
SIR,89,196,0.0
SIR,89,197,0.0
SIR,89,198,0.0
SIR,89,199,0.0
SIR,89,200,0.0
SIR,89,201,0.0
SIR,89,202,0.0
SIR,89,203,0.0
SIR,89,204,0.0
SIR,89,205,0.0
SIR,89,206,0.0
SIR,89,207,0.0
SIR,89,208,0.0
SIR,89,209,0.0
SIR,89,210,0.0
SIR,89,211,0.0
SIR,89,212,0.0
SIR,89,213,0.0
SIR,89,214,0.0
SIR,89,215,0.0
SIR,89,216,0.0
SIR,89,217,0.0
SIR,89,218,0.0
SIR,89,219,0.0
SIR,89,220,0.0
SIR,89,221,0.0
SIR,89,222,0.0
SIR,89,223,0.0
SIR,89,224,0.0
SIR,89,225,0.0
SIR,89,226,0.0
SIR,89,227,0.0
SIR,89,228,0.0
SIR,89,229,0.0
SIR,89,230,0.0
SIR,89,231,0.0
SIR,89,232,0.0
SIR,89,233,0.0
SIR,89,234,0.0
SIR,89,235,0.0
SIR,89,236,0.0
SIR,89,237,0.0
SIR,89,238,0.0
SIR,89,239,0.0
SIR,89,240,0.0
SIR,89,241,0.0
SIR,89,242,0.0
SIR,89,243,0.0
SIR,89,244,0.0
SIR,89,245,0.0
SIR,89,246,0.0
SIR,89,247,0.0
SIR,89,248,0.0
SIR,89,249,0.0
SIR,89,250,0.0
SIR,89,251,0.0
SIR,89,252,0.0
SIR,89,253,0.0
SIR,89,254,0.0
SIR,89,255,0.0
SIR,89,256,0.0
SIR,89,257,0.0
SIR,89,258,0.0
SIR,89,259,0.0
SIR,89,260,0.0
SIR,89,261,0.0
SIR,89,262,0.0
SIR,89,263,0.0
SIR,89,264,0.0
SIR,89,265,0.0
SIR,89,266,0.0
SIR,89,267,0.0
SIR,89,268,0.0
SIR,89,269,0.0
SIR,89,270,0.0
SIR,89,271,0.0
SIR,89,272,0.0
SIR,89,273,0.0
SIR,89,274,0.0
SIR,89,275,0.0
SIR,89,276,0.0
SIR,89,277,0.0
SIR,89,278,0.0
SIR,89,279,0.0
SIR,89,280,0.0
SIR,89,281,0.0
SIR,89,282,0.0
SIR,89,283,0.0
SIR,89,284,0.0
SIR,89,285,0.0
SIR,89,286,0.0
SIR,89,287,0.0
SIR,89,288,0.0
SIR,89,289,0.0
SIR,89,290,0.0
SIR,89,291,0.0
SIR,89,292,0.0
SIR,89,293,0.0
SIR,89,294,0.0
SIR,89,295,0.0
SIR,89,296,0.0
SIR,89,297,0.0
SIR,89,298,0.0
SIR,89,299,0.0
SIR,89,300,0.0
SIR,90,0,0.08823529411764706
SIR,90,1,0.08823529411764706
SIR,90,2,0.11764705882352941
SIR,90,3,0.14705882352941177
SIR,90,4,0.20588235294117646
SIR,90,5,0.20588235294117646
SIR,90,6,0.14705882352941177
SIR,90,7,0.17647058823529413
SIR,90,8,0.14705882352941177
SIR,90,9,0.14705882352941177
SIR,90,10,0.08823529411764706
SIR,90,11,0.029411764705882353
SIR,90,12,0.029411764705882353
SIR,90,13,0.0
SIR,90,14,0.0
SIR,90,15,0.0
SIR,90,16,0.0
SIR,90,17,0.0
SIR,90,18,0.0
SIR,90,19,0.0
SIR,90,20,0.0
SIR,90,21,0.0
SIR,90,22,0.0
SIR,90,23,0.0
SIR,90,24,0.0
SIR,90,25,0.0
SIR,90,26,0.0
SIR,90,27,0.0
SIR,90,28,0.0
SIR,90,29,0.0
SIR,90,30,0.0
SIR,90,31,0.0
SIR,90,32,0.0
SIR,90,33,0.0
SIR,90,34,0.0
SIR,90,35,0.0
SIR,90,36,0.0
SIR,90,37,0.0
SIR,90,38,0.0
SIR,90,39,0.0
SIR,90,40,0.0
SIR,90,41,0.0
SIR,90,42,0.0
SIR,90,43,0.0
SIR,90,44,0.0
SIR,90,45,0.0
SIR,90,46,0.0
SIR,90,47,0.0
SIR,90,48,0.0
SIR,90,49,0.0
SIR,90,50,0.0
SIR,90,51,0.0
SIR,90,52,0.0
SIR,90,53,0.0
SIR,90,54,0.0
SIR,90,55,0.0
SIR,90,56,0.0
SIR,90,57,0.0
SIR,90,58,0.0
SIR,90,59,0.0
SIR,90,60,0.0
SIR,90,61,0.0
SIR,90,62,0.0
SIR,90,63,0.0
SIR,90,64,0.0
SIR,90,65,0.0
SIR,90,66,0.0
SIR,90,67,0.0
SIR,90,68,0.0
SIR,90,69,0.0
SIR,90,70,0.0
SIR,90,71,0.0
SIR,90,72,0.0
SIR,90,73,0.0
SIR,90,74,0.0
SIR,90,75,0.0
SIR,90,76,0.0
SIR,90,77,0.0
SIR,90,78,0.0
SIR,90,79,0.0
SIR,90,80,0.0
SIR,90,81,0.0
SIR,90,82,0.0
SIR,90,83,0.0
SIR,90,84,0.0
SIR,90,85,0.0
SIR,90,86,0.0
SIR,90,87,0.0
SIR,90,88,0.0
SIR,90,89,0.0
SIR,90,90,0.0
SIR,90,91,0.0
SIR,90,92,0.0
SIR,90,93,0.0
SIR,90,94,0.0
SIR,90,95,0.0
SIR,90,96,0.0
SIR,90,97,0.0
SIR,90,98,0.0
SIR,90,99,0.0
SIR,90,100,0.0
SIR,90,101,0.0
SIR,90,102,0.0
SIR,90,103,0.0
SIR,90,104,0.0
SIR,90,105,0.0
SIR,90,106,0.0
SIR,90,107,0.0
SIR,90,108,0.0
SIR,90,109,0.0
SIR,90,110,0.0
SIR,90,111,0.0
SIR,90,112,0.0
SIR,90,113,0.0
SIR,90,114,0.0
SIR,90,115,0.0
SIR,90,116,0.0
SIR,90,117,0.0
SIR,90,118,0.0
SIR,90,119,0.0
SIR,90,120,0.0
SIR,90,121,0.0
SIR,90,122,0.0
SIR,90,123,0.0
SIR,90,124,0.0
SIR,90,125,0.0
SIR,90,126,0.0
SIR,90,127,0.0
SIR,90,128,0.0
SIR,90,129,0.0
SIR,90,130,0.0
SIR,90,131,0.0
SIR,90,132,0.0
SIR,90,133,0.0
SIR,90,134,0.0
SIR,90,135,0.0
SIR,90,136,0.0
SIR,90,137,0.0
SIR,90,138,0.0
SIR,90,139,0.0
SIR,90,140,0.0
SIR,90,141,0.0
SIR,90,142,0.0
SIR,90,143,0.0
SIR,90,144,0.0
SIR,90,145,0.0
SIR,90,146,0.0
SIR,90,147,0.0
SIR,90,148,0.0
SIR,90,149,0.0
SIR,90,150,0.0
SIR,90,151,0.0
SIR,90,152,0.0
SIR,90,153,0.0
SIR,90,154,0.0
SIR,90,155,0.0
SIR,90,156,0.0
SIR,90,157,0.0
SIR,90,158,0.0
SIR,90,159,0.0
SIR,90,160,0.0
SIR,90,161,0.0
SIR,90,162,0.0
SIR,90,163,0.0
SIR,90,164,0.0
SIR,90,165,0.0
SIR,90,166,0.0
SIR,90,167,0.0
SIR,90,168,0.0
SIR,90,169,0.0
SIR,90,170,0.0
SIR,90,171,0.0
SIR,90,172,0.0
SIR,90,173,0.0
SIR,90,174,0.0
SIR,90,175,0.0
SIR,90,176,0.0
SIR,90,177,0.0
SIR,90,178,0.0
SIR,90,179,0.0
SIR,90,180,0.0
SIR,90,181,0.0
SIR,90,182,0.0
SIR,90,183,0.0
SIR,90,184,0.0
SIR,90,185,0.0
SIR,90,186,0.0
SIR,90,187,0.0
SIR,90,188,0.0
SIR,90,189,0.0
SIR,90,190,0.0
SIR,90,191,0.0
SIR,90,192,0.0
SIR,90,193,0.0
SIR,90,194,0.0
SIR,90,195,0.0
SIR,90,196,0.0
SIR,90,197,0.0
SIR,90,198,0.0
SIR,90,199,0.0
SIR,90,200,0.0
SIR,90,201,0.0
SIR,90,202,0.0
SIR,90,203,0.0
SIR,90,204,0.0
SIR,90,205,0.0
SIR,90,206,0.0
SIR,90,207,0.0
SIR,90,208,0.0
SIR,90,209,0.0
SIR,90,210,0.0
SIR,90,211,0.0
SIR,90,212,0.0
SIR,90,213,0.0
SIR,90,214,0.0
SIR,90,215,0.0
SIR,90,216,0.0
SIR,90,217,0.0
SIR,90,218,0.0
SIR,90,219,0.0
SIR,90,220,0.0
SIR,90,221,0.0
SIR,90,222,0.0
SIR,90,223,0.0
SIR,90,224,0.0
SIR,90,225,0.0
SIR,90,226,0.0
SIR,90,227,0.0
SIR,90,228,0.0
SIR,90,229,0.0
SIR,90,230,0.0
SIR,90,231,0.0
SIR,90,232,0.0
SIR,90,233,0.0
SIR,90,234,0.0
SIR,90,235,0.0
SIR,90,236,0.0
SIR,90,237,0.0
SIR,90,238,0.0
SIR,90,239,0.0
SIR,90,240,0.0
SIR,90,241,0.0
SIR,90,242,0.0
SIR,90,243,0.0
SIR,90,244,0.0
SIR,90,245,0.0
SIR,90,246,0.0
SIR,90,247,0.0
SIR,90,248,0.0
SIR,90,249,0.0
SIR,90,250,0.0
SIR,90,251,0.0
SIR,90,252,0.0
SIR,90,253,0.0
SIR,90,254,0.0
SIR,90,255,0.0
SIR,90,256,0.0
SIR,90,257,0.0
SIR,90,258,0.0
SIR,90,259,0.0
SIR,90,260,0.0
SIR,90,261,0.0
SIR,90,262,0.0
SIR,90,263,0.0
SIR,90,264,0.0
SIR,90,265,0.0
SIR,90,266,0.0
SIR,90,267,0.0
SIR,90,268,0.0
SIR,90,269,0.0
SIR,90,270,0.0
SIR,90,271,0.0
SIR,90,272,0.0
SIR,90,273,0.0
SIR,90,274,0.0
SIR,90,275,0.0
SIR,90,276,0.0
SIR,90,277,0.0
SIR,90,278,0.0
SIR,90,279,0.0
SIR,90,280,0.0
SIR,90,281,0.0
SIR,90,282,0.0
SIR,90,283,0.0
SIR,90,284,0.0
SIR,90,285,0.0
SIR,90,286,0.0
SIR,90,287,0.0
SIR,90,288,0.0
SIR,90,289,0.0
SIR,90,290,0.0
SIR,90,291,0.0
SIR,90,292,0.0
SIR,90,293,0.0
SIR,90,294,0.0
SIR,90,295,0.0
SIR,90,296,0.0
SIR,90,297,0.0
SIR,90,298,0.0
SIR,90,299,0.0
SIR,90,300,0.0
SIR,91,0,0.08823529411764706
SIR,91,1,0.029411764705882353
SIR,91,2,0.029411764705882353
SIR,91,3,0.029411764705882353
SIR,91,4,0.058823529411764705
SIR,91,5,0.029411764705882353
SIR,91,6,0.029411764705882353
SIR,91,7,0.029411764705882353
SIR,91,8,0.029411764705882353
SIR,91,9,0.058823529411764705
SIR,91,10,0.058823529411764705
SIR,91,11,0.029411764705882353
SIR,91,12,0.029411764705882353
SIR,91,13,0.0
SIR,91,14,0.0
SIR,91,15,0.0
SIR,91,16,0.0
SIR,91,17,0.0
SIR,91,18,0.0
SIR,91,19,0.0
SIR,91,20,0.0
SIR,91,21,0.0
SIR,91,22,0.0
SIR,91,23,0.0
SIR,91,24,0.0
SIR,91,25,0.0
SIR,91,26,0.0
SIR,91,27,0.0
SIR,91,28,0.0
SIR,91,29,0.0
SIR,91,30,0.0
SIR,91,31,0.0
SIR,91,32,0.0
SIR,91,33,0.0
SIR,91,34,0.0
SIR,91,35,0.0
SIR,91,36,0.0
SIR,91,37,0.0
SIR,91,38,0.0
SIR,91,39,0.0
SIR,91,40,0.0
SIR,91,41,0.0
SIR,91,42,0.0
SIR,91,43,0.0
SIR,91,44,0.0
SIR,91,45,0.0
SIR,91,46,0.0
SIR,91,47,0.0
SIR,91,48,0.0
SIR,91,49,0.0
SIR,91,50,0.0
SIR,91,51,0.0
SIR,91,52,0.0
SIR,91,53,0.0
SIR,91,54,0.0
SIR,91,55,0.0
SIR,91,56,0.0
SIR,91,57,0.0
SIR,91,58,0.0
SIR,91,59,0.0
SIR,91,60,0.0
SIR,91,61,0.0
SIR,91,62,0.0
SIR,91,63,0.0
SIR,91,64,0.0
SIR,91,65,0.0
SIR,91,66,0.0
SIR,91,67,0.0
SIR,91,68,0.0
SIR,91,69,0.0
SIR,91,70,0.0
SIR,91,71,0.0
SIR,91,72,0.0
SIR,91,73,0.0
SIR,91,74,0.0
SIR,91,75,0.0
SIR,91,76,0.0
SIR,91,77,0.0
SIR,91,78,0.0
SIR,91,79,0.0
SIR,91,80,0.0
SIR,91,81,0.0
SIR,91,82,0.0
SIR,91,83,0.0
SIR,91,84,0.0
SIR,91,85,0.0
SIR,91,86,0.0
SIR,91,87,0.0
SIR,91,88,0.0
SIR,91,89,0.0
SIR,91,90,0.0
SIR,91,91,0.0
SIR,91,92,0.0
SIR,91,93,0.0
SIR,91,94,0.0
SIR,91,95,0.0
SIR,91,96,0.0
SIR,91,97,0.0
SIR,91,98,0.0
SIR,91,99,0.0
SIR,91,100,0.0
SIR,91,101,0.0
SIR,91,102,0.0
SIR,91,103,0.0
SIR,91,104,0.0
SIR,91,105,0.0
SIR,91,106,0.0
SIR,91,107,0.0
SIR,91,108,0.0
SIR,91,109,0.0
SIR,91,110,0.0
SIR,91,111,0.0
SIR,91,112,0.0
SIR,91,113,0.0
SIR,91,114,0.0
SIR,91,115,0.0
SIR,91,116,0.0
SIR,91,117,0.0
SIR,91,118,0.0
SIR,91,119,0.0
SIR,91,120,0.0
SIR,91,121,0.0
SIR,91,122,0.0
SIR,91,123,0.0
SIR,91,124,0.0
SIR,91,125,0.0
SIR,91,126,0.0
SIR,91,127,0.0
SIR,91,128,0.0
SIR,91,129,0.0
SIR,91,130,0.0
SIR,91,131,0.0
SIR,91,132,0.0
SIR,91,133,0.0
SIR,91,134,0.0
SIR,91,135,0.0
SIR,91,136,0.0
SIR,91,137,0.0
SIR,91,138,0.0
SIR,91,139,0.0
SIR,91,140,0.0
SIR,91,141,0.0
SIR,91,142,0.0
SIR,91,143,0.0
SIR,91,144,0.0
SIR,91,145,0.0
SIR,91,146,0.0
SIR,91,147,0.0
SIR,91,148,0.0
SIR,91,149,0.0
SIR,91,150,0.0
SIR,91,151,0.0
SIR,91,152,0.0
SIR,91,153,0.0
SIR,91,154,0.0
SIR,91,155,0.0
SIR,91,156,0.0
SIR,91,157,0.0
SIR,91,158,0.0
SIR,91,159,0.0
SIR,91,160,0.0
SIR,91,161,0.0
SIR,91,162,0.0
SIR,91,163,0.0
SIR,91,164,0.0
SIR,91,165,0.0
SIR,91,166,0.0
SIR,91,167,0.0
SIR,91,168,0.0
SIR,91,169,0.0
SIR,91,170,0.0
SIR,91,171,0.0
SIR,91,172,0.0
SIR,91,173,0.0
SIR,91,174,0.0
SIR,91,175,0.0
SIR,91,176,0.0
SIR,91,177,0.0
SIR,91,178,0.0
SIR,91,179,0.0
SIR,91,180,0.0
SIR,91,181,0.0
SIR,91,182,0.0
SIR,91,183,0.0
SIR,91,184,0.0
SIR,91,185,0.0
SIR,91,186,0.0
SIR,91,187,0.0
SIR,91,188,0.0
SIR,91,189,0.0
SIR,91,190,0.0
SIR,91,191,0.0
SIR,91,192,0.0
SIR,91,193,0.0
SIR,91,194,0.0
SIR,91,195,0.0
SIR,91,196,0.0
SIR,91,197,0.0
SIR,91,198,0.0
SIR,91,199,0.0
SIR,91,200,0.0
SIR,91,201,0.0
SIR,91,202,0.0
SIR,91,203,0.0
SIR,91,204,0.0
SIR,91,205,0.0
SIR,91,206,0.0
SIR,91,207,0.0
SIR,91,208,0.0
SIR,91,209,0.0
SIR,91,210,0.0
SIR,91,211,0.0
SIR,91,212,0.0
SIR,91,213,0.0
SIR,91,214,0.0
SIR,91,215,0.0
SIR,91,216,0.0
SIR,91,217,0.0
SIR,91,218,0.0
SIR,91,219,0.0
SIR,91,220,0.0
SIR,91,221,0.0
SIR,91,222,0.0
SIR,91,223,0.0
SIR,91,224,0.0
SIR,91,225,0.0
SIR,91,226,0.0
SIR,91,227,0.0
SIR,91,228,0.0
SIR,91,229,0.0
SIR,91,230,0.0
SIR,91,231,0.0
SIR,91,232,0.0
SIR,91,233,0.0
SIR,91,234,0.0
SIR,91,235,0.0
SIR,91,236,0.0
SIR,91,237,0.0
SIR,91,238,0.0
SIR,91,239,0.0
SIR,91,240,0.0
SIR,91,241,0.0
SIR,91,242,0.0
SIR,91,243,0.0
SIR,91,244,0.0
SIR,91,245,0.0
SIR,91,246,0.0
SIR,91,247,0.0
SIR,91,248,0.0
SIR,91,249,0.0
SIR,91,250,0.0
SIR,91,251,0.0
SIR,91,252,0.0
SIR,91,253,0.0
SIR,91,254,0.0
SIR,91,255,0.0
SIR,91,256,0.0
SIR,91,257,0.0
SIR,91,258,0.0
SIR,91,259,0.0
SIR,91,260,0.0
SIR,91,261,0.0
SIR,91,262,0.0
SIR,91,263,0.0
SIR,91,264,0.0
SIR,91,265,0.0
SIR,91,266,0.0
SIR,91,267,0.0
SIR,91,268,0.0
SIR,91,269,0.0
SIR,91,270,0.0
SIR,91,271,0.0
SIR,91,272,0.0
SIR,91,273,0.0
SIR,91,274,0.0
SIR,91,275,0.0
SIR,91,276,0.0
SIR,91,277,0.0
SIR,91,278,0.0
SIR,91,279,0.0
SIR,91,280,0.0
SIR,91,281,0.0
SIR,91,282,0.0
SIR,91,283,0.0
SIR,91,284,0.0
SIR,91,285,0.0
SIR,91,286,0.0
SIR,91,287,0.0
SIR,91,288,0.0
SIR,91,289,0.0
SIR,91,290,0.0
SIR,91,291,0.0
SIR,91,292,0.0
SIR,91,293,0.0
SIR,91,294,0.0
SIR,91,295,0.0
SIR,91,296,0.0
SIR,91,297,0.0
SIR,91,298,0.0
SIR,91,299,0.0
SIR,91,300,0.0
SIR,92,0,0.08823529411764706
SIR,92,1,0.08823529411764706
SIR,92,2,0.14705882352941177
SIR,92,3,0.17647058823529413
SIR,92,4,0.14705882352941177
SIR,92,5,0.17647058823529413
SIR,92,6,0.23529411764705882
SIR,92,7,0.20588235294117646
SIR,92,8,0.23529411764705882
SIR,92,9,0.17647058823529413
SIR,92,10,0.17647058823529413
SIR,92,11,0.2647058823529412
SIR,92,12,0.14705882352941177
SIR,92,13,0.08823529411764706
SIR,92,14,0.11764705882352941
SIR,92,15,0.058823529411764705
SIR,92,16,0.058823529411764705
SIR,92,17,0.029411764705882353
SIR,92,18,0.029411764705882353
SIR,92,19,0.029411764705882353
SIR,92,20,0.029411764705882353
SIR,92,21,0.029411764705882353
SIR,92,22,0.029411764705882353
SIR,92,23,0.058823529411764705
SIR,92,24,0.058823529411764705
SIR,92,25,0.029411764705882353
SIR,92,26,0.029411764705882353
SIR,92,27,0.029411764705882353
SIR,92,28,0.0
SIR,92,29,0.0
SIR,92,30,0.0
SIR,92,31,0.0
SIR,92,32,0.0
SIR,92,33,0.0
SIR,92,34,0.0
SIR,92,35,0.0
SIR,92,36,0.0
SIR,92,37,0.0
SIR,92,38,0.0
SIR,92,39,0.0
SIR,92,40,0.0
SIR,92,41,0.0
SIR,92,42,0.0
SIR,92,43,0.0
SIR,92,44,0.0
SIR,92,45,0.0
SIR,92,46,0.0
SIR,92,47,0.0
SIR,92,48,0.0
SIR,92,49,0.0
SIR,92,50,0.0
SIR,92,51,0.0
SIR,92,52,0.0
SIR,92,53,0.0
SIR,92,54,0.0
SIR,92,55,0.0
SIR,92,56,0.0
SIR,92,57,0.0
SIR,92,58,0.0
SIR,92,59,0.0
SIR,92,60,0.0
SIR,92,61,0.0
SIR,92,62,0.0
SIR,92,63,0.0
SIR,92,64,0.0
SIR,92,65,0.0
SIR,92,66,0.0
SIR,92,67,0.0
SIR,92,68,0.0
SIR,92,69,0.0
SIR,92,70,0.0
SIR,92,71,0.0
SIR,92,72,0.0
SIR,92,73,0.0
SIR,92,74,0.0
SIR,92,75,0.0
SIR,92,76,0.0
SIR,92,77,0.0
SIR,92,78,0.0
SIR,92,79,0.0
SIR,92,80,0.0
SIR,92,81,0.0
SIR,92,82,0.0
SIR,92,83,0.0
SIR,92,84,0.0
SIR,92,85,0.0
SIR,92,86,0.0
SIR,92,87,0.0
SIR,92,88,0.0
SIR,92,89,0.0
SIR,92,90,0.0
SIR,92,91,0.0
SIR,92,92,0.0
SIR,92,93,0.0
SIR,92,94,0.0
SIR,92,95,0.0
SIR,92,96,0.0
SIR,92,97,0.0
SIR,92,98,0.0
SIR,92,99,0.0
SIR,92,100,0.0
SIR,92,101,0.0
SIR,92,102,0.0
SIR,92,103,0.0
SIR,92,104,0.0
SIR,92,105,0.0
SIR,92,106,0.0
SIR,92,107,0.0
SIR,92,108,0.0
SIR,92,109,0.0
SIR,92,110,0.0
SIR,92,111,0.0
SIR,92,112,0.0
SIR,92,113,0.0
SIR,92,114,0.0
SIR,92,115,0.0
SIR,92,116,0.0
SIR,92,117,0.0
SIR,92,118,0.0
SIR,92,119,0.0
SIR,92,120,0.0
SIR,92,121,0.0
SIR,92,122,0.0
SIR,92,123,0.0
SIR,92,124,0.0
SIR,92,125,0.0
SIR,92,126,0.0
SIR,92,127,0.0
SIR,92,128,0.0
SIR,92,129,0.0
SIR,92,130,0.0
SIR,92,131,0.0
SIR,92,132,0.0
SIR,92,133,0.0
SIR,92,134,0.0
SIR,92,135,0.0
SIR,92,136,0.0
SIR,92,137,0.0
SIR,92,138,0.0
SIR,92,139,0.0
SIR,92,140,0.0
SIR,92,141,0.0
SIR,92,142,0.0
SIR,92,143,0.0
SIR,92,144,0.0
SIR,92,145,0.0
SIR,92,146,0.0
SIR,92,147,0.0
SIR,92,148,0.0
SIR,92,149,0.0
SIR,92,150,0.0
SIR,92,151,0.0
SIR,92,152,0.0
SIR,92,153,0.0
SIR,92,154,0.0
SIR,92,155,0.0
SIR,92,156,0.0
SIR,92,157,0.0
SIR,92,158,0.0
SIR,92,159,0.0
SIR,92,160,0.0
SIR,92,161,0.0
SIR,92,162,0.0
SIR,92,163,0.0
SIR,92,164,0.0
SIR,92,165,0.0
SIR,92,166,0.0
SIR,92,167,0.0
SIR,92,168,0.0
SIR,92,169,0.0
SIR,92,170,0.0
SIR,92,171,0.0
SIR,92,172,0.0
SIR,92,173,0.0
SIR,92,174,0.0
SIR,92,175,0.0
SIR,92,176,0.0
SIR,92,177,0.0
SIR,92,178,0.0
SIR,92,179,0.0
SIR,92,180,0.0
SIR,92,181,0.0
SIR,92,182,0.0
SIR,92,183,0.0
SIR,92,184,0.0
SIR,92,185,0.0
SIR,92,186,0.0
SIR,92,187,0.0
SIR,92,188,0.0
SIR,92,189,0.0
SIR,92,190,0.0
SIR,92,191,0.0
SIR,92,192,0.0
SIR,92,193,0.0
SIR,92,194,0.0
SIR,92,195,0.0
SIR,92,196,0.0
SIR,92,197,0.0
SIR,92,198,0.0
SIR,92,199,0.0
SIR,92,200,0.0
SIR,92,201,0.0
SIR,92,202,0.0
SIR,92,203,0.0
SIR,92,204,0.0
SIR,92,205,0.0
SIR,92,206,0.0
SIR,92,207,0.0
SIR,92,208,0.0
SIR,92,209,0.0
SIR,92,210,0.0
SIR,92,211,0.0
SIR,92,212,0.0
SIR,92,213,0.0
SIR,92,214,0.0
SIR,92,215,0.0
SIR,92,216,0.0
SIR,92,217,0.0
SIR,92,218,0.0
SIR,92,219,0.0
SIR,92,220,0.0
SIR,92,221,0.0
SIR,92,222,0.0
SIR,92,223,0.0
SIR,92,224,0.0
SIR,92,225,0.0
SIR,92,226,0.0
SIR,92,227,0.0
SIR,92,228,0.0
SIR,92,229,0.0
SIR,92,230,0.0
SIR,92,231,0.0
SIR,92,232,0.0
SIR,92,233,0.0
SIR,92,234,0.0
SIR,92,235,0.0
SIR,92,236,0.0
SIR,92,237,0.0
SIR,92,238,0.0
SIR,92,239,0.0
SIR,92,240,0.0
SIR,92,241,0.0
SIR,92,242,0.0
SIR,92,243,0.0
SIR,92,244,0.0
SIR,92,245,0.0
SIR,92,246,0.0
SIR,92,247,0.0
SIR,92,248,0.0
SIR,92,249,0.0
SIR,92,250,0.0
SIR,92,251,0.0
SIR,92,252,0.0
SIR,92,253,0.0
SIR,92,254,0.0
SIR,92,255,0.0
SIR,92,256,0.0
SIR,92,257,0.0
SIR,92,258,0.0
SIR,92,259,0.0
SIR,92,260,0.0
SIR,92,261,0.0
SIR,92,262,0.0
SIR,92,263,0.0
SIR,92,264,0.0
SIR,92,265,0.0
SIR,92,266,0.0
SIR,92,267,0.0
SIR,92,268,0.0
SIR,92,269,0.0
SIR,92,270,0.0
SIR,92,271,0.0
SIR,92,272,0.0
SIR,92,273,0.0
SIR,92,274,0.0
SIR,92,275,0.0
SIR,92,276,0.0
SIR,92,277,0.0
SIR,92,278,0.0
SIR,92,279,0.0
SIR,92,280,0.0
SIR,92,281,0.0
SIR,92,282,0.0
SIR,92,283,0.0
SIR,92,284,0.0
SIR,92,285,0.0
SIR,92,286,0.0
SIR,92,287,0.0
SIR,92,288,0.0
SIR,92,289,0.0
SIR,92,290,0.0
SIR,92,291,0.0
SIR,92,292,0.0
SIR,92,293,0.0
SIR,92,294,0.0
SIR,92,295,0.0
SIR,92,296,0.0
SIR,92,297,0.0
SIR,92,298,0.0
SIR,92,299,0.0
SIR,92,300,0.0
SIR,93,0,0.08823529411764706
SIR,93,1,0.11764705882352941
SIR,93,2,0.20588235294117646
SIR,93,3,0.2647058823529412
SIR,93,4,0.23529411764705882
SIR,93,5,0.20588235294117646
SIR,93,6,0.17647058823529413
SIR,93,7,0.20588235294117646
SIR,93,8,0.14705882352941177
SIR,93,9,0.11764705882352941
SIR,93,10,0.14705882352941177
SIR,93,11,0.17647058823529413
SIR,93,12,0.2647058823529412
SIR,93,13,0.3235294117647059
SIR,93,14,0.3235294117647059
SIR,93,15,0.29411764705882354
SIR,93,16,0.29411764705882354
SIR,93,17,0.2647058823529412
SIR,93,18,0.17647058823529413
SIR,93,19,0.11764705882352941
SIR,93,20,0.058823529411764705
SIR,93,21,0.08823529411764706
SIR,93,22,0.058823529411764705
SIR,93,23,0.058823529411764705
SIR,93,24,0.058823529411764705
SIR,93,25,0.11764705882352941
SIR,93,26,0.11764705882352941
SIR,93,27,0.08823529411764706
SIR,93,28,0.058823529411764705
SIR,93,29,0.029411764705882353
SIR,93,30,0.0
SIR,93,31,0.0
SIR,93,32,0.0
SIR,93,33,0.0
SIR,93,34,0.0
SIR,93,35,0.0
SIR,93,36,0.0
SIR,93,37,0.0
SIR,93,38,0.0
SIR,93,39,0.0
SIR,93,40,0.0
SIR,93,41,0.0
SIR,93,42,0.0
SIR,93,43,0.0
SIR,93,44,0.0
SIR,93,45,0.0
SIR,93,46,0.0
SIR,93,47,0.0
SIR,93,48,0.0
SIR,93,49,0.0
SIR,93,50,0.0
SIR,93,51,0.0
SIR,93,52,0.0
SIR,93,53,0.0
SIR,93,54,0.0
SIR,93,55,0.0
SIR,93,56,0.0
SIR,93,57,0.0
SIR,93,58,0.0
SIR,93,59,0.0
SIR,93,60,0.0
SIR,93,61,0.0
SIR,93,62,0.0
SIR,93,63,0.0
SIR,93,64,0.0
SIR,93,65,0.0
SIR,93,66,0.0
SIR,93,67,0.0
SIR,93,68,0.0
SIR,93,69,0.0
SIR,93,70,0.0
SIR,93,71,0.0
SIR,93,72,0.0
SIR,93,73,0.0
SIR,93,74,0.0
SIR,93,75,0.0
SIR,93,76,0.0
SIR,93,77,0.0
SIR,93,78,0.0
SIR,93,79,0.0
SIR,93,80,0.0
SIR,93,81,0.0
SIR,93,82,0.0
SIR,93,83,0.0
SIR,93,84,0.0
SIR,93,85,0.0
SIR,93,86,0.0
SIR,93,87,0.0
SIR,93,88,0.0
SIR,93,89,0.0
SIR,93,90,0.0
SIR,93,91,0.0
SIR,93,92,0.0
SIR,93,93,0.0
SIR,93,94,0.0
SIR,93,95,0.0
SIR,93,96,0.0
SIR,93,97,0.0
SIR,93,98,0.0
SIR,93,99,0.0
SIR,93,100,0.0
SIR,93,101,0.0
SIR,93,102,0.0
SIR,93,103,0.0
SIR,93,104,0.0
SIR,93,105,0.0
SIR,93,106,0.0
SIR,93,107,0.0
SIR,93,108,0.0
SIR,93,109,0.0
SIR,93,110,0.0
SIR,93,111,0.0
SIR,93,112,0.0
SIR,93,113,0.0
SIR,93,114,0.0
SIR,93,115,0.0
SIR,93,116,0.0
SIR,93,117,0.0
SIR,93,118,0.0
SIR,93,119,0.0
SIR,93,120,0.0
SIR,93,121,0.0
SIR,93,122,0.0
SIR,93,123,0.0
SIR,93,124,0.0
SIR,93,125,0.0
SIR,93,126,0.0
SIR,93,127,0.0
SIR,93,128,0.0
SIR,93,129,0.0
SIR,93,130,0.0
SIR,93,131,0.0
SIR,93,132,0.0
SIR,93,133,0.0
SIR,93,134,0.0
SIR,93,135,0.0
SIR,93,136,0.0
SIR,93,137,0.0
SIR,93,138,0.0
SIR,93,139,0.0
SIR,93,140,0.0
SIR,93,141,0.0
SIR,93,142,0.0
SIR,93,143,0.0
SIR,93,144,0.0
SIR,93,145,0.0
SIR,93,146,0.0
SIR,93,147,0.0
SIR,93,148,0.0
SIR,93,149,0.0
SIR,93,150,0.0
SIR,93,151,0.0
SIR,93,152,0.0
SIR,93,153,0.0
SIR,93,154,0.0
SIR,93,155,0.0
SIR,93,156,0.0
SIR,93,157,0.0
SIR,93,158,0.0
SIR,93,159,0.0
SIR,93,160,0.0
SIR,93,161,0.0
SIR,93,162,0.0
SIR,93,163,0.0
SIR,93,164,0.0
SIR,93,165,0.0
SIR,93,166,0.0
SIR,93,167,0.0
SIR,93,168,0.0
SIR,93,169,0.0
SIR,93,170,0.0
SIR,93,171,0.0
SIR,93,172,0.0
SIR,93,173,0.0
SIR,93,174,0.0
SIR,93,175,0.0
SIR,93,176,0.0
SIR,93,177,0.0
SIR,93,178,0.0
SIR,93,179,0.0
SIR,93,180,0.0
SIR,93,181,0.0
SIR,93,182,0.0
SIR,93,183,0.0
SIR,93,184,0.0
SIR,93,185,0.0
SIR,93,186,0.0
SIR,93,187,0.0
SIR,93,188,0.0
SIR,93,189,0.0
SIR,93,190,0.0
SIR,93,191,0.0
SIR,93,192,0.0
SIR,93,193,0.0
SIR,93,194,0.0
SIR,93,195,0.0
SIR,93,196,0.0
SIR,93,197,0.0
SIR,93,198,0.0
SIR,93,199,0.0
SIR,93,200,0.0
SIR,93,201,0.0
SIR,93,202,0.0
SIR,93,203,0.0
SIR,93,204,0.0
SIR,93,205,0.0
SIR,93,206,0.0
SIR,93,207,0.0
SIR,93,208,0.0
SIR,93,209,0.0
SIR,93,210,0.0
SIR,93,211,0.0
SIR,93,212,0.0
SIR,93,213,0.0
SIR,93,214,0.0
SIR,93,215,0.0
SIR,93,216,0.0
SIR,93,217,0.0
SIR,93,218,0.0
SIR,93,219,0.0
SIR,93,220,0.0
SIR,93,221,0.0
SIR,93,222,0.0
SIR,93,223,0.0
SIR,93,224,0.0
SIR,93,225,0.0
SIR,93,226,0.0
SIR,93,227,0.0
SIR,93,228,0.0
SIR,93,229,0.0
SIR,93,230,0.0
SIR,93,231,0.0
SIR,93,232,0.0
SIR,93,233,0.0
SIR,93,234,0.0
SIR,93,235,0.0
SIR,93,236,0.0
SIR,93,237,0.0
SIR,93,238,0.0
SIR,93,239,0.0
SIR,93,240,0.0
SIR,93,241,0.0
SIR,93,242,0.0
SIR,93,243,0.0
SIR,93,244,0.0
SIR,93,245,0.0
SIR,93,246,0.0
SIR,93,247,0.0
SIR,93,248,0.0
SIR,93,249,0.0
SIR,93,250,0.0
SIR,93,251,0.0
SIR,93,252,0.0
SIR,93,253,0.0
SIR,93,254,0.0
SIR,93,255,0.0
SIR,93,256,0.0
SIR,93,257,0.0
SIR,93,258,0.0
SIR,93,259,0.0
SIR,93,260,0.0
SIR,93,261,0.0
SIR,93,262,0.0
SIR,93,263,0.0
SIR,93,264,0.0
SIR,93,265,0.0
SIR,93,266,0.0
SIR,93,267,0.0
SIR,93,268,0.0
SIR,93,269,0.0
SIR,93,270,0.0
SIR,93,271,0.0
SIR,93,272,0.0
SIR,93,273,0.0
SIR,93,274,0.0
SIR,93,275,0.0
SIR,93,276,0.0
SIR,93,277,0.0
SIR,93,278,0.0
SIR,93,279,0.0
SIR,93,280,0.0
SIR,93,281,0.0
SIR,93,282,0.0
SIR,93,283,0.0
SIR,93,284,0.0
SIR,93,285,0.0
SIR,93,286,0.0
SIR,93,287,0.0
SIR,93,288,0.0
SIR,93,289,0.0
SIR,93,290,0.0
SIR,93,291,0.0
SIR,93,292,0.0
SIR,93,293,0.0
SIR,93,294,0.0
SIR,93,295,0.0
SIR,93,296,0.0
SIR,93,297,0.0
SIR,93,298,0.0
SIR,93,299,0.0
SIR,93,300,0.0
SIR,94,0,0.08823529411764706
SIR,94,1,0.14705882352941177
SIR,94,2,0.14705882352941177
SIR,94,3,0.17647058823529413
SIR,94,4,0.20588235294117646
SIR,94,5,0.2647058823529412
SIR,94,6,0.3235294117647059
SIR,94,7,0.2647058823529412
SIR,94,8,0.2647058823529412
SIR,94,9,0.23529411764705882
SIR,94,10,0.3235294117647059
SIR,94,11,0.29411764705882354
SIR,94,12,0.20588235294117646
SIR,94,13,0.11764705882352941
SIR,94,14,0.11764705882352941
SIR,94,15,0.08823529411764706
SIR,94,16,0.08823529411764706
SIR,94,17,0.11764705882352941
SIR,94,18,0.11764705882352941
SIR,94,19,0.08823529411764706
SIR,94,20,0.08823529411764706
SIR,94,21,0.08823529411764706
SIR,94,22,0.029411764705882353
SIR,94,23,0.0
SIR,94,24,0.0
SIR,94,25,0.0
SIR,94,26,0.0
SIR,94,27,0.0
SIR,94,28,0.0
SIR,94,29,0.0
SIR,94,30,0.0
SIR,94,31,0.0
SIR,94,32,0.0
SIR,94,33,0.0
SIR,94,34,0.0
SIR,94,35,0.0
SIR,94,36,0.0
SIR,94,37,0.0
SIR,94,38,0.0
SIR,94,39,0.0
SIR,94,40,0.0
SIR,94,41,0.0
SIR,94,42,0.0
SIR,94,43,0.0
SIR,94,44,0.0
SIR,94,45,0.0
SIR,94,46,0.0
SIR,94,47,0.0
SIR,94,48,0.0
SIR,94,49,0.0
SIR,94,50,0.0
SIR,94,51,0.0
SIR,94,52,0.0
SIR,94,53,0.0
SIR,94,54,0.0
SIR,94,55,0.0
SIR,94,56,0.0
SIR,94,57,0.0
SIR,94,58,0.0
SIR,94,59,0.0
SIR,94,60,0.0
SIR,94,61,0.0
SIR,94,62,0.0
SIR,94,63,0.0
SIR,94,64,0.0
SIR,94,65,0.0
SIR,94,66,0.0
SIR,94,67,0.0
SIR,94,68,0.0
SIR,94,69,0.0
SIR,94,70,0.0
SIR,94,71,0.0
SIR,94,72,0.0
SIR,94,73,0.0
SIR,94,74,0.0
SIR,94,75,0.0
SIR,94,76,0.0
SIR,94,77,0.0
SIR,94,78,0.0
SIR,94,79,0.0
SIR,94,80,0.0
SIR,94,81,0.0
SIR,94,82,0.0
SIR,94,83,0.0
SIR,94,84,0.0
SIR,94,85,0.0
SIR,94,86,0.0
SIR,94,87,0.0
SIR,94,88,0.0
SIR,94,89,0.0
SIR,94,90,0.0
SIR,94,91,0.0
SIR,94,92,0.0
SIR,94,93,0.0
SIR,94,94,0.0
SIR,94,95,0.0
SIR,94,96,0.0
SIR,94,97,0.0
SIR,94,98,0.0
SIR,94,99,0.0
SIR,94,100,0.0
SIR,94,101,0.0
SIR,94,102,0.0
SIR,94,103,0.0
SIR,94,104,0.0
SIR,94,105,0.0
SIR,94,106,0.0
SIR,94,107,0.0
SIR,94,108,0.0
SIR,94,109,0.0
SIR,94,110,0.0
SIR,94,111,0.0
SIR,94,112,0.0
SIR,94,113,0.0
SIR,94,114,0.0
SIR,94,115,0.0
SIR,94,116,0.0
SIR,94,117,0.0
SIR,94,118,0.0
SIR,94,119,0.0
SIR,94,120,0.0
SIR,94,121,0.0
SIR,94,122,0.0
SIR,94,123,0.0
SIR,94,124,0.0
SIR,94,125,0.0
SIR,94,126,0.0
SIR,94,127,0.0
SIR,94,128,0.0
SIR,94,129,0.0
SIR,94,130,0.0
SIR,94,131,0.0
SIR,94,132,0.0
SIR,94,133,0.0
SIR,94,134,0.0
SIR,94,135,0.0
SIR,94,136,0.0
SIR,94,137,0.0
SIR,94,138,0.0
SIR,94,139,0.0
SIR,94,140,0.0
SIR,94,141,0.0
SIR,94,142,0.0
SIR,94,143,0.0
SIR,94,144,0.0
SIR,94,145,0.0
SIR,94,146,0.0
SIR,94,147,0.0
SIR,94,148,0.0
SIR,94,149,0.0
SIR,94,150,0.0
SIR,94,151,0.0
SIR,94,152,0.0
SIR,94,153,0.0
SIR,94,154,0.0
SIR,94,155,0.0
SIR,94,156,0.0
SIR,94,157,0.0
SIR,94,158,0.0
SIR,94,159,0.0
SIR,94,160,0.0
SIR,94,161,0.0
SIR,94,162,0.0
SIR,94,163,0.0
SIR,94,164,0.0
SIR,94,165,0.0
SIR,94,166,0.0
SIR,94,167,0.0
SIR,94,168,0.0
SIR,94,169,0.0
SIR,94,170,0.0
SIR,94,171,0.0
SIR,94,172,0.0
SIR,94,173,0.0
SIR,94,174,0.0
SIR,94,175,0.0
SIR,94,176,0.0
SIR,94,177,0.0
SIR,94,178,0.0
SIR,94,179,0.0
SIR,94,180,0.0
SIR,94,181,0.0
SIR,94,182,0.0
SIR,94,183,0.0
SIR,94,184,0.0
SIR,94,185,0.0
SIR,94,186,0.0
SIR,94,187,0.0
SIR,94,188,0.0
SIR,94,189,0.0
SIR,94,190,0.0
SIR,94,191,0.0
SIR,94,192,0.0
SIR,94,193,0.0
SIR,94,194,0.0
SIR,94,195,0.0
SIR,94,196,0.0
SIR,94,197,0.0
SIR,94,198,0.0
SIR,94,199,0.0
SIR,94,200,0.0
SIR,94,201,0.0
SIR,94,202,0.0
SIR,94,203,0.0
SIR,94,204,0.0
SIR,94,205,0.0
SIR,94,206,0.0
SIR,94,207,0.0
SIR,94,208,0.0
SIR,94,209,0.0
SIR,94,210,0.0
SIR,94,211,0.0
SIR,94,212,0.0
SIR,94,213,0.0
SIR,94,214,0.0
SIR,94,215,0.0
SIR,94,216,0.0
SIR,94,217,0.0
SIR,94,218,0.0
SIR,94,219,0.0
SIR,94,220,0.0
SIR,94,221,0.0
SIR,94,222,0.0
SIR,94,223,0.0
SIR,94,224,0.0
SIR,94,225,0.0
SIR,94,226,0.0
SIR,94,227,0.0
SIR,94,228,0.0
SIR,94,229,0.0
SIR,94,230,0.0
SIR,94,231,0.0
SIR,94,232,0.0
SIR,94,233,0.0
SIR,94,234,0.0
SIR,94,235,0.0
SIR,94,236,0.0
SIR,94,237,0.0
SIR,94,238,0.0
SIR,94,239,0.0
SIR,94,240,0.0
SIR,94,241,0.0
SIR,94,242,0.0
SIR,94,243,0.0
SIR,94,244,0.0
SIR,94,245,0.0
SIR,94,246,0.0
SIR,94,247,0.0
SIR,94,248,0.0
SIR,94,249,0.0
SIR,94,250,0.0
SIR,94,251,0.0
SIR,94,252,0.0
SIR,94,253,0.0
SIR,94,254,0.0
SIR,94,255,0.0
SIR,94,256,0.0
SIR,94,257,0.0
SIR,94,258,0.0
SIR,94,259,0.0
SIR,94,260,0.0
SIR,94,261,0.0
SIR,94,262,0.0
SIR,94,263,0.0
SIR,94,264,0.0
SIR,94,265,0.0
SIR,94,266,0.0
SIR,94,267,0.0
SIR,94,268,0.0
SIR,94,269,0.0
SIR,94,270,0.0
SIR,94,271,0.0
SIR,94,272,0.0
SIR,94,273,0.0
SIR,94,274,0.0
SIR,94,275,0.0
SIR,94,276,0.0
SIR,94,277,0.0
SIR,94,278,0.0
SIR,94,279,0.0
SIR,94,280,0.0
SIR,94,281,0.0
SIR,94,282,0.0
SIR,94,283,0.0
SIR,94,284,0.0
SIR,94,285,0.0
SIR,94,286,0.0
SIR,94,287,0.0
SIR,94,288,0.0
SIR,94,289,0.0
SIR,94,290,0.0
SIR,94,291,0.0
SIR,94,292,0.0
SIR,94,293,0.0
SIR,94,294,0.0
SIR,94,295,0.0
SIR,94,296,0.0
SIR,94,297,0.0
SIR,94,298,0.0
SIR,94,299,0.0
SIR,94,300,0.0
SIR,95,0,0.08823529411764706
SIR,95,1,0.058823529411764705
SIR,95,2,0.029411764705882353
SIR,95,3,0.029411764705882353
SIR,95,4,0.058823529411764705
SIR,95,5,0.058823529411764705
SIR,95,6,0.058823529411764705
SIR,95,7,0.08823529411764706
SIR,95,8,0.11764705882352941
SIR,95,9,0.11764705882352941
SIR,95,10,0.08823529411764706
SIR,95,11,0.08823529411764706
SIR,95,12,0.11764705882352941
SIR,95,13,0.08823529411764706
SIR,95,14,0.11764705882352941
SIR,95,15,0.08823529411764706
SIR,95,16,0.08823529411764706
SIR,95,17,0.058823529411764705
SIR,95,18,0.029411764705882353
SIR,95,19,0.029411764705882353
SIR,95,20,0.0
SIR,95,21,0.0
SIR,95,22,0.0
SIR,95,23,0.0
SIR,95,24,0.0
SIR,95,25,0.0
SIR,95,26,0.0
SIR,95,27,0.0
SIR,95,28,0.0
SIR,95,29,0.0
SIR,95,30,0.0
SIR,95,31,0.0
SIR,95,32,0.0
SIR,95,33,0.0
SIR,95,34,0.0
SIR,95,35,0.0
SIR,95,36,0.0
SIR,95,37,0.0
SIR,95,38,0.0
SIR,95,39,0.0
SIR,95,40,0.0
SIR,95,41,0.0
SIR,95,42,0.0
SIR,95,43,0.0
SIR,95,44,0.0
SIR,95,45,0.0
SIR,95,46,0.0
SIR,95,47,0.0
SIR,95,48,0.0
SIR,95,49,0.0
SIR,95,50,0.0
SIR,95,51,0.0
SIR,95,52,0.0
SIR,95,53,0.0
SIR,95,54,0.0
SIR,95,55,0.0
SIR,95,56,0.0
SIR,95,57,0.0
SIR,95,58,0.0
SIR,95,59,0.0
SIR,95,60,0.0
SIR,95,61,0.0
SIR,95,62,0.0
SIR,95,63,0.0
SIR,95,64,0.0
SIR,95,65,0.0
SIR,95,66,0.0
SIR,95,67,0.0
SIR,95,68,0.0
SIR,95,69,0.0
SIR,95,70,0.0
SIR,95,71,0.0
SIR,95,72,0.0
SIR,95,73,0.0
SIR,95,74,0.0
SIR,95,75,0.0
SIR,95,76,0.0
SIR,95,77,0.0
SIR,95,78,0.0
SIR,95,79,0.0
SIR,95,80,0.0
SIR,95,81,0.0
SIR,95,82,0.0
SIR,95,83,0.0
SIR,95,84,0.0
SIR,95,85,0.0
SIR,95,86,0.0
SIR,95,87,0.0
SIR,95,88,0.0
SIR,95,89,0.0
SIR,95,90,0.0
SIR,95,91,0.0
SIR,95,92,0.0
SIR,95,93,0.0
SIR,95,94,0.0
SIR,95,95,0.0
SIR,95,96,0.0
SIR,95,97,0.0
SIR,95,98,0.0
SIR,95,99,0.0
SIR,95,100,0.0
SIR,95,101,0.0
SIR,95,102,0.0
SIR,95,103,0.0
SIR,95,104,0.0
SIR,95,105,0.0
SIR,95,106,0.0
SIR,95,107,0.0
SIR,95,108,0.0
SIR,95,109,0.0
SIR,95,110,0.0
SIR,95,111,0.0
SIR,95,112,0.0
SIR,95,113,0.0
SIR,95,114,0.0
SIR,95,115,0.0
SIR,95,116,0.0
SIR,95,117,0.0
SIR,95,118,0.0
SIR,95,119,0.0
SIR,95,120,0.0
SIR,95,121,0.0
SIR,95,122,0.0
SIR,95,123,0.0
SIR,95,124,0.0
SIR,95,125,0.0
SIR,95,126,0.0
SIR,95,127,0.0
SIR,95,128,0.0
SIR,95,129,0.0
SIR,95,130,0.0
SIR,95,131,0.0
SIR,95,132,0.0
SIR,95,133,0.0
SIR,95,134,0.0
SIR,95,135,0.0
SIR,95,136,0.0
SIR,95,137,0.0
SIR,95,138,0.0
SIR,95,139,0.0
SIR,95,140,0.0
SIR,95,141,0.0
SIR,95,142,0.0
SIR,95,143,0.0
SIR,95,144,0.0
SIR,95,145,0.0
SIR,95,146,0.0
SIR,95,147,0.0
SIR,95,148,0.0
SIR,95,149,0.0
SIR,95,150,0.0
SIR,95,151,0.0
SIR,95,152,0.0
SIR,95,153,0.0
SIR,95,154,0.0
SIR,95,155,0.0
SIR,95,156,0.0
SIR,95,157,0.0
SIR,95,158,0.0
SIR,95,159,0.0
SIR,95,160,0.0
SIR,95,161,0.0
SIR,95,162,0.0
SIR,95,163,0.0
SIR,95,164,0.0
SIR,95,165,0.0
SIR,95,166,0.0
SIR,95,167,0.0
SIR,95,168,0.0
SIR,95,169,0.0
SIR,95,170,0.0
SIR,95,171,0.0
SIR,95,172,0.0
SIR,95,173,0.0
SIR,95,174,0.0
SIR,95,175,0.0
SIR,95,176,0.0
SIR,95,177,0.0
SIR,95,178,0.0
SIR,95,179,0.0
SIR,95,180,0.0
SIR,95,181,0.0
SIR,95,182,0.0
SIR,95,183,0.0
SIR,95,184,0.0
SIR,95,185,0.0
SIR,95,186,0.0
SIR,95,187,0.0
SIR,95,188,0.0
SIR,95,189,0.0
SIR,95,190,0.0
SIR,95,191,0.0
SIR,95,192,0.0
SIR,95,193,0.0
SIR,95,194,0.0
SIR,95,195,0.0
SIR,95,196,0.0
SIR,95,197,0.0
SIR,95,198,0.0
SIR,95,199,0.0
SIR,95,200,0.0
SIR,95,201,0.0
SIR,95,202,0.0
SIR,95,203,0.0
SIR,95,204,0.0
SIR,95,205,0.0
SIR,95,206,0.0
SIR,95,207,0.0
SIR,95,208,0.0
SIR,95,209,0.0
SIR,95,210,0.0
SIR,95,211,0.0
SIR,95,212,0.0
SIR,95,213,0.0
SIR,95,214,0.0
SIR,95,215,0.0
SIR,95,216,0.0
SIR,95,217,0.0
SIR,95,218,0.0
SIR,95,219,0.0
SIR,95,220,0.0
SIR,95,221,0.0
SIR,95,222,0.0
SIR,95,223,0.0
SIR,95,224,0.0
SIR,95,225,0.0
SIR,95,226,0.0
SIR,95,227,0.0
SIR,95,228,0.0
SIR,95,229,0.0
SIR,95,230,0.0
SIR,95,231,0.0
SIR,95,232,0.0
SIR,95,233,0.0
SIR,95,234,0.0
SIR,95,235,0.0
SIR,95,236,0.0
SIR,95,237,0.0
SIR,95,238,0.0
SIR,95,239,0.0
SIR,95,240,0.0
SIR,95,241,0.0
SIR,95,242,0.0
SIR,95,243,0.0
SIR,95,244,0.0
SIR,95,245,0.0
SIR,95,246,0.0
SIR,95,247,0.0
SIR,95,248,0.0
SIR,95,249,0.0
SIR,95,250,0.0
SIR,95,251,0.0
SIR,95,252,0.0
SIR,95,253,0.0
SIR,95,254,0.0
SIR,95,255,0.0
SIR,95,256,0.0
SIR,95,257,0.0
SIR,95,258,0.0
SIR,95,259,0.0
SIR,95,260,0.0
SIR,95,261,0.0
SIR,95,262,0.0
SIR,95,263,0.0
SIR,95,264,0.0
SIR,95,265,0.0
SIR,95,266,0.0
SIR,95,267,0.0
SIR,95,268,0.0
SIR,95,269,0.0
SIR,95,270,0.0
SIR,95,271,0.0
SIR,95,272,0.0
SIR,95,273,0.0
SIR,95,274,0.0
SIR,95,275,0.0
SIR,95,276,0.0
SIR,95,277,0.0
SIR,95,278,0.0
SIR,95,279,0.0
SIR,95,280,0.0
SIR,95,281,0.0
SIR,95,282,0.0
SIR,95,283,0.0
SIR,95,284,0.0
SIR,95,285,0.0
SIR,95,286,0.0
SIR,95,287,0.0
SIR,95,288,0.0
SIR,95,289,0.0
SIR,95,290,0.0
SIR,95,291,0.0
SIR,95,292,0.0
SIR,95,293,0.0
SIR,95,294,0.0
SIR,95,295,0.0
SIR,95,296,0.0
SIR,95,297,0.0
SIR,95,298,0.0
SIR,95,299,0.0
SIR,95,300,0.0
SIR,96,0,0.08823529411764706
SIR,96,1,0.11764705882352941
SIR,96,2,0.14705882352941177
SIR,96,3,0.14705882352941177
SIR,96,4,0.11764705882352941
SIR,96,5,0.058823529411764705
SIR,96,6,0.08823529411764706
SIR,96,7,0.08823529411764706
SIR,96,8,0.058823529411764705
SIR,96,9,0.058823529411764705
SIR,96,10,0.058823529411764705
SIR,96,11,0.029411764705882353
SIR,96,12,0.0
SIR,96,13,0.0
SIR,96,14,0.0
SIR,96,15,0.0
SIR,96,16,0.0
SIR,96,17,0.0
SIR,96,18,0.0
SIR,96,19,0.0
SIR,96,20,0.0
SIR,96,21,0.0
SIR,96,22,0.0
SIR,96,23,0.0
SIR,96,24,0.0
SIR,96,25,0.0
SIR,96,26,0.0
SIR,96,27,0.0
SIR,96,28,0.0
SIR,96,29,0.0
SIR,96,30,0.0
SIR,96,31,0.0
SIR,96,32,0.0
SIR,96,33,0.0
SIR,96,34,0.0
SIR,96,35,0.0
SIR,96,36,0.0
SIR,96,37,0.0
SIR,96,38,0.0
SIR,96,39,0.0
SIR,96,40,0.0
SIR,96,41,0.0
SIR,96,42,0.0
SIR,96,43,0.0
SIR,96,44,0.0
SIR,96,45,0.0
SIR,96,46,0.0
SIR,96,47,0.0
SIR,96,48,0.0
SIR,96,49,0.0
SIR,96,50,0.0
SIR,96,51,0.0
SIR,96,52,0.0
SIR,96,53,0.0
SIR,96,54,0.0
SIR,96,55,0.0
SIR,96,56,0.0
SIR,96,57,0.0
SIR,96,58,0.0
SIR,96,59,0.0
SIR,96,60,0.0
SIR,96,61,0.0
SIR,96,62,0.0
SIR,96,63,0.0
SIR,96,64,0.0
SIR,96,65,0.0
SIR,96,66,0.0
SIR,96,67,0.0
SIR,96,68,0.0
SIR,96,69,0.0
SIR,96,70,0.0
SIR,96,71,0.0
SIR,96,72,0.0
SIR,96,73,0.0
SIR,96,74,0.0
SIR,96,75,0.0
SIR,96,76,0.0
SIR,96,77,0.0
SIR,96,78,0.0
SIR,96,79,0.0
SIR,96,80,0.0
SIR,96,81,0.0
SIR,96,82,0.0
SIR,96,83,0.0
SIR,96,84,0.0
SIR,96,85,0.0
SIR,96,86,0.0
SIR,96,87,0.0
SIR,96,88,0.0
SIR,96,89,0.0
SIR,96,90,0.0
SIR,96,91,0.0
SIR,96,92,0.0
SIR,96,93,0.0
SIR,96,94,0.0
SIR,96,95,0.0
SIR,96,96,0.0
SIR,96,97,0.0
SIR,96,98,0.0
SIR,96,99,0.0
SIR,96,100,0.0
SIR,96,101,0.0
SIR,96,102,0.0
SIR,96,103,0.0
SIR,96,104,0.0
SIR,96,105,0.0
SIR,96,106,0.0
SIR,96,107,0.0
SIR,96,108,0.0
SIR,96,109,0.0
SIR,96,110,0.0
SIR,96,111,0.0
SIR,96,112,0.0
SIR,96,113,0.0
SIR,96,114,0.0
SIR,96,115,0.0
SIR,96,116,0.0
SIR,96,117,0.0
SIR,96,118,0.0
SIR,96,119,0.0
SIR,96,120,0.0
SIR,96,121,0.0
SIR,96,122,0.0
SIR,96,123,0.0
SIR,96,124,0.0
SIR,96,125,0.0
SIR,96,126,0.0
SIR,96,127,0.0
SIR,96,128,0.0
SIR,96,129,0.0
SIR,96,130,0.0
SIR,96,131,0.0
SIR,96,132,0.0
SIR,96,133,0.0
SIR,96,134,0.0
SIR,96,135,0.0
SIR,96,136,0.0
SIR,96,137,0.0
SIR,96,138,0.0
SIR,96,139,0.0
SIR,96,140,0.0
SIR,96,141,0.0
SIR,96,142,0.0
SIR,96,143,0.0
SIR,96,144,0.0
SIR,96,145,0.0
SIR,96,146,0.0
SIR,96,147,0.0
SIR,96,148,0.0
SIR,96,149,0.0
SIR,96,150,0.0
SIR,96,151,0.0
SIR,96,152,0.0
SIR,96,153,0.0
SIR,96,154,0.0
SIR,96,155,0.0
SIR,96,156,0.0
SIR,96,157,0.0
SIR,96,158,0.0
SIR,96,159,0.0
SIR,96,160,0.0
SIR,96,161,0.0
SIR,96,162,0.0
SIR,96,163,0.0
SIR,96,164,0.0
SIR,96,165,0.0
SIR,96,166,0.0
SIR,96,167,0.0
SIR,96,168,0.0
SIR,96,169,0.0
SIR,96,170,0.0
SIR,96,171,0.0
SIR,96,172,0.0
SIR,96,173,0.0
SIR,96,174,0.0
SIR,96,175,0.0
SIR,96,176,0.0
SIR,96,177,0.0
SIR,96,178,0.0
SIR,96,179,0.0
SIR,96,180,0.0
SIR,96,181,0.0
SIR,96,182,0.0
SIR,96,183,0.0
SIR,96,184,0.0
SIR,96,185,0.0
SIR,96,186,0.0
SIR,96,187,0.0
SIR,96,188,0.0
SIR,96,189,0.0
SIR,96,190,0.0
SIR,96,191,0.0
SIR,96,192,0.0
SIR,96,193,0.0
SIR,96,194,0.0
SIR,96,195,0.0
SIR,96,196,0.0
SIR,96,197,0.0
SIR,96,198,0.0
SIR,96,199,0.0
SIR,96,200,0.0
SIR,96,201,0.0
SIR,96,202,0.0
SIR,96,203,0.0
SIR,96,204,0.0
SIR,96,205,0.0
SIR,96,206,0.0
SIR,96,207,0.0
SIR,96,208,0.0
SIR,96,209,0.0
SIR,96,210,0.0
SIR,96,211,0.0
SIR,96,212,0.0
SIR,96,213,0.0
SIR,96,214,0.0
SIR,96,215,0.0
SIR,96,216,0.0
SIR,96,217,0.0
SIR,96,218,0.0
SIR,96,219,0.0
SIR,96,220,0.0
SIR,96,221,0.0
SIR,96,222,0.0
SIR,96,223,0.0
SIR,96,224,0.0
SIR,96,225,0.0
SIR,96,226,0.0
SIR,96,227,0.0
SIR,96,228,0.0
SIR,96,229,0.0
SIR,96,230,0.0
SIR,96,231,0.0
SIR,96,232,0.0
SIR,96,233,0.0
SIR,96,234,0.0
SIR,96,235,0.0
SIR,96,236,0.0
SIR,96,237,0.0
SIR,96,238,0.0
SIR,96,239,0.0
SIR,96,240,0.0
SIR,96,241,0.0
SIR,96,242,0.0
SIR,96,243,0.0
SIR,96,244,0.0
SIR,96,245,0.0
SIR,96,246,0.0
SIR,96,247,0.0
SIR,96,248,0.0
SIR,96,249,0.0
SIR,96,250,0.0
SIR,96,251,0.0
SIR,96,252,0.0
SIR,96,253,0.0
SIR,96,254,0.0
SIR,96,255,0.0
SIR,96,256,0.0
SIR,96,257,0.0
SIR,96,258,0.0
SIR,96,259,0.0
SIR,96,260,0.0
SIR,96,261,0.0
SIR,96,262,0.0
SIR,96,263,0.0
SIR,96,264,0.0
SIR,96,265,0.0
SIR,96,266,0.0
SIR,96,267,0.0
SIR,96,268,0.0
SIR,96,269,0.0
SIR,96,270,0.0
SIR,96,271,0.0
SIR,96,272,0.0
SIR,96,273,0.0
SIR,96,274,0.0
SIR,96,275,0.0
SIR,96,276,0.0
SIR,96,277,0.0
SIR,96,278,0.0
SIR,96,279,0.0
SIR,96,280,0.0
SIR,96,281,0.0
SIR,96,282,0.0
SIR,96,283,0.0
SIR,96,284,0.0
SIR,96,285,0.0
SIR,96,286,0.0
SIR,96,287,0.0
SIR,96,288,0.0
SIR,96,289,0.0
SIR,96,290,0.0
SIR,96,291,0.0
SIR,96,292,0.0
SIR,96,293,0.0
SIR,96,294,0.0
SIR,96,295,0.0
SIR,96,296,0.0
SIR,96,297,0.0
SIR,96,298,0.0
SIR,96,299,0.0
SIR,96,300,0.0
SIR,97,0,0.08823529411764706
SIR,97,1,0.11764705882352941
SIR,97,2,0.11764705882352941
SIR,97,3,0.11764705882352941
SIR,97,4,0.17647058823529413
SIR,97,5,0.17647058823529413
SIR,97,6,0.11764705882352941
SIR,97,7,0.14705882352941177
SIR,97,8,0.08823529411764706
SIR,97,9,0.14705882352941177
SIR,97,10,0.11764705882352941
SIR,97,11,0.14705882352941177
SIR,97,12,0.14705882352941177
SIR,97,13,0.11764705882352941
SIR,97,14,0.14705882352941177
SIR,97,15,0.14705882352941177
SIR,97,16,0.11764705882352941
SIR,97,17,0.11764705882352941
SIR,97,18,0.17647058823529413
SIR,97,19,0.11764705882352941
SIR,97,20,0.11764705882352941
SIR,97,21,0.08823529411764706
SIR,97,22,0.08823529411764706
SIR,97,23,0.11764705882352941
SIR,97,24,0.14705882352941177
SIR,97,25,0.11764705882352941
SIR,97,26,0.08823529411764706
SIR,97,27,0.058823529411764705
SIR,97,28,0.058823529411764705
SIR,97,29,0.029411764705882353
SIR,97,30,0.029411764705882353
SIR,97,31,0.0
SIR,97,32,0.0
SIR,97,33,0.0
SIR,97,34,0.0
SIR,97,35,0.0
SIR,97,36,0.0
SIR,97,37,0.0
SIR,97,38,0.0
SIR,97,39,0.0
SIR,97,40,0.0
SIR,97,41,0.0
SIR,97,42,0.0
SIR,97,43,0.0
SIR,97,44,0.0
SIR,97,45,0.0
SIR,97,46,0.0
SIR,97,47,0.0
SIR,97,48,0.0
SIR,97,49,0.0
SIR,97,50,0.0
SIR,97,51,0.0
SIR,97,52,0.0
SIR,97,53,0.0
SIR,97,54,0.0
SIR,97,55,0.0
SIR,97,56,0.0
SIR,97,57,0.0
SIR,97,58,0.0
SIR,97,59,0.0
SIR,97,60,0.0
SIR,97,61,0.0
SIR,97,62,0.0
SIR,97,63,0.0
SIR,97,64,0.0
SIR,97,65,0.0
SIR,97,66,0.0
SIR,97,67,0.0
SIR,97,68,0.0
SIR,97,69,0.0
SIR,97,70,0.0
SIR,97,71,0.0
SIR,97,72,0.0
SIR,97,73,0.0
SIR,97,74,0.0
SIR,97,75,0.0
SIR,97,76,0.0
SIR,97,77,0.0
SIR,97,78,0.0
SIR,97,79,0.0
SIR,97,80,0.0
SIR,97,81,0.0
SIR,97,82,0.0
SIR,97,83,0.0
SIR,97,84,0.0
SIR,97,85,0.0
SIR,97,86,0.0
SIR,97,87,0.0
SIR,97,88,0.0
SIR,97,89,0.0
SIR,97,90,0.0
SIR,97,91,0.0
SIR,97,92,0.0
SIR,97,93,0.0
SIR,97,94,0.0
SIR,97,95,0.0
SIR,97,96,0.0
SIR,97,97,0.0
SIR,97,98,0.0
SIR,97,99,0.0
SIR,97,100,0.0
SIR,97,101,0.0
SIR,97,102,0.0
SIR,97,103,0.0
SIR,97,104,0.0
SIR,97,105,0.0
SIR,97,106,0.0
SIR,97,107,0.0
SIR,97,108,0.0
SIR,97,109,0.0
SIR,97,110,0.0
SIR,97,111,0.0
SIR,97,112,0.0
SIR,97,113,0.0
SIR,97,114,0.0
SIR,97,115,0.0
SIR,97,116,0.0
SIR,97,117,0.0
SIR,97,118,0.0
SIR,97,119,0.0
SIR,97,120,0.0
SIR,97,121,0.0
SIR,97,122,0.0
SIR,97,123,0.0
SIR,97,124,0.0
SIR,97,125,0.0
SIR,97,126,0.0
SIR,97,127,0.0
SIR,97,128,0.0
SIR,97,129,0.0
SIR,97,130,0.0
SIR,97,131,0.0
SIR,97,132,0.0
SIR,97,133,0.0
SIR,97,134,0.0
SIR,97,135,0.0
SIR,97,136,0.0
SIR,97,137,0.0
SIR,97,138,0.0
SIR,97,139,0.0
SIR,97,140,0.0
SIR,97,141,0.0
SIR,97,142,0.0
SIR,97,143,0.0
SIR,97,144,0.0
SIR,97,145,0.0
SIR,97,146,0.0
SIR,97,147,0.0
SIR,97,148,0.0
SIR,97,149,0.0
SIR,97,150,0.0
SIR,97,151,0.0
SIR,97,152,0.0
SIR,97,153,0.0
SIR,97,154,0.0
SIR,97,155,0.0
SIR,97,156,0.0
SIR,97,157,0.0
SIR,97,158,0.0
SIR,97,159,0.0
SIR,97,160,0.0
SIR,97,161,0.0
SIR,97,162,0.0
SIR,97,163,0.0
SIR,97,164,0.0
SIR,97,165,0.0
SIR,97,166,0.0
SIR,97,167,0.0
SIR,97,168,0.0
SIR,97,169,0.0
SIR,97,170,0.0
SIR,97,171,0.0
SIR,97,172,0.0
SIR,97,173,0.0
SIR,97,174,0.0
SIR,97,175,0.0
SIR,97,176,0.0
SIR,97,177,0.0
SIR,97,178,0.0
SIR,97,179,0.0
SIR,97,180,0.0
SIR,97,181,0.0
SIR,97,182,0.0
SIR,97,183,0.0
SIR,97,184,0.0
SIR,97,185,0.0
SIR,97,186,0.0
SIR,97,187,0.0
SIR,97,188,0.0
SIR,97,189,0.0
SIR,97,190,0.0
SIR,97,191,0.0
SIR,97,192,0.0
SIR,97,193,0.0
SIR,97,194,0.0
SIR,97,195,0.0
SIR,97,196,0.0
SIR,97,197,0.0
SIR,97,198,0.0
SIR,97,199,0.0
SIR,97,200,0.0
SIR,97,201,0.0
SIR,97,202,0.0
SIR,97,203,0.0
SIR,97,204,0.0
SIR,97,205,0.0
SIR,97,206,0.0
SIR,97,207,0.0
SIR,97,208,0.0
SIR,97,209,0.0
SIR,97,210,0.0
SIR,97,211,0.0
SIR,97,212,0.0
SIR,97,213,0.0
SIR,97,214,0.0
SIR,97,215,0.0
SIR,97,216,0.0
SIR,97,217,0.0
SIR,97,218,0.0
SIR,97,219,0.0
SIR,97,220,0.0
SIR,97,221,0.0
SIR,97,222,0.0
SIR,97,223,0.0
SIR,97,224,0.0
SIR,97,225,0.0
SIR,97,226,0.0
SIR,97,227,0.0
SIR,97,228,0.0
SIR,97,229,0.0
SIR,97,230,0.0
SIR,97,231,0.0
SIR,97,232,0.0
SIR,97,233,0.0
SIR,97,234,0.0
SIR,97,235,0.0
SIR,97,236,0.0
SIR,97,237,0.0
SIR,97,238,0.0
SIR,97,239,0.0
SIR,97,240,0.0
SIR,97,241,0.0
SIR,97,242,0.0
SIR,97,243,0.0
SIR,97,244,0.0
SIR,97,245,0.0
SIR,97,246,0.0
SIR,97,247,0.0
SIR,97,248,0.0
SIR,97,249,0.0
SIR,97,250,0.0
SIR,97,251,0.0
SIR,97,252,0.0
SIR,97,253,0.0
SIR,97,254,0.0
SIR,97,255,0.0
SIR,97,256,0.0
SIR,97,257,0.0
SIR,97,258,0.0
SIR,97,259,0.0
SIR,97,260,0.0
SIR,97,261,0.0
SIR,97,262,0.0
SIR,97,263,0.0
SIR,97,264,0.0
SIR,97,265,0.0
SIR,97,266,0.0
SIR,97,267,0.0
SIR,97,268,0.0
SIR,97,269,0.0
SIR,97,270,0.0
SIR,97,271,0.0
SIR,97,272,0.0
SIR,97,273,0.0
SIR,97,274,0.0
SIR,97,275,0.0
SIR,97,276,0.0
SIR,97,277,0.0
SIR,97,278,0.0
SIR,97,279,0.0
SIR,97,280,0.0
SIR,97,281,0.0
SIR,97,282,0.0
SIR,97,283,0.0
SIR,97,284,0.0
SIR,97,285,0.0
SIR,97,286,0.0
SIR,97,287,0.0
SIR,97,288,0.0
SIR,97,289,0.0
SIR,97,290,0.0
SIR,97,291,0.0
SIR,97,292,0.0
SIR,97,293,0.0
SIR,97,294,0.0
SIR,97,295,0.0
SIR,97,296,0.0
SIR,97,297,0.0
SIR,97,298,0.0
SIR,97,299,0.0
SIR,97,300,0.0
SIR,98,0,0.08823529411764706
SIR,98,1,0.11764705882352941
SIR,98,2,0.14705882352941177
SIR,98,3,0.20588235294117646
SIR,98,4,0.17647058823529413
SIR,98,5,0.29411764705882354
SIR,98,6,0.3235294117647059
SIR,98,7,0.23529411764705882
SIR,98,8,0.2647058823529412
SIR,98,9,0.29411764705882354
SIR,98,10,0.20588235294117646
SIR,98,11,0.20588235294117646
SIR,98,12,0.11764705882352941
SIR,98,13,0.11764705882352941
SIR,98,14,0.11764705882352941
SIR,98,15,0.11764705882352941
SIR,98,16,0.14705882352941177
SIR,98,17,0.14705882352941177
SIR,98,18,0.14705882352941177
SIR,98,19,0.14705882352941177
SIR,98,20,0.14705882352941177
SIR,98,21,0.08823529411764706
SIR,98,22,0.11764705882352941
SIR,98,23,0.08823529411764706
SIR,98,24,0.029411764705882353
SIR,98,25,0.029411764705882353
SIR,98,26,0.029411764705882353
SIR,98,27,0.0
SIR,98,28,0.0
SIR,98,29,0.0
SIR,98,30,0.0
SIR,98,31,0.0
SIR,98,32,0.0
SIR,98,33,0.0
SIR,98,34,0.0
SIR,98,35,0.0
SIR,98,36,0.0
SIR,98,37,0.0
SIR,98,38,0.0
SIR,98,39,0.0
SIR,98,40,0.0
SIR,98,41,0.0
SIR,98,42,0.0
SIR,98,43,0.0
SIR,98,44,0.0
SIR,98,45,0.0
SIR,98,46,0.0
SIR,98,47,0.0
SIR,98,48,0.0
SIR,98,49,0.0
SIR,98,50,0.0
SIR,98,51,0.0
SIR,98,52,0.0
SIR,98,53,0.0
SIR,98,54,0.0
SIR,98,55,0.0
SIR,98,56,0.0
SIR,98,57,0.0
SIR,98,58,0.0
SIR,98,59,0.0
SIR,98,60,0.0
SIR,98,61,0.0
SIR,98,62,0.0
SIR,98,63,0.0
SIR,98,64,0.0
SIR,98,65,0.0
SIR,98,66,0.0
SIR,98,67,0.0
SIR,98,68,0.0
SIR,98,69,0.0
SIR,98,70,0.0
SIR,98,71,0.0
SIR,98,72,0.0
SIR,98,73,0.0
SIR,98,74,0.0
SIR,98,75,0.0
SIR,98,76,0.0
SIR,98,77,0.0
SIR,98,78,0.0
SIR,98,79,0.0
SIR,98,80,0.0
SIR,98,81,0.0
SIR,98,82,0.0
SIR,98,83,0.0
SIR,98,84,0.0
SIR,98,85,0.0
SIR,98,86,0.0
SIR,98,87,0.0
SIR,98,88,0.0
SIR,98,89,0.0
SIR,98,90,0.0
SIR,98,91,0.0
SIR,98,92,0.0
SIR,98,93,0.0
SIR,98,94,0.0
SIR,98,95,0.0
SIR,98,96,0.0
SIR,98,97,0.0
SIR,98,98,0.0
SIR,98,99,0.0
SIR,98,100,0.0
SIR,98,101,0.0
SIR,98,102,0.0
SIR,98,103,0.0
SIR,98,104,0.0
SIR,98,105,0.0
SIR,98,106,0.0
SIR,98,107,0.0
SIR,98,108,0.0
SIR,98,109,0.0
SIR,98,110,0.0
SIR,98,111,0.0
SIR,98,112,0.0
SIR,98,113,0.0
SIR,98,114,0.0
SIR,98,115,0.0
SIR,98,116,0.0
SIR,98,117,0.0
SIR,98,118,0.0
SIR,98,119,0.0
SIR,98,120,0.0
SIR,98,121,0.0
SIR,98,122,0.0
SIR,98,123,0.0
SIR,98,124,0.0
SIR,98,125,0.0
SIR,98,126,0.0
SIR,98,127,0.0
SIR,98,128,0.0
SIR,98,129,0.0
SIR,98,130,0.0
SIR,98,131,0.0
SIR,98,132,0.0
SIR,98,133,0.0
SIR,98,134,0.0
SIR,98,135,0.0
SIR,98,136,0.0
SIR,98,137,0.0
SIR,98,138,0.0
SIR,98,139,0.0
SIR,98,140,0.0
SIR,98,141,0.0
SIR,98,142,0.0
SIR,98,143,0.0
SIR,98,144,0.0
SIR,98,145,0.0
SIR,98,146,0.0
SIR,98,147,0.0
SIR,98,148,0.0
SIR,98,149,0.0
SIR,98,150,0.0
SIR,98,151,0.0
SIR,98,152,0.0
SIR,98,153,0.0
SIR,98,154,0.0
SIR,98,155,0.0
SIR,98,156,0.0
SIR,98,157,0.0
SIR,98,158,0.0
SIR,98,159,0.0
SIR,98,160,0.0
SIR,98,161,0.0
SIR,98,162,0.0
SIR,98,163,0.0
SIR,98,164,0.0
SIR,98,165,0.0
SIR,98,166,0.0
SIR,98,167,0.0
SIR,98,168,0.0
SIR,98,169,0.0
SIR,98,170,0.0
SIR,98,171,0.0
SIR,98,172,0.0
SIR,98,173,0.0
SIR,98,174,0.0
SIR,98,175,0.0
SIR,98,176,0.0
SIR,98,177,0.0
SIR,98,178,0.0
SIR,98,179,0.0
SIR,98,180,0.0
SIR,98,181,0.0
SIR,98,182,0.0
SIR,98,183,0.0
SIR,98,184,0.0
SIR,98,185,0.0
SIR,98,186,0.0
SIR,98,187,0.0
SIR,98,188,0.0
SIR,98,189,0.0
SIR,98,190,0.0
SIR,98,191,0.0
SIR,98,192,0.0
SIR,98,193,0.0
SIR,98,194,0.0
SIR,98,195,0.0
SIR,98,196,0.0
SIR,98,197,0.0
SIR,98,198,0.0
SIR,98,199,0.0
SIR,98,200,0.0
SIR,98,201,0.0
SIR,98,202,0.0
SIR,98,203,0.0
SIR,98,204,0.0
SIR,98,205,0.0
SIR,98,206,0.0
SIR,98,207,0.0
SIR,98,208,0.0
SIR,98,209,0.0
SIR,98,210,0.0
SIR,98,211,0.0
SIR,98,212,0.0
SIR,98,213,0.0
SIR,98,214,0.0
SIR,98,215,0.0
SIR,98,216,0.0
SIR,98,217,0.0
SIR,98,218,0.0
SIR,98,219,0.0
SIR,98,220,0.0
SIR,98,221,0.0
SIR,98,222,0.0
SIR,98,223,0.0
SIR,98,224,0.0
SIR,98,225,0.0
SIR,98,226,0.0
SIR,98,227,0.0
SIR,98,228,0.0
SIR,98,229,0.0
SIR,98,230,0.0
SIR,98,231,0.0
SIR,98,232,0.0
SIR,98,233,0.0
SIR,98,234,0.0
SIR,98,235,0.0
SIR,98,236,0.0
SIR,98,237,0.0
SIR,98,238,0.0
SIR,98,239,0.0
SIR,98,240,0.0
SIR,98,241,0.0
SIR,98,242,0.0
SIR,98,243,0.0
SIR,98,244,0.0
SIR,98,245,0.0
SIR,98,246,0.0
SIR,98,247,0.0
SIR,98,248,0.0
SIR,98,249,0.0
SIR,98,250,0.0
SIR,98,251,0.0
SIR,98,252,0.0
SIR,98,253,0.0
SIR,98,254,0.0
SIR,98,255,0.0
SIR,98,256,0.0
SIR,98,257,0.0
SIR,98,258,0.0
SIR,98,259,0.0
SIR,98,260,0.0
SIR,98,261,0.0
SIR,98,262,0.0
SIR,98,263,0.0
SIR,98,264,0.0
SIR,98,265,0.0
SIR,98,266,0.0
SIR,98,267,0.0
SIR,98,268,0.0
SIR,98,269,0.0
SIR,98,270,0.0
SIR,98,271,0.0
SIR,98,272,0.0
SIR,98,273,0.0
SIR,98,274,0.0
SIR,98,275,0.0
SIR,98,276,0.0
SIR,98,277,0.0
SIR,98,278,0.0
SIR,98,279,0.0
SIR,98,280,0.0
SIR,98,281,0.0
SIR,98,282,0.0
SIR,98,283,0.0
SIR,98,284,0.0
SIR,98,285,0.0
SIR,98,286,0.0
SIR,98,287,0.0
SIR,98,288,0.0
SIR,98,289,0.0
SIR,98,290,0.0
SIR,98,291,0.0
SIR,98,292,0.0
SIR,98,293,0.0
SIR,98,294,0.0
SIR,98,295,0.0
SIR,98,296,0.0
SIR,98,297,0.0
SIR,98,298,0.0
SIR,98,299,0.0
SIR,98,300,0.0
SIR,99,0,0.08823529411764706
SIR,99,1,0.14705882352941177
SIR,99,2,0.23529411764705882
SIR,99,3,0.3235294117647059
SIR,99,4,0.2647058823529412
SIR,99,5,0.2647058823529412
SIR,99,6,0.3235294117647059
SIR,99,7,0.3235294117647059
SIR,99,8,0.35294117647058826
SIR,99,9,0.35294117647058826
SIR,99,10,0.17647058823529413
SIR,99,11,0.14705882352941177
SIR,99,12,0.08823529411764706
SIR,99,13,0.08823529411764706
SIR,99,14,0.058823529411764705
SIR,99,15,0.058823529411764705
SIR,99,16,0.029411764705882353
SIR,99,17,0.029411764705882353
SIR,99,18,0.029411764705882353
SIR,99,19,0.029411764705882353
SIR,99,20,0.029411764705882353
SIR,99,21,0.029411764705882353
SIR,99,22,0.029411764705882353
SIR,99,23,0.029411764705882353
SIR,99,24,0.029411764705882353
SIR,99,25,0.029411764705882353
SIR,99,26,0.029411764705882353
SIR,99,27,0.0
SIR,99,28,0.0
SIR,99,29,0.0
SIR,99,30,0.0
SIR,99,31,0.0
SIR,99,32,0.0
SIR,99,33,0.0
SIR,99,34,0.0
SIR,99,35,0.0
SIR,99,36,0.0
SIR,99,37,0.0
SIR,99,38,0.0
SIR,99,39,0.0
SIR,99,40,0.0
SIR,99,41,0.0
SIR,99,42,0.0
SIR,99,43,0.0
SIR,99,44,0.0
SIR,99,45,0.0
SIR,99,46,0.0
SIR,99,47,0.0
SIR,99,48,0.0
SIR,99,49,0.0
SIR,99,50,0.0
SIR,99,51,0.0
SIR,99,52,0.0
SIR,99,53,0.0
SIR,99,54,0.0
SIR,99,55,0.0
SIR,99,56,0.0
SIR,99,57,0.0
SIR,99,58,0.0
SIR,99,59,0.0
SIR,99,60,0.0
SIR,99,61,0.0
SIR,99,62,0.0
SIR,99,63,0.0
SIR,99,64,0.0
SIR,99,65,0.0
SIR,99,66,0.0
SIR,99,67,0.0
SIR,99,68,0.0
SIR,99,69,0.0
SIR,99,70,0.0
SIR,99,71,0.0
SIR,99,72,0.0
SIR,99,73,0.0
SIR,99,74,0.0
SIR,99,75,0.0
SIR,99,76,0.0
SIR,99,77,0.0
SIR,99,78,0.0
SIR,99,79,0.0
SIR,99,80,0.0
SIR,99,81,0.0
SIR,99,82,0.0
SIR,99,83,0.0
SIR,99,84,0.0
SIR,99,85,0.0
SIR,99,86,0.0
SIR,99,87,0.0
SIR,99,88,0.0
SIR,99,89,0.0
SIR,99,90,0.0
SIR,99,91,0.0
SIR,99,92,0.0
SIR,99,93,0.0
SIR,99,94,0.0
SIR,99,95,0.0
SIR,99,96,0.0
SIR,99,97,0.0
SIR,99,98,0.0
SIR,99,99,0.0
SIR,99,100,0.0
SIR,99,101,0.0
SIR,99,102,0.0
SIR,99,103,0.0
SIR,99,104,0.0
SIR,99,105,0.0
SIR,99,106,0.0
SIR,99,107,0.0
SIR,99,108,0.0
SIR,99,109,0.0
SIR,99,110,0.0
SIR,99,111,0.0
SIR,99,112,0.0
SIR,99,113,0.0
SIR,99,114,0.0
SIR,99,115,0.0
SIR,99,116,0.0
SIR,99,117,0.0
SIR,99,118,0.0
SIR,99,119,0.0
SIR,99,120,0.0
SIR,99,121,0.0
SIR,99,122,0.0
SIR,99,123,0.0
SIR,99,124,0.0
SIR,99,125,0.0
SIR,99,126,0.0
SIR,99,127,0.0
SIR,99,128,0.0
SIR,99,129,0.0
SIR,99,130,0.0
SIR,99,131,0.0
SIR,99,132,0.0
SIR,99,133,0.0
SIR,99,134,0.0
SIR,99,135,0.0
SIR,99,136,0.0
SIR,99,137,0.0
SIR,99,138,0.0
SIR,99,139,0.0
SIR,99,140,0.0
SIR,99,141,0.0
SIR,99,142,0.0
SIR,99,143,0.0
SIR,99,144,0.0
SIR,99,145,0.0
SIR,99,146,0.0
SIR,99,147,0.0
SIR,99,148,0.0
SIR,99,149,0.0
SIR,99,150,0.0
SIR,99,151,0.0
SIR,99,152,0.0
SIR,99,153,0.0
SIR,99,154,0.0
SIR,99,155,0.0
SIR,99,156,0.0
SIR,99,157,0.0
SIR,99,158,0.0
SIR,99,159,0.0
SIR,99,160,0.0
SIR,99,161,0.0
SIR,99,162,0.0
SIR,99,163,0.0
SIR,99,164,0.0
SIR,99,165,0.0
SIR,99,166,0.0
SIR,99,167,0.0
SIR,99,168,0.0
SIR,99,169,0.0
SIR,99,170,0.0
SIR,99,171,0.0
SIR,99,172,0.0
SIR,99,173,0.0
SIR,99,174,0.0
SIR,99,175,0.0
SIR,99,176,0.0
SIR,99,177,0.0
SIR,99,178,0.0
SIR,99,179,0.0
SIR,99,180,0.0
SIR,99,181,0.0
SIR,99,182,0.0
SIR,99,183,0.0
SIR,99,184,0.0
SIR,99,185,0.0
SIR,99,186,0.0
SIR,99,187,0.0
SIR,99,188,0.0
SIR,99,189,0.0
SIR,99,190,0.0
SIR,99,191,0.0
SIR,99,192,0.0
SIR,99,193,0.0
SIR,99,194,0.0
SIR,99,195,0.0
SIR,99,196,0.0
SIR,99,197,0.0
SIR,99,198,0.0
SIR,99,199,0.0
SIR,99,200,0.0
SIR,99,201,0.0
SIR,99,202,0.0
SIR,99,203,0.0
SIR,99,204,0.0
SIR,99,205,0.0
SIR,99,206,0.0
SIR,99,207,0.0
SIR,99,208,0.0
SIR,99,209,0.0
SIR,99,210,0.0
SIR,99,211,0.0
SIR,99,212,0.0
SIR,99,213,0.0
SIR,99,214,0.0
SIR,99,215,0.0
SIR,99,216,0.0
SIR,99,217,0.0
SIR,99,218,0.0
SIR,99,219,0.0
SIR,99,220,0.0
SIR,99,221,0.0
SIR,99,222,0.0
SIR,99,223,0.0
SIR,99,224,0.0
SIR,99,225,0.0
SIR,99,226,0.0
SIR,99,227,0.0
SIR,99,228,0.0
SIR,99,229,0.0
SIR,99,230,0.0
SIR,99,231,0.0
SIR,99,232,0.0
SIR,99,233,0.0
SIR,99,234,0.0
SIR,99,235,0.0
SIR,99,236,0.0
SIR,99,237,0.0
SIR,99,238,0.0
SIR,99,239,0.0
SIR,99,240,0.0
SIR,99,241,0.0
SIR,99,242,0.0
SIR,99,243,0.0
SIR,99,244,0.0
SIR,99,245,0.0
SIR,99,246,0.0
SIR,99,247,0.0
SIR,99,248,0.0
SIR,99,249,0.0
SIR,99,250,0.0
SIR,99,251,0.0
SIR,99,252,0.0
SIR,99,253,0.0
SIR,99,254,0.0
SIR,99,255,0.0
SIR,99,256,0.0
SIR,99,257,0.0
SIR,99,258,0.0
SIR,99,259,0.0
SIR,99,260,0.0
SIR,99,261,0.0
SIR,99,262,0.0
SIR,99,263,0.0
SIR,99,264,0.0
SIR,99,265,0.0
SIR,99,266,0.0
SIR,99,267,0.0
SIR,99,268,0.0
SIR,99,269,0.0
SIR,99,270,0.0
SIR,99,271,0.0
SIR,99,272,0.0
SIR,99,273,0.0
SIR,99,274,0.0
SIR,99,275,0.0
SIR,99,276,0.0
SIR,99,277,0.0
SIR,99,278,0.0
SIR,99,279,0.0
SIR,99,280,0.0
SIR,99,281,0.0
SIR,99,282,0.0
SIR,99,283,0.0
SIR,99,284,0.0
SIR,99,285,0.0
SIR,99,286,0.0
SIR,99,287,0.0
SIR,99,288,0.0
SIR,99,289,0.0
SIR,99,290,0.0
SIR,99,291,0.0
SIR,99,292,0.0
SIR,99,293,0.0
SIR,99,294,0.0
SIR,99,295,0.0
SIR,99,296,0.0
SIR,99,297,0.0
SIR,99,298,0.0
SIR,99,299,0.0
SIR,99,300,0.0
